Time_ns,RMSD_Backbone_A,RMSD_Core_HE_A,RMSD_BindingSite_A
0.0,0.0,0.007415297,0.0
0.02,0.64545465,0.58547986,0.7304602
0.04,0.75079644,0.71652645,0.9083892
0.06,0.76095176,0.7249567,0.8481847
0.08,0.8802326,0.81321836,0.8026952
0.1,0.8409869,0.7170634,0.7803506
0.12,0.9108807,0.8256326,0.74643904
0.14,0.84821343,0.7558512,1.0885695
0.16,0.9214663,0.8002682,1.0517405
0.18,0.8789981,0.79149395,1.0071213
0.2,0.8357164,0.7504486,0.88767135
0.22,0.9637338,0.8773584,0.87762296
0.24,0.96753407,0.80044,0.78859514
0.26,1.1443437,0.9264671,1.0539145
0.28,0.90179145,0.7634156,0.9771926
0.3,1.0336233,0.83256316,0.9438318
0.32,0.9657908,0.8612604,0.8550462
0.34,0.96594596,0.87544477,0.8827449
0.36,1.0538929,0.970866,1.0923936
0.38,1.0586078,0.95798063,0.87928104
0.4,1.10129,1.0158687,0.9319627
0.42,1.0241977,0.90241444,0.84971654
0.44,1.013355,0.9291932,1.0385177
0.46,1.0139091,0.9377053,0.8303131
0.48,1.1688516,1.0810577,0.8885987
0.5,1.0883962,0.98044693,1.0864011
0.52,1.0403038,0.9630185,1.0748158
0.54,1.0605514,0.95458806,1.0686355
0.56,1.0297399,0.95308924,1.0097177
0.58,1.0326811,0.9493607,0.8541434
0.6,1.033551,0.9839738,1.1950392
0.62,0.97020066,0.894243,0.9082461
0.64,1.0705317,0.9676323,0.93385863
0.66,1.0532887,0.9423847,1.0931871
0.68,1.0424972,0.9629613,1.0596328
0.7,1.0173748,0.9637319,0.9401319
0.72,0.93397856,0.8110518,1.0249212
0.74,1.0546387,0.9137981,1.1584443
0.76,1.1123527,1.0073893,1.0633245
0.78,1.038791,0.97817296,0.9427657
0.8,1.0626326,0.9493607,1.0523422
0.82,1.0650612,0.9550488,0.8654169
0.84,1.0493351,0.9181803,0.80941767
0.86,0.95196694,0.87412477,1.023084
0.88,0.95381385,0.8822645,1.029159
0.9,0.93506044,0.8330914,0.83473897
0.92,0.97696984,0.88201517,0.7615253
0.94,1.0168961,0.86333287,1.0083516
0.96,0.9691967,0.8107127,0.97648257
0.98,0.8916864,0.75213194,0.85119474
1.0,1.0265349,0.85694015,1.025454
1.02,0.9669146,0.79606587,0.8026845
1.04,1.1573907,1.0430031,0.9592933
1.06,1.1130259,0.9848675,0.8710786
1.08,1.2262592,1.0811849,0.94790155
1.1,1.3715796,1.20751,1.1299618
1.12,1.4475809,1.3942533,1.2918775
1.14,1.5213376,1.4542491,1.2983106
1.16,1.410265,1.3460755,1.4695356
1.18,1.2371428,1.1906575,1.0273799
1.2,1.1055659,1.0408921,1.1574636
1.22,1.1184961,1.0521102,0.94822156
1.24,1.1680183,1.0504626,0.93734276
1.26,1.2758837,1.1409682,0.87087953
1.28,1.4158034,1.3015484,1.0416518
1.3,1.414242,1.3236253,0.9914088
1.32,1.3845677,1.3284562,0.911286
1.34,1.3316305,1.1850796,1.1773885
1.36,1.3570333,1.2141628,1.0825398
1.38,1.4301711,1.2657154,0.899161
1.4,1.3135676,1.2234341,1.1309053
1.42,1.3354774,1.2596188,0.9767311
1.44,1.2731807,1.1709361,0.8659377
1.46,1.425687,1.290858,0.88918394
1.48,1.2796345,1.1072407,0.90136623
1.5,1.3886456,1.2613636,0.9899473
1.52,1.4150891,1.3473617,0.98008066
1.54,1.4690722,1.377889,0.93592656
1.56,1.341492,1.2595314,0.9396246
1.58,1.3430264,1.2753448,1.0971057
1.6,1.3389217,1.2363548,0.94185483
1.62,1.2749147,1.1942081,0.89941156
1.64,1.2077987,1.1231421,0.91826147
1.66,1.339313,1.2471154,1.003931
1.68,1.2806876,1.1995833,1.0419348
1.7,1.1859931,1.1015897,0.94724274
1.72,1.2044146,1.1282954,0.86832726
1.74,1.2662799,1.1851027,0.8274052
1.76,1.1859299,1.1201518,0.7099476
1.78,1.3196824,1.2580898,0.8001531
1.8,1.4126791,1.317588,0.8261469
1.82,1.4359717,1.3334757,0.90114504
1.84,1.4898264,1.3799626,1.0608755
1.86,1.5772407,1.4616036,1.0376323
1.88,1.6088784,1.5137017,0.9537008
1.9,1.450759,1.40051,0.9493181
1.92,1.4417491,1.3277937,0.8653568
1.94,1.2824116,1.1624291,0.895625
1.96,1.5057017,1.3883646,0.93461025
1.98,1.279576,1.1799645,0.92882246
2.0,1.285532,1.1841743,0.8045617
2.02,1.2654517,1.1113054,0.66389275
2.04,1.3306742,1.2155207,0.95624274
2.06,1.3645453,1.2848593,0.9758076
2.08,1.5124756,1.4072077,0.8496451
2.1,1.345923,1.265737,0.9965724
2.12,1.3508382,1.2602733,0.9690585
2.14,1.5597897,1.4561574,1.085475
2.16,1.4377438,1.3667701,0.81917024
2.18,1.3901279,1.2845597,0.97230965
2.2,1.4202397,1.3466473,0.9061245
2.22,1.4117247,1.2650201,0.90660274
2.24,1.5799448,1.4704181,0.98714083
2.26,1.6720152,1.5297992,0.9478832
2.28,1.49299,1.3552761,0.8966505
2.3,1.2904452,1.1509726,0.8316381
2.32,1.4159621,1.3008933,0.9537827
2.34,1.4390454,1.2926673,0.9337286
2.36,1.4268945,1.3438474,0.9945433
2.38,1.4413334,1.2703552,0.85008377
2.4,1.4765977,1.336606,0.8893204
2.42,1.7515519,1.6232219,1.0915997
2.44,1.7058258,1.5748212,1.09459
2.46,1.70475,1.5682257,1.045432
2.48,1.6748123,1.553217,1.1025921
2.5,1.4977227,1.3482184,1.0054586
2.52,1.4281797,1.2738997,1.0022198
2.54,1.4813827,1.3619945,1.0642372
2.56,1.5192688,1.39709,0.8449587
2.58,1.4958965,1.405096,0.8752786
2.6,1.56762,1.4644601,0.9409339
2.62,1.4535182,1.3821723,0.79786354
2.64,1.547377,1.3929117,0.93756473
2.66,1.5616131,1.4025109,0.9691033
2.68,1.6346,1.5486612,1.1412305
2.7,1.6887279,1.6225612,0.966317
2.72,1.6102742,1.5270472,1.0387347
2.74,1.7095972,1.6272818,1.301552
2.76,1.7363718,1.6675022,1.2086227
2.78,1.6214437,1.5061817,1.143962
2.8,1.8054297,1.7288458,1.1557169
2.82,1.5892316,1.5036057,1.1894472
2.84,1.6104138,1.4802946,1.1704241
2.86,1.6436007,1.5776294,1.0500659
2.88,1.6329497,1.5440029,1.0192721
2.9,1.7684234,1.6869106,1.2070651
2.92,1.7975312,1.741332,1.1310126
2.94,1.6819738,1.5452312,1.0148649
2.96,1.5524745,1.5018859,1.2017384
2.98,1.3153338,1.2721287,0.9334593
3.0,1.3948338,1.3339912,0.9745452
3.02,1.5919625,1.531003,1.0647097
3.04,1.5929736,1.5170763,1.1551017
3.06,1.4290185,1.3828683,0.949729
3.08,1.4176006,1.3286631,0.94574964
3.1,1.7275076,1.531757,1.1218303
3.12,1.5070193,1.3050923,0.9905602
3.14,1.4830754,1.2897502,1.0615537
3.16,1.4824691,1.3005973,1.0979352
3.18,1.6046369,1.4416413,1.1509134
3.2,1.5163329,1.3473821,1.1302611
3.22,1.3878633,1.2334383,1.3495784
3.24,1.361221,1.2312295,1.1263268
3.26,1.5272332,1.3634874,1.1429915
3.28,1.5173204,1.3881468,1.0822995
3.3,1.4604571,1.3227111,1.0074914
3.32,1.4411256,1.3437451,1.0353991
3.34,1.4667253,1.3319077,1.0185232
3.36,1.5714611,1.4934415,1.2283038
3.38,1.4461576,1.3121723,1.0435228
3.4,1.745856,1.5887262,1.1453708
3.42,1.624351,1.5185797,0.97961175
3.44,1.5310533,1.4183586,1.0603442
3.46,1.5722471,1.4415078,0.9615952
3.48,1.5504472,1.4029224,1.0236431
3.5,1.5629553,1.4005687,0.958778
3.52,1.6255723,1.4358128,1.0938134
3.54,1.5019418,1.2641287,0.9446398
3.56,1.5936081,1.4377265,1.1139507
3.58,1.6316192,1.402746,0.967151
3.6,1.6459912,1.5183985,1.104352
3.62,1.7134916,1.5645046,1.1755241
3.64,1.71371,1.5719379,1.1122293
3.66,1.6530964,1.4464391,1.2823462
3.68,1.495571,1.3693826,1.0071213
3.7,1.6412069,1.454854,1.1585566
3.72,1.719055,1.5769148,1.1910496
3.74,1.3861356,1.2461891,1.1341281
3.76,1.5308577,1.3647571,1.0152152
3.78,1.5878409,1.4316902,1.2479731
3.8,1.8023577,1.6025965,1.4503784
3.82,1.6175132,1.4493823,1.5492939
3.84,1.5525228,1.4328227,1.2647282
3.86,1.6456954,1.5153354,1.4189241
3.88,1.5792098,1.3930696,1.2370882
3.9,1.7393667,1.5870295,1.2586055
3.92,1.7116767,1.5693648,1.2464925
3.94,1.6431223,1.5185797,1.3390663
3.96,1.8064666,1.6836317,1.3496555
3.98,1.7549264,1.6333694,1.3452417
4.0,1.613457,1.4457928,1.325786
4.02,1.6742085,1.5533763,1.3359485
4.04,1.536132,1.4031576,1.2520583
4.06,1.4701425,1.251209,1.1478207
4.08,1.5440096,1.3635075,1.2391258
4.1,1.6335459,1.4923733,1.4245038
4.12,1.5261542,1.3271724,1.2001357
4.14,1.6175593,1.4482628,1.1388882
4.16,1.4845389,1.3350416,1.0871749
4.18,1.555631,1.3380861,1.2022865
4.2,1.6023017,1.4348359,1.3463819
4.22,1.6800581,1.5592766,1.2190863
4.24,1.7318804,1.5679452,1.365106
4.26,1.6852431,1.4710723,1.3118162
4.28,1.7692279,1.5980781,1.3225517
4.3,1.6400428,1.4826144,1.3551046
4.32,1.7817762,1.5868043,1.189141
4.34,1.8066531,1.6236792,1.2850748
4.36,1.8221109,1.6466801,1.3480164
4.38,1.7276592,1.5635906,1.2353139
4.4,1.6648334,1.4746189,1.3118691
4.42,1.6922941,1.5553927,1.411278
4.44,1.5545235,1.3875921,1.3012722
4.46,1.7401845,1.6184385,1.3759422
4.48,1.7451911,1.604568,1.1914062
4.5,1.703871,1.5588712,1.1967356
4.52,1.6819738,1.5113387,1.1681774
4.54,1.7891376,1.6453105,1.4043189
4.56,1.6602386,1.461472,1.4913673
4.58,1.6635734,1.5300149,1.3780954
4.6,1.6344166,1.5105562,1.1252103
4.62,1.6559254,1.5271912,1.3193356
4.64,1.7520223,1.594806,1.267775
4.66,1.575269,1.4267076,1.2625875
4.68,1.647401,1.5137743,1.3551238
4.7,1.6990293,1.5509675,1.317231
4.72,1.6035633,1.496035,1.3065051
4.74,1.7135571,1.6099222,1.3797114
4.76,1.7415397,1.6584425,1.4105344
4.78,1.6656654,1.4829667,1.2469654
4.8,1.7683388,1.6332854,1.3484216
4.82,1.7180309,1.5955644,1.3083487
4.84,1.7200785,1.5842725,1.3313328
4.86,1.8822155,1.7342602,1.4090155
4.88,1.6367747,1.5405625,1.3478298
4.9,1.6459229,1.5607394,1.4065952
4.92,1.676533,1.5252997,1.2386081
4.94,1.7414321,1.5892972,1.3341366
4.96,1.7455986,1.6271298,1.4047203
4.98,1.7159592,1.5692948,1.2943448
5.0,1.6141529,1.4587417,1.3055028
5.02,1.7262499,1.5846543,1.2938356
5.04,1.8927497,1.6719973,1.2348785
5.06,1.5800632,1.3717097,1.2183748
5.08,1.6351496,1.4351234,1.2512826
5.1,1.7183578,1.5937369,1.290333
5.12,1.614872,1.468416,1.2835019
5.14,1.6563774,1.5363271,1.1875213
5.16,1.7629521,1.6350183,1.2945055
5.18,1.80269,1.6992521,1.4108787
5.2,1.6589301,1.5451777,1.3210232
5.22,1.7868967,1.6744785,1.2972552
5.24,1.7257292,1.6295947,1.2935542
5.26,1.8123232,1.6647465,1.4799294
5.28,1.8417335,1.6968882,1.2290729
5.3,1.9423109,1.8257902,1.3509203
5.32,1.9391853,1.7947624,1.2990117
5.34,1.7952592,1.6464798,1.394947
5.36,1.7609756,1.6152416,1.3668578
5.38,1.6727316,1.5197378,1.2680006
5.4,1.8339913,1.7050023,1.4097844
5.42,2.134758,2.020556,1.4040473
5.44,1.8581288,1.6925405,1.3819088
5.46,1.919174,1.7699431,1.2402518
5.48,1.6923163,1.5131568,1.3165991
5.5,1.6383296,1.4851158,1.2328129
5.52,1.6201038,1.460117,1.3957672
5.54,1.6445575,1.4776921,1.1244395
5.56,1.6121103,1.4316325,1.2547281
5.58,1.67394,1.4810373,1.1845388
5.6,1.6478329,1.4754579,1.2477925
5.62,1.736113,1.5716231,1.2489452
5.64,1.6195259,1.4392745,1.2915285
5.66,1.6715672,1.4997244,1.2183251
5.68,1.5687184,1.3974638,1.2874137
5.7,1.8308034,1.6876929,1.4523497
5.72,1.7303663,1.6043797,1.3233839
5.74,1.7004614,1.5296017,1.2509984
5.76,1.6813058,1.4986974,1.3448226
5.78,1.602442,1.407696,1.3841969
5.8,1.6898584,1.4570258,1.3429712
5.82,1.8503742,1.6283796,1.4335011
5.84,1.6621321,1.4816127,1.4427608
5.86,1.601881,1.4104081,1.32523
5.88,1.7689316,1.4900873,1.3337271
5.9,1.710495,1.4780829,1.205865
5.92,1.7759666,1.5265069,1.2102715
5.94,1.7893887,1.5980437,1.2487023
5.96,1.726033,1.5401698,1.149896
5.98,1.6520088,1.5081518,1.3266163
6.0,1.5126489,1.344645,1.2356577
6.02,1.577834,1.4327842,1.1829423
6.04,1.6749017,1.5462095,1.1076131
6.06,1.6250885,1.4381471,1.124979
6.08,1.6271379,1.4240652,1.376232
6.1,1.7325722,1.5099555,1.2844067
6.12,1.6125283,1.310537,1.1485758
6.14,1.8214531,1.5211302,1.3132365
6.16,1.7174859,1.4172919,1.3738801
6.18,1.6580496,1.4053112,1.3080769
6.2,1.4715171,1.2814097,1.3086666
6.22,1.6580722,1.3816948,1.2242527
6.24,1.7533468,1.4426136,1.3440359
6.26,1.7577194,1.4680415,1.3190596
6.28,1.7054746,1.4432614,1.213305
6.3,1.7931722,1.513629,1.4402528
6.32,1.7232538,1.5169675,1.2480981
6.34,1.737773,1.5439851,1.1768876
6.36,1.698919,1.5414368,1.0681729
6.38,1.7222322,1.5730394,1.1239382
6.4,1.5044577,1.367856,1.1169121
6.42,1.6457409,1.4959981,1.0769271
6.44,1.5445673,1.4024128,1.1517718
6.46,1.6996243,1.5680504,1.2110664
6.48,1.7664956,1.6204249,1.1769319
6.5,1.8334603,1.7185102,1.2051531
6.52,1.6631006,1.5321518,1.2377118
6.54,1.5307109,1.4354299,1.1400067
6.56,1.6990514,1.5305719,1.3017918
6.58,1.675684,1.5501695,1.19916
6.6,1.7714276,1.6633421,1.3319577
6.62,1.7803676,1.6527963,1.1758043
6.64,1.5720091,1.4045479,1.2307012
6.66,1.4458467,1.3122561,1.1606425
6.68,1.6243048,1.4908988,1.0680999
6.7,1.5133667,1.3727515,1.3691709
6.72,1.5404892,1.3853711,1.2818458
6.74,1.4141097,1.2877661,1.2607528
6.76,1.5775256,1.4582894,1.2798896
6.78,1.52274,1.4031184,1.3671939
6.8,1.5048063,1.3684989,1.3903464
6.82,1.4447327,1.3395442,1.2871443
6.84,1.5069447,1.3915294,1.373754
6.86,1.4384468,1.3392158,1.1814535
6.88,1.4080861,1.2969775,1.1161124
6.9,1.4887202,1.3573842,1.233818
6.92,1.507516,1.3982111,1.1731542
6.94,1.2899518,1.1365741,1.2794967
6.96,1.4049447,1.2907944,1.2594318
6.98,1.3566469,1.2221525,1.2599685
7.0,1.4439291,1.3613687,1.1884335
7.02,1.2824405,1.1854739,1.2545071
7.04,1.3552661,1.2546324,1.1710535
7.06,1.3800441,1.2115787,1.4383614
7.08,1.3622934,1.2378439,1.2637475
7.1,1.3630079,1.1888319,1.1931369
7.12,1.3347481,1.1540974,1.475682
7.14,1.2433622,1.0773382,1.428788
7.16,1.3792298,1.2117829,1.4416187
7.18,1.4551916,1.3077439,1.402614
7.2,1.3534415,1.1959106,1.4622492
7.22,1.3133111,1.1703961,1.293286
7.24,1.2350222,1.0589604,1.2009734
7.26,1.1771832,1.0274134,1.3788689
7.28,1.2841914,1.1782391,1.329632
7.3,1.3975693,1.2449751,1.4112473
7.32,1.4304851,1.2737918,1.3239341
7.34,1.3041555,1.1607486,1.3131835
7.36,1.3829713,1.1991248,1.2606497
7.38,1.5128964,1.3647772,1.3187177
7.4,1.5933731,1.4641974,1.2549217
7.42,1.4972224,1.3467289,1.3649788
7.44,1.5150483,1.3621156,1.3454027
7.46,1.558757,1.3832262,1.3546823
7.48,1.4384729,1.2803578,1.430274
7.5,1.4602778,1.3002381,1.3147671
7.52,1.4516364,1.2516485,1.3572526
7.54,1.4896255,1.3082694,1.3419573
7.56,1.5328622,1.37751,1.1520653
7.58,1.4428914,1.3109775,1.3247719
7.6,1.4693016,1.2664104,1.5110264
7.62,1.3791484,1.2024448,1.2823801
7.64,1.5152706,1.3637899,1.4505397
7.66,1.5083604,1.420973,1.2991652
7.68,1.4361542,1.3120257,1.3710945
7.7,1.3841622,1.2387542,1.3218762
7.72,1.4607649,1.2912415,1.1584667
7.74,1.5229367,1.3437451,1.5408039
7.76,1.5298055,1.4199278,1.3678722
7.78,1.6018577,1.4925207,1.303755
7.8,1.4951954,1.3449925,1.3380234
7.82,1.3316869,1.1416427,1.1594243
7.84,1.352445,1.2004997,1.1941029
7.86,1.524755,1.3614695,1.33515
7.88,1.4919864,1.2946438,1.3635491
7.9,1.5340341,1.3103902,1.2968006
7.92,1.4116981,1.2500219,1.3192437
7.94,1.4009678,1.1988268,1.2232395
7.96,1.5082114,1.3505615,1.2179195
7.98,1.4422424,1.2686877,1.198104
8.0,1.4711608,1.2705284,1.3275635
8.02,1.5044329,1.3167739,1.4946772
8.04,1.3644631,1.2135286,1.167435
8.06,1.4774595,1.3257216,1.257158
8.08,1.477637,1.3176086,1.4101164
8.1,1.5206975,1.425416,1.5041311
8.12,1.6034465,1.4383191,1.4948859
8.14,1.6282421,1.4984589,1.463239
8.16,1.6190865,1.4438517,1.4992526
8.18,1.599612,1.4861519,1.2670909
8.2,1.6840428,1.5258584,1.5419065
8.22,1.6028392,1.4668987,1.3793468
8.24,1.48522,1.360621,1.3383085
8.26,1.4931403,1.3631445,1.3690126
8.28,1.4101853,1.2782302,1.2677134
8.3,1.437353,1.3001323,1.3981564
8.32,1.6016473,1.4549863,1.3544327
8.34,1.6164248,1.467442,1.2240189
8.36,1.6447623,1.5412583,1.2512826
8.38,1.6479919,1.54256,1.3349355
8.4,1.7087648,1.5928397,1.4165758
8.42,1.6946821,1.553695,1.3123317
8.44,1.667036,1.4871322,1.4049548
8.46,1.7430012,1.6201364,1.3231349
8.48,1.681239,1.5728997,1.2272587
8.5,1.7220149,1.6289366,1.2578613
8.52,1.7043326,1.5890205,1.3372327
8.54,1.6430311,1.5229907,1.3191975
8.56,1.6291158,1.4908435,1.297469
8.58,1.669079,1.5151721,1.3451836
8.6,1.6786534,1.512866,1.355335
8.62,1.8284088,1.6759883,1.4606652
8.64,1.6035165,1.469352,1.2144406
8.66,1.767428,1.6341941,1.3366232
8.68,1.6093206,1.4758676,1.1942917
8.7,1.6112274,1.4459449,1.2684586
8.72,1.6953006,1.5558876,1.2886925
8.74,1.7927964,1.7173578,1.4045166
8.76,1.7555237,1.632393,1.2450031
8.78,1.9762342,1.8852363,1.3569779
8.8,1.7826797,1.6588236,1.4302133
8.82,1.8586729,1.7735586,1.4283146
8.84,1.991842,1.8779157,1.3156769
8.86,1.7878394,1.7059212,1.347978
8.88,1.8400044,1.7654481,1.3875438
8.9,1.6773814,1.5918381,1.3343705
8.92,1.6655303,1.5808153,1.3010123
8.94,1.6295754,1.5261827,1.2068497
8.96,1.5827863,1.4869474,1.206088
8.98,1.6907225,1.5667348,1.4368116
9.0,1.6231518,1.5247409,1.1778449
9.02,1.5909506,1.4785291,1.1872438
9.04,1.6202193,1.5061817,1.2555985
9.06,1.692272,1.584342,1.1875286
9.08,1.6397232,1.5363808,1.2433727
9.1,1.5782613,1.4704181,1.2774963
9.12,1.5757204,1.4615284,1.2675356
9.14,1.7919397,1.6748068,1.3559936
9.16,1.7017161,1.6027851,1.4467813
9.18,1.710714,1.6205944,1.3332134
9.2,1.7355305,1.6497993,1.3908515
9.22,1.6428261,1.5261827,1.1532161
9.24,1.5597656,1.4188817,1.2208061
9.26,1.4846146,1.3675143,1.2485704
9.28,1.4454842,1.3337643,1.1756936
9.3,1.5375695,1.4119668,1.2341412
9.32,1.6718136,1.5294038,1.2509913
9.34,1.5946887,1.4593825,1.3526969
9.36,1.7844223,1.5837519,1.4388375
9.38,1.6782517,1.5666472,1.2131191
9.4,1.664136,1.5087533,1.2241251
9.42,1.6538436,1.5285767,1.2230552
9.44,1.8229532,1.7511094,1.3616786
9.46,1.7925458,1.68435,1.3909948
9.48,1.8283474,1.7105887,1.4065089
9.5,1.771639,1.6676672,1.3060405
9.52,1.6119013,1.5245965,1.4057074
9.54,1.5909271,1.4726228,1.4313222
9.56,1.5233791,1.3990958,1.4231458
9.58,1.4897008,1.3394827,1.425094
9.6,1.4344063,1.2892172,1.2029065
9.62,1.4576855,1.3356388,1.3392541
9.64,1.3725622,1.193333,1.2346258
9.66,1.4903039,1.3600755,1.2158034
9.68,1.5276256,1.4026481,1.4271183
9.7,1.3725895,1.2106253,1.2273082
9.72,1.3589634,1.2460346,1.2437282
9.74,1.4310086,1.2659326,1.1937544
9.76,1.4122285,1.3099076,1.3555716
9.78,1.4351108,1.306587,1.2945793
9.8,1.4681289,1.3314743,1.4640918
9.82,1.4920616,1.3298008,1.2310746
9.84,1.2636453,1.0806507,1.2224243
9.86,1.3484246,1.242101,1.2954762
9.88,1.3906126,1.2863563,1.3008791
9.9,1.3721801,1.230135,1.2796932
9.92,1.3353091,1.1698086,1.1392764
9.94,1.2975638,1.0942526,1.3450419
9.96,1.4086976,1.1496341,1.2274636
9.98,1.3559291,1.0953324,1.4146099
10.0,1.3347201,1.1145415,1.2517743
10.02,1.344921,1.1265152,1.4037014
10.04,1.34152,1.1129123,1.238482
10.06,1.4281797,1.2403069,1.3890113
10.08,1.4215046,1.2117603,1.2058723
10.1,1.5576997,1.4229836,1.406743
10.12,1.4662658,1.3029206,1.3545095
10.14,1.423058,1.232234,1.2818797
10.16,1.4219524,1.2378439,1.3490516
10.18,1.3562052,1.2037244,1.2136337
10.2,1.352445,1.210807,1.1590054
10.22,1.4951203,1.3687803,1.2747312
10.24,1.4959716,1.3599743,1.3543303
10.26,1.4177856,1.2818387,1.1943425
10.28,1.5060747,1.353246,1.2737379
10.3,1.3849734,1.238843,1.265797
10.32,1.3485355,1.2077377,1.2855198
10.34,1.3919045,1.2055047,1.154959
10.36,1.4662912,1.3142658,1.1905109
10.38,1.4387591,1.2406614,1.2629995
10.4,1.4256082,1.2465641,1.3584402
10.42,1.3659716,1.1724849,1.2971616
10.44,1.2844537,1.117178,1.2928569
10.46,1.3576401,1.2126675,1.362716
10.48,1.3166428,1.237044,1.3820531
10.5,1.2853572,1.1801976,1.2108229
10.52,1.4236892,1.3227735,1.2525706
10.54,1.3758593,1.2355986,1.2024884
10.56,1.3065937,1.1374447,1.4043498
10.58,1.406676,1.2740507,1.2233671
10.6,1.507665,1.3314123,1.3323158
10.62,1.4388113,1.3296353,1.3227547
10.64,1.5351079,1.4132903,1.4269422
10.66,1.5115346,1.3413286,1.3389951
10.68,1.4644003,1.3057873,1.4321638
10.7,1.5048559,1.4304605,1.4385904
10.72,1.4464164,1.3560265,1.2413628
10.74,1.5921977,1.4444609,1.462593
10.76,1.6531191,1.5053784,1.3916802
10.78,1.6835536,1.5696101,1.4622195
10.8,1.6498994,1.4898473,1.562156
10.82,1.5515578,1.3359888,1.4008203
10.84,1.6118083,1.437975,1.5197396
10.86,1.7434952,1.5647507,1.2858639
10.88,1.5646553,1.3659452,1.2695109
10.9,1.513713,1.3285596,1.4166492
10.92,1.5990735,1.3938982,1.2113454
10.94,1.6348748,1.3790858,1.4154124
10.96,1.5994248,1.4185328,1.4321275
10.98,1.6045202,1.4021971,1.575898
11.0,1.40046,1.2573247,1.2227079
11.02,1.5692674,1.4220173,1.4167165
11.04,1.5898913,1.4737798,1.3846228
11.06,1.684732,1.5643464,1.4880035
11.08,1.627322,1.5187426,1.3775669
11.1,1.5727234,1.4519597,1.4091569
11.12,1.6389238,1.5421499,1.486692
11.14,1.5971992,1.4792727,1.5065788
11.16,1.8182638,1.6755946,1.5303363
11.18,1.7271823,1.5896778,1.4365098
11.2,1.6753488,1.548537,1.5121275
11.22,1.5827153,1.4700627,1.4257631
11.24,1.5331553,1.3939378,1.4125061
11.26,1.5953928,1.4129984,1.3798558
11.28,1.4770541,1.3281871,1.4854552
11.3,1.5235512,1.3191311,1.3309355
11.32,1.4286517,1.2393088,1.3790073
11.34,1.4599956,1.2560339,1.3796422
11.36,1.4687408,1.3040174,1.3628433
11.38,1.5449309,1.396401,1.471758
11.4,1.5509301,1.4225006,1.4333801
11.42,1.5406349,1.3906004,1.440584
11.44,1.5496982,1.4226359,1.5178559
11.46,1.6124587,1.4608699,1.6066052
11.48,1.6343938,1.4460969,1.575898
11.5,1.6446257,1.4909911,1.702924
11.52,1.6998225,1.5581832,1.6236001
11.54,1.6324222,1.4893675,1.6819209
11.56,1.7054527,1.5992649,1.7162108
11.58,1.8348894,1.7331977,1.8187768
11.6,1.6451265,1.5618664,1.6933463
11.62,1.6361569,1.4860595,1.7822733
11.64,1.513243,1.3912331,1.574544
11.66,1.5250005,1.3750129,1.6418029
11.68,1.5825734,1.4346826,1.8081157
11.7,1.5238953,1.3772703,1.5406182
11.72,1.4682819,1.3189435,1.5829955
11.74,1.5541137,1.3989582,1.5273308
11.76,1.506547,1.3413696,1.52745
11.78,1.5606775,1.4142042,1.3326735
11.8,1.4570433,1.289665,1.4106882
11.82,1.483984,1.3273174,1.4466555
11.84,1.5802293,1.4416604,1.557693
11.86,1.6050103,1.4716328,1.6181068
11.88,1.6750805,1.5494245,1.6590697
11.9,1.5052043,1.438644,1.6135031
11.92,1.6193409,1.5217085,1.4819083
11.94,1.529267,1.4222107,1.5825683
11.96,1.5474012,1.468491,1.5362508
11.98,1.7896817,1.6644162,1.5931606
12.0,1.5715563,1.460117,1.4912163
12.02,1.6495361,1.5235503,1.6071069
12.04,1.6050103,1.4990826,1.4611875
12.06,1.4233475,1.3007455,1.344468
12.08,1.4856737,1.3454423,1.3335776
12.1,1.5254425,1.4072273,1.321161
12.12,1.4804977,1.3239369,1.4151185
12.14,1.4774595,1.3664483,1.4083261
12.16,1.5108656,1.3963814,1.5064406
12.18,1.4724582,1.3667299,1.5676628
12.2,1.3812374,1.2666924,1.4743124
12.22,1.3552386,1.2363548,1.4279019
12.24,1.4420867,1.3183389,1.4356587
12.26,1.479106,1.3679565,1.4299768
12.28,1.4411774,1.3722107,1.4898318
12.3,1.4483566,1.3325682,1.4680126
12.32,1.3529433,1.229084,1.4170897
12.34,1.4109287,1.2976981,1.4119536
12.36,1.4252665,1.2850306,1.4851867
12.38,1.4244782,1.2975074,1.3600093
12.4,1.419686,1.2807872,1.5011134
12.42,1.4725345,1.3611262,1.4963816
12.44,1.3539393,1.2219275,1.4917336
12.46,1.3064218,1.153764,1.5406014
12.48,1.3116564,1.2000186,1.4315584
12.5,1.321667,1.2528561,1.4030467
12.52,1.4682307,1.3702657,1.3381594
12.54,1.5142572,1.401648,1.3088852
12.56,1.4095746,1.2813025,1.0798215
12.58,1.3407104,1.238732,1.314035
12.6,1.3649021,1.2518023,1.3393705
12.62,1.3886456,1.3085635,1.399873
12.64,1.3419665,1.2409272,1.2932391
12.66,1.3056762,1.2132115,1.204196
12.68,1.3729713,1.280272,1.3025974
12.7,1.3374946,1.2375329,1.3608251
12.72,1.5069695,1.4223266,1.3571951
12.74,1.5149246,1.40625,1.5909061
12.76,1.657417,1.563573,1.5647621
12.78,1.529267,1.4103693,1.4178665
12.8,1.6195953,1.4641596,1.4253981
12.82,1.4136065,1.2720206,1.3147079
12.84,1.4864042,1.3354124,1.3719416
12.86,1.4552946,1.3712888,1.2019764
12.88,1.4828732,1.3604392,1.3078318
12.9,1.3451715,1.2482612,1.2100422
12.92,1.4586358,1.3638301,1.4424784
12.94,1.4755576,1.3433154,1.384247
12.96,1.4556549,1.3639712,1.4792204
12.98,1.4881164,1.4058393,1.3702533
13.0,1.4778903,1.3895522,1.3617358
13.02,1.448124,1.384597,1.3854115
13.04,1.5506647,1.4653422,1.4176342
13.06,1.4037715,1.3357006,1.256827
13.08,1.5896792,1.5004207,1.4105529
13.1,1.6026288,1.5298352,1.3428292
13.12,1.511609,1.4564406,1.3618249
13.14,1.5847486,1.5316851,1.3977783
13.16,1.5379591,1.4702498,1.4364314
13.18,1.6317798,1.5454803,1.5248141
13.2,1.588501,1.4580442,1.5168731
13.22,1.5254915,1.4655674,1.4782178
13.24,1.5597416,1.4150205,1.318218
13.26,1.4839587,1.3571817,1.5764205
13.28,1.551968,1.4277481,1.5339125
13.3,1.6341646,1.5509851,1.6550566
13.32,1.7558649,1.6400887,1.5076718
13.34,1.628771,1.5063095,1.5135258
13.36,1.5033374,1.3773502,1.4303467
13.38,1.5760531,1.46658,1.428885
13.4,1.583212,1.4686031,1.3113205
13.42,1.4492096,1.3548906,1.4308132
13.44,1.4836559,1.3584977,1.3012189
13.46,1.4310348,1.346484,1.3045727
13.48,1.3593767,1.2219275,1.1602092
13.5,1.3442247,1.2054819,1.2422425
13.52,1.3747702,1.280916,1.2945725
13.54,1.4259232,1.3594891,1.5845721
13.56,1.5365951,1.3955737,1.3624296
13.58,1.4588153,1.38416,1.4599764
13.6,1.3821046,1.2682759,1.1915736
13.62,1.4647328,1.3885032,1.3056488
13.64,1.590268,1.4890907,1.3034158
13.66,1.6842875,1.5435755,1.3528891
13.68,1.7943413,1.6993008,1.5115999
13.7,1.70231,1.6330497,1.4446825
13.72,1.7685504,1.6854596,1.4737595
13.74,1.6673956,1.5780475,1.3958354
13.76,1.8985767,1.8336186,1.4927039
13.78,1.5580844,1.4658675,1.3474439
13.8,1.6407049,1.5846024,1.4882481
13.82,1.5316159,1.4417748,1.4513105
13.84,1.6838429,1.5989381,1.3224075
13.86,1.648628,1.5432727,1.4140766
13.88,1.5543547,1.4665613,1.2394687
13.9,1.7252083,1.6181666,1.4460801
13.92,1.6975521,1.5987319,1.4916521
13.94,1.8522351,1.7686378,1.5364653
13.96,1.8402486,1.729927,1.4011854
13.98,1.6968019,1.6145777,1.3592249
14.0,1.7170935,1.6521807,1.5789319
14.02,1.8029184,1.7108779,1.4764807
14.04,1.7930262,1.7226646,1.4779949
14.06,1.8803644,1.7842073,1.4030589
14.08,1.5936081,1.4996326,1.2855334
14.1,1.8353179,1.7507012,1.34615
14.12,1.7380099,1.6587739,1.3228793
14.14,1.7648627,1.687041,1.2793884
14.16,1.7638652,1.713752,1.5450071
14.18,1.6734254,1.5676472,1.3429259
14.2,1.6498086,1.5865443,1.3515042
14.22,1.4784982,1.3433359,1.1807929
14.24,1.488871,1.3470964,1.0996947
14.26,1.6778502,1.561708,1.4125429
14.28,1.4818122,1.3534695,1.1295013
14.3,1.5104443,1.3869381,1.1982994
14.32,1.4083786,1.301506,1.098401
14.34,1.3974085,1.273835,1.180815
14.36,1.3882141,1.2370884,1.1662165
14.38,1.4180232,1.2537335,1.03133
14.4,1.5365219,1.4183586,1.3497133
14.42,1.4570689,1.3642131,1.1503257
14.44,1.6024185,1.4875019,1.2066988
14.46,1.5148506,1.383087,1.2307928
14.48,1.4470376,1.3272967,1.1100135
14.5,1.452049,1.3567967,1.0980299
14.52,1.3019428,1.1809195,1.060941
14.54,1.2985733,1.184244,1.0986693
14.56,1.4263171,1.3320316,1.1525769
14.58,1.4128381,1.3179843,1.1950392
14.6,1.396792,1.2714369,1.1588932
14.62,1.4913588,1.4088674,1.1546737
14.64,1.5867558,1.498202,1.2298486
14.66,1.6408646,1.4926865,0.98571706
14.68,1.602769,1.4591752,1.1101696
14.7,1.5476916,1.392971,1.1914208
14.72,1.4820397,1.3833852,1.0267129
14.74,1.448124,1.3298213,1.0832123
14.76,1.6587495,1.5096095,1.1264116
14.78,1.53993,1.406035,1.1072137
14.8,1.7058916,1.5917344,1.2500832
14.82,1.7001749,1.5892107,1.1854753
14.84,1.6865313,1.5102832,1.1056387
14.86,1.5472801,1.421824,1.1189053
14.88,1.6196645,1.4171174,1.090694
14.9,1.6301498,1.4595331,1.152133
14.92,1.5109398,1.3550327,1.0731609
14.94,1.3983462,1.2820531,1.0880437
14.96,1.4526678,1.3553166,1.1120267
14.98,1.4394617,1.368298,1.2393848
15.0,1.4971225,1.4096477,1.219257
15.02,1.499172,1.4294224,1.3346174
15.04,1.456092,1.3540787,1.1068379
15.06,1.5097747,1.4434328,1.1417621
15.08,1.3443918,1.282482,1.1820037
15.1,1.5278215,1.47812,1.1761655
15.12,1.3762674,1.2537775,1.0485868
15.14,1.4787009,1.387275,1.0974929
15.16,1.4696838,1.3556411,1.0826118
15.18,1.4195805,1.3054293,0.9134811
15.2,1.4548571,1.2922843,0.95810866
15.22,1.5839922,1.4832077,1.0649376
15.24,1.4678992,1.3639107,1.0429827
15.26,1.5383487,1.4233507,1.0086955
15.28,1.5596697,1.4852268,1.2476673
15.3,1.4172573,1.320256,1.1520653
15.32,1.4364148,1.380142,1.158332
15.34,1.4732211,1.3681374,1.1285723
15.36,1.6242127,1.5869255,1.2119609
15.38,1.5668795,1.4946009,1.2330449
15.4,1.6638209,1.5537304,1.2837517
15.42,1.5625,1.473276,1.1126347
15.44,1.5227646,1.4324389,1.0487275
15.46,1.4936919,1.3830671,1.0852513
15.48,1.4127852,1.3336407,0.9484501
15.5,1.4499587,1.3673936,1.0778767
15.52,1.6245816,1.4309602,1.2105079
15.54,1.5045822,1.3681172,1.1629335
15.56,1.5699115,1.4643663,1.0837164
15.58,1.5577719,1.4302683,1.1515158
15.6,1.4036915,1.3300282,1.1733315
15.62,1.4713135,1.3880081,1.1902268
15.64,1.4414632,1.34728,1.0661337
15.66,1.557267,1.4613216,1.29126
15.68,1.591139,1.4967148,1.0785199
15.7,1.4436955,1.3125913,1.018106
15.72,1.5528845,1.4543815,1.1235602
15.74,1.4771047,1.3319905,1.0864809
15.76,1.5091546,1.3991351,1.1606051
15.78,1.6010393,1.4265344,1.0823716
15.8,1.5599817,1.4091991,1.168771
15.82,1.4626093,1.3292217,1.0488349
15.84,1.5537764,1.4051352,1.0130866
15.86,1.5141088,1.3872156,0.9982673
15.88,1.4736277,1.3395852,1.0384092
15.9,1.4150362,1.2948985,0.9389508
15.92,1.4123081,1.3059137,0.9942817
15.94,1.4375093,1.2610365,0.9510061
15.96,1.3763762,1.2598587,0.97198856
15.98,1.4058771,1.2393976,1.0450754
16.0,1.3986943,1.3232512,1.0745577
16.02,1.4071285,1.2937515,1.0308592
16.04,1.4315319,1.2866555,0.9283743
16.06,1.4656272,1.2900059,1.094574
16.08,1.5777154,1.4126871,1.2068712
16.1,1.5570745,1.3935432,1.2078191
16.12,1.5449066,1.4043131,1.1653018
16.14,1.4729414,1.3300282,1.2282403
16.16,1.3953705,1.2506816,1.1442728
16.18,1.510345,1.3260947,1.0556324
16.2,1.4316366,1.3188392,1.1124866
16.22,1.4567349,1.3152696,1.2130477
16.24,1.4162793,1.2430524,1.1333864
16.26,1.4690977,1.329263,1.1237993
16.28,1.3704326,1.2572592,1.076025
16.3,1.4295686,1.2966384,1.141747
16.32,1.4140038,1.249472,1.0790503
16.34,1.3522234,1.1739143,1.0505776
16.36,1.2971597,1.1517606,1.1093806
16.38,1.4056109,1.2290169,1.0972874
16.4,1.375233,1.1227748,1.0311283
16.42,1.4034246,1.1711944,1.0080162
16.44,1.4994467,1.3234175,1.0440876
16.46,1.4916852,1.3037012,1.0578147
16.48,1.4662658,1.320381,1.1449165
16.5,1.3934909,1.2402624,0.99614596
16.52,1.3065077,1.1720393,1.056634
16.54,1.2648301,1.1061227,0.88789594
16.56,1.3677797,1.1413295,1.0092196
16.58,1.457814,1.262649,1.2259511
16.6,1.6284721,1.4217466,1.1677469
16.62,1.4248724,1.2464979,1.0755738
16.64,1.7237753,1.5810937,1.3796296
16.66,1.5979959,1.3925564,1.265208
16.68,1.573628,1.4498565,1.3828872
16.7,1.6022784,1.4612463,1.3798119
16.72,1.5964721,1.4184166,1.2841367
16.74,1.4874115,1.3285596,1.2447246
16.76,1.3570883,1.2246021,1.1626874
16.78,1.4357891,1.2957051,1.1205777
16.8,1.4780425,1.3375312,1.4640446
16.82,1.5300014,1.390205,1.1519976
16.84,1.4862027,1.3332696,1.080648
16.86,1.4629164,1.3156667,1.250541
16.88,1.4278914,1.2420788,1.0481982
16.9,1.4252665,1.2912415,1.2511231
16.92,1.4514558,1.2764223,1.1249559
16.94,1.6034697,1.4168264,1.2580956
16.96,1.6383069,1.4986608,1.2906958
16.98,1.4616873,1.2843884,1.133195
17.0,1.4569662,1.3118579,1.1687636
17.02,1.3999785,1.2817528,1.2278237
17.04,1.4649882,1.3112711,1.1676059
17.06,1.4365973,1.2461671,1.2402798
17.08,1.3232809,1.1289043,1.103441
17.1,1.3898854,1.1958876,0.99537975
17.12,1.4076871,1.2398411,1.0271436
17.14,1.4100791,1.1855202,1.1106225
17.16,1.2974193,1.0676224,0.9785845
17.18,1.3764578,1.162571,1.099947
17.2,1.421294,1.2227597,1.1392536
17.22,1.4410995,1.1518322,1.0560101
17.24,1.2965822,1.067674,1.1349229
17.26,1.3601754,1.1279298,1.1301997
17.28,1.4305899,1.1962554,1.1303761
17.3,1.4880408,1.2960658,1.2152185
17.32,1.4744658,1.2706366,1.2871577
17.34,1.3909626,1.2158147,1.003482
17.36,1.4304066,1.276056,1.1514406
17.38,1.4836559,1.2805511,1.1575683
17.4,1.4101322,1.1823155,0.9380547
17.42,1.4265795,1.2681892,1.0461035
17.44,1.4893489,1.2735975,1.2307435
17.46,1.4264221,1.2532948,1.0967659
17.48,1.4652183,1.2343296,1.1406074
17.5,1.3816168,1.2097846,1.0568554
17.52,1.5284832,1.3256593,1.0389684
17.54,1.3868378,1.1910961,0.9502857
17.56,1.3616885,1.1387733,0.91148585
17.58,1.4197915,1.261102,0.95373714
17.6,1.5239935,1.382053,1.0880597
17.62,1.4402938,1.2577839,0.9649343
17.64,1.5640091,1.4022952,1.0562236
17.66,1.4575828,1.3048604,1.0235839
17.68,1.6058033,1.4884442,0.980178
17.7,1.4301449,1.2604915,1.1396112
17.72,1.3985603,1.1950366,0.9791957
17.74,1.346062,1.2083294,0.9895006
17.76,1.3765938,1.1846386,1.0795565
17.78,1.3962021,1.2259035,1.0567323
17.8,1.3893464,1.1818969,0.9414866
17.82,1.4301187,1.2491859,1.1004907
17.84,1.3494239,1.1513785,1.0835884
17.86,1.4371186,1.2863563,1.1045326
17.88,1.5476431,1.3655024,1.0591253
17.9,1.5321535,1.3811575,1.1545612
17.92,1.5321046,1.3938195,1.116819
17.94,1.5364244,1.4198503,1.0760815
17.96,1.5344248,1.38062,1.0806801
17.98,1.3722348,1.2509013,1.0544984
18.0,1.373871,1.1882536,1.0866485
18.02,1.2736804,1.0522931,1.0346369
18.04,1.4307992,1.1655233,1.035039
18.06,1.4635563,1.275388,1.09919
18.08,1.4434881,1.2779076,1.1121438
18.1,1.388322,1.2718477,1.0671253
18.12,1.3721528,1.2042041,1.0751143
18.14,1.3656974,1.2224,0.900192
18.16,1.5116832,1.3802415,0.9760386
18.18,1.4778143,1.2673435,0.9864907
18.2,1.4943185,1.2894943,0.92702854
18.22,1.52419,1.3205059,0.9299046
18.24,1.5173943,1.2916033,0.9356394
18.26,1.5551013,1.3510094,0.9760653
18.28,1.5519197,1.3946081,1.0677426
18.3,1.5669034,1.4337624,1.0410691
18.32,1.5842522,1.457535,1.0434813
18.34,1.44494,1.2624965,0.94984764
18.36,1.4229527,1.249626,0.9551633
18.38,1.4005134,1.1984597,0.82361394
18.4,1.5954633,1.4057611,1.0197823
18.42,1.4926137,1.3296974,0.9955365
18.44,1.4397738,1.2447764,0.9705872
18.46,1.4215838,1.2728201,0.8383249
18.48,1.5561365,1.3748128,1.0723367
18.5,1.538738,1.3664684,1.1203842
18.52,1.4811046,1.2878942,0.9641523
18.54,1.4774089,1.2885345,0.9439788
18.56,1.4972975,1.264607,1.0543586
18.58,1.6079472,1.4135041,1.0695194
18.6,1.4562206,1.2825464,0.99339193
18.62,1.4924381,1.3129056,0.91262645
18.64,1.4716444,1.2899846,0.80005556
18.66,1.5147763,1.2905812,0.9102103
18.68,1.4967972,1.3600552,1.0661174
18.7,1.4620204,1.2784452,0.9495738
18.72,1.5397841,1.3244143,1.0439299
18.74,1.4535697,1.258483,1.0526304
18.76,1.4380043,1.2162217,0.93635255
18.78,1.50057,1.3195062,0.98973715
18.8,1.5230105,1.3502154,0.9513525
18.82,1.5511956,1.3701254,0.9636127
18.84,1.6192253,1.4045479,0.9442543
18.86,1.4376135,1.2050028,0.8944723
18.88,1.417548,1.2241529,0.89369655
18.9,1.4802195,1.307786,0.90512884
18.92,1.4564006,1.2289051,0.8642641
18.94,1.4226632,1.191996,0.94770944
18.96,1.3518081,1.1723676,0.9834275
18.98,1.3863246,1.1882304,0.99880564
19.0,1.3298297,1.0911074,0.91497946
19.02,1.4405279,1.2781012,0.85686946
19.04,1.5124509,1.3245182,1.0014583
19.06,1.5192194,1.3287045,0.95206314
19.08,1.6958749,1.5427738,1.0048547
19.1,1.7242314,1.5627991,1.0393105
19.12,1.5865905,1.4137764,0.9636036
19.14,1.4569147,1.2938366,0.8623259
19.16,1.5139852,1.3426602,1.1102556
19.18,1.5924094,1.415448,1.0036461
19.2,1.4841101,1.3054714,1.0542847
19.22,1.7044864,1.5208049,1.057659
19.24,1.6419826,1.424181,1.0866963
19.26,1.5426266,1.3738325,1.0169729
19.28,1.4906555,1.2686228,1.010696
19.3,1.4988222,1.3029629,0.99819785
19.32,1.4792073,1.3107048,0.99390674
19.34,1.4470117,1.254698,0.9631537
19.36,1.4880912,1.3225656,1.0277596
19.38,1.5118814,1.3254726,0.94299555
19.4,1.3909088,1.1431108,0.9940463
19.42,1.4663935,1.1960945,1.1182154
19.44,1.4215574,1.2191343,1.0225161
19.46,1.4170724,1.2297996,1.1258341
19.48,1.4146657,1.1251965,0.9769353
19.5,1.3590461,1.076087,1.0491986
19.52,1.4179969,1.1654526,0.83039665
19.54,1.6163784,1.3744128,0.9271314
19.56,1.4323164,1.2278532,0.9587509
19.58,1.4223211,1.2119871,0.91373736
19.6,1.4610724,1.2736406,0.90634453
19.62,1.4688938,1.3044391,1.186601
19.64,1.4347718,1.2616687,1.074848
19.66,1.4807,1.3059556,1.1264654
19.68,1.5183812,1.3207973,1.1230739
19.7,1.580632,1.3841004,0.9429496
19.72,1.4412556,1.2490538,1.0068285
19.74,1.5233053,1.3428445,1.0836364
19.76,1.4570175,1.2415917,0.93765724
19.78,1.4339625,1.2505279,0.93320847
19.8,1.4684604,1.2374218,0.89701784
19.82,1.4629934,1.2614288,0.97441167
19.84,1.5605576,1.2990533,0.9366951
19.86,1.4695818,1.2197882,0.981654
19.88,1.5259825,1.3271933,0.8583858
19.9,1.520993,1.303659,0.94057447
19.92,1.539614,1.2802291,0.96695375
19.94,1.5675484,1.3170869,1.0095117
19.96,1.6049869,1.3345681,0.97285336
19.98,1.6504214,1.3886616,1.046932
20.0,1.4396958,1.2451297,0.92267895
20.02,1.5394193,1.3602775,0.92180467
20.04,1.5551735,1.3301934,1.0068889
20.06,1.5314202,1.3320524,0.9240216
20.08,1.4761411,1.246123,0.9244812
20.1,1.5345712,1.3286011,0.92893445
20.12,1.5383973,1.341554,0.97901857
20.14,1.6192021,1.4364064,0.9664606
20.16,1.6074347,1.3864623,1.1285262
20.18,1.6526206,1.4525845,1.0942731
20.2,1.5314447,1.3647974,0.9940288
20.22,1.5636499,1.3423941,0.88427573
20.24,1.587086,1.3961844,0.94235176
20.26,1.5237231,1.3251407,1.0036116
20.28,1.5781901,1.3547689,0.9471054
20.3,1.566999,1.407989,1.0792993
20.32,1.3933564,1.1859376,0.9692464
20.34,1.451791,1.2518901,1.0684974
20.36,1.3542987,1.1493231,0.9614238
20.38,1.4945441,1.2869973,0.94649196
20.4,1.5596216,1.3869579,1.2040735
20.42,1.3934639,1.1873971,0.98228085
20.44,1.4941431,1.3722707,0.9739311
20.46,1.5570265,1.3956921,0.96870065
20.48,1.4512752,1.3400776,0.8794683
20.5,1.5479093,1.3732721,0.9025774
20.52,1.5466751,1.3538553,0.94115496
20.54,1.5781188,1.3449925,1.0155396
20.56,1.4714408,1.2655634,1.0050013
20.58,1.496347,1.3387846,1.0039053
20.6,1.5922446,1.388721,1.0110563
20.62,1.3775456,1.2011865,0.94097996
20.64,1.4113532,1.2270917,0.99162745
20.66,1.571318,1.3779091,1.1290715
20.68,1.5425782,1.3623577,1.0397024
20.7,1.442502,1.2467625,1.0653201
20.72,1.490128,1.3276074,0.9323719
20.74,1.5444946,1.3668706,0.9984063
20.76,1.6433729,1.4619987,1.0212605
20.78,1.6074814,1.4264572,1.0315065
20.8,1.4524615,1.2701604,1.0025312
20.82,1.4249513,1.2408608,0.9132533
20.84,1.5595735,1.3256593,1.0227365
20.86,1.6153587,1.4031184,0.922538
20.88,1.5045075,1.3418819,0.96845895
20.9,1.5129955,1.317734,1.0294285
20.92,1.6391065,1.4250109,1.0971926
20.94,1.6763096,1.4840602,1.0664834
20.96,1.6240513,1.3950025,1.0405943
20.98,1.5122776,1.276896,0.9900962
21.0,1.4878143,1.3571209,1.0363951
21.02,1.6068989,1.4260523,1.0409775
21.04,1.598488,1.4304798,1.024422
21.06,1.5982537,1.3862242,0.9460796
21.08,1.6051036,1.4434328,0.9468949
21.1,1.4698112,1.2894303,1.0442953
21.12,1.5867085,1.3534695,1.0200713
21.14,1.5183566,1.3470556,0.9208637
21.16,1.4596366,1.3351859,1.0406443
21.18,1.5613014,1.4006473,0.9838242
21.2,1.6479237,1.4698944,1.0404443
21.22,1.5378861,1.3722508,0.99913543
21.24,1.4617643,1.2697059,0.93681544
21.26,1.4995466,1.3007032,1.0107046
21.28,1.379637,1.1776556,1.1192306
21.3,1.4023036,1.189641,1.0660198
21.32,1.4496489,1.2272708,0.9505229
21.34,1.4873612,1.3060188,1.0237787
21.36,1.5983007,1.4454885,1.0795484
21.38,1.6209126,1.4033732,1.0404943
21.4,1.5574112,1.4281139,0.9619737
21.42,1.5178385,1.3538553,1.0425338
21.44,1.5525228,1.3842196,1.0194932
21.46,1.5978318,1.4107785,0.9312368
21.48,1.5446157,1.3448699,0.9683604
21.5,1.5589972,1.3712888,0.98851
21.52,1.5692912,1.3299041,1.1261729
21.54,1.6176984,1.3827293,0.8544985
21.56,1.5348883,1.3449925,0.91914856
21.58,1.6042635,1.4187461,1.0575935
21.6,1.486379,1.2865914,0.8725505
21.62,1.5531015,1.3530428,0.94859636
21.64,1.46243,1.2390648,0.93508327
21.66,1.4835801,1.2787464,1.0729833
21.68,1.388322,1.1917423,0.75669414
21.7,1.4884937,1.2763145,0.9337565
21.72,1.4342235,1.239575,0.7771889
21.74,1.4137125,1.2688178,1.0848918
21.76,1.3401794,1.1728834,1.0591171
21.78,1.4574544,1.2194726,1.1309282
21.8,1.4811804,1.2593784,0.94649196
21.82,1.336122,1.1733053,0.9626945
21.84,1.316529,1.1702316,1.0385094
21.86,1.3114566,1.102438,0.8241401
21.88,1.2754433,1.1252942,0.9085515
21.9,1.2219154,1.0397029,0.94639117
21.92,1.2578834,1.0043827,1.2221334
21.94,1.3553214,1.1131098,0.97079265
21.96,1.3429427,1.1244632,0.88783735
21.98,1.3705966,1.183315,1.1594168
22.0,1.4857492,1.2828892,1.1815416
22.02,1.4270519,1.16868,1.2089025
22.04,1.3500065,1.1631148,1.1742548
22.06,1.3817252,1.2121005,1.0079043
22.08,1.4440846,1.210012,0.9094194
22.1,1.2336267,1.0520318,0.81963587
22.12,1.2475111,1.0508027,0.8680976
22.14,1.3967384,1.1843137,1.0797652
22.16,1.3244123,1.1207896,1.0121619
22.18,1.372944,1.116464,0.9270379
22.2,1.2993517,1.0807271,1.1504538
22.22,1.3955314,1.0799891,1.1017582
22.24,1.2853572,1.0253776,0.9653295
22.26,1.3638318,1.0617607,0.9092288
22.28,1.3277161,1.0473697,0.93551886
22.3,1.1958971,1.022666,0.8848834
22.32,1.2464001,1.0791742,0.91558564
22.34,1.209193,1.0432138,0.9879135
22.36,1.3986673,1.2187283,0.83478045
22.38,1.3515865,1.1522617,0.8638025
22.4,1.3116848,1.0735803,1.0807122
22.42,1.4311395,1.2182996,0.8915014
22.44,1.3296325,1.1676915,0.9337843
22.46,1.4176799,1.1943923,0.94282085
22.48,1.458533,1.2395529,1.0260963
22.5,1.5058758,1.2713504,0.9870618
22.52,1.4754306,1.2751724,1.0404693
22.54,1.5126985,1.3309168,1.1146588
22.56,1.5643681,1.3468719,1.04795
22.58,1.5175917,1.3133242,1.1476244
22.6,1.5367657,1.3265922,1.0386512
22.62,1.6573267,1.4556854,1.0904077
22.64,1.5135151,1.3343002,1.0138308
22.66,1.6336606,1.4486423,1.1605154
22.68,1.4367276,1.2219275,1.0084203
22.7,1.4678228,1.3083534,1.1134058
22.72,1.4057972,1.233416,1.1432873
22.74,1.5960264,1.3864821,1.0223042
22.76,1.45375,1.2396637,1.0540379
22.78,1.4925635,1.2796061,1.1315796
22.8,1.436441,1.2521098,0.9637296
22.82,1.4468824,1.2391092,1.1420962
22.84,1.5027394,1.338723,1.052968
22.86,1.5737469,1.399194,1.0491077
22.88,1.4330744,1.2456154,1.0482893
22.9,1.4549087,1.2356207,0.99352276
22.92,1.4062233,1.1957036,0.9338678
22.94,1.4243731,1.2858647,1.1552742
22.96,1.449313,1.2781657,0.94825816
22.98,1.4283633,1.2305149,1.0545642
23.0,1.3795012,1.1692915,0.90821743
23.02,1.4103978,1.22689,0.9528823
23.04,1.5477157,1.4047438,0.9579548
23.06,1.5410724,1.3931682,1.2196765
23.08,1.5335948,1.3334965,1.1640065
23.1,1.4845641,1.3284975,1.0612352
23.12,1.5330087,1.3619137,1.0854031
23.14,1.5166786,1.3812172,1.0671579
23.16,1.4555004,1.2607313,0.76913774
23.18,1.4840343,1.3368939,0.9554174
23.2,1.4501654,1.2580462,0.9778223
23.22,1.3881061,1.2040899,0.878995
23.24,1.4576342,1.2632802,0.93804544
23.26,1.4173102,1.2605786,1.0201308
23.28,1.4175743,1.258483,0.9940463
23.3,1.3651764,1.2228497,0.9116095
23.32,1.536327,1.3744528,1.0727246
23.34,1.4346933,1.3092567,1.0223889
23.36,1.4744914,1.2912202,1.0154713
23.38,1.5830464,1.4402866,0.9638915
23.4,1.6061296,1.4730146,1.043365
23.42,1.6383296,1.4807774,0.97320086
23.44,1.5758394,1.3824707,0.99640703
23.46,1.5540173,1.3639107,0.9321115
23.48,1.585788,1.3869183,1.0093398
23.5,1.5316647,1.299519,0.955753
23.52,1.5070193,1.2953867,0.9106674
23.54,1.4663169,1.2796276,1.0405526
23.56,1.5365463,1.3537132,1.0659791
23.58,1.5250251,1.4001368,1.0689518
23.6,1.5386407,1.3787268,0.9920207
23.62,1.5333507,1.3773901,0.9655361
23.64,1.472916,1.2890679,1.001415
23.66,1.4231633,1.2543036,0.9524637
23.68,1.3891308,1.2270917,0.9688706
23.7,1.4395398,1.3083113,1.1003094
23.72,1.4420867,1.3051555,1.1223248
23.74,1.3718526,1.1815944,1.0783752
23.76,1.3275187,1.1549548,0.901549
23.78,1.2975348,1.1136285,0.92524993
23.8,1.2774967,1.1102905,0.8485219
23.82,1.2884414,1.1306565,0.97903633
23.84,1.3867296,1.2287261,0.8991706
23.86,1.2685548,1.1551453,0.9575656
23.88,1.3067083,1.1702551,0.9682709
23.9,1.4491321,1.3049657,1.1259496
23.92,1.3692845,1.2527463,0.95595264
23.94,1.3835127,1.1867719,0.892007
23.96,1.4656783,1.2579587,0.9548001
23.98,1.5808926,1.4128039,1.0893099
24.0,1.5634344,1.3568373,1.1246399
24.02,1.6464461,1.4382427,1.1340822
24.04,1.5900562,1.3676751,1.060802
24.06,1.5126736,1.2880437,0.9721402
24.08,1.5025152,1.3163979,1.0212435
24.1,1.3943774,1.221635,0.97479427
24.12,1.4288614,1.2155886,1.140098
24.14,1.3713341,1.2245347,1.0096748
24.16,1.4123609,1.2175322,1.0644327
24.18,1.4414893,1.264607,1.2206498
24.2,1.4534152,1.2836176,1.0760895
24.22,1.394807,1.2156339,1.0885457
24.24,1.4797134,1.3052187,1.0142925
24.26,1.5038604,1.3707271,1.0813699
24.28,1.4619435,1.2505717,0.99352276
24.3,1.408299,1.2000417,1.0832922
24.32,1.463326,1.3253481,1.2101784
24.34,1.437874,1.2664537,1.1384314
24.36,1.4135271,1.2051398,1.0827079
24.38,1.4421644,1.2113291,1.1743065
24.4,1.4644771,1.2282114,1.0729752
24.42,1.4315319,1.252439,1.0449924
24.44,1.461175,1.2584176,1.161643
24.46,1.3772737,1.1614826,1.1862868
24.48,1.4501394,1.2448869,1.0988982
24.5,1.5081866,1.2990533,1.2301798
24.52,1.4810793,1.3210471,1.0625496
24.54,1.4038782,1.1855665,1.0581999
24.56,1.3605605,1.1625947,1.0395356
24.58,1.4712881,1.2783593,0.9539645
24.6,1.4987473,1.2682109,0.9981718
24.62,1.6167258,1.3866605,1.2084291
24.64,1.4423463,1.2477986,1.0322795
24.66,1.4544195,1.2469611,1.102427
24.68,1.4733481,1.258352,1.0880836
24.7,1.4868577,1.286335,1.1629857
24.72,1.3755053,1.1605355,1.1558069
24.74,1.4884435,1.249758,1.1279345
24.76,1.4329176,1.2257465,1.0980141
24.78,1.4863036,1.2908794,1.2361838
24.8,1.4734752,1.2696192,1.1373571
24.82,1.4342756,1.1968298,1.1718528
24.84,1.4014221,1.1765578,1.1837847
24.86,1.4998462,1.304692,1.3948972
24.88,1.4986473,1.2444671,1.1799041
24.9,1.421531,1.191673,1.1489682
24.92,1.3748246,1.173563,1.1401513
24.94,1.3940012,1.1827573,1.1665436
24.96,1.3433609,1.1346374,1.0780455
24.98,1.3316586,1.1518799,1.0410775
25.0,1.2907064,1.1280761,1.0270592
25.02,1.338614,1.186656,1.1690528
25.04,1.2150316,1.0672103,1.115382
25.06,1.3291818,1.1375655,1.2202947
25.08,1.353884,1.2539529,1.186126
25.1,1.2702657,1.1601326,1.1474278
25.12,1.3296607,1.2283232,1.096252
25.14,1.3780075,1.1959336,1.049182
25.16,1.4241626,1.2825248,1.1225333
25.18,1.3336816,1.156501,0.98598963
25.2,1.4842615,1.2944101,1.1835431
25.22,1.4553461,1.260295,1.1191998
25.24,1.2659545,1.0510644,0.9767045
25.26,1.2527828,1.08032,1.0247097
25.28,1.2581812,1.0513259,1.1261113
25.3,1.5302461,1.3914897,1.0741299
25.32,1.4452769,1.2869973,1.0814179
25.34,1.3255428,1.1647446,1.0362277
25.36,1.547256,1.4010398,1.1342733
25.38,1.3781978,1.2159052,1.1396493
25.4,1.3747973,1.1520947,1.0286617
25.42,1.300072,1.1215498,1.0895408
25.44,1.3018852,1.1133568,1.1151798
25.46,1.3000143,1.093046,1.0482644
25.48,1.3716071,1.1977942,1.0737909
25.5,1.34085,1.1585437,0.99013126
25.52,1.4523585,1.2554866,1.0449674
25.54,1.3741981,1.1912577,1.0214218
25.56,1.362843,1.10982,1.02958
25.58,1.4445772,1.2394642,1.0920048
25.6,1.3923619,1.1421483,1.037649
25.62,1.3476744,1.1215988,1.0928539
25.64,1.3164722,1.1091261,1.00273
25.66,1.3488132,1.1767682,0.96749157
25.68,1.333794,1.1807564,1.0835724
25.7,1.4052911,1.2627578,1.1299082
25.72,1.254545,1.0743995,1.0914012
25.74,1.3363743,1.1081342,0.98741305
25.76,1.3847302,1.2012552,1.0654585
25.78,1.2885286,1.1481504,1.1346326
25.8,1.388268,1.2049116,1.1022933
25.82,1.3465626,1.2142987,1.078753
25.84,1.3605605,1.2166964,1.1996009
25.86,1.394431,1.2371995,1.2196693
25.88,1.4083786,1.1799179,1.2719328
25.9,1.3859736,1.2146382,1.2509013
25.92,1.3307585,1.1356062,1.22087
25.94,1.3535798,1.2028105,1.2341061
25.96,1.2966688,1.133231,1.0897477
25.98,1.4418788,1.2676253,1.2450867
26.0,1.4127852,1.2688394,1.310765
26.02,1.3729713,1.2015985,1.1302228
26.04,1.4350066,1.2794771,1.1653985
26.06,1.383215,1.209512,1.1489985
26.08,1.3215255,1.1491318,1.1395427
26.1,1.2551718,1.0568295,1.0874062
26.12,1.378741,1.1927108,1.0695924
26.14,1.2463701,1.0458198,0.97079265
26.16,1.3771921,1.150662,1.0004709
26.18,1.3325019,1.1035347,1.0331023
26.2,1.4091228,1.186517,1.1388273
26.22,1.3823484,1.2045008,0.8485934
26.24,1.306737,1.1606776,1.0099925
26.26,1.3652861,1.1843834,1.0773537
26.28,1.3696127,1.1913962,1.0931712
26.3,1.4161472,1.2737054,1.2070436
26.32,1.3925768,1.2672132,1.0807363
26.34,1.5280176,1.3841403,1.196808
26.36,1.4654739,1.3619137,1.1446439
26.38,1.4150097,1.2761638,1.1591027
26.4,1.3523619,1.1394249,1.0068803
26.42,1.3920928,1.176955,1.1295013
26.44,1.3494239,1.1701376,1.32059
26.46,1.3278853,1.1373239,0.9571128
26.48,1.3815084,1.150662,1.0656701
26.5,1.3151915,1.1389905,1.0810732
26.52,1.3626506,1.1931717,1.1596487
26.54,1.3241296,1.1317502,1.1037474
26.56,1.3979175,1.2261055,1.1083721
26.58,1.3034949,1.1304619,1.1164929
26.6,1.3773551,1.2395529,1.1205777
26.62,1.4443698,1.300978,1.139147
26.64,1.4486411,1.3479329,1.3635237
26.66,1.3837833,1.2485034,1.2036414
26.68,1.4401639,1.2725391,1.2678503
26.7,1.4514558,1.3567156,1.2657423
26.72,1.4794856,1.3812172,1.3423771
26.74,1.4669297,1.2615814,1.117145
26.76,1.4918357,1.2896435,1.111317
26.78,1.6717464,1.5074407,1.3486402
26.8,1.4834793,1.2532729,1.2377328
26.82,1.3772465,1.237555,1.3637589
26.84,1.353469,1.167974,1.1269425
26.86,1.4383948,1.2670181,1.172792
26.88,1.4435918,1.3059978,1.1300846
26.9,1.4397217,1.2269796,0.9441625
26.92,1.4293854,1.1758332,1.0440295
26.94,1.3348603,1.0809305,1.1468081
26.96,1.3505609,1.1140234,1.0104558
26.98,1.5140345,1.2854797,1.0167598
27.0,1.4290185,1.1976336,0.9803018
27.02,1.5316403,1.3522909,1.1718159
27.04,1.5550773,1.3940759,1.2761791
27.06,1.459303,1.2716532,1.0713093
27.08,1.4993467,1.3827293,1.3432164
27.1,1.4869835,1.3659452,1.2118177
27.12,1.5657319,1.4177961,1.2563372
27.14,1.4709828,1.3534083,1.097485
27.16,1.4539819,1.3184223,1.2046422
27.18,1.3744159,1.1982074,1.1196798
27.2,1.5276991,1.4058785,1.2078764
27.22,1.5100724,1.3943913,1.2720759
27.24,1.3169556,1.1468806,1.1994419
27.26,1.4375876,1.3115646,1.1825831
27.28,1.438629,1.2674302,1.3406775
27.3,1.3487022,1.1612222,1.1559044
27.32,1.3180923,1.1358967,1.1328354
27.34,1.3579712,1.2127581,1.1463091
27.36,1.385379,1.2397302,1.0352986
27.38,1.416068,1.3229604,1.0689031
27.4,1.4322116,1.3174,1.1431129
27.42,1.3588257,1.1888782,1.0247014
27.44,1.3746612,1.2060747,1.1162987
27.46,1.4907812,1.324954,1.1114419
27.48,1.3921735,1.2357987,0.99688554
27.5,1.4883177,1.2978464,1.0893418
27.52,1.3858384,1.2627361,1.2885041
27.54,1.4686388,1.3158756,1.1091696
27.56,1.5538728,1.397031,1.2350612
27.58,1.4944189,1.3660457,1.1427565
27.6,1.3549068,1.1816177,1.0589452
27.62,1.3946457,1.2536019,1.2931118
27.64,1.4327085,1.3037223,1.2771367
27.66,1.4321072,1.2920716,1.1606948
27.68,1.4999961,1.3168573,1.1809103
27.7,1.4581735,1.1915115,1.1944151
27.72,1.3933833,1.1310698,1.128334
27.74,1.4437215,1.3007032,1.2218497
27.76,1.332811,1.0599465,1.0279452
27.78,1.392765,1.1462332,1.1244164
27.8,1.2530817,1.0711961,1.0009819
27.82,1.3210437,1.1463292,1.042434
27.84,1.3147645,1.1449132,1.1655399
27.86,1.2473611,1.061139,1.0328337
27.88,1.3596796,1.1607959,1.127873
27.9,1.3296889,1.115454,1.2076683
27.92,1.3946726,1.1430385,1.0956904
27.94,1.4156184,1.2546324,1.100987
27.96,1.4166496,1.2247592,1.1350756
27.98,1.4609699,1.3238953,1.1688304
28.0,1.3380544,1.1073897,1.0631533
28.02,1.3281955,1.1567388,1.1136394
28.04,1.305877,1.1469525,1.150273
28.06,1.3941355,1.1702785,0.9843793
28.08,1.2459193,1.0607504,1.0679375
28.1,1.1869398,0.9951704,1.1493832
28.12,1.2581812,1.0735546,1.0974771
28.14,1.3555424,1.1972432,1.084532
28.16,1.3678892,1.2052766,1.2091391
28.18,1.3985603,1.2308277,1.2018465
28.2,1.359597,1.1962785,1.120887
28.22,1.4078734,1.1904727,1.4295827
28.24,1.3336816,1.0999413,1.0357424
28.26,1.2640009,1.0779505,1.099119
28.28,1.3382223,1.1652167,1.0980378
28.3,1.4346411,1.2278308,1.0535772
28.32,1.3720164,1.1480786,1.0811212
28.34,1.454162,1.2589855,1.0585521
28.36,1.4356588,1.2253203,1.0861058
28.38,1.493015,1.3361121,0.98865914
28.4,1.2575859,1.0596871,0.992248
28.42,1.3892926,1.1702081,1.0643594
28.44,1.4077936,1.1952897,1.1646097
28.46,1.3705146,1.1662544,1.1780069
28.48,1.3613034,1.1869109,1.1014435
28.5,1.37673,1.1424372,1.1571712
28.52,1.2739744,1.1132334,1.0127614
28.54,1.5822893,1.4163411,1.1269734
28.56,1.4231895,1.2727337,1.0474867
28.58,1.2580025,1.0850685,0.9784162
28.6,1.3638592,1.1790088,0.89924765
28.62,1.490731,1.3131987,1.0779892
28.64,1.5592854,1.3024353,1.0969714
28.66,1.3565917,1.1990331,1.066784
28.68,1.4030778,1.2423886,0.9412655
28.7,1.3346078,1.1724379,1.1051133
28.72,1.552185,1.3150606,1.0241766
28.74,1.5526193,1.3334757,1.1452876
28.76,1.443047,1.2719558,1.0184126
28.78,1.3961217,1.253207,1.0003321
28.8,1.3406544,1.1425575,0.9764027
28.82,1.3808849,1.2422559,1.1144254
28.84,1.3968724,1.2050257,0.84719265
28.86,1.4506557,1.2618213,1.0616599
28.88,1.3627605,1.1771653,1.101711
28.9,1.3978373,1.2210498,0.980063
28.92,1.4995716,1.3367705,1.1086537
28.94,1.370897,1.2052766,1.054375
28.96,1.2890226,1.1383145,1.3011923
28.98,1.3045,1.1541928,1.0912185
29.0,1.2437234,1.0601281,1.1397177
29.02,1.3044713,1.1284659,1.246576
29.04,1.2973617,1.1397145,1.2062173
29.06,1.3905048,1.2207344,1.0785038
29.08,1.3413525,1.1856129,1.1522384
29.1,1.327688,1.1650279,1.0947087
29.12,1.3744977,1.2093983,0.9977895
29.14,1.3419944,1.1790088,1.1176803
29.16,1.3525834,1.1806633,0.973379
29.18,1.4585588,1.2772405,1.1839752
29.2,1.4252927,1.3069026,1.220451
29.22,1.4144275,1.257434,1.2015868
29.24,1.334692,1.1753421,1.190904
29.26,1.3863788,1.1788689,1.0349803
29.28,1.4567604,1.3171078,1.2673235
29.3,1.4297521,1.3000689,1.1226878
29.32,1.5253443,1.3062924,0.9943777
29.34,1.4572232,1.2210722,0.9658234
29.36,1.417548,1.2436495,1.1679473
29.38,1.375478,1.2375773,1.04612
29.4,1.377763,1.1910731,1.1167647
29.42,1.3116277,1.1136532,1.2379289
29.44,1.3736258,1.1614352,1.0336056
29.46,1.4436697,1.1878601,1.1664395
29.48,1.3884299,1.2164025,1.2783782
29.5,1.3789855,1.2421895,1.1494435
29.52,1.4637865,1.3661264,1.1522083
29.54,1.3532753,1.2163122,1.1536973
29.56,1.3135962,1.1360177,1.1820698
29.58,1.4069688,1.2592695,1.1158948
29.6,1.3051887,1.1261246,1.2416492
29.62,1.3554043,1.2028334,1.2714694
29.64,1.3558186,1.1517606,1.0983695
29.66,1.4009678,1.1551214,1.1484022
29.68,1.3182913,1.07767,1.2940767
29.7,1.4174423,1.201095,1.3252889
29.72,1.4249775,1.1639891,1.0833564
29.74,1.3606708,1.0946043,1.1043833
29.76,1.3326424,1.0607245,1.0991664
29.78,1.3103712,1.0437145,1.1609561
29.8,1.4027308,1.2263072,1.1113639
29.82,1.3135391,1.117547,1.0952233
29.84,1.2977369,1.1093245,1.1253719
29.86,1.290387,1.0854231,1.034243
29.88,1.3790668,1.1551927,1.0988034
29.9,1.4672103,1.2856508,1.1294708
29.92,1.348952,1.2310286,1.0699327
29.94,1.4946443,1.3488709,1.1635967
29.96,1.5250251,1.3405085,1.1084893
29.98,1.4564264,1.2181417,0.98853636
30.0,1.4271569,1.1659007,1.2196125
30.02,1.4334662,1.2573247,1.0554845
30.04,1.4631981,1.2661498,1.0912026
30.06,1.4341713,1.199377,1.1461729
30.08,1.2677575,1.0454254,1.0942175
30.1,1.3236203,1.1317016,1.0702406
30.12,1.3714432,1.1655941,1.1463847
30.14,1.3879173,1.1165379,1.1015143
30.16,1.365533,1.024868,1.1909186
30.18,1.3009069,1.0530505,1.0265948
30.2,1.4323686,1.0296588,1.1163143
30.22,1.467542,1.1026125,1.0655074
30.24,1.3973548,1.0681632,1.2648447
30.26,1.3936251,1.0018612,1.2233459
30.28,1.5855991,1.2070317,1.1873388
30.3,1.5782613,1.2260157,1.2107298
30.32,1.5387137,1.1071413,1.0628514
30.34,1.72638,1.2799284,1.2340991
30.36,1.5100724,1.1839422,1.4500616
30.38,1.5031879,1.0973387,1.2229205
30.4,1.4360499,1.0805235,1.2287836
30.42,1.5756493,1.1327701,1.1305219
30.44,1.6801472,1.252439,1.1557919
30.46,1.5706983,1.1643196,1.1557994
30.48,1.7083484,1.307092,1.1708462
30.5,1.6220902,1.2440251,1.1345332
30.52,1.5921271,1.1229463,1.150175
30.54,1.6758627,1.1800112,1.0973823
30.56,1.615521,1.1017145,1.1620235
30.58,1.6854653,1.1997895,1.1632987
30.6,1.6497633,1.2237487,1.2770212
30.62,1.6750581,1.1871194,1.1388806
30.64,1.7351854,1.3323826,1.2073596
30.66,1.7287209,1.3288286,1.2089671
30.68,1.6450126,1.2258811,1.1006167
30.7,1.7271823,1.296702,1.2413208
30.72,1.6681588,1.187675,1.404109
30.74,1.7325938,1.2123274,1.2286284
30.76,1.5972693,1.1558353,1.2006269
30.78,1.647401,1.222175,1.1427337
30.8,1.627391,1.1709361,1.1565493
30.82,1.5954633,1.1739143,0.9536099
30.84,1.6321241,1.1731881,1.0608102
30.86,1.5636737,1.2138458,1.0194166
30.88,1.5104194,1.2244,1.3211415
30.9,1.4438512,1.1321388,1.1395351
30.92,1.4586358,1.1731178,1.1149621
30.94,1.5016426,1.300682,1.10607
30.96,1.5644159,1.3054714,1.248744
30.98,1.5580844,1.2874032,0.9740646
31.0,1.6133871,1.3592261,1.2248545
31.02,1.5907389,1.3584977,1.1090758
31.04,1.5628834,1.3484223,1.2045343
31.06,1.5855045,1.3992137,1.18739
31.08,1.5729854,1.383862,1.1258572
31.1,1.5384704,1.3145378,1.191719
31.12,1.5059505,1.3269446,1.0882907
31.14,1.5746032,1.3938588,1.327472
31.16,1.4590977,1.3155204,1.2805059
31.18,1.4072348,1.1876287,1.2585158
31.2,1.3986406,1.2029018,1.2674809
31.22,1.5063978,1.2490098,1.2460195
31.24,1.488846,1.2840246,1.3092892
31.26,1.4915346,1.2590073,1.1107473
31.28,1.4790808,1.2196304,1.3537539
31.3,1.3559015,1.1278567,1.2023513
31.32,1.512352,1.2090118,1.3727249
31.34,1.5404404,1.2459464,1.1098338
31.36,1.6237975,1.3539364,1.2287906
31.38,1.6712985,1.3526363,1.0664264
31.4,1.6821518,1.407696,1.1691048
31.42,1.6303796,1.3321143,1.1334475
31.44,1.6651256,1.3736324,1.1915809
31.46,1.7223845,1.3934643,1.1530358
31.48,1.5616131,1.293199,1.3057684
31.5,1.4764708,1.2157017,1.0192635
31.52,1.6183462,1.3475046,1.03891
31.54,1.6544774,1.4167875,1.2034037
31.56,1.4631213,1.2209822,0.95180804
31.58,1.525835,1.3152905,1.028569
31.6,1.4789288,1.2076466,1.1179053
31.62,1.6347831,1.364455,1.2832317
31.64,1.6143618,1.240196,1.2541546
31.66,1.5642724,1.2569966,1.1610458
31.68,1.4845389,1.1645558,1.2830694
31.7,1.4812057,1.1453453,1.4020762
31.72,1.4442661,1.1235337,1.2410485
31.74,1.3285338,1.0260745,1.1751773
31.76,1.267137,1.0214016,1.2023225
31.78,1.3002448,1.0210786,1.215946
31.8,1.3635571,1.0759848,1.3301276
31.82,1.3661635,1.0499914,1.238811
31.84,1.4629421,1.0924925,1.2262127
31.86,1.550423,1.1298294,1.3079907
31.88,1.7380315,1.360904,1.4329689
31.9,1.4799665,1.138556,1.5068262
31.92,1.5685035,1.1640127,1.2675971
31.94,1.5585167,1.2539747,1.335585
31.96,1.3496734,1.1091261,1.1692531
31.98,1.3276598,1.0688322,1.2151115
32.0,1.2761476,1.0372407,1.1036216
32.02,1.3255428,1.0716066,1.3029234
32.04,1.3646278,1.140028,1.1739521
32.06,1.3702686,1.1102163,1.3441521
32.08,1.3830255,1.1334493,1.3652585
32.1,1.3650668,1.1224566,1.4107926
32.12,1.3744706,1.1068184,1.4656129
32.14,1.46138,1.2063254,1.1751404
32.16,1.3764035,1.1290262,1.1691568
32.18,1.3757503,1.1353883,1.1254028
32.2,1.5326667,1.2592257,1.2578958
32.22,1.5330576,1.3339704,1.2330238
32.24,1.4340408,1.147312,1.3120013
32.26,1.4256606,1.1303403,1.0637647
32.28,1.4052378,1.1147143,1.098022
32.3,1.4877138,1.2208471,1.1461805
32.32,1.4868325,1.2410159,1.2644951
32.34,1.4912332,1.1664665,1.3543496
32.36,1.3857843,1.104257,1.0791949
32.38,1.4416711,1.0419745,1.3140153
32.4,1.5469413,1.169409,1.2772045
32.42,1.622275,1.319777,1.3161182
32.44,1.5205004,1.1915578,1.2964596
32.46,1.5604856,1.2161765,1.2128977
32.48,1.4894745,1.1780524,1.4241325
32.5,1.3931953,1.1246588,1.3095342
32.52,1.3371586,1.0659473,1.2402029
32.54,1.3194554,1.0384593,1.2286426
32.56,1.3575575,1.0688322,1.2856886
32.58,1.40625,1.1181618,1.3220204
32.6,1.4361281,1.1964852,1.2642413
32.62,1.4180496,1.192803,1.2594663
32.64,1.3727803,1.0808034,1.1240076
32.66,1.5264239,1.2805296,1.27196
32.68,1.4768512,1.2660847,1.180624
32.7,1.4350326,1.1389905,1.1974742
32.72,1.4041183,1.1595163,1.1846486
32.74,1.2572582,0.99007404,1.0385094
32.76,1.3071954,1.0711447,1.1849414
32.78,1.349618,1.1286608,1.1897095
32.8,1.3683271,1.061139,1.1345867
32.82,1.4088304,1.1773754,1.14221
32.84,1.3142233,1.0900234,1.1773738
32.86,1.3446703,1.0889635,1.0091164
32.88,1.4889214,1.2676038,1.169772
32.9,1.3456446,1.1009656,1.0661825
32.92,1.3562605,1.1091509,1.1679325
32.94,1.3656701,1.0998913,1.1062815
32.96,1.478853,1.1200044,1.1643789
32.98,1.459226,1.214412,1.1986539
33.0,1.5069447,1.1873509,0.95863336
33.02,1.542918,1.2307159,1.1109504
33.04,1.5153201,1.2290393,1.1700685
33.06,1.5439126,1.3066292,1.0661418
33.08,1.4862531,1.2371106,1.1911442
33.1,1.4694545,1.2559464,1.0316999
33.12,1.4079533,1.1718985,1.207575
33.14,1.4111409,1.1937476,0.97921336
33.16,1.4562206,1.2054819,0.9780972
33.18,1.4914844,1.2225125,0.99537104
33.2,1.4991969,1.2123953,1.1224948
33.22,1.5830464,1.2418796,1.1709721
33.24,1.4434881,1.1434234,1.1441137
33.26,1.3989351,1.1035347,1.1189363
33.28,1.5095019,1.2114198,1.1836236
33.3,1.4454582,1.1876519,1.1788898
33.32,1.5104443,1.2360213,1.0639032
33.34,1.5932086,1.3269446,1.1231126
33.36,1.5753403,1.2944739,1.0858104
33.38,1.45997,1.2078514,1.1793603
33.4,1.4557062,1.192388,1.212197
33.42,1.5168761,1.289942,1.1620386
33.44,1.5360589,1.2583739,1.1556945
33.46,1.443073,1.1840583,1.0427583
33.48,1.5206237,1.2329478,1.007457
33.5,1.4739325,1.1818271,1.1040301
33.52,1.4171517,1.1767682,1.1195405
33.54,1.4827722,1.2033134,1.1081295
33.56,1.4051845,1.1270275,0.98277503
33.58,1.4996964,1.2625183,1.0670035
33.6,1.5724854,1.2859502,1.0292178
33.62,1.6524619,1.4361001,1.1326977
33.64,1.7063525,1.4034319,1.0773537
33.66,1.5694344,1.3589227,1.0545231
33.68,1.5066713,1.2516046,1.2669883
33.7,1.570126,1.3811375,1.3807791
33.72,1.4974725,1.2637807,1.1387131
33.74,1.5522335,1.2726688,1.1495793
33.76,1.596777,1.2468507,1.0993083
33.78,1.6512153,1.2754958,1.143909
33.8,1.6784526,1.295047,1.1925772
33.82,1.7884676,1.4406301,1.2668926
33.84,1.7560995,1.4368465,1.0161115
33.86,1.6240973,1.2468729,1.2088953
33.88,1.6496043,1.36514,1.2310464
33.9,1.6769125,1.4094331,1.1292558
33.92,1.9618382,1.6798389,1.2400701
33.94,1.809987,1.5190321,1.2017599
33.96,1.7259027,1.4775432,1.0424422
33.98,1.7452555,1.5181451,1.1318171
34.0,1.6300119,1.3501136,1.0449426
34.02,1.6710968,1.4313828,1.167086
34.04,1.6065726,1.353632,1.1547338
34.06,1.6574849,1.3342383,1.1813655
34.08,1.5715563,1.2734895,1.1014591
34.1,1.5957683,1.2934327,1.201594
34.12,1.5219529,1.3064818,1.0166318
34.14,1.547014,1.3338674,1.0192465
34.16,1.547861,1.3270067,0.9942032
34.18,1.5056767,1.3044811,0.9469315
34.2,1.5072677,1.3209015,0.93774045
34.22,1.569673,1.3699247,1.1045012
34.24,1.4565806,1.2098984,1.0213963
34.26,1.4896255,1.2608404,1.1955396
34.28,1.5309311,1.2569311,1.1289717
34.3,1.6550432,1.3599945,1.12765
34.32,1.6143849,1.3326508,0.9811946
34.34,1.531249,1.2698574,1.0177824
34.36,1.5755067,1.2979735,0.95024
34.38,1.6017876,1.3347946,1.0874858
34.4,1.609088,1.3501339,1.1146511
34.42,1.5892787,1.3691015,1.1081921
34.44,1.5780951,1.2891744,0.93012834
34.46,1.6651481,1.4040781,1.0991743
34.48,1.477637,1.1813385,1.0005401
34.5,1.4749484,1.215023,1.0989612
34.52,1.375451,1.1099933,1.109279
34.54,1.4635307,1.2266659,1.2792121
34.56,1.4161208,1.2328587,1.2231545
34.58,1.4597648,1.2678422,1.2617495
34.6,1.3758863,1.1367435,1.2261631
34.62,1.4778143,1.2855439,1.1358086
34.64,1.4205034,1.1972432,1.3136919
34.66,1.3292663,1.1428221,1.0550739
34.68,1.3666294,1.1498494,1.0771847
34.7,1.4065163,1.1730709,1.2455044
34.72,1.3169272,1.0852711,1.1313114
34.74,1.3425244,1.1017894,1.1363887
34.76,1.3569779,1.1130605,1.2456297
34.78,1.4041715,1.1303403,1.1404552
34.8,1.4070486,1.0864865,1.1360223
34.82,1.4466752,1.0855498,1.2722803
34.84,1.5614451,1.159777,1.2339445
34.86,1.4752784,1.1350249,1.1893378
34.88,1.5045822,1.2310733,1.1309665
34.9,1.5291935,1.3266752,1.2484524
34.92,1.3973818,1.1615773,1.1627994
34.94,1.3590736,1.0490222,1.0672716
34.96,1.4371186,1.1685623,1.2472713
34.98,1.3236203,1.0300592,1.0122904
35.0,1.3450323,1.0648118,1.0257752
35.02,1.3188591,1.0595315,1.2902457
35.04,1.3219502,1.0231497,1.3158219
35.06,1.4249775,1.1029365,1.1823997
35.08,1.5465056,1.3170452,1.247021
35.1,1.4082191,1.1261246,1.2039727
35.12,1.3286465,1.0608281,1.1631645
35.14,1.562524,1.2622352,1.1070571
35.16,1.5170982,1.279735,0.95373714
35.18,1.5335704,1.3204019,1.0194166
35.2,1.537813,1.2491639,1.0381086
35.22,1.4215046,1.1751783,1.055041
35.24,1.3859195,1.1218195,1.0917825
35.26,1.4528482,1.242278,1.136526
35.28,1.4510946,1.2465641,1.2529789
35.3,1.4055575,1.1837564,1.186623
35.32,1.4474256,1.1583776,1.1034017
35.34,1.4836811,1.2038387,1.0812817
35.36,1.60818,1.3125913,0.98936033
35.38,1.5268655,1.2582428,1.1268501
35.4,1.5471834,1.2375773,1.1414888
35.42,1.3747429,1.0944034,1.0473956
35.44,1.5400758,1.3104532,1.1305295
35.46,1.462174,1.2442241,1.223608
35.48,1.4934163,1.2584614,1.1922064
35.5,1.5015929,1.3024564,1.1177037
35.52,1.5024902,1.2320555,1.0790262
35.54,1.5005201,1.2031534,1.017416
35.56,1.539322,1.2975711,1.1980245
35.58,1.4876382,1.2549171,1.0241174
35.6,1.5606296,1.3642131,1.2295524
35.62,1.6060364,1.3308548,1.199984
35.64,1.5456094,1.268341,1.245038
35.66,1.64831,1.3745128,1.0774342
35.68,1.5394193,1.2424992,1.1264116
35.7,1.609018,1.3537943,1.1289947
35.72,1.6096928,1.3141404,1.0978642
35.74,1.5723662,1.2878301,1.1472541
35.76,1.4100261,1.1685859,1.0919095
35.78,1.4244782,1.1763475,0.887769
35.8,1.410557,1.1108105,0.9720064
35.82,1.4224262,1.1342496,1.0331862
35.84,1.4886699,1.1951057,1.0587733
35.86,1.4258708,1.1470004,0.8759123
35.88,1.4406059,1.1530966,1.1996589
35.9,1.5113859,1.1425093,0.98561144
35.92,1.4764962,1.1661129,1.0728135
35.94,1.4391495,1.0767767,1.0710018
35.96,1.365999,1.0802945,1.0752271
35.98,1.419475,1.1381212,1.0853152
36.0,1.4504752,1.2239733,1.0309349
36.02,1.5699592,1.3240199,1.1174709
36.04,1.4528224,1.2361102,1.0845162
36.06,1.3510046,1.0851953,1.0885139
36.08,1.5749123,1.3469126,1.2023009
36.1,1.449313,1.2168771,0.99004364
36.12,1.4680014,1.2529219,1.1255338
36.14,1.4829996,1.2430745,1.1111376
36.16,1.5603657,1.3832659,1.2332628
36.18,1.550399,1.3269446,1.2287343
36.2,1.5870153,1.3576272,1.2891567
36.22,1.5755541,1.3499506,1.2801403
36.24,1.5266938,1.2733383,1.3482994
36.26,1.6519635,1.4571388,1.1998106
36.28,1.5524745,1.3598936,1.1320776
36.3,1.5328866,1.2900912,1.1672791
36.32,1.6023483,1.3264887,1.2720146
36.34,1.5053536,1.2788324,1.1946256
36.36,1.5554867,1.2843242,1.2095549
36.38,1.5581083,1.3379629,1.0208443
36.4,1.5948999,1.3719902,1.0861378
36.42,1.6588397,1.4212631,1.0625333
36.44,1.5779765,1.3148725,1.1996443
36.46,1.5834249,1.3453196,1.1267962
36.48,1.5537041,1.2575651,0.9799657
36.5,1.7217975,1.3460959,1.1290638
36.52,1.6287019,1.2772189,1.0369887
36.54,1.5661144,1.246123,1.0448513
36.56,1.6841985,1.3587203,0.9265702
36.58,1.6063862,1.2436936,1.1518245
36.6,1.5775256,1.2151362,1.0630635
36.62,1.6307698,1.289537,0.9555353
36.64,1.6460595,1.2628449,1.0853791
36.66,1.7662836,1.3987027,1.1153275
36.68,1.6436236,1.2330147,1.0687976
36.7,1.6751252,1.2929863,1.0323383
36.72,1.700263,1.2925822,1.1129074
36.74,1.7266402,1.3201728,1.0775468
36.76,1.5785933,1.2226698,1.0714955
36.78,1.6054301,1.2661933,1.1468761
36.8,1.6525073,1.3688204,1.2500625
36.82,1.6143384,1.29863,1.1402805
36.84,1.6871308,1.3069236,1.094582
36.86,1.6613886,1.2933264,1.0533714
36.88,1.7330692,1.3774898,1.1592149
36.9,1.5645835,1.2662582,1.1569315
36.92,1.7746589,1.406074,1.2624159
36.94,1.6939528,1.3525143,1.1504085
36.96,1.6064794,1.2470933,1.2087805
36.98,1.6035165,1.1951977,1.0965286
37.0,1.5545235,1.1400763,1.1341586
37.02,1.6382383,1.23404,1.0883784
37.04,1.7176385,1.3183596,1.0162821
37.06,1.7448907,1.3638705,1.161016
37.08,1.7303448,1.3317633,1.1580176
37.1,1.7045302,1.3276074,1.1039201
37.12,1.7209924,1.3051133,1.0924016
37.14,1.7275076,1.3788066,1.100979
37.16,1.6382383,1.2544351,1.1147288
37.18,1.694638,1.2664104,1.2410485
37.2,1.6476057,1.2813239,1.1471181
37.22,1.564775,1.1854042,1.2328972
37.24,1.615776,1.230783,1.3461373
37.26,1.6841763,1.305682,1.1306062
37.28,1.6817956,1.3191519,1.2265944
37.3,1.7911665,1.4314212,1.3285558
37.32,1.6832422,1.299942,1.1371589
37.34,1.6111577,1.2377994,0.9513069
37.36,1.7647778,1.4635775,1.1271425
37.38,1.5704598,1.2092392,1.1070807
37.4,1.6863983,1.3160429,1.1231356
37.42,1.5789254,1.2128261,1.1692013
37.44,1.6161003,1.2388207,1.2298627
37.46,1.6042168,1.1558114,1.1587212
37.48,1.5810347,1.1228728,1.1227264
37.5,1.6429855,1.2251632,1.1363962
37.52,1.6593589,1.2560997,1.004052
37.54,1.5444703,1.1374688,1.0893975
37.56,1.6353099,1.2349753,1.0076463
37.58,1.7133167,1.2658674,0.869714
37.6,1.6291847,1.1566199,0.94922674
37.62,1.6058967,1.1691974,0.98107094
37.64,1.6768903,1.2587671,0.96750057
37.66,1.6331102,1.2566029,1.0326825
37.68,1.6853764,1.2682109,1.036144
37.7,1.6952345,1.3211929,1.1182464
37.72,1.6341418,1.2412374,1.0864091
37.74,1.614756,1.2880224,1.0792432
37.76,1.6198497,1.2950684,1.0214981
37.78,1.6365917,1.2760991,1.1372428
37.8,1.6343249,1.2001103,1.1052623
37.82,1.7219061,1.3230643,1.003862
37.84,1.610716,1.2137779,1.0476439
37.86,1.706221,1.3220458,1.033765
37.88,1.691608,1.2877876,1.0519384
37.9,1.627368,1.2259709,1.0399776
37.92,1.4765215,1.0699633,1.0069405
37.94,1.6243048,1.2557493,1.0403777
37.96,1.5218544,1.1734225,0.94999367
37.98,1.7465423,1.3949432,1.1637384
38.0,1.5650142,1.2355318,1.0358846
38.02,1.7156535,1.3897897,1.1144876
38.04,1.5308332,1.190796,1.0063635
38.06,1.6201732,1.3124657,1.0999548
38.08,1.5576035,1.2592912,1.1574111
38.1,1.593749,1.3132614,0.99861467
38.12,1.4808012,1.1971743,0.86766803
38.14,1.5010191,1.2436936,1.1436286
38.16,1.4337796,1.131993,0.9257745
38.18,1.554138,1.300111,1.0396273
38.2,1.5257615,1.2810879,0.96643364
38.22,1.5243865,1.2297325,0.95997995
38.24,1.6128765,1.3516197,1.061717
38.26,1.6279662,1.3232512,1.0147197
38.28,1.6343938,1.3003649,1.1137173
38.3,1.6540021,1.315437,1.077579
38.32,1.7311019,1.4474273,1.1117227
38.34,1.6871752,1.3697841,1.1106538
38.36,1.6155906,1.3325269,1.2590669
38.38,1.6677772,1.328808,1.1127437
38.4,1.6598327,1.3535912,1.1890826
38.42,1.5755541,1.2704635,1.0425338
38.44,1.6140138,1.3194646,1.130775
38.46,1.6157296,1.3618329,1.0974534
38.48,1.720122,1.4290953,1.0419681
38.5,1.6975962,1.379843,1.2398534
38.52,1.5739133,1.2992015,1.2073811
38.54,1.5166786,1.2102846,1.1272886
38.56,1.5823367,1.2833606,1.0643187
38.58,1.6529603,1.3462185,1.2241464
38.6,1.6571913,1.3750727,1.0720131
38.62,1.54774,1.2681459,1.0494795
38.64,1.5414125,1.2169448,0.95431876
38.66,1.4562464,1.1277105,0.88153607
38.68,1.583756,1.1901032,0.95446414
38.7,1.5867321,1.2811952,0.9437675
38.72,1.586921,1.3244352,1.124532
38.74,1.5756017,1.2664104,1.0938768
38.76,1.5289487,1.2414367,1.0636424
38.78,1.7232103,1.4372482,1.2515527
38.8,1.7616346,1.4779526,1.4332772
38.82,1.6643609,1.3879883,1.1515912
38.84,1.8245136,1.551056,1.233551
38.86,1.6234286,1.3797833,1.1846853
38.88,1.7425929,1.4580442,1.1639469
38.9,1.8507588,1.5106108,1.1606275
38.92,1.6115062,1.3369762,1.1599252
38.94,1.6471055,1.3212137,1.2400352
38.96,1.6005714,1.2191794,1.0737748
38.98,1.7269872,1.3690413,1.1033152
39.0,1.7167227,1.3283112,1.2558334
39.02,1.5474496,1.1937015,1.1722817
39.04,1.490932,1.1419076,0.88821816
39.06,1.5279688,1.1917192,1.117269
39.08,1.5157154,1.2132115,1.1421417
39.1,1.3656427,1.0619161,0.9150267
39.12,1.3726985,1.0675194,1.0355582
39.14,1.3963363,1.0688322,0.94824904
39.16,1.4285469,1.1326972,1.0958881
39.18,1.5066217,1.2133701,1.0095117
39.2,1.4815091,1.1306565,1.1917919
39.22,1.4442143,1.1110084,0.9895619
39.24,1.4826713,1.2180514,0.9825897
39.26,1.4648349,1.197381,0.8769411
39.28,1.520402,1.206052,0.8765653
39.3,1.5577719,1.2124181,1.0420097
39.32,1.5128964,1.185381,0.92653275
39.34,1.5798026,1.279735,1.1026707
39.36,1.6394264,1.3443384,0.8931435
39.38,1.55368,1.2735759,0.9278885
39.4,1.6465598,1.2812808,1.038718
39.42,1.4843119,1.122481,1.1648254
39.44,1.3431101,1.0420537,0.9530369
39.46,1.4807,1.1410887,0.8821063
39.48,1.5202296,1.2280546,0.88485396
39.5,1.4988222,1.2165155,0.797668
39.52,1.6120405,1.3075967,1.0433068
39.54,1.3807493,1.0331773,0.9266731
39.56,1.3694758,1.028403,0.7944224
39.58,1.456632,1.1491797,0.87731665
39.6,1.4939928,1.1404861,0.94886136
39.62,1.4861273,1.1672205,0.9392
39.64,1.4774089,1.1423168,0.9673393
39.66,1.3889961,1.0489435,0.85330045
39.68,1.5395166,1.0912586,0.99969923
39.7,1.3794198,1.071427,0.8808769
39.72,1.481964,1.1242921,0.98404455
39.74,1.4585843,1.1079853,1.0583801
39.76,1.4739071,1.0979148,0.95585287
39.78,1.3472021,0.9958608,0.90681314
39.8,1.5196383,1.1677856,1.0463687
39.82,1.4309039,1.1013151,1.1037316
39.84,1.4540076,1.0841053,1.0370808
39.86,1.4090166,1.108903,1.0351646
39.88,1.4641446,1.1142948,1.0136597
39.9,1.5254915,1.2064395,0.97979754
39.92,1.4598161,1.147312,1.0809127
39.94,1.4754306,1.0333636,1.0319604
39.96,1.5944773,1.2376883,0.99567586
39.98,1.5060996,1.0938756,0.8994309
40.0,1.5494325,1.2381103,0.9144866
40.02,1.4460021,1.0659473,1.0015101
40.04,1.5283117,1.1562158,1.055386
40.06,1.494494,1.1675502,1.1333481
40.08,1.4984725,1.2149777,1.0448928
40.1,1.4420347,1.0782821,0.9564513
40.12,1.4689958,1.0764446,0.9038732
40.14,1.5034618,1.2125994,0.9118377
40.16,1.4813576,1.2316538,1.0449841
40.18,1.4227159,1.0566212,0.81631833
40.2,1.4363627,1.1136038,0.93049175
40.22,1.399925,1.0575316,0.8603228
40.24,1.3888073,1.0815917,0.81414884
40.26,1.4304328,1.0481044,0.88513803
40.28,1.449158,1.0833949,0.7225603
40.3,1.3821317,1.0187334,0.918101
40.32,1.4302235,1.0225854,0.93097615
40.34,1.3665472,1.0145957,0.9930515
40.36,1.3781164,1.0208093,0.95204484
40.38,1.4104774,1.089544,0.909286
40.4,1.4413334,1.0219667,0.8796655
40.42,1.4179442,1.0584412,0.7850582
40.44,1.5226414,1.121648,0.9695505
40.46,1.4374833,1.0551631,0.9707212
40.48,1.416253,0.9890739,0.97107834
40.5,1.4627373,1.126686,0.90775913
40.52,1.3797456,1.0027938,0.9231111
40.54,1.4511461,1.0423439,0.9377312
40.56,1.3912587,1.0572976,1.0004362
40.58,1.4158298,1.0847137,0.92899036
40.6,1.5031133,1.1272471,0.7928166
40.62,1.5175917,1.1543357,0.8309915
40.64,1.399176,1.0216169,0.86618793
40.66,1.3963363,1.0812103,0.9264579
40.68,1.372071,0.97394776,0.9648085
40.7,1.4152744,1.0030406,0.92766434
40.72,1.3613861,1.0455831,0.93579686
40.74,1.3848653,0.9895741,0.8390072
40.76,1.4510946,1.0523192,0.75359434
40.78,1.3498123,0.9829955,0.9916799
40.8,1.3804781,1.0671073,0.8791232
40.82,1.4513527,1.0443202,0.97721034
40.84,1.4341713,1.0898468,0.9114763
40.86,1.3780891,1.0941521,0.92829955
40.88,1.4780171,1.1405826,1.0081538
40.9,1.4131297,1.0323788,0.9042089
40.92,1.4185777,1.0866636,0.8911124
40.94,1.3470632,1.030913,0.91082925
40.96,1.2965244,0.94587916,0.9468582
40.98,1.3932489,1.0598428,0.9239372
41.0,1.3777087,1.0237138,1.0560511
41.02,1.383215,0.963903,1.0270845
41.04,1.3872967,1.0022453,1.051452
41.06,1.3993365,1.0239288,0.8381284
41.08,1.3272084,0.9842812,0.9402425
41.1,1.3841892,1.035596,0.8558266
41.12,1.4175743,1.029178,0.9735661
41.14,1.4151156,1.0615795,0.8948115
41.16,1.3237903,0.96018785,0.89117074
41.18,1.4413594,1.0799127,1.0538568
41.2,1.4745166,1.0942526,0.96151406
41.22,1.4693525,1.1296834,1.1115043
41.24,1.4432026,1.1204953,0.95427334
41.26,1.4007807,1.0443728,0.88930094
41.28,1.4845895,1.1529058,0.9235242
41.3,1.507814,1.1757865,0.8175176
41.32,1.4612262,1.0837501,0.8879155
41.34,1.4453804,1.1107115,0.9607383
41.36,1.471975,1.1266615,0.87775135
41.38,1.4966471,1.0517966,0.84234846
41.4,1.4987223,1.0537552,1.0112792
41.42,1.4936168,1.138242,1.2021639
41.44,1.4674911,1.1974499,1.1028436
41.46,1.5264976,1.215272,1.0221345
41.48,1.4756336,1.081795,0.9385905
41.5,1.4535697,1.0794288,0.9574207
41.52,1.4147186,1.0131043,0.92820615
41.54,1.4106368,1.0252703,1.0778605
41.56,1.4109021,0.98321915,0.94138527
41.58,1.4796375,1.0272261,0.910258
41.6,1.4375354,1.0514044,0.88443255
41.62,1.4670062,1.0893421,0.7998604
41.64,1.3596246,0.98170805,0.82664
41.66,1.4614569,1.0837247,0.9078068
41.68,1.4480207,1.0734267,0.8897785
41.7,1.414242,1.0465031,0.85129654
41.72,1.4396178,1.0817187,1.025378
41.74,1.4822419,1.1394249,0.81800526
41.76,1.4679502,1.1120968,0.8303548
41.78,1.4704734,1.117424,0.8101564
41.8,1.4129176,1.0839276,0.97458965
41.82,1.4228475,1.1196362,0.853209
41.84,1.3913125,1.089216,0.83241963
41.86,1.45861,1.0997412,0.86987346
41.88,1.4462092,1.047396,0.942784
41.9,1.3364583,1.0407337,0.9137183
41.92,1.4106632,1.0911578,0.86455494
41.94,1.3802339,0.9840857,0.926935
41.96,1.4814585,1.0882311,0.89717245
41.98,1.446727,1.0267174,0.8407826
42.0,1.4754814,1.0605689,0.872908
42.02,1.423137,1.0443202,0.8615312
42.04,1.5250497,1.134613,0.92762697
42.06,1.4980977,1.0988159,1.0727085
42.08,1.4959966,1.1186289,0.9023949
42.1,1.4688938,1.1531919,1.0254962
42.12,1.3552108,1.0359411,0.7745742
42.14,1.3904511,1.0370817,0.9258401
42.16,1.3928188,1.0262085,0.7221162
42.18,1.5226907,1.0865119,0.84068984
42.2,1.4398777,1.0168694,0.75788486
42.22,1.4124936,0.98715395,0.88078827
42.24,1.487462,1.0447414,0.84413755
42.26,1.39939,1.0104141,0.877702
42.28,1.5009942,1.1469765,0.90478396
42.3,1.374988,1.007744,0.7027919
42.32,1.3515865,1.0126429,0.9015106
42.34,1.4345107,1.1104392,0.788782
42.36,1.4474256,1.1096218,0.83560055
42.38,1.4820145,1.1730475,0.8802763
42.4,1.3847572,1.0945541,0.89693093
42.42,1.3573644,1.0551631,0.9205341
42.44,1.3802339,1.0389887,0.8549651
42.46,1.4260283,1.0750135,0.88547105
42.48,1.4869332,1.1693854,0.916163
42.5,1.4891225,1.1701142,0.9040362
42.52,1.3747973,1.067571,0.8082814
42.54,1.6145705,1.289665,0.8239928
42.56,1.4829996,1.1518799,0.8805225
42.58,1.5466751,1.1583302,0.8461994
42.6,1.4098401,1.1039332,0.78030616
42.62,1.4633005,1.190796,0.9049947
42.64,1.551075,1.2861425,0.8954798
42.66,1.5785458,1.2578057,0.72827303
42.68,1.5803478,1.2702904,0.7710516
42.7,1.4409177,1.0989159,0.85453916
42.72,1.3504224,1.0211325,0.82002705
42.74,1.3499509,0.989463,0.8742974
42.76,1.3533307,1.0344273,0.7606823
42.78,1.4507074,1.1053271,0.6831878
42.8,1.3859736,0.99814963,0.7549392
42.82,1.3282518,0.95398307,0.74743724
42.84,1.338614,0.92578423,0.89908373
42.86,1.3490908,1.0299791,0.8932308
42.88,1.3968189,1.0563611,0.8670683
42.9,1.3920928,1.0603356,0.9081793
42.92,1.4048114,0.9910455,0.98079693
42.94,1.4484344,1.1274178,0.86784786
42.96,1.3356174,0.95051837,0.8522635
42.98,1.394807,1.0425022,0.90625846
43.0,1.4412814,1.0897712,0.7088966
43.02,1.4553719,1.0697578,0.837259
43.04,1.6512606,1.2978675,1.0722638
43.06,1.5021911,1.1363323,0.97701514
43.08,1.4002192,1.1057498,0.8158403
43.1,1.3684092,1.0447414,0.8936869
43.12,1.4267634,1.0349321,0.9470414
43.14,1.3865407,1.0304061,0.81520236
43.16,1.4300662,1.1166363,0.921259
43.18,1.4161472,1.0798109,0.98734283
43.2,1.4952706,1.180477,1.0544573
43.22,1.413845,1.0385652,0.8447946
43.24,1.5196631,1.1655233,0.897385
43.26,1.5875344,1.2527244,0.9844849
43.28,1.4842615,1.1566199,1.0923698
43.3,1.4453287,1.0994662,1.0012158
43.32,1.5248778,1.2194275,1.0197737
43.34,1.4397738,1.1063464,0.90199125
43.36,1.4690722,1.2199684,0.90535873
43.38,1.407155,1.1275153,0.87316626
43.4,1.3954778,1.1067687,0.7689799
43.42,1.353718,0.97171515,0.8522635
43.44,1.3389776,1.0142705,0.803397
43.46,1.4129442,1.0769554,0.8165732
43.48,1.3730258,1.0161121,0.9524545
43.5,1.3736529,1.0795562,0.81168526
43.52,1.4697857,1.1316044,0.9075967
43.54,1.3909895,1.0298724,1.0023062
43.56,1.3343834,0.9973505,0.82329804
43.58,1.4950702,1.1662779,0.8418852
43.6,1.4274718,1.0559185,0.91070557
43.62,1.4209777,1.0874729,0.77505535
43.64,1.4331005,1.1115775,0.89897776
43.66,1.3954241,1.0234452,0.86073583
43.68,1.4193695,1.0428976,0.79315543
43.7,1.39639,1.0330442,0.97318304
43.72,1.4475551,1.1151828,0.9133292
43.74,1.5510025,1.1682329,0.78242546
43.76,1.4388113,1.0401523,0.9738332
43.78,1.4724582,1.029899,0.9563244
43.8,1.4113002,1.0696293,0.88322604
43.82,1.3962021,1.0872201,0.8915695
43.84,1.382836,1.0335765,0.8849226
43.86,1.3571713,1.0666177,0.84836864
43.88,1.4068356,1.0690122,0.9522179
43.9,1.3870807,1.0014496,0.8071437
43.92,1.4275504,1.0627701,0.80529404
43.94,1.3640513,0.99602646,0.8185032
43.96,1.4225054,1.1203971,1.014976
43.98,1.3766482,1.042634,0.9263924
44.0,1.3199092,1.0077713,0.8976846
44.02,1.3917432,1.0442675,0.882853
44.04,1.3989081,1.045057,0.922538
44.06,1.4144275,1.1431108,0.8256115
44.08,1.286027,0.98523045,0.89682454
44.1,1.353469,1.0334433,0.74016386
44.12,1.3377465,1.027895,0.9802929
44.14,1.3719345,1.0885848,0.76596373
44.16,1.3111138,1.003616,0.76111525
44.18,1.3950753,1.1101668,0.8236876
44.2,1.2990346,1.0157603,0.87008274
44.22,1.3724257,1.036684,0.8504712
44.24,1.3734621,1.0359677,0.88089657
44.26,1.4689703,1.1036094,0.9786111
44.28,1.4492613,1.1107115,0.84783703
44.3,1.5367169,1.1767448,1.030144
44.32,1.4105835,1.0770831,0.9508694
44.34,1.4238472,1.164721,1.1629782
44.36,1.3996576,1.0342678,0.8355487
44.38,1.2920691,0.89920986,0.82371914
44.4,1.4151686,1.0290445,0.93138576
44.42,1.4072615,1.0363657,0.9693179
44.44,1.385406,1.0223702,0.89063555
44.46,1.4177328,1.0371612,1.0255301
44.48,1.3803697,1.0251632,0.9312368
44.5,1.3879442,1.0569595,0.9065836
44.52,1.3854871,1.0514567,0.9146572
44.54,1.3971405,1.0652249,0.90548325
44.56,1.3664924,1.0500176,1.0784878
44.58,1.3911779,1.061424,0.9081793
44.6,1.3776542,1.0492318,0.9679575
44.62,1.370979,1.0678285,0.9662812
44.64,1.36001,1.0518227,0.89433664
44.66,1.4152216,1.0631063,0.88584304
44.68,1.444318,1.1180634,0.9224534
44.7,1.3766482,1.0671073,0.9286357
44.72,1.3927382,1.0671589,0.85457975
44.74,1.312541,1.062382,0.9336357
44.76,1.2298267,0.89660716,0.7765417
44.78,1.3169272,1.0071163,0.86840713
44.8,1.3241861,0.99254245,0.9217576
44.82,1.3048158,0.94486123,1.0048978
44.84,1.2850076,0.8975879,0.8435827
44.86,1.1988055,0.8624089,0.8968729
44.88,1.2797517,0.92753476,0.88513803
44.9,1.3069661,0.9297552,0.9428484
44.92,1.2976792,0.9736655,0.9422413
44.94,1.3466738,0.9802506,0.92654216
44.96,1.298977,0.9234352,0.8889401
44.98,1.3890231,1.0900738,0.9381101
45.0,1.4270257,1.1349281,1.0275993
45.02,1.3604779,0.9950599,1.207295
45.04,1.3121701,0.9781449,0.8396992
45.06,1.2623408,0.9306419,1.0003668
45.08,1.29791,0.95792323,0.95942885
45.1,1.3475356,0.98796135,0.9437125
45.12,1.3497013,0.97228086,0.7672869
45.14,1.2598467,0.86866647,0.934202
45.16,1.436832,0.9614469,1.0507178
45.18,1.4524357,1.0360472,0.8953249
45.2,1.3321365,0.9422681,0.8360673
45.22,1.34773,0.9879335,0.92324257
45.24,1.3322209,0.9285716,1.0127698
45.26,1.3439183,1.0046837,0.9972681
45.28,1.2930251,1.0010376,0.84376764
45.3,1.3313773,0.95823884,0.8312627
45.32,1.3200228,0.9795773,0.9981023
45.34,1.290155,0.9363849,0.8242453
45.36,1.3133681,1.0207285,0.9162956
45.38,1.3181208,0.935004,0.8858529
45.4,1.2746797,0.96532816,0.90165484
45.42,1.3335974,1.052267,0.87776124
45.44,1.2147543,0.92099065,0.8648958
45.46,1.2781413,0.9690236,0.7509205
45.48,1.253261,0.98467207,0.89092743
45.5,1.223875,0.92726797,0.83981276
45.52,1.2533805,0.9139485,1.0014669
45.54,1.3594868,1.0500176,0.99320865
45.56,1.2014264,0.91985554,0.9541552
45.58,1.2167255,0.941071,0.96678346
45.6,1.2771449,0.91731143,1.0386345
45.62,1.2686138,0.979465,1.0806721
45.64,1.2144768,0.9393457,0.9837449
45.66,1.2506288,0.9720546,0.94657433
45.68,1.2222524,0.9602738,0.9769797
45.7,1.2707372,0.9720829,1.0291167
45.72,1.286551,0.995419,1.0692599
45.74,1.2969865,1.0134571,0.98062897
45.76,1.1785184,0.8998517,0.8392758
45.78,1.227114,0.88584095,1.0703053
45.8,1.256871,1.0166261,0.9866313
45.82,1.332783,1.0053678,0.99758095
45.84,1.3521959,0.9847559,0.94138527
45.86,1.3436675,0.9637319,0.96115327
45.88,1.3369626,1.0595056,1.0033264
45.9,1.3759409,1.1041573,1.0311114
45.92,1.3265874,0.9966335,0.9367322
45.94,1.2857649,0.9535795,1.0624925
45.96,1.3511431,1.0277344,0.9045061
45.98,1.3283927,0.9868754,0.91924286
46.0,1.3231394,0.9293411,1.0006701
46.02,1.3036097,0.97530186,0.95627904
46.04,1.3142233,1.0330178,0.95980835
46.06,1.3849463,1.0136198,1.0203092
46.08,1.3209584,1.0002958,0.9779198
46.1,1.3720983,1.0300859,1.0066564
46.12,1.2961199,0.9721678,0.913965
46.14,1.3113139,1.0086167,0.99156624
46.16,1.4081393,1.0630547,0.9441166
46.18,1.5015678,1.2007287,1.2761111
46.2,1.383242,1.1235337,1.1125022
46.22,1.394243,1.1103896,0.9666579
46.24,1.4099464,1.1046304,1.0702648
46.26,1.4225843,1.104008,0.998415
46.28,1.2923878,1.0106046,0.96209997
46.3,1.3646002,1.1100925,0.97846055
46.32,1.4312179,1.1780291,1.1036767
46.34,1.5034868,1.2488557,1.3573803
46.36,1.3246667,1.0813375,1.0946374
46.38,1.3671772,1.0853978,1.0441458
46.4,1.3935983,1.0994912,1.1376239
46.42,1.3021153,1.0307796,0.9189693
46.44,1.3039832,1.0647343,0.92883176
46.46,1.3902626,1.139811,1.1203997
46.48,1.3295763,1.1363807,1.0988271
46.5,1.3359259,1.1345888,1.0776756
46.52,1.2943275,1.1003162,1.093068
46.54,1.3525558,1.1008158,0.9427289
46.56,1.2332624,0.9933454,1.0133005
46.58,1.2628747,1.0039173,0.96943426
46.6,1.3367105,1.1345888,1.166224
46.62,1.3449489,1.1189238,1.1116759
46.64,1.2884996,1.0767767,1.0470148
46.66,1.4116449,1.1763475,1.098251
46.68,1.412255,1.0661794,1.0160176
46.7,1.4371706,1.0929202,1.1584593
46.72,1.4040649,1.0992161,1.0823636
46.74,1.3067943,1.0316594,1.0475777
46.76,1.2758541,1.0304061,1.145666
46.78,1.3644081,1.094981,0.9983542
46.8,1.2860852,1.0164639,1.0078183
46.82,1.2712381,1.0131043,0.92944765
46.84,1.3699133,1.0403903,1.0772893
46.86,1.3153054,1.0502269,1.0438137
46.88,1.368026,1.0831158,1.070605
46.9,1.4079533,1.0864612,0.94936377
46.92,1.3456725,1.0120726,1.1382867
46.94,1.3473965,1.0272261,0.94342756
46.96,1.4594314,1.1740314,0.9348885
46.98,1.3744433,1.0962608,0.99061275
47.0,1.4618922,1.1280029,1.0301526
47.02,1.3539946,1.0175452,0.88311803
47.04,1.4058771,1.1653582,0.89580894
47.06,1.5010691,1.199354,1.0437639
47.08,1.3783064,1.0438989,0.9694611
47.1,1.4913588,1.1306808,0.95048636
47.12,1.3281673,0.9710359,0.940344
47.14,1.4841101,1.095458,1.0200202
47.16,1.5620686,1.1930335,0.9804168
47.18,1.4467012,1.0871443,1.0611289
47.2,1.3432215,1.0831411,0.9314882
47.22,1.4187624,1.1400039,1.074493
47.24,1.5125252,1.1609855,1.1349381
47.26,1.4682565,1.1861463,0.9535826
47.28,1.3930608,1.0563611,1.0512294
47.3,1.5438641,1.08149,1.1298084
47.32,1.4220577,1.033736,0.96930003
47.34,1.4525388,1.1628784,1.0987641
47.36,1.4073147,1.0676998,1.0011985
47.38,1.4055309,1.0536247,0.9508238
47.4,1.3377185,1.1161191,1.0200628
47.42,1.3992295,1.0902756,0.98850125
47.44,1.4211094,1.1381695,1.0067339
47.46,1.4153273,1.067571,0.9470048
47.48,1.3800712,1.0538074,0.97400236
47.5,1.4924381,1.2069407,0.987457
47.52,1.4001657,1.0951316,0.94836783
47.54,1.4259495,1.078078,0.9397353
47.56,1.6428716,1.2597277,1.0438634
47.58,1.5715802,1.1155771,0.9865786
47.6,1.4599956,1.0422912,0.92642045
47.62,1.5844178,1.1719923,1.217478
47.64,1.5958153,1.1404861,1.0446606
47.66,1.5846777,1.1772354,1.080632
47.68,1.4325255,1.0134571,1.0049756
47.7,1.4419049,1.0528939,1.0276921
47.72,1.481408,1.0436355,1.022762
47.74,1.541121,1.1541928,0.98526835
47.76,1.3752875,1.0738876,0.8401121
47.78,1.3295763,1.0536768,1.0630391
47.8,1.3567848,1.0566993,0.9358431
47.82,1.3508937,1.0135113,0.8842463
47.84,1.3296325,1.0110397,0.94094306
47.86,1.3671498,0.9665235,1.0110134
47.88,1.3978908,0.97625977,1.0580032
47.9,1.3416038,0.95881253,1.0837404
47.92,1.3690109,0.9803348,1.0351394
47.94,1.4669806,1.0946797,1.1078087
47.96,1.3698859,0.99616444,0.95998895
47.98,1.3124269,0.9592425,1.0054586
48.0,1.3032651,0.9086084,0.7371474
48.02,1.3786867,0.95878386,0.8055093
48.04,1.3543818,0.91737145,0.93180454
48.06,1.4341452,0.9032672,0.99119014
48.08,1.3945116,0.89792484,1.0269072
48.1,1.3640513,0.87889254,0.85254824
48.12,1.3531648,0.895257,0.945878
48.14,1.4324472,1.022639,0.80474484
48.16,1.34984,0.94174266,0.8997971
48.18,1.4752276,1.1001911,0.9436389
48.2,1.3573368,0.9235543,0.7676709
48.22,1.4413594,1.0106318,0.6887237
48.24,1.306737,0.9196762,0.8781365
48.26,1.3538287,1.010387,0.8217908
48.28,1.4258708,0.9982873,0.9204681
48.3,1.4659338,0.9740608,0.7005927
48.32,1.419,0.9658407,0.8158083
48.34,1.4633515,0.9761471,0.9825191
48.36,1.4491062,0.9339448,0.9357227
48.38,1.4895248,1.0116922,0.9794966
48.4,1.4392796,0.9904072,0.8010086
48.42,1.4731448,1.0833441,0.9841767
48.44,1.3702414,0.9328255,0.8282745
48.46,1.4312179,0.9137379,0.9791071
48.48,1.4680779,0.9934837,0.90766364
48.5,1.4773835,1.0324852,0.97127473
48.52,1.5000958,1.0882311,0.9896232
48.54,1.5077645,1.1557401,1.0386512
48.56,1.4316626,1.0792506,1.0677426
48.58,1.4235579,1.146521,1.0001935
48.6,1.5284587,1.218435,1.0740654
48.62,1.4389933,1.0350915,0.9982152
48.64,1.5453429,1.119759,0.96726763
48.66,1.460329,1.1602511,0.97472304
48.68,1.3634747,1.0334966,0.9931737
48.7,1.3719891,1.0529722,0.87628835
48.72,1.4689448,1.1657828,0.91254103
48.74,1.5157402,1.1844529,0.8939682
48.76,1.4535182,1.1481744,0.913633
48.78,1.4702188,1.0828111,0.96604776
48.8,1.3890231,1.1009905,0.92671984
48.82,1.3201647,0.99412,0.85689974
48.84,1.3181776,0.9991682,0.8460457
48.86,1.3367105,1.0081532,1.1000572
48.88,1.4234526,1.1149608,1.021566
48.9,1.452513,1.0961605,0.918488
48.92,1.4849173,1.1626183,1.0454237
48.94,1.4268683,1.0764446,1.045747
48.96,1.4728397,1.1410645,0.8519074
48.98,1.4023036,1.04876,1.0905907
49.0,1.4500104,1.0903765,1.1698462
49.02,1.4381604,1.0494676,1.0929412
49.04,1.4288352,1.0860057,0.91235095
49.06,1.4614056,1.1158727,1.0914806
49.08,1.3676975,1.0344007,1.0119734
49.1,1.3982925,1.0843842,0.87510026
49.12,1.3910164,1.0642953,1.0287797
49.14,1.416491,1.1440244,1.1132501
49.16,1.4035581,1.0972384,1.1754576
49.18,1.4990721,1.2341737,1.0577656
49.2,1.5090305,1.2304925,1.3357732
49.22,1.3486743,0.9852862,1.1173079
49.24,1.436467,1.1016895,1.0161371
49.26,1.4312965,1.109721,0.9769797
49.28,1.4043849,1.0339488,1.0895249
49.3,1.4465716,1.1634929,1.1523513
49.32,1.3886995,1.0626667,1.1312118
49.34,1.4293592,1.1557639,1.2431215
49.36,1.3827276,1.0092978,1.1073782
49.38,1.4068356,1.0036981,1.0236008
49.4,1.3714159,1.0275472,1.0142753
49.42,1.4206088,1.068935,1.0452081
49.44,1.4692761,1.2146835,1.2490425
49.46,1.5948294,1.2974651,1.1613071
49.48,1.5571707,1.2231644,1.1949449
49.5,1.4124936,1.0979148,1.1236682
49.52,1.4989222,1.1578791,1.2162098
49.54,1.4123346,1.1037837,0.9897108
49.56,1.4538531,1.1006409,0.88690925
49.58,1.4631981,1.0960351,1.0204027
49.6,1.4817367,1.1829665,1.0986772
49.62,1.5193672,1.1897566,1.106501
49.64,1.5093778,1.1523094,1.139558
49.66,1.4540333,1.0358615,1.1622026
49.68,1.3928459,1.0035611,1.0784476
49.7,1.3722894,1.0850939,1.1482663
49.72,1.4486927,1.0340817,1.2724371
49.74,1.3503115,0.99500465,1.1048622
49.76,1.3569779,1.0024922,1.1757158
49.78,1.4736277,1.1482941,1.2333472
49.8,1.3102853,0.96612525,1.0948117
49.82,1.4637353,1.090805,1.1626128
49.84,1.5716279,1.2571716,1.3403798
49.86,1.5249023,1.236555,1.2847644
49.88,1.6411155,1.3089627,1.2405105
49.9,1.4615338,1.0938003,1.1385456
49.92,1.4269732,1.042212,1.2415235
49.94,1.4903039,1.1115279,1.1683259
49.96,1.4346411,1.1051778,1.0376407
49.98,1.5416555,1.2263072,1.270016
50.0,1.5370581,1.1448171,1.0371393
50.02,1.7493057,1.3517213,1.2691419
50.04,1.6618167,1.1591132,1.1910279
50.06,1.6469009,1.2925184,1.1806754
50.08,1.7277676,1.3638502,1.1242852
50.1,1.750119,1.3607626,1.1740333
50.12,1.7187065,1.3720703,1.1824731
50.14,1.7235363,1.3461572,1.242724
50.16,1.7343003,1.2750214,1.1227264
50.18,1.7338684,1.1922266,1.1361063
50.2,1.627391,1.219202,1.0352567
50.22,1.6523033,1.1671027,1.1173002
50.24,1.60818,1.1756929,1.029142
50.26,1.6350121,1.2270691,1.197496
50.28,1.6037734,1.1717811,1.0822995
50.3,1.6161003,1.2343296,1.3209773
50.32,1.5732472,1.1803141,1.1710017
50.34,1.6539116,1.2130527,1.1621355
50.36,1.6304944,1.1448412,1.2074457
50.38,1.6046137,1.10144,1.2069
50.4,1.7808304,1.406641,1.0631125
50.42,1.7054527,1.3031949,1.0085751
50.44,1.692272,1.2865486,1.0721345
50.46,1.6121103,1.2287709,1.0324978
50.48,1.4880408,1.1355578,1.0341675
50.5,1.6469918,1.2320778,1.0892622
50.52,1.5567858,1.1811988,1.0469733
50.54,1.6084827,1.1865865,0.9842206
50.56,1.5403919,1.1716639,1.1772338
50.58,1.5492392,1.1495863,1.0685624
50.6,1.4392276,1.0323521,1.0521196
50.62,1.5767182,1.179615,1.2118392
50.64,1.5337657,1.1451293,1.0763634
50.66,1.5281157,1.0997163,0.9773701
50.68,1.6336833,1.2019416,1.0132148
50.7,1.5739133,1.0625113,1.1598654
50.72,1.496372,1.0891403,1.0782788
50.74,1.4978976,1.1619322,1.1967791
50.76,1.5291691,1.1340556,1.1528101
50.78,1.5020666,1.1364774,1.1263115
50.8,1.5156907,1.1804072,1.1010419
50.82,1.5628116,1.2378217,1.2283461
50.84,1.6447849,1.307071,1.1679325
50.86,1.6068989,1.2098075,1.2154397
50.88,1.6948588,1.332857,1.1730211
50.9,1.6512606,1.3416157,1.1687413
50.92,1.5451007,1.2889185,1.1194397
50.94,1.5731758,1.2130755,1.2399862
50.96,1.6618843,1.3299454,1.1371665
50.98,1.54936,1.2714586,1.1700685
51.0,1.60571,1.2715234,0.9845906
51.02,1.625434,1.3462594,1.0993161
51.04,1.5929736,1.3205684,1.1580101
51.06,1.6489458,1.3737926,1.1912607
51.08,1.6569425,1.3351654,1.3033693
51.1,1.6467872,1.3797436,1.3272108
51.12,1.5276501,1.2321671,1.161755
51.14,1.4884183,1.1934943,1.1671008
51.16,1.4704734,1.1431829,1.2669814
51.18,1.624351,1.354302,1.1519449
51.2,1.6524847,1.404509,1.2342466
51.22,1.5594294,1.2815382,1.1728216
51.24,1.4307207,1.1881611,1.2155966
51.26,1.4538274,1.265433,1.1507401
51.28,1.490128,1.2409494,0.87108856
51.3,1.449287,1.1887394,0.9645838
51.32,1.5137377,1.2680159,1.0771686
51.34,1.6022784,1.3544644,1.1653762
51.36,1.6604867,1.436502,1.2373195
51.38,1.6788541,1.4459258,1.1098573
51.4,1.8031055,1.578936,1.2150544
51.42,1.6864203,1.5029656,1.2199252
51.44,1.7132074,1.4460969,1.0284257
51.46,1.6462642,1.4346061,1.0296221
51.48,1.6505347,1.4342993,1.1608591
51.5,1.6210742,1.4316132,1.1451892
51.52,1.6012731,1.390205,1.1742622
51.54,1.5808688,1.4169039,1.0326574
51.56,1.5617568,1.4093162,1.1749707
51.58,1.6308618,1.4834857,1.3376735
51.6,1.6434641,1.4906591,1.2906353
51.62,1.5763621,1.386819,1.066028
51.64,1.4588153,1.2392201,1.0416934
51.66,1.5208207,1.2947286,1.2408249
51.68,1.431061,1.2289722,1.1552892
51.7,1.35322,1.1231666,1.0242866
51.72,1.5368631,1.2936878,1.0629656
51.74,1.4431767,1.2532291,1.1520051
51.76,1.5128717,1.296617,1.1654059
51.78,1.444629,1.1677151,1.056757
51.8,1.5797077,1.3386409,1.1136706
51.82,1.5186524,1.3094037,1.2002441
51.84,1.5334971,1.3204434,0.976083
51.86,1.4929147,1.2774773,1.0548354
51.88,1.5534632,1.2972533,1.2002656
51.9,1.5694106,1.3362151,1.1868787
51.92,1.5006449,1.2726904,0.9881679
51.94,1.4397478,1.2074872,0.9891325
51.96,1.5987456,1.4047633,1.1548539
51.98,1.6434641,1.4997611,1.2391819
52.0,1.5388597,1.3892357,1.0674341
52.02,1.751958,1.568734,1.2584263
52.04,1.7167444,1.568804,1.3649535
52.06,1.7612946,1.6139133,1.3822727
52.08,1.5878409,1.4268041,1.199536
52.1,1.4215046,1.2641287,0.9918896
52.12,1.7428937,1.5564883,1.0577
52.14,1.6537983,1.4542681,1.0594854
52.16,1.7450624,1.5303563,1.0902567
52.18,1.7832888,1.5875664,1.26001
52.2,1.6567392,1.4266692,1.0737344
52.22,1.7272689,1.4991742,1.1171217
52.24,1.6997565,1.4335515,1.0020814
52.26,1.8185933,1.6109123,1.0881792
52.28,1.7809355,1.5319004,0.98403573
52.3,1.8273437,1.6139646,1.0079043
52.32,1.8017344,1.591078,1.0632675
52.34,1.8559109,1.6194572,1.1810572
52.36,1.7423565,1.5240014,1.118355
52.38,1.8819966,1.6832234,1.0857146
52.4,1.9147985,1.6942127,1.0659385
52.42,2.0305126,1.8016119,1.3466265
52.44,1.875,1.6183705,1.1162521
52.46,1.9320275,1.6956078,1.2264248
52.48,1.6584109,1.4372292,1.0733871
52.5,1.5612054,1.3345681,1.0056396
52.52,1.660171,1.4496857,1.040611
52.54,1.7319021,1.5493535,1.0853552
52.56,1.6759074,1.4602675,1.2154896
52.58,1.7001531,1.4772642,1.127527
52.6,1.5711036,1.2633238,0.9060192
52.62,1.5324712,1.2606877,1.0834444
52.64,1.6348748,1.3734924,0.9822897
52.66,1.5896792,1.3772703,1.0328925
52.68,1.6947484,1.424818,1.3332591
52.7,1.6089715,1.3120466,0.9924314
52.72,1.4754814,1.2127807,1.0356586
52.74,1.4865555,1.2668009,1.0080764
52.76,1.5912097,1.3759123,1.132269
52.78,1.6323305,1.4054873,1.2169367
52.8,1.627552,1.3733321,1.1560394
52.82,1.697508,1.491028,1.2176204
52.84,1.6672606,1.4371336,1.2235442
52.86,1.7595291,1.4819467,1.0967027
52.88,1.8820763,1.6327466,1.2211328
52.9,1.7586989,1.5413296,1.2307295
52.92,1.8590958,1.6682769,1.1105366
52.94,1.8164713,1.5742276,1.1510037
52.96,1.8553863,1.6269945,1.1324604
52.98,1.7245572,1.4834116,1.091703
53.0,1.664136,1.4198503,1.0010079
53.02,1.7359836,1.5527922,1.3570354
53.04,1.6450126,1.4227133,1.1635818
53.06,1.5374234,1.3182137,1.0375906
53.08,1.6238668,1.4154868,1.1146432
53.1,1.5859768,1.3577892,1.0926317
53.12,1.609088,1.453209,1.0729266
53.14,1.726033,1.4834116,1.0717139
53.16,1.6906781,1.4797745,1.2442718
53.18,1.7149986,1.5024899,1.2470835
53.2,1.6947263,1.4869289,1.2794019
53.22,1.7424426,1.4789381,1.2410625
53.24,1.632101,1.43359,1.1903507
53.26,1.6248581,1.4019814,1.2104936
53.28,1.6730899,1.4425373,1.1441439
53.3,1.6588173,1.4686781,1.1984802
53.32,1.6142689,1.4230609,1.2070508
53.34,1.5614451,1.3674741,1.1171217
53.36,1.7157191,1.5570711,1.2334596
53.38,1.7622509,1.548537,1.0829881
53.4,1.6222287,1.4666176,1.1670934
53.42,1.6399059,1.4634085,1.1810793
53.44,1.7014959,1.5571594,1.286612
53.46,1.6760415,1.5077143,1.1548839
53.48,1.6195259,1.4443659,1.297596
53.5,1.872302,1.7162528,1.4539427
53.52,1.7691009,1.5891589,1.2373475
53.54,1.8394549,1.6348503,1.139147
53.56,1.6885283,1.4606252,1.2896138
53.58,1.5852684,1.3242899,1.1193856
53.6,1.7238404,1.5217807,1.0940828
53.62,1.8116825,1.5503114,1.1270348
53.64,1.7489419,1.5147729,1.2302079
53.66,1.7668558,1.558042,1.2179265
53.68,1.8483293,1.6235607,1.1615684
53.7,1.854619,1.6066914,1.1789485
53.72,1.864506,1.6218662,1.3297365
53.74,2.093454,1.8805931,1.3967793
53.76,1.9410766,1.7136717,1.4048436
53.78,1.7049915,1.4488131,1.2824814
53.8,1.8293097,1.5427203,1.3533185
53.82,1.7072959,1.384458,1.1959456
53.84,1.6934222,1.3560467,1.2342045
53.86,1.795864,1.5377402,1.3701899
53.88,1.9251543,1.629426,1.2114671
53.9,1.8864084,1.6582434,1.3154263
53.92,1.6689218,1.3615502,1.1172225
53.94,1.6699984,1.3627007,0.97903633
53.96,1.615521,1.307029,0.9657426
53.98,1.6589978,1.33102,1.1961414
54.0,1.5805609,1.2537116,1.1328584
54.02,1.6697068,1.360601,1.0517075
54.04,1.7332636,1.4270161,1.0465013
54.06,1.76836,1.516895,1.0979195
54.08,1.734473,1.5091723,1.1433784
54.1,1.740701,1.437344,1.1826417
54.12,1.5613014,1.2774773,0.98296905
54.14,1.5345467,1.2593784,0.9717477
54.16,1.4592773,1.2132115,1.0244391
54.18,1.5448339,1.2666056,1.0737344
54.2,1.4229791,1.150877,0.9501945
54.22,1.4317149,1.2175096,0.91862965
54.24,1.5213622,1.2692077,1.0153347
54.26,1.4857744,1.2148873,0.95876
54.28,1.6712536,1.3823116,1.0943444
54.3,1.4427875,1.1759969,1.007913
54.32,1.4466752,1.0975391,0.8446098
54.34,1.4355022,1.1921113,0.95116115
54.36,1.595651,1.3006186,0.96506906
54.38,1.5708175,1.2924333,1.0209887
54.4,1.6830642,1.3993905,1.1113795
54.42,1.5834012,1.3117323,1.0821552
54.44,1.5615652,1.27653,0.8632804
54.46,1.5737706,1.2530755,1.0353656
54.48,1.4616361,1.1739378,1.0219309
54.5,1.5701737,1.2287484,1.0572819
54.52,1.455732,1.1805935,0.966317
54.54,1.4732718,1.2117149,1.0421178
54.56,1.4365714,1.1530966,0.950687
54.58,1.5598856,1.304734,1.10425
54.6,1.5084596,1.2860143,1.0347123
54.62,1.5971992,1.3536929,1.0788816
54.64,1.59605,1.3387436,1.1552967
54.66,1.6228981,1.3898491,1.1460973
54.68,1.5867085,1.2958536,1.06405
54.7,1.7421415,1.5152447,1.2761314
54.72,1.5541861,1.3158756,1.1178975
54.74,1.7087648,1.4469332,1.1146199
54.76,1.7557156,1.5096277,1.1130242
54.78,1.6002673,1.2970625,1.0149162
54.8,1.5530775,1.2446659,1.0541778
54.82,1.6422105,1.3298628,1.1090993
54.84,1.6955878,1.4243935,1.1551917
54.86,1.6293457,1.3087736,1.1412077
54.88,1.6773367,1.3857085,1.2599205
54.9,1.6028625,1.1613406,0.9717032
54.92,1.6051736,1.1936325,0.95262754
54.94,1.6190865,1.2404398,0.93017495
54.96,1.5436215,1.1748976,0.9730048
54.98,1.6560159,1.2748058,1.1426047
55.0,1.7098601,1.3661063,1.1924027
55.02,1.7144746,1.3978179,1.1525469
55.04,1.6462414,1.2414367,1.0635365
55.06,1.7808514,1.4337242,1.198567
55.08,1.7413247,1.4197922,1.1365716
55.1,1.8374588,1.497119,1.1388197
55.12,1.9035798,1.5989381,1.2491119
55.14,1.8482482,1.5763742,1.3603662
55.16,1.7201002,1.4161081,1.2886992
55.18,1.5736042,1.2540185,1.1226261
55.2,1.5535836,1.3059137,1.1627994
55.22,1.5313714,1.2673217,1.1396036
55.24,1.7215799,1.4842639,1.332602
55.26,1.636523,1.3748728,1.2325034
55.28,1.5961907,1.3123609,1.1444318
55.3,1.6674852,1.4236984,1.4267235
55.32,1.5650382,1.2570624,1.138736
55.34,1.6017876,1.2816455,1.2124686
55.36,1.4938926,1.2106707,1.0384425
55.38,1.4721277,1.2182319,1.2460752
55.4,1.6852431,1.4213598,1.2233955
55.42,1.6271149,1.4021776,1.3175535
55.44,1.57408,1.3468922,1.3481386
55.46,1.4359717,1.1847082,1.295891
55.48,1.5080128,1.2450193,1.2820218
55.5,1.5728188,1.3730519,1.3945926
55.52,1.6533003,1.4182228,1.3983053
55.54,1.7204267,1.5272632,1.3873875
55.56,1.7080853,1.5241816,1.4044795
55.58,1.6932011,1.4930917,1.4404334
55.6,1.6532776,1.485856,1.5001314
55.62,1.7585924,1.5620248,1.601714
55.64,1.8628585,1.6710434,1.608579
55.66,1.719643,1.5847585,1.6277013
55.68,1.6615914,1.4438899,1.4753705
55.7,1.8023577,1.5729696,1.4931625
55.72,1.8208362,1.6528629,1.6115676
55.74,1.7796104,1.5846195,1.4152532
55.76,1.8813002,1.6750365,1.5842109
55.78,1.7850099,1.5301586,1.2733771
55.8,1.6752594,1.3785672,1.2156965
55.82,1.6004778,1.312319,1.2191432
55.84,1.5398569,1.2599459,1.219847
55.86,1.4487444,1.1148375,1.0626394
55.88,1.544543,1.2758622,1.056199
55.9,1.5576516,1.3279593,1.2259865
55.92,1.5149493,1.273252,1.1594467
55.94,1.4987724,1.2569966,1.2137122
55.96,1.4945942,1.2989264,1.3369215
55.98,1.46647,1.233884,1.1396493
56.0,1.5119804,1.2651939,1.067166
56.02,1.5535114,1.3305035,1.2162383
56.04,1.4995966,1.2692077,1.1827297
56.06,1.6092973,1.3603785,1.3760808
56.08,1.5280423,1.3315156,1.1464376
56.1,1.6431451,1.4284025,1.2508112
56.12,1.4947696,1.2534922,1.0972638
56.14,1.6388094,1.4015304,1.2189654
56.16,1.4283371,1.2144798,1.2286849
56.18,1.5401974,1.2531852,1.1254336
56.2,1.5324712,1.2539309,1.1295936
56.22,1.5221496,1.218796,1.3269298
56.24,1.724644,1.4082427,1.2883224
56.26,1.5152954,1.2425215,1.2155823
56.28,1.5998226,1.3517417,1.1613295
56.3,1.5595975,1.3167739,1.2185599
56.32,1.5652536,1.3333521,1.2030866
56.34,1.4756336,1.2368884,1.2204368
56.36,1.4531575,1.135582,0.98180413
56.38,1.3134252,0.94320124,0.853402
56.4,1.3362062,0.9953362,0.9382857
56.42,1.4920616,1.1771653,1.0131122
56.44,1.50841,1.2077377,1.0104988
56.46,1.456889,1.1373963,0.95447314
56.48,1.5236496,1.2438483,1.0526799
56.5,1.4359195,1.1389182,0.88736856
56.52,1.4172573,1.0775934,0.8361192
56.54,1.4776117,1.1362839,0.82695454
56.56,1.5070193,1.1857522,0.8077986
56.58,1.6038435,1.2517583,0.94620794
56.6,1.5293894,1.1566437,0.94222295
56.62,1.5677394,1.1834545,0.94827646
56.64,1.4867066,1.0835725,0.86186326
56.66,1.4499844,1.0358881,0.7782146
56.68,1.427288,1.069475,0.8752191
56.7,1.4535182,1.1264175,0.9839476
56.72,1.4376917,1.0854738,0.97006893
56.74,1.5641527,1.2113972,0.9710337
56.76,1.4938926,1.1660658,0.9247532
56.78,1.5303195,1.1448412,1.0334127
56.8,1.6302646,1.1998354,1.1646618
56.82,1.4841101,1.1009905,0.86741817
56.84,1.4912082,1.1351703,1.2374035
56.86,1.4902284,1.1293913,1.0690247
56.88,1.5417283,1.2099211,0.91404086
56.9,1.4487185,1.1477913,1.0019776
56.92,1.514455,1.1761839,1.0457222
56.94,1.5188496,1.1867024,1.1793162
56.96,1.4465716,1.1012902,1.011665
56.98,1.5333993,1.1870266,1.1129854
57.0,1.472026,1.0797598,1.0662801
57.02,1.5532221,1.2226473,1.0459212
57.04,1.4647071,1.2015526,1.0641395
57.06,1.39255,1.0513521,1.0222702
57.08,1.3170409,0.93817425,0.8567986
57.1,1.4476068,1.0426077,0.86166203
57.12,1.342106,1.0260477,1.0035943
57.14,1.3777087,1.0568033,1.0093571
57.16,1.2832289,0.946954,0.94298637
57.18,1.3777901,1.0947801,1.0205641
57.2,1.3193702,1.0013946,1.0613495
57.22,1.2671666,0.95501995,0.9307992
57.24,1.3771378,1.0557883,1.0034647
57.26,1.3258252,0.9872932,0.8936772
57.28,1.5187263,1.2419018,1.2366256
57.3,1.4680268,1.1344192,1.0596244
57.32,1.4860263,1.1597297,1.1018134
57.34,1.519515,1.2203966,0.99106765
57.36,1.5630751,1.2373773,1.0721506
57.38,1.4881918,1.1687741,0.9113241
57.4,1.5040097,1.1540737,1.0912343
57.42,1.5022908,1.2032219,1.0889438
57.44,1.5532944,1.2588108,1.1412001
57.46,1.5346199,1.2557931,1.1269886
57.48,1.4929647,1.2073961,1.0419348
57.5,1.2948773,1.0059144,0.9079501
57.52,1.3197107,1.00441,0.90856105
57.54,1.3161876,1.0825064,1.0839404
57.56,1.355128,1.0355164,0.8959056
57.58,1.3440576,1.0280821,1.0717787
57.6,1.3445867,1.0319792,1.0345865
57.62,1.3379705,1.008753,1.1278961
57.64,1.3244405,1.004629,0.8269756
57.66,1.2738569,0.9597583,0.8670283
57.68,1.2918081,0.9592425,0.9371393
57.7,1.3069088,1.0507505,0.9381101
57.72,1.2663686,1.0145144,0.9394031
57.74,1.2700298,0.9744275,0.90342224
57.76,1.3563709,1.0531027,0.8039688
57.78,1.2741507,0.9341508,0.8196569
57.8,1.4155389,1.0788939,0.9441257
57.82,1.3290973,1.0979649,0.8527517
57.84,1.3153338,1.0069798,0.8327944
57.86,1.2221298,0.9078819,0.83759034
57.88,1.2226506,0.8684449,0.9157939
57.9,1.3554871,1.1213048,0.89490837
57.92,1.3129404,1.0456357,0.8948115
57.94,1.220781,0.9468088,0.8813984
57.96,1.2489511,0.9423847,0.85649496
57.98,1.1835278,0.9088807,0.905981
58.0,1.2032015,1.0105501,0.83325243
58.02,1.241373,1.0475533,0.89921886
58.04,1.2123166,0.9294298,0.8408239
58.06,1.205347,0.93615,0.8733152
58.08,1.2443856,1.0534681,1.0514024
58.1,1.2684368,1.0186523,0.8869776
58.12,1.234628,0.9909067,0.92252856
58.14,1.2643859,0.9701011,0.94784665
58.16,1.2647707,0.9825758,0.99164486
58.18,1.2626671,0.9614755,1.1266809
58.2,1.2242116,0.9775826,1.1048543
58.22,1.2923299,1.0025196,1.0733225
58.24,1.2016445,0.8742506,1.1616654
58.26,1.2015198,0.9137981,1.0476191
58.28,1.2144768,0.986569,1.113585
58.3,1.2658954,1.0251362,1.2647145
58.32,1.224548,0.95525026,1.2359664
58.34,1.2998703,0.98851776,1.2240047
58.36,1.2700003,0.99765366,1.3603535
58.38,1.2702067,0.9745404,1.3988881
58.4,1.2928803,0.99062926,1.2165804
58.42,1.2845994,1.0184364,1.3294299
58.44,1.2824116,1.029365,1.2767292
58.46,1.3223184,1.0387769,1.2589568
58.48,1.2735336,0.9951151,1.1776241
58.5,1.3067083,1.0265567,1.28806
58.52,1.3283365,1.0493889,1.208551
58.54,1.3016838,1.0134571,1.1082
58.56,1.288761,0.9278312,1.1828324
58.58,1.3879712,1.096336,0.9039595
58.6,1.3894273,1.0280286,1.1520879
58.62,1.3114566,0.9941477,1.2064976
58.64,1.3300266,1.0655603,1.2271174
58.66,1.3113995,1.0338955,1.204599
58.68,1.2348403,0.9438423,1.0967975
58.7,1.2338696,0.9616185,1.1679325
58.72,1.3367665,1.0440042,1.2142621
58.74,1.2910833,1.0052857,1.2575166
58.76,1.3354774,1.0300592,1.3212137
58.78,1.2467906,0.9232864,1.3796799
58.8,1.3126552,0.96090347,1.1742916
58.82,1.375968,1.0708623,1.2901986
58.84,1.3830255,1.0470021,1.211825
58.86,1.3949411,1.0216438,1.1912825
58.88,1.4473999,1.1302187,1.3686262
58.9,1.3590186,0.9831352,1.3134675
58.92,1.3463957,1.0231497,1.2816836
58.94,1.3695853,1.0871948,1.0293611
58.96,1.4358674,1.1349039,1.1518697
58.98,1.3687375,1.0215362,1.2893785
59.0,1.4690468,1.1444569,1.2710395
59.02,1.4628141,1.1895947,1.3114727
59.04,1.3580813,1.1012902,1.1631794
59.06,1.3778989,1.0647602,1.2579095
59.08,1.3374104,1.0190301,1.338341
59.1,1.3515587,1.0902,1.1599401
59.12,1.319654,1.0456095,1.3478106
59.14,1.3034087,1.0115019,1.1227264
59.16,1.3571161,0.99412,1.2842447
59.18,1.4654739,1.0490745,1.2879051
59.2,1.4833277,1.1063961,1.163552
59.22,1.5025901,1.1102905,1.0548519
59.24,1.5064228,1.0765724,1.2207067
59.26,1.4994467,1.0951818,1.174277
59.28,1.4540333,1.0798618,1.264255
59.3,1.4277865,1.039068,1.1865865
59.32,1.4294376,1.0255117,1.2161242
59.34,1.4225843,1.0587008,1.295851
59.36,1.5366925,1.1415464,1.0898829
59.38,1.62884,1.2539529,1.1972643
59.4,1.5104194,1.1868645,1.1542381
59.42,1.5348883,1.1239741,1.2260784
59.44,1.5727949,1.1395215,1.2158105
59.46,1.5466993,1.0481831,1.185914
59.48,1.4845641,0.992487,1.184751
59.5,1.5403676,1.1092749,1.2664956
59.52,1.5588531,1.1352671,1.2026541
59.54,1.4816355,1.0976894,1.120887
59.56,1.6077143,1.1655705,1.1524566
59.58,1.5400758,1.0940264,1.118603
59.6,1.6427577,1.2161539,1.1343803
59.62,1.580703,1.0848911,1.2511855
59.64,1.5702214,1.1403415,1.1067908
59.66,1.6533003,1.1789156,1.2402518
59.68,1.5537764,1.1120721,1.1626054
59.7,1.463326,0.977245,1.042725
59.72,1.5886425,1.1131593,1.2012765
59.74,1.7394099,1.2761421,1.2404476
59.76,1.7176821,1.1715934,1.1616057
59.78,1.590009,1.0854738,1.0393939
59.8,1.6305861,1.0461878,1.088219
59.82,1.5518231,0.97479427,1.1643639
59.84,1.5903151,1.0635201,1.1146666
59.86,1.5272825,1.0875489,1.0300515
59.88,1.4860767,1.0394384,1.0199013
59.9,1.4557577,0.9990582,0.9827044
59.92,1.4707791,1.0399144,1.1782938
59.94,1.6366374,1.1629493,1.2560196
59.96,1.5131688,1.0851953,1.2633977
59.98,1.4618156,0.9769636,1.2727573
60.0,1.5006199,1.0442413,1.2477925
60.02,1.4584817,1.0465556,1.2730979
60.04,1.4837064,1.0837755,1.3158942
60.06,1.436076,0.9951704,1.2505963
60.08,1.4721277,1.0678028,1.2633426
60.1,1.5226169,1.1021136,1.3600029
60.12,1.5083356,1.0563871,1.2302926
60.14,1.5598856,1.1740782,1.1471256
60.16,1.5307599,1.1120721,1.2810272
60.18,1.5220021,1.0578434,1.275656
60.2,1.4588411,1.003205,1.2652969
60.22,1.4427615,1.03347,1.3282034
60.24,1.4132092,1.0541464,1.2888271
60.26,1.4168609,1.0428714,1.3554692
60.28,1.3010798,0.99337304,1.2300248
60.3,1.3436954,1.0829635,1.1680512
60.32,1.3635571,1.122334,1.2026758
60.34,1.3257406,1.0860057,1.1966631
60.36,1.3723439,1.1006658,1.3099182
60.38,1.3886726,1.1099933,1.2030866
60.4,1.3592389,1.0767001,1.2399652
60.42,1.3278289,1.0900487,1.3257794
60.44,1.3662732,1.065612,1.2127333
60.46,1.3933564,1.0762914,1.3581848
60.48,1.3152769,0.9896296,1.1746534
60.5,1.422558,1.0930963,1.279124
60.52,1.376213,1.0767256,1.273309
60.54,1.3568125,1.027574,1.273411
60.56,1.325571,0.9843928,1.2861605
60.58,1.2947036,1.0854231,1.1595664
60.6,1.3250624,1.0998663,1.0510561
60.62,1.3451159,1.0728631,1.1558894
60.64,1.2791078,1.0058324,1.1957572
60.66,1.3633101,1.0394119,1.2857156
60.68,1.4345629,1.1768382,1.2403916
60.7,1.3934909,1.0639595,1.139459
60.72,1.3850815,1.0972885,1.3489808
60.74,1.3113425,1.0549026,1.1032367
60.76,1.3565917,1.0844095,0.9977895
60.78,1.3720983,1.0567513,1.09129
60.8,1.3198242,0.978454,1.0092711
60.82,1.4103447,1.0728631,1.0517652
60.84,1.2964089,0.95746386,1.1188743
60.86,1.3356174,1.0172209,1.1680958
60.88,1.3693392,1.0269583,1.0703378
60.9,1.2644155,0.9501134,1.1437423
60.92,1.3953705,1.0452412,1.2585021
60.94,1.3091991,0.99201596,1.1396036
60.96,1.302029,1.0370021,1.1285723
60.98,1.248981,0.9729028,1.1976914
61.0,1.2650077,0.985621,1.0841963
61.02,1.2630525,0.9637604,1.0646363
61.04,1.2642378,1.0134841,1.1594093
61.06,1.3379705,1.1018642,1.1356025
61.08,1.2653627,1.0570894,1.0728054
61.1,1.3834045,1.086284,1.282414
61.12,1.4154066,1.1019391,1.3335711
61.14,1.3998983,1.1206179,1.2886657
61.16,1.3414084,1.0640111,1.1978363
61.18,1.336122,1.0616312,1.4133098
61.2,1.3692571,1.0651991,1.4026263
61.22,1.3229979,1.088711,1.2823868
61.24,1.3070235,1.0442675,1.1875432
61.26,1.3370185,1.0469495,1.2013342
61.28,1.25702,1.0213478,1.1958151
61.3,1.2288824,0.98715395,1.246875
61.32,1.3787138,1.0514829,1.2655094
61.34,1.3094277,0.9874325,1.2179978
61.36,1.4071816,1.0847898,1.3028502
61.38,1.373762,1.0506719,1.2000418
61.4,1.4035314,1.1045557,1.174085
61.42,1.3035237,0.9771887,1.2396855
61.44,1.3623483,1.0767001,1.1413976
61.46,1.3022591,0.9937881,1.0086353
61.48,1.3599,1.0399144,1.023135
61.5,1.4022236,1.0829126,1.1521406
61.52,1.3299142,1.0521624,0.984617
61.54,1.413315,1.1210595,1.1584667
61.56,1.406383,1.1058741,1.0857226
61.58,1.34773,1.056413,1.1870978
61.6,1.262578,0.9974884,1.0478673
61.62,1.3051887,1.0391475,1.0644164
61.64,1.2772621,1.0118281,1.0049841
61.66,1.2642674,0.945385,1.0831803
61.68,1.280366,0.96726286,1.0613904
61.7,1.405371,1.0946295,1.2284379
61.72,1.3427197,1.0369756,1.1070415
61.74,1.412149,1.1463292,1.1389796
61.76,1.3419944,1.0439516,1.2248333
61.78,1.2699413,0.9879056,1.2945256
61.8,1.3496734,1.0755504,1.2445017
61.82,1.2959467,1.0384593,1.1707944
61.84,1.3555424,1.0837501,1.2474798
61.86,1.3703233,1.0831158,1.3408649
61.88,1.2927644,0.98598355,1.2101425
61.9,1.3194836,1.0595056,1.1700239
61.92,1.2821195,0.9880448,1.1114497
61.94,1.2607379,0.97555554,1.223034
61.96,1.3363463,1.081083,1.1894982
61.98,1.2988906,1.0244389,1.0135913
62.0,1.3361502,1.0320325,1.3290452
62.02,1.2113278,0.9795773,1.1838506
62.04,1.2962356,1.027119,1.1556269
62.06,1.2493109,1.0001583,1.1554469
62.08,1.2022364,0.9563721,1.3111817
62.1,1.3200796,1.0899224,1.3432873
62.12,1.2179251,0.9532335,1.0675153
62.14,1.2443255,0.9643593,1.056084
62.16,1.2148159,0.978454,0.91002935
62.18,1.2821195,1.0399408,1.1551917
62.2,1.2692335,1.016599,1.1361673
62.22,1.2585382,1.0342944,1.0572245
62.24,1.2348403,0.99938834,1.0071385
62.26,1.3713067,1.1241453,1.1749781
62.28,1.2439041,1.016004,0.95102435
62.3,1.3307023,0.9785944,1.0563631
62.32,1.3532478,1.1341041,0.9948745
62.34,1.2488612,1.0139182,1.0900897
62.36,1.2890806,1.0646827,1.0887846
62.38,1.3980782,1.1630676,1.0839005
62.4,1.3548517,1.1038088,1.0512046
62.42,1.3372986,1.0904269,0.93982756
62.44,1.2630821,0.960331,1.2500069
62.46,1.2855611,1.0009826,0.96402645
62.48,1.3104569,1.0093523,1.0423424
62.5,1.3085697,1.0465556,1.0322292
62.52,1.2370822,1.0284832,1.0896522
62.54,1.2424282,0.9908235,1.0503961
62.56,1.2088213,0.9415383,1.1477904
62.58,1.311428,1.0192729,1.1761802
62.6,1.3076823,1.0498867,0.96819925
62.62,1.269794,1.0145687,0.85173434
62.64,1.3691752,1.0952823,0.95272756
62.66,1.3026041,1.045136,0.9151879
62.68,1.2492809,0.97836965,1.0796849
62.7,1.3695853,1.0498605,0.9189599
62.72,1.3761857,1.0936494,1.1099588
62.74,1.3703778,1.0412619,1.100341
62.76,1.4212149,1.1035347,1.0470314
62.78,1.3287592,1.0032872,0.91884667
62.8,1.3776815,1.0467396,1.0661906
62.82,1.2716799,0.9726484,1.1185644
62.84,1.2934594,1.0266103,1.0786486
62.86,1.2644155,0.94599545,1.0501318
62.88,1.2271749,0.9765696,1.116982
62.9,1.2997551,0.99952585,1.0995449
62.92,1.1965544,0.97730124,1.0068114
62.94,1.3571161,1.1043316,1.1387208
62.96,1.2558875,0.9383793,1.0480741
62.98,1.2013952,0.87600994,0.9563062
63.0,1.19943,0.9476796,1.0176717
63.02,1.2239975,0.92060244,1.0300767
63.04,1.3485355,1.1007657,1.0114335
63.06,1.279576,1.0013123,0.99008745
63.08,1.3442804,1.0607764,1.0443534
63.1,1.2994382,1.0444255,0.9911727
63.12,1.2725335,0.9801384,1.2681783
63.14,1.3579712,1.0190032,1.0180464
63.16,1.2662799,0.9697043,1.0254794
63.18,1.2896035,1.0385387,1.0385594
63.2,1.4051045,1.0752436,1.1571639
63.22,1.2531115,0.9149407,1.0117164
63.24,1.4910324,1.1524764,1.1238071
63.26,1.377328,1.0444782,1.1464376
63.28,1.2703246,0.9689668,0.9322697
63.3,1.3224317,1.0214554,1.0256063
63.32,1.2440847,0.96791637,0.9376664
63.34,1.3072526,0.99486643,1.0599272
63.36,1.3128834,0.98915726,1.0805036
63.38,1.3416038,1.034002,1.0114335
63.4,1.3014824,0.97160196,1.1620982
63.42,1.2971597,0.98414147,1.0687895
63.44,1.2742977,0.98285556,0.7706692
63.46,1.1778827,0.9116895,0.7841963
63.48,1.2618661,0.9740889,1.0089102
63.5,1.2784343,0.99724025,0.85700095
63.52,1.3003311,1.0657926,0.9285424
63.54,1.3625957,1.135485,0.95218146
63.56,1.3428313,1.0847644,1.0358344
63.58,1.4216363,1.1156757,0.9982152
63.6,1.3285055,1.0243313,0.97114974
63.62,1.3237903,1.0122355,0.97469634
63.64,1.3993365,1.1416668,1.1569016
63.66,1.3339062,1.0402845,1.2761993
63.68,1.3906665,1.0413411,1.1933258
63.7,1.2979388,0.99765366,1.0204197
63.72,1.3863788,1.0183824,1.0602134
63.74,1.3809663,1.0512213,1.2782426
63.76,1.3734348,1.090931,1.1072372
63.78,1.3916355,1.1353157,1.0058465
63.8,1.3800983,1.0950313,1.1831841
63.82,1.4068356,1.1724379,1.1318707
63.84,1.3864326,1.1567626,1.0588552
63.86,1.3376625,1.147288,1.0169814
63.88,1.2714148,1.0468708,1.0428829
63.9,1.2265645,1.048524,1.0150529
63.92,1.2820902,1.1019142,1.1309053
63.94,1.2893711,1.1466649,1.274976
63.96,1.249071,1.1243166,1.2103217
63.98,1.2525736,1.0842321,0.8799217
64.0,1.4058505,1.173399,1.0891588
64.02,1.3458395,1.105128,1.055008
64.04,1.3989618,1.1230931,0.96722275
64.06,1.4663423,1.1369369,1.0701838
64.08,1.3914202,1.1231666,1.0045786
64.1,1.3665746,1.1855898,1.0707508
64.12,1.3792841,1.1300728,1.0979747
64.14,1.2986022,1.0954831,1.1142542
64.16,1.3624034,1.1304133,1.1327283
64.18,1.4759381,1.2794771,1.111902
64.2,1.34085,1.1799413,0.98224556
64.22,1.2316521,1.0751925,1.0193911
64.24,1.2902421,1.0731705,0.97566545
64.26,1.2369611,1.1088783,1.1054741
64.28,1.2895162,1.1268811,1.05624
64.3,1.300763,1.1274666,1.2037494
64.32,1.331293,1.1833383,1.0651574
64.34,1.2041037,1.0330975,1.0912343
64.36,1.1547023,0.98517466,1.088697
64.38,1.3234224,1.1517367,0.855857
64.4,1.2745916,1.0874729,1.1064461
64.42,1.2407393,1.0394119,0.920308
64.44,1.1739023,0.99831486,0.9132248
64.46,1.2601142,1.0340817,1.091838
64.48,1.2755607,1.0513259,0.8776624
64.5,1.3091705,0.9955294,1.0492895
64.52,1.3099711,1.0472646,0.9300351
64.54,1.3859195,1.0421857,1.0507096
64.56,1.4302497,1.1202744,1.1390405
64.58,1.361661,1.080549,0.95655096
64.6,1.40046,1.1509726,0.9847491
64.62,1.3097994,1.008344,1.0268312
64.64,1.3159885,1.0557883,1.167643
64.66,1.3734894,1.0931214,1.0901613
64.68,1.3202213,1.0711191,1.1049485
64.7,1.3471187,1.0728886,1.0579295
64.72,1.2603221,0.9892684,1.088211
64.74,1.3396206,1.0856258,0.9801603
64.76,1.361606,1.088711,1.001917
64.78,1.3038683,1.036233,1.1016797
64.8,1.2269918,0.91220206,0.9713283
64.82,1.330449,1.0408921,1.1634477
64.84,1.4206351,1.1178668,1.3343251
64.86,1.2512276,0.980503,1.0384092
64.88,1.2753258,1.0314729,1.1248018
64.9,1.2597872,0.97001606,1.090209
64.92,1.406543,1.1154293,1.1860092
64.94,1.3121415,0.99837,1.1773221
64.96,1.3281392,1.1025876,1.0761459
64.98,1.2486813,0.9855373,1.0693734
65.0,1.4224527,1.0960351,0.93383074
65.02,1.2940671,0.98662466,1.0079904
65.04,1.2678462,0.9802506,1.0606632
65.06,1.3655055,1.1286852,0.9056268
65.08,1.3153054,1.0720171,1.0706375
65.1,1.2976503,1.0322189,0.9372965
65.12,1.3771106,1.0959598,0.90354705
65.14,1.2274494,1.0048753,1.0144975
65.16,1.3384461,1.0549546,1.1000099
65.18,1.3801526,1.0892917,0.7717597
65.2,1.2756488,1.0401788,0.78750604
65.22,1.3125695,1.0308597,1.1545987
65.24,1.2894871,0.9920437,0.97822124
65.26,1.404918,1.1626183,1.1214361
65.28,1.3032364,1.0845616,1.1717197
65.3,1.2942408,1.0651474,1.072086
65.32,1.3485633,1.1111073,1.0494134
65.34,1.3522512,1.1007907,1.0494217
65.36,1.3311243,1.1054515,1.0011292
65.38,1.3764849,1.1660893,0.8931046
65.4,1.3113995,1.0863347,0.93163705
65.42,1.3804239,1.0460564,1.041194
65.44,1.3994969,1.069475,1.0984957
65.46,1.4112206,1.1114043,0.97254145
65.48,1.3994969,1.134807,0.9255872
65.5,1.4797134,1.1889707,1.0327666
65.52,1.4762425,1.1470244,1.169898
65.54,1.4387332,1.1093988,1.0495373
65.56,1.4456913,1.0879785,0.9190259
65.58,1.191694,0.92694175,0.88316715
65.6,1.2749734,0.98153996,1.0770156
65.62,1.3985335,1.0772617,1.1564144
65.64,1.5036612,1.1307781,1.2356857
65.66,1.44019,1.0197045,1.039177
65.68,1.3894273,1.0266906,0.9865874
65.7,1.3345237,0.97024274,0.92563397
65.72,1.3694758,0.94852054,0.93789756
65.74,1.3813459,1.0101693,0.96201885
65.76,1.276881,0.9879892,0.9403993
65.78,1.3530816,1.0068979,0.95229065
65.8,1.445795,1.0995913,0.99160993
65.82,1.365341,0.9752173,0.9017317
65.84,1.3842703,0.96173286,0.7252071
65.86,1.3799083,1.0809814,0.981336
65.88,1.3757503,1.023096,0.88863766
65.9,1.3992829,1.048052,0.8838737
65.92,1.3966045,1.0742972,0.8567986
65.94,1.3787138,1.0490745,0.95895886
65.96,1.3888612,1.0528677,0.9890098
65.98,1.4685624,1.1762307,1.1989648
66.0,1.4879906,1.1370095,1.092608
66.02,1.4671849,1.1003162,1.1131333
66.04,1.4268945,1.0724529,0.9470597
66.06,1.4475292,1.1143442,1.066158
66.08,1.2822948,0.9185095,0.6947522
66.1,1.5557995,1.1598955,0.97091764
66.12,1.3302238,0.9611895,0.8570819
66.14,1.3141662,1.0363922,0.8095033
66.16,1.2594007,0.9832471,0.9603772
66.18,1.360065,1.0982653,1.0171348
66.2,1.2981408,1.01248,1.0457803
66.22,1.294588,1.0254581,0.9982673
66.24,1.3392012,1.0690379,1.074033
66.26,1.3288157,1.0496771,0.98799235
66.28,1.3606982,1.0950061,1.1549065
66.3,1.3183765,1.0405223,1.0101126
66.32,1.428442,1.1684917,0.99204695
66.34,1.3553767,1.0554757,0.8446303
66.36,1.3347763,1.0535986,0.9698992
66.38,1.3353091,1.0112301,0.8246764
66.4,1.305791,0.99897563,1.0411856
66.42,1.3281955,1.0654571,1.0804234
66.44,1.3059916,1.0383534,0.8155001
66.46,1.2864637,0.9884621,1.0165635
66.48,1.3223468,1.0370551,1.0464184
66.5,1.3634199,1.0582333,1.0901772
66.52,1.351725,1.0397294,0.9791691
66.54,1.2583597,0.96007335,0.9203363
66.56,1.3213552,1.0460038,0.92267895
66.58,1.4097605,1.0825826,1.0005921
66.6,1.4155389,1.0586228,0.94488764
66.62,1.4198442,1.0710163,0.7534908
66.64,1.3402354,1.0024648,1.1003016
66.66,1.4026239,1.1692444,1.1493154
66.68,1.4298307,1.1451774,1.3416923
66.7,1.4635307,1.1631148,1.1864476
66.72,1.3934909,1.1189976,1.0530257
66.74,1.2638527,0.9813159,0.97162277
66.76,1.268673,1.0291513,0.92802876
66.78,1.2620738,0.93744135,1.1309129
66.8,1.3057624,1.0164367,1.0795805
66.82,1.2784051,0.98640174,0.978868
66.84,1.437952,1.1354367,1.0607203
66.86,1.3281392,1.0483406,1.0772732
66.88,1.3881872,1.0581554,1.1358621
66.9,1.4751261,1.1421242,1.1560994
66.92,1.3453943,0.9943965,1.1615534
66.94,1.4033446,1.0747066,0.9520084
66.96,1.3589909,0.97651327,0.9863501
66.98,1.3218937,1.0307529,0.9892026
67.0,1.4080329,1.0705541,1.0092797
67.02,1.2784051,0.9851467,1.0480493
67.04,1.3211002,1.0240092,1.0167768
67.06,1.3061063,1.0395442,0.84033906
67.08,1.3109996,1.0095158,0.84977776
67.1,1.2654812,0.9345628,1.0698597
67.12,1.3912587,1.0707083,1.1168811
67.14,1.4592004,1.1856594,1.180991
67.16,1.4070752,1.1138012,1.1998106
67.18,1.3446982,1.0338159,1.1612922
67.2,1.2914894,1.0308063,1.1022854
67.22,1.2674326,0.94430834,0.95771044
67.24,1.2707077,0.9433179,1.0652958
67.26,1.2130268,0.93303174,1.0452081
67.28,1.2403771,0.91117674,0.9983975
67.3,1.2752377,1.0336297,1.2131478
67.32,1.2845122,0.9493607,1.1334858
67.34,1.2148467,0.9231076,1.0753883
67.36,1.275913,0.9086386,0.8703318
67.38,1.2618958,0.96544206,1.0441293
67.4,1.3181776,1.0203243,1.0134202
67.42,1.3153338,0.95723414,0.99917006
67.44,1.2250371,0.96110374,0.93054765
67.46,1.3523343,1.0694236,1.0811614
67.48,1.3249211,1.0258065,1.063194
67.5,1.3461454,1.0157603,1.1819671
67.52,1.2796345,0.9555956,1.057864
67.54,1.2157094,0.908215,0.9322232
67.56,1.2533207,0.88029915,0.9801426
67.58,1.2928803,0.9630185,1.1200049
67.6,1.2439643,0.96310407,0.8953539
67.62,1.3194269,0.991711,1.0930126
67.64,1.3658619,1.042634,0.8822243
67.66,1.3409616,0.9768791,1.1013649
67.68,1.4295424,1.1331341,1.1359079
67.7,1.419897,1.1085807,1.0861058
67.72,1.4129176,1.0759082,1.1591102
67.74,1.4259757,1.1703725,1.0721345
67.76,1.2727689,0.98949075,0.9198368
67.78,1.3107711,1.0071982,1.0443783
67.8,1.269381,1.0157603,1.0275148
67.82,1.1904993,0.945385,0.9148278
67.84,1.3172684,1.0417371,1.0698678
67.86,1.2613319,0.97072434,1.0878206
67.88,1.2399544,0.96797323,1.0124617
67.9,1.3011085,1.016545,1.0913059
67.92,1.3720983,1.0994662,1.0778365
67.94,1.3901817,1.0983905,0.95218146
67.96,1.1968048,0.89122486,1.107018
67.98,1.2095954,0.9258734,1.1476545
68.0,1.2548137,0.95228124,1.0652552
68.02,1.3216387,1.0956336,0.89746237
68.04,1.3818607,1.1519753,0.9659401
68.06,1.283112,1.0237945,0.98224556
68.08,1.2936621,0.9862345,1.0517652
68.1,1.381129,1.1360177,0.9702566
68.12,1.2523642,0.93568,0.9967724
68.14,1.2495506,0.96501476,1.0008261
68.16,1.2937489,1.0306729,0.8697938
68.18,1.2549628,0.9873489,1.1831914
68.2,1.2968421,1.054642,0.93105996
68.22,1.2211491,0.9550775,0.92457503
68.24,1.3728621,1.0603096,1.1507928
68.26,1.3387258,1.0155166,0.9504225
68.28,1.2550522,0.93426853,0.7938001
68.3,1.3824569,1.1241697,1.118882
68.32,1.4055575,1.0956336,1.0516335
68.34,1.2905322,0.9792124,0.8876225
68.36,1.2883832,0.9758654,1.0423591
68.38,1.3387258,0.998838,0.9941945
68.4,1.3158462,0.9749353,1.0413605
68.42,1.3134537,1.0082077,0.9122655
68.44,1.3090274,1.0034242,0.9707659
68.46,1.2324728,0.9224224,0.85231435
68.48,1.3081689,0.9670923,0.9158697
68.5,1.3242993,0.93858445,0.8986208
68.52,1.3830255,1.0898216,0.9338957
68.54,1.227358,0.89415073,0.94552046
68.56,1.3275752,1.0272796,0.9426737
68.58,1.3811018,1.031073,1.0032747
68.6,1.287453,0.9767947,0.9703728
68.62,1.3697767,1.0759593,0.9814066
68.64,1.4309039,1.1209369,1.0816344
68.66,1.4712371,1.1094731,1.06519
68.68,1.4844129,1.1963243,1.0035597
68.7,1.4486927,1.1195625,1.1173156
68.72,1.3468128,1.0433193,1.0570687
68.74,1.3040406,0.99126744,1.0093055
68.76,1.3174957,1.0340285,0.94794726
68.78,1.2663982,0.9548184,0.8844032
68.8,1.3037534,0.96680796,0.9647905
68.82,1.2983716,0.98223996,1.017808
68.84,1.3992295,1.1033354,1.0396273
68.86,1.3863788,1.1067439,0.9616493
68.88,1.361991,1.1361387,1.0138564
68.9,1.428442,1.1656884,1.0015967
68.92,1.3768387,1.1351945,1.0817866
68.94,1.3199092,1.0503579,0.9934879
68.96,1.3196824,1.0013123,0.8404113
68.98,1.4044915,1.0090255,0.88409925
69.0,1.343556,0.99633,0.8268287
69.02,1.4291757,1.0522408,0.78232574
69.04,1.341492,0.9666658,0.906268
69.06,1.4205561,1.0396764,0.89207506
69.08,1.3354212,1.0081259,0.94933635
69.1,1.4220052,1.0995163,0.9292704
69.12,1.3895082,1.088913,1.0883386
69.14,1.3996041,1.1034101,0.997468
69.16,1.3338782,1.0276006,0.87095916
69.18,1.3805324,1.0914601,0.92314863
69.2,1.5501089,1.3036801,1.1725111
69.22,1.4318194,1.1486771,0.8960992
69.24,1.4783463,1.1764643,1.0321871
69.26,1.4990472,1.17457,0.9890624
69.28,1.4897761,1.1347101,1.0297989
69.3,1.3589909,1.0245193,0.9889134
69.32,1.3749336,1.1023382,1.0659791
69.34,1.3826193,1.0607245,1.0053205
69.36,1.4685369,1.1092997,0.982528
69.38,1.4642467,1.1611276,1.1028044
69.4,1.4301187,1.1244632,1.1456131
69.42,1.5487558,1.2912629,1.3556612
69.44,1.4812057,1.2609057,1.5125918
69.46,1.446054,1.1357031,1.4160002
69.48,1.4323949,1.1408718,1.1942409
69.5,1.3542987,1.0595056,1.1013962
69.52,1.385406,1.1145662,1.2575924
69.54,1.4399819,1.1198081,1.388593
69.56,1.4029176,1.0423175,1.3085474
69.58,1.5935376,1.2422338,1.4403611
69.6,1.4617643,1.1517129,1.343565
69.62,1.3730258,0.99500465,1.2033173
69.64,1.4420606,1.0968624,1.2126689
69.66,1.373762,1.0159768,1.4119596
69.68,1.3740073,1.0459776,1.3589443
69.7,1.446934,1.121697,1.3113403
69.72,1.3912319,1.1172763,1.3691392
69.74,1.2464602,0.9782572,1.2703096
69.76,1.3193986,1.0031228,1.3124902
69.78,1.4308517,1.142774,1.2775981
69.8,1.3433609,1.0209708,1.169898
69.82,1.4858248,1.1772821,1.530053
69.84,1.307453,0.96344656,1.1761729
69.86,1.3630903,1.0376383,1.1902195
69.88,1.3547134,1.0339488,1.2002729
69.9,1.3790668,1.0570115,1.2071083
69.92,1.3750153,1.0314462,1.2138407
69.94,1.4101589,1.0985407,1.2119538
69.96,1.285299,0.97092265,1.1407974
69.98,1.4114593,1.0715296,1.294539
70.0,1.3982658,1.1281004,1.1969023
70.02,1.3726168,1.0707083,1.1559495
70.04,1.4531575,1.0799127,1.0063894
70.06,1.3132256,1.0071982,1.0066391
70.08,1.3234224,1.0076622,1.170387
70.1,1.2699413,0.9406327,1.3143713
70.12,1.3512816,1.0218053,1.4118553
70.14,1.3106282,1.0275472,1.1377915
70.16,1.4086444,1.1160452,1.2251658
70.18,1.3476744,1.1033603,1.2062892
70.2,1.3927382,1.1100429,1.1443259
70.22,1.4729923,1.1925263,1.2226441
70.24,1.3616885,1.0322455,1.1172847
70.26,1.3560395,1.0059417,1.0398191
70.28,1.4189472,1.0412091,1.0803592
70.3,1.4195276,1.1020888,1.1110206
70.32,1.2866092,0.9575499,1.0328505
70.34,1.380451,1.0360208,1.0828921
70.36,1.3805594,1.0446625,1.0390184
70.38,1.332277,1.0094886,1.0493721
70.4,1.2906773,0.9658691,1.145174
70.42,1.3713886,1.0280821,1.1481606
70.44,1.354437,1.0025744,1.0381086
70.46,1.389643,1.0595315,0.9926847
70.48,1.3181208,1.0250291,1.169268
70.5,1.2908803,1.0203782,1.1558444
70.52,1.329351,1.056413,1.1743655
70.54,1.3702414,1.0841306,1.1256571
70.56,1.4438772,1.1541213,1.0928776
70.58,1.3421619,1.0732986,1.2187092
70.6,1.406383,1.1186043,1.104823
70.62,1.4178913,1.1422927,1.1608964
70.64,1.4219524,1.2083294,1.2450589
70.66,1.2420061,1.0568554,1.1688378
70.68,1.3608633,1.1291236,1.2332698
70.7,1.3578882,1.1534064,1.110685
70.72,1.374988,1.1636583,1.200634
70.74,1.345088,1.0793015,1.0757108
70.76,1.2961489,1.0882311,1.1030166
70.78,1.3618535,1.1084319,0.97822124
70.8,1.3810748,1.1539545,0.99580646
70.82,1.4429691,1.2466083,1.1109893
70.84,1.3201362,1.0904773,1.0858663
70.86,1.4482015,1.2014153,1.2268065
70.88,1.4378481,1.2433177,1.2000779
70.9,1.4543424,1.2644331,1.2329323
70.92,1.5091546,1.3176086,1.1087552
70.94,1.476065,1.2991381,1.3129723
70.96,1.4763694,1.2841959,1.3804715
70.98,1.511039,1.1961405,1.1444621
71.0,1.6068058,1.3931881,1.2223887
71.02,1.4443698,1.1782625,1.2901651
71.04,1.280746,1.040258,1.1112858
71.06,1.372944,1.1753656,1.2204794
71.08,1.302144,1.0739644,1.2153041
71.1,1.5060996,1.2543693,1.2335651
71.12,1.400246,1.1653346,1.2799304
71.14,1.2707962,1.062796,1.1708758
71.16,1.3376067,1.1136285,1.1769171
71.18,1.4063299,1.192826,1.2141622
71.2,1.2415237,1.068369,1.1725924
71.22,1.3941894,1.1960026,1.3939211
71.24,1.3590461,1.149395,1.0838444
71.26,1.391151,1.167032,1.1928389
71.28,1.3801526,1.1566199,1.2579165
71.3,1.5740561,1.3612676,1.3636699
71.32,1.5695059,1.3509889,1.3660583
71.34,1.427393,1.169738,1.2584677
71.36,1.4200025,1.2099665,1.2850612
71.38,1.3037534,1.0491008,1.3714232
71.4,1.3851357,1.1517367,1.2700092
71.42,1.3530264,1.120029,1.2799846
71.44,1.3632001,1.1100925,1.3441327
71.46,1.2784343,1.080549,1.2317504
71.48,1.2960045,1.1123687,1.1203068
71.5,1.2890517,1.0491793,1.1797498
71.52,1.350866,1.1308024,1.4451385
71.54,1.3594868,1.141185,1.3094813
71.56,1.3402914,1.1330127,1.4476501
71.58,1.1628454,0.9464603,1.142248
71.6,1.3770833,1.1657356,1.337142
71.62,1.2878311,1.0675453,1.3487302
71.64,1.2581216,1.0812612,1.2570959
71.66,1.3555977,1.0895693,1.2021062
71.68,1.3836751,1.1182847,1.0930523
71.7,1.4319242,1.1709127,1.2785274
71.72,1.3205333,1.0703231,1.3917114
71.74,1.2903,1.0504887,1.2594663
71.76,1.4085115,1.0755248,1.2456367
71.78,1.3952096,1.1238273,1.2434424
71.8,1.4423722,1.12253,1.2767495
71.82,1.5133419,1.2395308,1.3500537
71.84,1.6174899,1.3248708,1.3720047
71.86,1.4693525,1.2239285,1.3566265
71.88,1.3671224,1.1240475,1.1534041
71.9,1.4175743,1.1710535,1.2959247
71.92,1.2741507,1.0534942,1.2013054
71.94,1.3424687,1.1026872,1.3168492
71.96,1.3362622,1.0786135,1.2882484
71.98,1.447762,1.1994,1.1091461
72.0,1.3522512,1.1094235,1.3108181
72.02,1.4429432,1.2373329,1.291817
72.04,1.2924458,1.0267441,1.1926209
72.06,1.2596387,0.97423005,1.2435399
72.08,1.2275105,0.9675187,1.2511022
72.1,1.3102853,1.0659215,1.2890826
72.12,1.3188024,1.0386975,1.3615766
72.14,1.2353253,0.95952916,1.3456411
72.16,1.2000542,0.949158,1.2777948
72.18,1.2972175,1.0164909,1.1929262
72.2,1.3211852,1.0554497,1.3150244
72.22,1.351254,1.0643469,1.3657283
72.24,1.2847161,1.0331773,1.1517869
72.26,1.3444476,1.0978646,1.1665882
72.28,1.3170977,1.0423967,1.2186667
72.3,1.3212703,1.110464,1.3186191
72.32,1.4347978,1.1649806,1.2151971
72.34,1.2172486,0.9406327,1.0647178
72.36,1.2726218,0.9697043,1.2218283
72.38,1.4339101,1.137783,1.1879301
72.4,1.3434725,1.0608281,1.2860459
72.42,1.3538287,1.0080714,1.0117506
72.44,1.3897238,1.0612946,1.2219276
72.46,1.3313211,1.0946295,1.1448483
72.48,1.2950506,1.0640628,1.0146685
72.5,1.3040406,1.0138367,1.242724
72.52,1.3776271,1.0892917,1.0925366
72.54,1.3456446,1.0839276,1.0985194
72.56,1.3125126,1.0557623,1.0936944
72.58,1.2723567,0.98874027,1.2344363
72.6,1.3890231,1.0446887,0.99670285
72.62,1.3797183,1.094981,1.2344785
72.64,1.4132357,1.1617666,1.3262893
72.66,1.2744741,1.0262353,1.2197831
72.68,1.4047581,1.1415223,1.2622991
72.7,1.3846761,1.0303794,1.0825638
72.72,1.2315001,0.91310585,1.2297993
72.74,1.3505332,1.0812612,1.25906
72.76,1.3824297,1.0202974,1.2182326
72.78,1.4848163,1.2367328,1.2188872
72.8,1.4753544,1.2217475,1.3088454
72.82,1.492388,1.2643027,1.3708289
72.84,1.3679713,1.0920142,1.1386294
72.86,1.3850005,1.1901726,1.3175141
72.88,1.4248462,1.1412332,1.1956847
72.9,1.2788444,0.96521413,1.1928753
72.92,1.3244972,1.0214286,1.2086012
72.94,1.4845895,1.1972432,1.2409996
72.96,1.3536904,1.0648118,1.0469486
72.98,1.247241,1.0201087,1.05463
73.0,1.332277,1.0256994,1.4591746
73.02,1.4873362,1.228189,1.4003065
73.04,1.3834857,1.1241941,1.160396
73.06,1.3958802,1.167197,1.4080244
73.08,1.3957729,1.2130075,1.2655436
73.1,1.3032651,1.025887,1.2775099
73.12,1.3885107,1.124072,1.1463242
73.14,1.3294917,1.0377178,1.0148052
73.16,1.2766464,0.98433703,1.2214025
73.18,1.4513267,1.1864011,1.14353
73.2,1.3269262,1.0711191,1.1286951
73.22,1.4349283,1.2030619,1.3525302
73.24,1.3329797,1.0820236,1.2782426
73.26,1.3202498,1.0453727,1.2242385
73.28,1.4037981,1.0973136,1.0925524
73.3,1.4112471,1.110241,1.1837555
73.32,1.4567604,1.1398833,1.1786029
73.34,1.3195405,0.9758091,1.2321656
73.36,1.3885916,1.1030363,1.1928898
73.38,1.4214784,1.1159468,1.201226
73.4,1.4218735,1.1162915,1.1394134
73.42,1.5502539,1.2059151,1.2337899
73.44,1.5710559,1.2899846,1.271626
73.46,1.487915,1.1400763,1.2743435
73.48,1.5644159,1.2380881,1.2687594
73.5,1.5203774,1.1175961,1.3015788
73.52,1.5175917,1.0193,1.3267077
73.54,1.4006203,0.9901851,1.158811
73.56,1.5320069,1.0613723,1.2147619
73.58,1.5344737,1.1349281,1.3185666
73.6,1.5677872,1.1370337,1.1963878
73.62,1.5195644,1.1167349,0.9591578
73.64,1.4496489,1.0083987,1.0248874
73.66,1.496597,1.1038337,1.245038
73.68,1.4618411,1.052711,1.2283108
73.7,1.4672103,1.0004606,1.2219844
73.72,1.4388372,1.0405753,1.3310398
73.74,1.3685186,0.9720829,1.2568753
73.76,1.4848669,1.1061227,1.3416277
73.78,1.5488766,1.2247818,1.4169612
73.8,1.478321,1.095458,1.1749265
73.82,1.5617089,1.2185253,1.1165006
73.84,1.4199497,1.0637269,1.3517544
73.86,1.4787517,1.0833695,1.3229775
73.88,1.4768512,1.1072158,1.222325
73.9,1.504408,1.1333039,1.1850951
73.92,1.545561,1.1591606,1.2475493
73.94,1.5248287,1.1829897,1.3840842
73.96,1.3721528,1.0138097,1.2977229
73.98,1.357447,1.0576096,1.3267796
74.0,1.3351128,0.9934561,1.2738264
74.02,1.5451975,1.2094438,1.1990733
74.04,1.4166759,1.10982,1.1881782
74.06,1.4430989,1.1716874,1.2740781
74.08,1.3856763,1.0743227,1.066337
74.1,1.4172573,1.1244143,1.1689861
74.12,1.4109287,1.0631322,1.2168796
74.14,1.4162265,1.0090528,1.046667
74.16,1.4562978,1.0325918,1.2113097
74.18,1.5034868,1.0880038,1.2766273
74.2,1.4370404,0.9438423,1.3518634
74.22,1.5134904,1.1142948,1.3707466
74.24,1.5278461,1.0680344,1.2808919
74.26,1.4695563,1.0888121,1.2328972
74.28,1.5222479,1.1117754,1.4217745
74.3,1.4095213,1.0553455,1.5313783
74.32,1.5223465,1.1805935,1.3767737
74.34,1.5521127,1.2079653,1.3818837
74.36,1.5167032,1.2007515,1.3270018
74.38,1.490329,1.136671,1.1839019
74.4,1.4535439,1.0673649,1.2284802
74.42,1.4937172,1.154669,1.0867522
74.44,1.5019418,1.1433754,1.0648155
74.46,1.5349615,1.1950366,1.242982
74.48,1.6043804,1.2673217,1.3747444
74.5,1.5841105,1.2771113,1.3438553
74.52,1.4190792,1.0298724,1.2237498
74.54,1.5252707,1.2030619,1.2544587
74.56,1.4556034,1.122628,1.2062461
74.58,1.4352674,1.0750647,1.1022933
74.6,1.48648,1.1087543,1.151561
74.62,1.4623021,1.0433457,1.1298314
74.64,1.423742,1.1264907,1.4420937
74.66,1.4023036,1.0484191,1.3503876
74.68,1.3174105,0.981568,1.1778964
74.7,1.4154861,1.043372,1.4374028
74.72,1.513045,1.169362,1.1940448
74.74,1.3873237,1.0113932,1.2886791
74.76,1.4365191,1.0691922,1.200699
74.78,1.496397,1.1114786,1.160508
74.8,1.6227365,1.1173993,1.1868129
74.82,1.7049695,1.2563186,1.0249212
74.84,1.5454398,1.1021136,1.0269747
74.86,1.670402,1.3030894,1.27535
74.88,1.5723187,1.1407272,1.0875576
74.9,1.4365453,0.9880727,1.1943425
74.92,1.4683838,1.0213478,1.1587136
74.94,1.485119,1.0654055,0.9869564
74.96,1.458533,1.072376,1.0819309
74.98,1.5578438,1.1760904,1.0496529
75.0,1.6837983,1.223479,1.2121254
75.02,1.5406349,1.1069427,1.1452876
75.04,1.5580122,1.1146896,1.1771455
75.06,1.4656017,1.0450308,1.0925446
75.08,1.4763694,1.0613981,1.1177967
75.1,1.5128222,1.0634942,1.2535323
75.12,1.5503023,1.1002661,1.1878644
75.14,1.5181099,1.0186523,1.0615128
75.16,1.5581323,1.0969378,1.2629789
75.18,1.6653507,1.2480189,1.2934536
75.2,1.6336833,1.3083113,1.3896291
75.22,1.6174899,1.2441356,1.0040348
75.24,1.5550531,1.1218685,1.2227292
75.26,1.5363514,1.2059835,1.1713495
75.28,1.6025589,1.2406392,1.2516636
75.3,1.5989565,1.2677121,1.1189053
75.32,1.5593575,1.2011865,1.2379849
75.34,1.5502298,1.1472162,1.3101166
75.36,1.594172,1.1895255,1.3977969
75.38,1.6780733,1.2825892,1.3808357
75.4,1.7003511,1.358174,1.3425838
75.42,1.70143,1.2779937,1.4337249
75.44,1.6349207,1.2918589,1.4047264
75.46,1.6149182,1.2339731,1.333636
75.48,1.7129887,1.3541396,1.5462579
75.5,1.7643745,1.4837636,1.4602318
75.52,1.8746005,1.5287745,1.5357202
75.54,1.8978273,1.5518712,1.3005657
75.56,1.9454123,1.5724276,1.5319784
75.58,2.0070302,1.6567506,1.5077522
75.6,1.7402277,1.3802614,1.4420035
75.62,1.5977381,1.2370663,1.5084019
75.64,1.6289549,1.2768099,1.3311896
75.66,1.6410471,1.2998362,1.206512
75.68,1.523035,1.2235914,1.3553221
75.7,1.4736531,1.1682329,1.3133751
75.72,1.5158882,1.1690328,1.2990917
75.74,1.4744406,1.1664665,1.4173282
75.76,1.4018228,1.0920142,1.3015587
75.78,1.5135398,1.2286366,1.299232
75.8,1.384703,1.0746042,1.1127049
75.82,1.3808849,1.0775934,1.1995432
75.84,1.419343,1.081617,1.2627591
75.86,1.39427,1.0051489,1.1662834
75.88,1.3319678,0.97236574,1.254431
75.9,1.3324176,0.9670639,1.3322116
75.92,1.3471465,0.97997016,1.2379569
75.94,1.4663935,1.0315262,1.3371874
75.96,1.4071285,1.0104141,1.332654
75.98,1.4903543,1.1339344,1.2391258
76.0,1.4159356,1.1365016,1.268732
76.02,1.513812,1.1944615,1.2368149
76.04,1.4371186,1.1092997,1.176077
76.06,1.4598417,1.1437119,1.0651004
76.08,1.4365714,1.0567774,1.208056
76.1,1.427393,1.1142702,1.1089898
76.12,1.5343516,1.1946225,1.228699
76.14,1.4146128,1.0795307,1.1670785
76.16,1.4970474,1.1046304,1.1527876
76.18,1.3987209,1.0529199,1.0283078
76.2,1.3299985,0.92504156,1.2308562
76.22,1.4219787,1.0687807,1.1994131
76.24,1.3878094,1.0432138,1.1056858
76.26,1.4787009,1.1725082,1.1540729
76.28,1.4639657,1.0887363,1.0835404
76.3,1.5102458,1.1656649,1.008214
76.32,1.4415672,1.0848911,1.0740008
76.34,1.504657,1.1613406,1.0534785
76.36,1.5270126,1.182548,1.1801319
76.38,1.4352674,1.0882564,1.0878764
76.4,1.4470893,1.1066942,1.0309854
76.42,1.4978228,1.1844529,1.2024235
76.44,1.6056634,1.2520878,1.0830202
76.46,1.4976727,1.1461372,0.99306893
76.48,1.372453,0.98207206,0.9531825
76.5,1.3776271,1.0326184,1.1418457
76.52,1.3752604,0.972931,1.2472295
76.54,1.3402634,0.9698743,1.1175485
76.56,1.3753147,1.0313929,0.9864907
76.58,1.5018672,1.1249521,1.1567367
76.6,1.5596457,1.198322,0.96621823
76.62,1.4818882,1.1784958,1.1660157
76.64,1.3270674,1.0013123,1.2857089
76.66,1.3451993,0.97112083,1.2005835
76.68,1.4256606,1.0503317,1.1083173
76.7,1.3909358,1.0639853,0.9222654
76.72,1.4420606,1.1135051,1.2780188
76.74,1.4305376,1.1241941,1.0438801
76.76,1.3763218,0.99955344,0.93092954
76.78,1.5220021,1.0132942,1.0474287
76.8,1.6477419,1.2210498,1.3092296
76.82,1.6537077,1.245196,1.1010263
76.84,1.5681217,1.2243327,1.2114744
76.86,1.5125995,1.1584251,1.1679623
76.88,1.512748,1.0635977,1.2072806
76.9,1.4966972,1.1320902,1.0451335
76.92,1.5162835,1.062589,1.003145
76.94,1.499172,1.0879532,1.0369135
76.96,1.5603178,1.0971632,1.0695275
76.98,1.5542583,1.1173993,1.0488927
77.0,1.5691242,1.1485814,1.0856986
77.02,1.7058479,1.3265508,1.123892
77.04,1.622298,1.1630676,1.0249636
77.06,1.7082387,1.2791764,1.068319
77.08,1.6021147,1.0553194,1.1979158
77.1,1.5014433,0.9596437,0.99767655
77.12,1.4898515,0.9872932,0.8560494
77.14,1.5618768,1.1301457,1.0596244
77.16,1.6573718,1.1856129,1.1376925
77.18,1.4906305,1.0217246,1.1038417
77.2,1.5253688,1.0941019,1.0582081
77.22,1.5303684,1.1047797,0.9281408
77.24,1.6536624,1.1858449,1.0837724
77.26,1.6424156,1.1570002,1.1422784
77.28,1.4697348,0.9605601,0.9589046
77.3,1.5630032,1.117424,1.1625159
77.32,1.4919612,0.9887958,1.1058818
77.34,1.4519975,1.0015868,0.95364624
77.36,1.4118042,1.0089983,0.98608637
77.38,1.521559,1.0564911,1.0710261
77.4,1.4413594,0.9962749,1.0374318
77.42,1.4710591,1.0048206,1.0488927
77.44,1.5860476,1.1561682,1.2604641
77.46,1.6848209,1.2429197,1.257551
77.48,1.6733807,1.2576964,1.2400281
77.5,1.6351955,1.2172385,1.1877038
77.52,1.6673505,1.2442683,1.286895
77.54,1.7207749,1.3564318,1.2832925
77.56,1.7175514,1.2935176,1.0289651
77.58,1.3759409,0.9975985,0.9438961
77.6,1.4815091,1.0797853,1.1488098
77.62,1.4180496,0.9977364,0.9721223
77.64,1.5066464,1.0895693,1.0836844
77.66,1.4763187,1.08765,1.3053234
77.68,1.4624557,1.1150348,1.2172856
77.7,1.490555,1.0727093,1.2076826
77.72,1.5418254,1.0938506,1.0677507
77.74,1.5402703,1.1267836,1.1769687
77.76,1.3964972,0.99037945,1.0974376
77.78,1.4831258,1.0175722,0.9313485
77.8,1.5346931,1.0645794,1.0822353
77.82,1.5206237,1.1097457,1.0244559
77.84,1.5755067,1.0658957,1.0456724
77.86,1.4853458,1.0426867,1.0895169
77.88,1.5120299,1.0324852,1.1780732
77.9,1.7147367,1.2219275,1.2734044
77.92,1.7248176,1.3043337,1.1364268
77.94,1.5897499,1.1791022,1.2509568
77.96,1.5109895,1.0914854,1.0684407
77.98,1.5882418,1.0651217,1.0914488
78.0,1.5376426,1.1576416,1.1465511
78.02,1.5940075,1.1368885,1.1502202
78.04,1.5793521,1.1185799,1.1747346
78.06,1.6063163,1.1965771,1.0323551
78.08,1.5323735,1.1603696,1.0987403
78.1,1.4432026,0.9592425,1.0278608
78.12,1.520402,1.0217514,0.95447314
78.14,1.5117328,1.0123171,0.9842559
78.16,1.5863073,1.088408,1.0507674
78.18,1.5974336,1.1289774,1.1157705
78.2,1.6098788,1.0957088,1.1290331
78.22,1.5477884,1.0070617,1.0397775
78.24,1.5634583,1.1021636,1.0784154
78.26,1.5179372,1.0490483,1.2372423
78.28,1.5537524,1.1055509,1.1120346
78.3,1.433623,1.0247875,1.0628433
78.32,1.5323001,1.136308,0.9609007
78.34,1.4881415,1.0270387,0.94521785
78.36,1.6569425,1.2375107,1.1863234
78.38,1.5780951,1.1102905,1.0209208
78.4,1.6481962,1.1675502,1.0688707
78.42,1.6418456,1.2029018,1.125395
78.44,1.6535041,1.1563585,1.0354577
78.46,1.6200345,1.2164252,1.1032839
78.48,1.6186008,1.1921113,0.93581545
78.5,1.5553902,1.1692444,1.1618371
78.52,1.5560641,1.1954048,1.1204538
78.54,1.4852451,1.0560747,0.99527526
78.56,1.5513406,1.104481,1.1280729
78.58,1.5854336,1.1947606,0.980514
78.6,1.5900326,1.154169,1.0981642
78.62,1.574841,1.0535986,1.1116525
78.64,1.5516542,1.1505185,0.90453476
78.66,1.482646,1.0809305,1.2219348
78.68,1.5511233,1.1012652,1.1700907
78.7,1.5070689,1.0219398,0.8648658
78.72,1.4899521,0.99837,1.2013198
78.74,1.4884183,0.9994159,0.9328182
78.76,1.4247674,0.918749,1.0473874
78.78,1.52689,0.9975159,1.1564817
78.8,1.5599335,1.0541464,1.1567142
78.82,1.53774,1.0696036,1.1692086
78.84,1.5492632,1.1410887,1.0349636
78.86,1.4847912,1.0654571,1.1331722
78.88,1.6138978,1.1371304,1.1073861
78.9,1.7228192,1.3302141,1.2138765
78.92,1.6534588,1.2153171,1.174838
78.94,1.6716791,1.2580025,1.2809122
78.96,1.5921271,1.1215988,1.1303071
78.98,1.7584221,1.3219417,1.1722522
79.0,1.6390152,1.1999729,1.2006774
79.02,1.6102974,1.2128261,1.1608591
79.04,1.66955,1.324103,1.2226228
79.06,1.7148676,1.3595902,1.1706982
79.08,1.6126676,1.3253481,1.1870029
79.1,1.6041702,1.2737702,1.0354828
79.12,1.614524,1.2745254,1.2635965
79.14,1.7164391,1.4087112,1.2459847
79.16,1.6154051,1.2733816,1.1408733
79.18,1.6891491,1.3762119,1.173302
79.2,1.6084594,1.286912,1.148855
79.22,1.7040468,1.3742127,1.2928904
79.24,1.4267634,1.0234184,0.9925187
79.26,1.5547401,1.2184576,1.153141
79.28,1.3323896,1.0002408,0.9712034
79.3,1.4828732,1.1117258,1.0423675
79.32,1.4242153,1.1212065,1.1090993
79.34,1.29915,0.95579696,1.0248536
79.36,1.3321648,1.022155,1.1489079
79.38,1.4730686,1.206804,1.2905413
79.4,1.4476585,1.1484617,1.3083421
79.42,1.5791152,1.3004494,1.3285949
79.44,1.5940075,1.3014215,1.2973955
79.46,1.4216101,1.0490483,1.2809324
79.48,1.5085341,1.1739612,1.2777948
79.5,1.4997964,1.1564535,1.2893181
79.52,1.4717461,1.0620973,1.1994348
79.54,1.3919852,1.0842574,1.0579295
79.56,1.4642725,1.1208878,1.1589606
79.58,1.4659082,1.0971884,1.166157
79.6,1.507541,1.1792886,1.3705443
79.62,1.4402418,1.135364,1.177256
79.64,1.571604,1.2917523,1.3108776
79.66,1.6338897,1.3512535,1.330473
79.68,1.5626198,1.232234,1.1839898
79.7,1.5562568,1.2240856,1.2833128
79.72,1.476344,1.1112064,1.2779849
79.74,1.5608695,1.2806584,1.2596037
79.76,1.5317136,1.2604041,1.1966994
79.78,1.4583277,1.1339344,1.1203532
79.8,1.3675606,0.9695625,1.1785661
79.82,1.4218735,1.0378503,1.1553868
79.84,1.5555587,1.1873509,1.2304758
79.86,1.4097869,1.053181,1.2455114
79.88,1.494068,1.1871887,1.1995215
79.9,1.4652438,1.1270032,1.1170363
79.92,1.365999,1.0240362,1.0386095
79.94,1.6208202,1.3116064,1.3525751
79.96,1.4500879,1.1771886,1.1933767
79.98,1.5502298,1.2832963,1.2341412
80.0,1.4862783,1.1483659,1.1912825
80.02,1.5185045,1.1867024,1.2919512
80.04,1.4177065,0.98704267,1.1589457
80.06,1.4878143,1.198712,1.1995865
80.08,1.6057568,1.3018651,1.0414438
80.1,1.5583005,1.3087525,1.160777
80.12,1.5426023,1.2214775,1.3619714
80.14,1.6842208,1.3949038,1.2345697
80.16,1.6009691,1.3462185,1.0397441
80.18,1.8432779,1.6259296,1.4215062
80.2,1.7239708,1.4209921,1.287306
80.22,1.6932011,1.4002941,1.2664201
80.24,1.6980814,1.4096283,1.1235987
80.26,1.6476737,1.306082,1.1812187
80.28,1.7188154,1.3891565,1.3081234
80.3,1.6790996,1.3609241,1.3505031
80.32,1.9420989,1.6422163,1.4389038
80.34,1.8279173,1.5503646,1.3156967
80.36,1.704618,1.3966765,1.2113454
80.38,1.8329701,1.569435,1.4304496
80.4,1.8747205,1.5986286,1.3650932
80.42,1.8449225,1.5024717,1.436027
80.44,1.6729556,1.3617117,1.3420606
80.46,1.6940191,1.3926946,1.451639
80.48,1.8390477,1.6422832,1.4264439
80.5,1.6697294,1.3909167,1.2746495
80.52,1.7599974,1.5067656,1.4441242
80.54,1.664856,1.4061718,1.3619076
80.56,1.6495817,1.4025109,1.2716329
80.58,1.8648273,1.5876355,1.4430192
80.6,1.8639637,1.5392412,1.3151299
80.62,1.6241205,1.2894517,1.2230198
80.64,1.5740324,1.2091027,1.1225566
80.66,1.70242,1.3410007,1.3111022
80.68,1.6377352,1.3558238,1.2046926
80.7,1.6596973,1.3354124,1.2960384
80.72,1.6430995,1.3294078,1.1704241
80.74,1.6083664,1.1439042,1.0498016
80.76,1.5949703,1.2860999,1.3348967
80.78,1.6933117,1.3034903,1.429813
80.8,1.7259245,1.3473821,1.2064114
80.82,1.7385054,1.3342178,1.385987
80.84,1.7314047,1.3450539,1.2876762
80.86,1.5923858,1.1947376,1.203555
80.88,1.6215131,1.1763008,1.1651083
80.9,1.6788541,1.3263643,1.3059676
80.92,1.645354,1.2822461,1.2840152
80.94,1.767894,1.3941548,1.4314736
80.96,1.7485564,1.3616917,1.1740628
80.98,1.5969176,1.1896641,1.1931006
81.0,1.7141252,1.2881504,1.3631675
81.02,1.5839686,1.1529534,1.2683699
81.04,1.5609175,1.1100429,1.1894399
81.06,1.5293405,1.0875993,1.2465551
81.08,1.5981132,1.2003623,1.1529003
81.1,1.5953225,1.1956117,1.0657189
81.12,1.5221004,1.1790322,1.2827789
81.14,1.7144309,1.4192886,1.3064255
81.16,1.6265855,1.2479528,1.4493978
81.18,1.7285043,1.3666294,1.1745205
81.2,1.6439652,1.2299786,1.2542031
81.22,1.6658002,1.3128636,1.1745574
81.24,1.5617089,1.183919,1.1680735
81.26,1.6382611,1.2539966,1.1210495
81.28,1.624397,1.219698,1.2474034
81.3,1.6236824,1.2477325,1.1414127
81.32,1.7055624,1.3005973,0.9884573
81.34,1.7381823,1.2947499,1.1662834
81.36,1.7060672,1.2839174,1.1693199
81.38,1.7212753,1.262344,1.1633657
81.4,1.6334771,1.1831988,1.0932268
81.42,1.7660503,1.331495,1.0893418
81.44,1.761911,1.3527583,1.2392797
81.46,1.6255262,1.1808031,1.178051
81.48,1.5833776,1.1744294,1.0149077
81.5,1.5966597,1.2033134,1.0893418
81.52,1.677627,1.2898567,1.2059513
81.54,1.49299,1.2113745,1.1673831
81.56,1.5733662,1.1471682,1.1502125
81.58,1.584205,1.2163347,1.2376558
81.6,1.7430227,1.3602169,1.1877038
81.62,1.6922499,1.335783,1.1543057
81.64,1.630678,1.2735975,1.0449343
81.66,1.5886662,1.2196078,1.088227
81.68,1.815399,1.4781759,1.3332396
81.7,1.6562192,1.2806584,1.129724
81.72,1.5050303,1.1594452,1.1111532
81.74,1.5234529,1.1657592,1.1567367
81.76,1.4227686,1.0788684,1.0905589
81.78,1.4599187,1.0669785,0.9958674
81.8,1.5666642,1.253865,1.1345484
81.82,1.6160077,1.2933264,1.201226
81.84,1.5370094,1.2532729,1.0927666
81.86,1.4672358,1.1656413,1.0733387
81.88,1.5209191,1.1537402,1.0042161
81.9,1.5336925,1.1731646,1.213648
81.92,1.532911,1.1806633,1.2741461
81.94,1.6672158,1.2872111,1.2721577
81.96,1.6964269,1.3111033,1.1351672
81.98,1.7244052,1.3132614,1.23006
82.0,1.6839316,1.3437451,1.1185179
82.02,1.794237,1.3870174,1.1453103
82.04,1.7984061,1.3575866,1.0642617
82.06,1.7245353,1.3407956,1.2609248
82.08,1.7137538,1.2890892,1.223034
82.1,1.6506255,1.2481731,1.118882
82.12,1.5807503,1.1621689,1.1505743
82.14,1.6181612,1.1747338,1.1468233
82.16,1.6038435,1.2163347,1.2551565
82.18,1.7571653,1.388721,1.1046896
82.2,1.7287426,1.3173165,1.0804154
82.22,1.7895561,1.34534,1.3709934
82.24,1.778516,1.41294,1.4153327
82.26,1.7696935,1.3635883,1.4280901
82.28,1.8278148,1.3833454,1.2819068
82.3,1.7654142,1.2702037,1.2072446
82.32,1.7255772,1.3074706,1.2274141
82.34,1.7194252,1.2515166,1.1856947
82.36,1.7097944,1.232814,1.0866005
82.38,1.8512645,1.3761121,1.2903397
82.4,1.7971146,1.3093197,1.1647809
82.42,1.711458,1.2458582,1.1644161
82.44,1.7976356,1.3505615,1.1975757
82.46,1.580324,1.1241941,1.2606084
82.48,1.5515819,1.1399556,1.2789817
82.5,1.6989632,1.2029248,1.3130581
82.52,1.7489634,1.2868692,1.1442121
82.54,1.6740072,1.2521316,1.2857627
82.56,1.7862679,1.3930302,1.2720488
82.58,1.667036,1.2176676,1.3683285
82.6,1.6161003,1.1879065,1.212018
82.62,1.5482721,1.0912838,1.205261
82.64,1.5842997,1.1087295,1.1780069
82.66,1.6557218,1.2201263,1.2720282
82.68,1.5518231,1.1246833,1.1898189
82.7,1.5782374,1.1481744,1.2504091
82.72,1.5909979,1.193379,1.1970688
82.74,1.597785,1.2541282,1.2795916
82.76,1.5671422,1.236555,1.1824805
82.78,1.5709844,1.2850946,1.1555444
82.8,1.5702691,1.2982275,1.2714489
82.82,1.5840869,1.2968291,1.2525774
82.84,1.4718734,1.1299511,1.1953801
82.86,1.4235579,1.0829126,1.3913625
82.88,1.42411,0.96547055,1.1900811
82.9,1.525737,1.1002162,1.2337549
82.92,1.4623533,1.1596823,1.1836456
82.94,1.4009678,1.1009157,1.2160244
82.96,1.5031879,1.1975417,1.2777746
82.98,1.4806747,1.1334009,1.2659819
83.0,1.4554232,1.0864865,1.3636063
83.02,1.4745166,1.0756782,1.4244854
83.04,1.5300503,1.078639,1.3282816
83.06,1.3503946,1.0157874,1.3649344
83.08,1.3762403,1.062149,1.3865875
83.1,1.3904511,1.0444255,1.3382373
83.12,1.5169501,1.159777,1.2869759
83.14,1.45766,1.1096961,1.172792
83.16,1.4849424,1.1511159,1.4614959
83.18,1.3618809,1.0134028,1.3808858
83.2,1.4856231,1.1438801,1.3248179
83.22,1.4210569,1.0641661,1.4143767
83.24,1.4480464,1.0701432,1.2019764
83.26,1.4359977,1.0333902,1.2581025
83.28,1.4371706,1.0942276,1.2887733
83.3,1.3695853,0.97346777,1.3153737
83.32,1.4397478,1.010142,1.2680416
83.34,1.4025171,0.9916556,1.29081
83.36,1.4262909,1.0122355,1.4804566
83.38,1.3950753,1.0849417,1.3365518
83.4,1.3960948,1.0467132,1.2745407
83.42,1.388322,0.9983975,1.0704836
83.44,1.4004065,1.0440834,1.1657406
83.46,1.3578331,0.9517902,1.1910787
83.48,1.4439032,1.0730424,1.1534342
83.5,1.3916624,1.0139995,1.3614429
83.52,1.4350587,1.0734779,1.1955832
83.54,1.4636331,1.0530244,1.1822238
83.56,1.4646304,1.0876245,1.1855557
83.58,1.54774,1.1662308,1.1991673
83.6,1.4950953,1.1417149,1.2067707
83.62,1.3888073,1.0581813,1.3330184
83.64,1.4857996,1.1214763,1.1810278
83.66,1.4883679,1.2071,1.0438967
83.68,1.4267372,1.0875236,1.1261036
83.7,1.4502428,1.1124429,1.4612467
83.72,1.3955046,1.0262085,1.1789411
83.74,1.4354501,1.1496341,1.2959849
83.76,1.4518943,1.0951818,1.2537329
83.78,1.3820505,0.98182,1.2335931
83.8,1.4783716,1.1064458,1.4531792
83.82,1.4714916,1.0749367,1.3231808
83.84,1.3953705,1.0625113,1.4372338
83.86,1.3963094,0.99359447,1.638478
83.88,1.4173366,1.0356226,1.3678784
83.9,1.394055,0.98148394,1.3389821
83.92,1.4347194,1.0269316,1.289392
83.94,1.353054,0.9350333,1.2657764
83.96,1.3744159,0.96413124,1.1918573
83.98,1.2601142,0.9286308,1.2620794
84.0,1.3955582,1.0144331,1.3797867
84.02,1.3624858,0.9971576,1.2826775
84.04,1.4202924,1.0608022,1.2376207
84.06,1.3851898,0.9682572,1.4783233
84.08,1.3088558,0.9518191,1.1396644
84.1,1.269263,0.9179107,1.2970747
84.12,1.2978234,0.94794065,1.3474439
84.14,1.309828,0.96944904,1.3721249
84.16,1.1685952,0.90463585,1.2256398
84.18,1.2750909,1.0538595,1.4141929
84.2,1.234537,0.9879056,1.3319514
84.22,1.2682006,1.0099515,1.3540357
84.24,1.2199526,0.96512866,1.3604618
84.26,1.2655108,0.99356675,1.357342
84.28,1.280746,1.0157874,1.4094338
84.3,1.3034375,0.9845046,1.2631298
84.32,1.311428,0.99594367,1.3518058
84.34,1.255619,1.0065155,1.2933865
84.36,1.378931,0.9886568,1.3277398
84.38,1.3656427,1.0600504,1.3836455
84.4,1.3844326,1.0670557,1.3484087
84.42,1.3392572,1.0902252,1.2646253
84.44,1.3858653,1.0469233,1.2739147
84.46,1.3597347,1.0411035,1.2099777
84.48,1.3195405,1.0388829,1.2549424
84.5,1.4058238,1.0344805,1.2097055
84.52,1.3787954,1.0690637,1.4682842
84.54,1.3350568,1.0519795,1.1811379
84.56,1.3776271,1.0504887,1.3270082
84.58,1.3758049,1.0400201,1.2302432
84.6,1.3564537,1.0055318,1.264255
84.62,1.3569504,1.0548766,1.1351291
84.64,1.3653684,1.0654055,1.1907876
84.66,1.3150208,1.0616312,1.1897606
84.68,1.3828088,1.0884837,1.1348236
84.7,1.5024652,1.0511167,1.112354
84.72,1.4016893,0.9769355,1.0627862
84.74,1.4394097,1.0902756,1.0391436
84.76,1.3791213,1.0080986,1.2869018
84.78,1.3529986,0.98391795,1.3726239
84.8,1.4102914,1.0549026,1.4057074
84.82,1.3500619,1.0239824,1.2925082
84.84,1.3292663,0.9907125,1.0646446
84.86,1.4702952,1.1106373,1.2101353
84.88,1.3295481,0.94805664,1.168823
84.9,1.4893489,1.1148622,1.2812911
84.92,1.6092043,1.1623582,1.2903666
84.94,1.4984725,1.0371348,1.1624562
84.96,1.5132926,1.0961856,1.2804044
84.98,1.5540898,1.1744998,1.2040519
85.0,1.606596,1.2125541,1.3338895
85.02,1.496397,1.1241208,1.2559507
85.04,1.4942434,1.1061724,1.1814167
85.06,1.5852919,1.187212,1.4059232
85.08,1.491635,1.0884333,1.4418893
85.1,1.5501089,1.0924422,1.2859447
85.12,1.5479817,1.1216724,1.0288808
85.14,1.6109949,1.0565692,0.9947699
85.16,1.6064794,1.1663722,1.2123971
85.18,1.6070853,1.0790467,1.0290494
85.2,1.5825734,1.0505412,1.1155374
85.22,1.5844415,1.0693208,1.1660901
85.24,1.6790324,1.1939318,1.0264428
85.26,1.660577,1.1088039,1.0351394
85.28,1.6412983,1.2129395,1.3540806
85.3,1.5734613,1.12253,1.1477678
85.32,1.6366602,1.1681153,1.1810865
85.34,1.6169112,1.1243409,1.0397525
85.36,1.6080171,1.1237539,1.1621579
85.38,1.5297322,1.0811849,1.14807
85.4,1.6141762,1.1421483,1.0735729
85.42,1.6653281,1.2263072,1.1839093
85.44,1.6335688,1.1261978,1.2432541
85.46,1.6054769,1.1648626,1.2251164
85.48,1.714016,1.1611512,1.1467476
85.5,1.6229211,1.1810591,1.3627605
85.52,1.5500606,1.1094235,1.1413293
85.54,1.7406363,1.2366884,1.2676519
85.56,1.6819738,1.1837564,1.273595
85.58,1.7057599,1.2348417,1.3443134
85.6,1.5996354,1.1450813,1.3098651
85.62,1.6660025,1.2283232,1.3920165
85.64,1.6339583,1.1152567,1.291911
85.66,1.6368434,1.1952207,1.2037278
85.68,1.6005714,1.1132087,1.126904
85.7,1.6342793,1.2001561,1.3651186
85.72,1.5890195,1.16682,1.2471184
85.74,1.5990735,1.1905882,1.1811086
85.76,1.6344855,1.1662779,1.2113383
85.78,1.6445575,1.2379993,1.2261986
85.8,1.6233594,1.1136285,1.179081
85.82,1.6147327,1.1251233,1.2664545
85.84,1.5976443,1.1208142,1.1759075
85.86,1.6358365,1.0994912,1.3672383
85.88,1.7054964,1.2293078,1.4655421
85.9,1.5695536,1.10982,1.350792
85.92,1.5962845,1.1122204,1.2976228
85.94,1.5712705,1.0809051,1.3097062
85.96,1.6178834,1.109374,1.4585804
85.98,1.6297592,1.1878139,1.1917483
86.0,1.6976624,1.237555,1.3168098
86.02,1.6499901,1.1789622,1.3829374
86.04,1.6774037,1.2029248,1.3167636
86.06,1.6991615,1.1916269,1.2544241
86.08,1.6298053,1.1042072,1.4227499
86.1,1.6431451,1.1892018,1.1943643
86.12,1.6428943,1.2067356,1.5191633
86.14,1.5297567,1.1094731,1.5353589
86.16,1.5643921,1.169362,1.5190834
86.18,1.456709,1.0453991,1.4596142
86.2,1.533668,1.191696,1.42614
86.22,1.427393,1.075857,1.527047
86.24,1.3872696,1.081134,1.4500915
86.26,1.457814,1.0571415,1.4164227
86.28,1.4104509,1.0737596,1.4397893
86.3,1.4183402,1.0658442,1.0739443
86.32,1.4374573,1.054329,1.2730366
86.34,1.5024902,1.1596348,1.373129
86.36,1.4739325,1.0494938,1.3158877
86.38,1.4400078,1.0833441,1.408012
86.4,1.4544969,1.0920897,1.4515555
86.42,1.531249,1.1535733,1.5739217
86.44,1.390074,1.074553,1.6877768
86.46,1.3933833,1.0237408,1.5639974
86.48,1.5567619,1.1519037,1.4171937
86.5,1.4516622,1.0629253,1.0811212
86.52,1.4679247,1.059246,1.1266193
86.54,1.4285992,1.1204708,1.3804651
86.56,1.4038515,1.1621926,1.7469182
86.58,1.4497005,1.1092006,1.5317521
86.6,1.4499587,1.1131098,1.4200966
86.62,1.5415097,1.17103,1.3158548
86.64,1.495546,1.2203064,1.4374449
86.66,1.5050054,1.2491859,1.5235286
86.68,1.5330087,1.275043,1.4442923
86.7,1.5576035,1.2652158,1.563953
86.72,1.437874,1.1084567,1.4487456
86.74,1.4462092,1.1137272,1.4919485
86.76,1.5855991,1.2458582,1.6672277
86.78,1.5334482,1.2117829,1.41472
86.8,1.5296097,1.0982403,1.3834013
86.82,1.4184194,1.0902,1.447686
86.84,1.4437734,1.1268568,1.3965807
86.86,1.5025901,1.1292939,1.3234558
86.88,1.4290185,1.0400466,1.4442683
86.9,1.5399057,1.2322564,1.6028125
86.92,1.3279417,0.9234352,1.6876535
86.94,1.390074,1.0577656,1.7270479
86.96,1.4056374,1.1003162,1.6348017
86.98,1.3575575,1.0459776,1.9464062
87.0,1.3560119,1.0135113,1.7088602
87.02,1.3803968,1.0878774,1.8331068
87.04,1.3250059,0.9615041,1.5691278
87.06,1.3479524,0.95723414,1.5249449
87.08,1.3683271,0.9996635,1.5021468
87.1,1.4021701,0.9872097,1.6553762
87.12,1.3934371,1.0519795,1.6183425
87.14,1.3649021,1.003753,1.5894122
87.16,1.3580813,0.982044,1.6662862
87.18,1.4342756,0.96458733,1.305071
87.2,1.4549859,1.0387241,1.6466699
87.22,1.4251353,1.0468183,1.6520052
87.24,1.4834793,0.9984801,1.6731454
87.26,1.4944439,0.97080934,1.6840898
87.28,1.5145786,0.960102,1.4281143
87.3,1.4823935,1.0028212,1.3672128
87.32,1.5124013,1.0090255,1.6116105
87.34,1.5160613,1.0073074,1.6281486
87.36,1.4908565,0.9931793,1.6561146
87.38,1.4730686,0.9966887,1.4176403
87.4,1.5203035,1.047396,1.5593618
87.42,1.4844632,0.9763443,1.4125798
87.44,1.520722,1.070965,1.6855769
87.46,1.5499641,1.0703231,1.6379331
87.48,1.4942183,1.0514044,1.7671833
87.5,1.4902537,1.0764703,1.7295159
87.52,1.493015,0.98089546,1.5927634
87.54,1.5055276,1.0214554,1.5728086
87.56,1.5447128,1.0463191,1.5111697
87.58,1.5823367,1.0536509,1.4905417
87.6,1.5684558,1.088408,1.4547713
87.62,1.4644003,1.0321124,1.5916853
87.64,1.5653492,1.0692693,1.5970035
87.66,1.5471108,1.0464505,1.4711924
87.68,1.6001971,1.0830395,1.6380601
87.7,1.6207509,1.1277105,1.5624557
87.72,1.5545957,1.0288306,1.6853403
87.74,1.5421654,1.034507,1.5334152
87.76,1.6020681,1.0796835,1.5279381
87.78,1.563123,0.99295783,1.371537
87.8,1.5261295,1.009897,1.470043
87.82,1.577929,1.059246,1.6876073
87.84,1.5528363,1.0874982,1.735466
87.86,1.573509,1.068755,1.679832
87.88,1.635722,1.1317016,1.9447262
87.9,1.5576516,1.045741,1.5431597
87.92,1.5142572,1.0418954,1.6372395
87.94,1.5887604,1.0413939,1.6312873
87.96,1.6905452,1.100466,1.4172182
87.98,1.6249502,1.1218439,1.6404771
88.0,1.5724854,1.0681117,1.7043184
88.02,1.481408,0.9721395,1.3966365
88.04,1.4739071,0.998838,1.4823878
88.06,1.4651929,0.9688533,1.4047573
88.08,1.6214437,1.1181374,1.2602233
88.1,1.5747697,1.0481306,1.4207008
88.12,1.605127,1.1442887,1.5167358
88.14,1.5360589,1.0251362,1.2478689
88.16,1.6592461,1.162642,1.3755704
88.18,1.5439855,1.0400995,1.3318212
88.2,1.5783323,1.0442413,1.5270697
88.22,1.4752276,0.9513569,1.3306034
88.24,1.5337169,0.97848207,1.2647076
88.26,1.4504752,0.9487524,1.227407
88.28,1.5365219,1.0076077,1.4085108
88.3,1.5238707,0.99221,1.1733167
88.32,1.5633147,1.073068,1.2696064
88.34,1.531958,1.0233916,1.3163159
88.36,1.4532863,0.9916556,1.2137337
88.38,1.4912332,1.0138639,1.1800363
88.4,1.5734137,1.0849925,1.2416492
88.42,1.5695775,0.9718001,1.3464785
88.44,1.5863073,1.0179234,1.4123955
88.46,1.4926889,1.0155709,1.4065645
88.48,1.4620972,0.98951846,1.2668926
88.5,1.5622364,1.0012848,1.4115851
88.52,1.5212637,0.9831352,1.4756291
88.54,1.5314202,0.9325602,1.3683665
88.56,1.5391273,1.0430294,1.553407
88.58,1.5898205,1.0751413,1.6318717
88.6,1.5814846,1.058571,1.4560937
88.62,1.4772315,0.973976,1.2532763
88.64,1.5788068,1.1122944,1.5117719
88.66,1.5225185,1.1304376,1.3469226
88.68,1.5688378,1.0643469,1.485747
88.7,1.4804219,1.0373203,1.3566265
88.72,1.5193672,0.9939817,1.4639913
88.74,1.5667121,1.0514306,1.3694495
88.76,1.5088071,0.95522153,1.3051109
88.78,1.5571947,1.0477896,1.4348128
88.8,1.5804423,1.0287238,1.4403372
88.82,1.5396625,0.97952116,1.3288233
88.84,1.5037607,0.97061104,1.2326722
88.86,1.4562206,0.99450713,1.3577508
88.88,1.4733226,0.967888,1.4158963
88.9,1.4594314,1.0031228,1.3959783
88.92,1.4584303,0.95164585,1.246242
88.94,1.5038106,0.9890739,1.388412
88.96,1.4571975,1.0329645,1.3395712
88.98,1.501493,1.0974138,1.3950527
89.0,1.4053977,0.9475055,1.4465296
89.02,1.3682723,0.99021286,1.318928
89.04,1.4279176,0.99569523,1.2641865
89.06,1.4052112,0.9783416,1.2831304
89.08,1.5140098,1.0081532,1.335176
89.1,1.4719497,0.9377932,1.2250597
89.12,1.4703716,1.0066794,1.176674
89.14,1.502565,1.047396,1.2969544
89.16,1.4844381,1.0194077,1.4069281
89.18,1.4484084,0.9964129,1.4297101
89.2,1.4594314,0.9029323,1.2818458
89.22,1.4246095,0.9486365,1.1970543
89.24,1.4207671,0.9789035,1.2020918
89.26,1.362211,0.90046257,1.3139821
89.28,1.3199377,0.88070506,1.2570201
89.3,1.4559891,1.0171129,1.54531
89.32,1.419,1.0216169,1.2622855
89.34,1.4418788,1.0067068,1.2754655
89.36,1.5192933,1.080956,1.216445
89.38,1.428075,0.96475834,1.2801741
89.4,1.3329515,0.95037377,1.2509359
89.42,1.3854871,0.94532675,1.1976553
89.44,1.3270955,0.9731006,1.3266228
89.46,1.3953705,0.97360903,1.3225713
89.48,1.3235073,0.89939326,1.3616531
89.5,1.3486743,0.9384087,1.2993653
89.52,1.3789583,0.9475635,1.2391748
89.54,1.3838105,0.95898455,1.3332915
89.56,1.5129213,1.0565692,1.3860309
89.58,1.4641957,0.9985352,1.44611
89.6,1.4286517,0.9321768,1.4915824
89.62,1.4956211,1.0854738,1.2566822
89.64,1.418129,0.98681974,1.348756
89.66,1.4211621,0.9644163,1.380999
89.68,1.4436955,1.00112,1.3616147
89.7,1.4755828,1.0216708,1.4450786
89.72,1.4425279,0.9381449,1.3279814
89.74,1.4387591,1.0175182,1.2787038
89.76,1.3913394,0.8957789,1.23858
89.78,1.5056024,1.0661794,1.3812814
89.8,1.5877701,1.0956086,1.3469162
89.82,1.5415341,1.0920142,1.2041094
89.84,1.4607905,0.97642875,1.2419285
89.86,1.5583725,1.0184364,1.3923155
89.88,1.4993967,1.0329645,1.4551407
89.9,1.4921368,1.066824,1.3312871
89.92,1.5571226,1.04876,1.3886993
89.94,1.5610135,1.0747066,1.2016084
89.96,1.4815091,0.9931793,1.223445
89.98,1.5570745,1.0070617,1.2970147
90.0,1.3923348,0.86234516,1.2804247
90.02,1.324271,0.8998517,1.4225792
90.04,1.4040649,0.9464313,1.3752931
90.06,1.4328129,0.98229593,1.3267207
90.08,1.4447327,0.8818281,1.3826114
90.1,1.477713,0.98190403,1.222715
90.12,1.449468,0.9877665,1.1611279
90.14,1.5901504,1.0860057,1.336928
90.16,1.4911077,1.0111758,1.3194866
90.18,1.4784982,0.97884727,1.1787794
90.2,1.5597416,1.0567253,1.4848771
90.22,1.5091298,1.0263424,1.4205788
90.24,1.5353762,1.0520056,1.5516759
90.26,1.5003954,1.0635717,1.4036644
90.28,1.4296211,0.96270436,1.2132407
90.3,1.4145069,0.8612924,1.3143188
90.32,1.4661126,0.94558847,1.4067986
90.34,1.4202924,0.9328255,1.2920787
90.36,1.4464424,1.033869,1.3014787
90.38,1.3887804,0.9070033,1.2523283
90.4,1.4491062,0.9466927,1.3047521
90.42,1.4020633,0.9106335,1.3795857
90.44,1.3913125,0.90000445,1.2571788
90.46,1.4892985,0.96848434,1.3460792
90.48,1.4728397,0.97876304,1.2625875
90.5,1.3990957,0.87660605,1.1725776
90.52,1.4098401,0.95101,1.1945965
90.54,1.4093088,0.9541272,1.2589568
90.56,1.3985871,0.9932623,1.2295594
90.58,1.4727126,1.1033354,1.2483482
90.6,1.3831067,0.93052375,1.3323873
90.62,1.4593287,0.98092353,1.3303556
90.64,1.3665472,0.92510104,1.2112167
90.66,1.3939744,0.9719132,1.2216296
90.68,1.4294376,1.0139452,1.2330378
90.7,1.3959608,1.0022453,1.3408909
90.72,1.3562328,0.8740305,1.2621893
90.74,1.4449658,1.0031776,1.428873
90.76,1.4304066,0.9624472,1.5318311
90.78,1.4603033,0.8469684,1.3817018
90.8,1.4576855,0.93679595,1.3976355
90.82,1.5060747,0.9918774,1.4934181
90.84,1.5904799,1.07486,1.6448367
90.86,1.489198,1.0120182,1.6614873
90.88,1.434093,0.98924065,1.5770255
90.9,1.4619435,1.065612,1.3397913
90.92,1.4551916,0.99927837,1.3848855
90.94,1.4444475,0.98383415,1.2429402
90.96,1.5122776,1.0623561,1.3145232
90.98,1.5155919,1.0683433,1.2198968
91.0,1.4721023,0.9808114,1.3445002
91.02,1.4048114,0.91280466,1.2904406
91.04,1.5765283,1.139811,1.3113403
91.06,1.5548605,1.1092501,1.333415
91.08,1.5333993,1.1017394,1.4264865
91.1,1.4745675,0.9866804,1.3433261
91.12,1.4317411,0.9210802,1.2481745
91.14,1.4027308,0.90281045,1.287225
91.16,1.4688427,0.98609513,1.2191005
91.18,1.5368874,1.011964,1.3150638
91.2,1.5575074,1.0784351,1.2435191
91.22,1.4877892,0.9801384,1.236289
91.24,1.4991221,0.95864046,1.322781
91.26,1.5871805,1.0878521,1.3503299
91.28,1.5422869,1.086031,1.2413698
91.3,1.5605336,0.9979292,1.2310816
91.32,1.5814846,1.0352509,1.2822788
91.34,1.5270616,0.98584414,1.359971
91.36,1.5205004,0.92643744,1.3020248
91.38,1.4922373,0.9793807,1.3670796
91.4,1.5387137,0.88444316,1.1034017
91.42,1.5835431,0.96797323,1.3796296
91.44,1.5992843,1.0300058,1.3014588
91.46,1.5509301,1.0341349,1.2434283
91.48,1.556353,0.98190403,1.3234298
91.5,1.6158223,1.0998414,1.3455896
91.52,1.511708,1.0257797,1.4794548
91.54,1.4044648,1.0180584,1.4829609
91.56,1.4630444,0.98321915,1.2908435
91.58,1.452513,0.91337675,1.2308702
91.6,1.4776117,0.93019867,1.2770551
91.62,1.4743898,0.91500074,1.2352858
91.64,1.4829743,0.93676656,1.2757306
91.66,1.4640678,0.9748789,1.2632396
91.68,1.4198178,0.9007984,1.4527614
91.7,1.490128,0.96595454,1.4296252
91.72,1.4739834,1.0288306,1.280391
91.74,1.520993,1.1295373,1.1901249
91.76,1.4378481,1.0007355,1.3748896
91.78,1.4311395,0.92809784,1.2696611
91.8,1.5703406,1.061424,1.6291493
91.82,1.6151501,1.0819982,1.3346888
91.84,1.609623,1.1059736,1.299005
91.86,1.6053834,1.1248543,1.2661257
91.88,1.5614691,1.0676482,1.215511
91.9,1.6236362,1.07399,1.3181324
91.92,1.5255898,0.9557394,1.3322831
91.94,1.4040916,0.91123706,1.3175668
91.96,1.4727889,0.94730234,1.3796736
91.98,1.4376396,0.9056382,1.3742526
92.0,1.4979476,0.91859937,1.3406386
92.02,1.629966,1.0357554,1.4616561
92.04,1.3989351,0.9268231,1.3899535
92.06,1.4486152,1.0243313,1.4307044
92.08,1.5967066,1.0783331,1.3540422
92.1,1.5347664,0.9951704,1.5863109
92.12,1.5610135,0.9744558,1.3751733
92.14,1.4835045,0.9223032,1.4160984
92.16,1.4973725,0.94387144,1.289002
92.18,1.4696838,0.93370926,1.1227188
92.2,1.5584207,1.0569595,1.2156821
92.22,1.525835,1.0511167,1.2636377
92.24,1.5507612,1.0435565,1.4634937
92.26,1.5547882,1.0704515,1.5601013
92.28,1.4169931,0.8909472,1.4686149
92.3,1.3800169,0.8426075,1.3043866
92.32,1.4129176,0.8903916,1.4142358
92.34,1.5028392,0.8975879,1.2545209
92.36,1.5125252,0.9703278,1.2840353
92.38,1.4687154,0.84897864,1.1177812
92.4,1.4924381,0.9681436,1.2559713
92.42,1.4691741,0.8506609,1.3027306
92.44,1.4785236,0.9195566,1.4085662
92.46,1.4438512,0.80877745,1.3266621
92.48,1.5571947,0.9619901,1.317185
92.5,1.5045573,0.9606459,1.1823632
92.52,1.4589438,0.8960551,1.3795416
92.54,1.4339362,0.8793929,1.5359404
92.56,1.3728349,0.8506286,1.2810678
92.58,1.3856221,0.89304316,1.3280337
92.6,1.4784224,0.93140966,1.3300233
92.62,1.4187889,0.90469664,1.2392099
92.64,1.3794742,0.89792484,1.5209885
92.66,1.3889421,0.864574,1.0890791
92.68,1.4033446,0.87864226,1.3285818
92.7,1.3869188,0.89412,1.3326671
92.72,1.4229791,0.9110259,1.4570222
92.74,1.360065,0.7778996,1.3328168
92.76,1.4664955,0.8667654,1.395736
92.78,1.4201869,0.9461117,1.2760296
92.8,1.4036381,0.8845986,1.466896
92.82,1.3388377,0.8172653,1.2988247
92.84,1.335253,0.8236322,1.3620669
92.86,1.448977,0.9127745,1.3995447
92.88,1.3595142,0.8459616,1.4421659
92.9,1.4152744,0.90396696,1.3515877
92.92,1.4276291,0.9273273,1.4213965
92.94,1.4649882,0.92996216,1.3341236
92.96,1.4439291,0.9194669,1.4193943
92.98,1.3590461,0.8250663,1.2159674
93.0,1.3800983,0.87873614,1.3824106
93.02,1.4182081,0.8606857,1.4026573
93.04,1.3786867,0.83687794,1.1893816
93.06,1.4069154,0.850273,1.256482
93.08,1.3660264,0.8967605,1.0426003
93.1,1.4323164,0.9603024,1.2237144
93.12,1.3370185,0.8518236,1.2329042
93.14,1.361331,0.8775151,1.2605603
93.16,1.4186041,0.89261204,1.2515734
93.18,1.4617386,0.9721112,1.2342607
93.2,1.4113002,0.8719519,1.2255479
93.22,1.4345367,0.8371407,1.1903579
93.24,1.4106368,0.8851268,1.3222828
93.26,1.4429952,0.9179706,1.2411532
93.28,1.3934371,0.86074954,1.129179
93.3,1.4117247,0.91743135,1.1763202
93.32,1.3836751,0.8523721,1.1662017
93.34,1.4675932,0.88958836,1.2090602
93.36,1.438681,0.932796,1.2428565
93.38,1.374525,0.8718889,1.3385093
93.4,1.4465976,0.9259328,1.1740628
93.42,1.4204507,0.854434,1.1867983
93.44,1.3888882,0.9129853,1.1486286
93.46,1.4938926,0.9960817,1.3036352
93.48,1.4641446,0.95464575,1.2831776
93.5,1.431558,0.91821015,1.1063992
93.52,1.4289923,1.0108222,1.1648924
93.54,1.3879173,0.9495345,1.279944
93.56,1.4458467,0.9987003,1.2521483
93.58,1.4163852,0.9084571,1.0566913
93.6,1.44245,0.9399894,1.2919245
93.62,1.4553204,0.99062926,1.4011359
93.64,1.4035314,0.91334665,1.2961051
93.66,1.4352154,0.93444514,1.1692013
93.68,1.4393575,1.0110126,1.1107552
93.7,1.3861085,0.9736655,1.2613922
93.72,1.4580452,0.9977364,1.3977473
93.74,1.4261596,0.9051827,1.3625122
93.76,1.4536213,1.0011475,1.2042103
93.78,1.5281157,1.0544072,1.0718434
93.8,1.4507332,0.97685105,1.3225253
93.82,1.4481758,0.94486123,1.2042823
93.84,1.5125252,1.0174642,1.2444878
93.86,1.396524,0.85655504,1.1633508
93.88,1.4086976,0.95308924,1.1234443
93.9,1.419897,1.0203782,1.3259037
93.92,1.4813322,1.0071436,1.3266358
93.94,1.4702952,0.9714322,1.2507696
93.96,1.4349805,0.9704128,1.3796611
93.98,1.4320027,0.9536084,1.235833
94.0,1.4009945,0.9416843,1.1887546
94.02,1.3765938,0.9618758,1.2729275
94.04,1.3757776,0.9338565,1.2739966
94.06,1.4630957,0.9178209,1.2928904
94.08,1.4573772,0.94019413,1.1427944
94.1,1.421689,0.8546592,1.0924969
94.12,1.5486832,0.98918504,1.1763202
94.14,1.5439612,1.0093796,1.178522
94.16,1.4916852,0.9974332,1.1559944
94.18,1.4381604,0.89954615,1.1717418
94.2,1.5254178,0.969137,1.2164949
94.22,1.5329354,1.0187603,1.0807604
94.24,1.5716517,1.1240231,1.151079
94.26,1.4434623,0.97117746,1.1716826
94.28,1.4550374,0.93975544,1.1892868
94.3,1.4261596,1.0058599,1.124609
94.32,1.4053442,0.9548184,1.1726589
94.34,1.3586603,0.8588309,1.0734922
94.36,1.3858924,0.9539542,1.0680268
94.38,1.472026,1.0196506,1.0985036
94.4,1.4999461,0.990657,1.1490513
94.42,1.5254425,1.1026872,1.1686746
94.44,1.3722075,0.88117313,1.1347319
94.46,1.4259495,0.9719415,0.99528396
94.48,1.3675332,0.94599545,1.0057343
94.5,1.4340408,0.98550946,1.051897
94.52,1.44354,1.0175992,1.0637647
94.54,1.5047814,1.0346664,1.1196488
94.56,1.4992219,1.0157603,0.92451876
94.58,1.4274718,0.9662675,1.0564451
94.6,1.4841605,1.0082077,0.8468343
94.62,1.4899521,0.97315705,1.2091463
94.64,1.4518943,0.98139995,1.0232366
94.66,1.3804781,0.9251307,1.0958564
94.68,1.4743898,0.9712624,1.1344873
94.7,1.4503719,0.98170805,1.0732498
94.72,1.4150627,0.9614755,1.061521
94.74,1.4688172,0.94095415,1.1525319
94.76,1.4505785,0.97561187,0.95352805
94.78,1.4182609,1.0024374,1.1315031
94.8,1.4132092,0.9294003,1.0772812
94.82,1.4587127,0.9723091,0.9732543
94.84,1.4265532,0.93306124,1.009503
94.86,1.4878143,1.0197853,0.9848371
94.88,1.4068623,0.93603253,0.866258
94.9,1.4510171,0.9524833,0.9905777
94.92,1.4406837,1.0108494,1.0818669
94.94,1.4607393,0.95579696,1.2221618
94.96,1.448486,0.90990865,1.2345417
94.98,1.5581805,1.0102508,1.2712647
95.0,1.5023905,0.95103896,1.1956484
95.02,1.5310289,0.97654134,1.2319968
95.04,1.4756336,0.9354743,1.2733157
95.06,1.4085115,0.91674185,1.0477184
95.08,1.4406579,0.9452977,1.1632614
95.1,1.5537524,1.022182,1.2468611
95.12,1.4527194,0.93632615,1.1260883
95.14,1.4300662,0.89178,1.0695518
95.16,1.500021,1.003616,1.3143648
95.18,1.5390544,0.98835087,1.2571168
95.2,1.4127321,0.9380864,1.0893817
95.22,1.479182,1.0095702,1.2909846
95.24,1.4683074,0.9300805,1.0919412
95.26,1.4255555,0.9378518,1.166878
95.28,1.35557,0.846124,1.0510561
95.3,1.4119898,0.841432,1.0489755
95.32,1.4430212,0.84071285,1.1536522
95.34,1.510221,0.9296369,1.1307288
95.36,1.4845389,0.9808114,1.2286354
95.38,1.6262863,1.086031,1.1905546
95.4,1.5424567,1.0167884,1.3292539
95.42,1.6166795,1.0565172,1.2650024
95.44,1.5744843,0.99952585,1.3590207
95.46,1.6137122,1.0043827,1.2683152
95.48,1.5454884,0.9557682,1.4141624
95.5,1.6253419,1.0098426,1.4076426
95.52,1.5684081,0.9763443,1.3946674
95.54,1.5730805,0.9966611,1.4299709
95.56,1.6609151,1.0780271,1.2635279
95.58,1.6919179,1.0949559,1.1923883
95.6,1.6606672,1.0684463,1.2813995
95.62,1.6392435,1.026396,1.3970275
95.64,1.5952051,1.0174642,1.3434553
95.66,1.5009942,0.96649516,1.5003567
95.68,1.57408,1.0206476,1.1540879
95.7,1.5029886,0.8881966,1.5654491
95.72,1.5595496,1.1274178,1.5380274
95.74,1.5438641,1.0447677,1.4743184
95.76,1.5822656,1.0496247,1.5188608
95.78,1.5543789,1.0594018,1.3928945
95.8,1.5685035,1.0892413,1.620912
95.82,1.5337657,1.0154626,1.5262747
95.84,1.4866562,0.98523045,1.4432235
95.86,1.5178878,1.09809,1.4714752
95.88,1.4935666,1.0722222,1.4044178
95.9,1.5037358,1.0556581,1.3323939
95.92,1.61139,1.212214,1.5439236
95.94,1.6830419,1.2459023,1.4123648
95.96,1.6520314,1.1969906,1.4272034
95.98,1.5638894,1.0658699,1.3209314
96.0,1.5234036,1.0638044,1.2795442
96.02,1.5334238,1.0109854,1.2491813
96.04,1.5619967,1.0141622,1.280885
96.06,1.6045437,1.0389622,1.3056821
96.08,1.5337169,1.0743227,1.2633977
96.1,1.5911155,1.0567513,1.2439233
96.12,1.5728188,1.1405585,1.3684108
96.14,1.6412296,1.1588285,1.3809298
96.16,1.5480059,1.0465293,1.2237214
96.18,1.4540333,1.0944034,1.3785924
96.2,1.486631,1.1314101,1.2767224
96.22,1.4346411,1.1080598,1.399873
96.24,1.4376917,0.9904628,1.3576932
96.26,1.50841,1.1184814,1.3168823
96.28,1.4619435,1.0784606,1.3685375
96.3,1.4942684,1.1691033,1.4257569
96.32,1.5354493,1.225253,1.5324764
96.34,1.5976913,1.2932838,1.6949377
96.36,1.5375695,1.1962324,1.4540142
96.38,1.5815793,1.186656,1.3851924
96.4,1.753304,1.3308548,1.5147226
96.42,1.8123025,1.344011,1.5377963
96.44,1.7699896,1.3413286,1.6298623
96.46,1.7024639,1.3225032,1.7331214
96.48,1.6879075,1.3193603,1.478083
96.5,1.6974639,1.1670085,1.410817
96.52,1.8689592,1.3315362,1.4625276
96.54,1.7442466,1.1773988,1.3684171
96.56,1.7663472,1.24978,1.2571718
96.58,1.594172,1.1579028,1.3819151
96.6,1.6869975,1.2734032,1.2279508
96.62,1.7316426,1.2715882,1.252806
96.64,1.8350118,1.3958299,1.381865
96.66,1.730085,1.3952587,1.3101828
96.68,1.5779053,1.2468729,1.2808986
96.7,1.5349371,1.2041355,1.2136979
96.72,1.8094076,1.4530009,1.5826285
96.74,1.7845482,1.4497995,1.3594992
96.76,1.9345843,1.5955472,1.4560579
96.78,1.931349,1.5431659,1.5438337
96.8,1.7897444,1.426727,1.4724648
96.82,1.9702185,1.5820671,1.3213186
96.84,1.829105,1.4436424,1.3667879
96.86,1.6867977,1.364455,1.4059541
96.88,1.7270739,1.3636084,1.4265472
96.9,1.8693597,1.5214374,1.6994023
96.92,1.7549264,1.4023736,1.5717831
96.94,1.7799891,1.4302875,1.5983222
96.96,1.8938572,1.5355574,1.4626641
96.98,1.8948457,1.5276052,1.5352516
97.0,1.9355322,1.6330665,1.4432895
97.02,1.9257572,1.5273352,1.515043
97.04,1.8078755,1.4241039,1.521245
97.06,1.8445371,1.4458499,1.5440135
97.08,1.557291,1.1926416,1.4217441
97.1,1.6765776,1.3302554,1.3718404
97.12,1.6934443,1.3386202,1.566335
97.14,1.764523,1.391727,1.3783156
97.16,1.7217104,1.3317428,1.4605583
97.18,1.6691686,1.3279388,1.3759547
97.2,1.6170964,1.292029,1.3502592
97.22,1.6555183,1.2841315,1.4774961
97.24,1.7182924,1.296278,1.300719
97.26,1.7110641,1.3123609,1.3087262
97.28,1.6613435,1.24945,1.4448326
97.3,1.6635959,1.335433,1.4183372
97.32,1.8580079,1.480016,1.6678257
97.34,1.6291617,1.2744175,1.4634107
97.36,1.7721884,1.4260138,1.4791324
97.38,1.7947168,1.535808,1.587349
97.4,1.600548,1.2877235,1.439711
97.42,1.5807266,1.2703986,1.5976439
97.44,1.6785195,1.3749528,1.4846845
97.46,1.7966561,1.486522,1.6161768
97.48,1.7075591,1.4182422,1.5336244
97.5,1.8764771,1.542845,1.5470202
97.52,1.7969896,1.476352,1.3796233
97.54,1.6395633,1.3610858,1.4002694
97.56,1.6022315,1.3434178,1.4890052
97.58,1.7469281,1.4441183,1.403547
97.6,1.7239708,1.4401149,1.6008098
97.62,1.7849259,1.4915626,1.5573758
97.64,1.8496456,1.5474535,1.6074522
97.66,1.9949415,1.6706156,1.561784
97.68,1.8322958,1.4826329,1.6160855
97.7,1.7472924,1.4388351,1.6737412
97.72,1.7704339,1.4417937,1.5974321
97.74,1.7638228,1.4312483,1.5364765
97.76,1.7891166,1.4608699,1.7259281
97.78,1.596519,1.339462,1.5944934
97.8,1.7431945,1.4386631,1.6463803
97.82,1.7856181,1.4738357,1.5557605
97.84,1.712333,1.4224039,1.5948032
97.86,1.620127,1.3381273,1.5604455
97.88,1.8081033,1.5250653,1.7004479
97.9,1.812943,1.4767988,1.6720569
97.92,1.8597403,1.5202806,1.6382824
97.94,1.8006741,1.478213,1.6965686
97.96,1.7849888,1.4832634,1.5394135
97.98,1.733674,1.3870966,1.4762282
98.0,1.7710259,1.472996,1.6785258
98.02,1.6701105,1.3422917,1.5661523
98.04,1.6148256,1.2071912,1.6684701
98.06,1.6965371,1.2912415,1.6421884
98.08,1.7216234,1.345197,1.6183586
98.1,1.6868644,1.34057,1.4803042
98.12,1.6302876,1.2482171,1.4817678
98.14,1.760061,1.3521891,1.6947587
98.16,1.702354,1.3278766,1.5285962
98.18,1.823138,1.4178932,1.6636723
98.2,1.7044203,1.3279593,1.674927
98.22,1.6608927,1.2121005,1.5096486
98.24,1.6193178,1.2382214,1.4996631
98.26,1.5823604,1.2427648,1.7179124
98.28,1.7476354,1.381854,1.63347
98.3,1.7253603,1.3760321,1.5768659
98.32,1.6786981,1.341595,1.6838942
98.34,1.6542511,1.303659,1.5880971
98.36,1.7648413,1.4716703,1.3953012
98.38,1.7298685,1.3267789,1.4575101
98.4,1.7824485,1.4431471,1.6864305
98.42,1.8367252,1.4811301,1.7700901
98.44,1.7892212,1.4004314,1.4657667
98.46,1.7305177,1.4219398,1.4721527
98.48,1.669236,1.3401392,1.5347714
98.5,1.6160308,1.3522909,1.6157045
98.52,1.7602313,1.4408972,1.6195099
98.54,2.0146837,1.6564851,1.6587614
98.56,2.1044788,1.6805425,1.7858646
98.58,2.089515,1.7065496,1.7901558
98.6,1.9434673,1.548892,1.6518266
98.62,1.8151928,1.4065628,1.5943629
98.64,1.880703,1.4968251,1.5366571
98.66,1.716461,1.3642131,1.5047188
98.68,1.6675078,1.3148307,1.48299
98.7,1.6666768,1.3185058,1.5084708
98.72,1.5756731,1.249714,1.4493738
98.74,1.5149493,1.2821175,1.3056886
98.76,1.6626953,1.3859664,1.4512389
98.78,1.7164391,1.4285756,1.3937594
98.8,1.667373,1.3708676,1.3359809
98.82,1.6781626,1.4086137,1.3438683
98.84,1.7107577,1.4104667,1.3662932
98.86,1.6519861,1.3648175,1.4997672
98.88,1.820178,1.6274168,1.5244787
