Time_ns,LEU233,PHE254,LEU193
0.0,4.970046043395996,2.7266616821289062,2.6523497104644775
0.02,4.3660168051719666,2.9122254252433777,2.5458523631095886
0.04,3.761987566947937,3.097789168357849,2.4393550157546997
0.06,3.1579583287239075,3.2833529114723206,2.332857668399811
0.08,2.553929090499878,3.468916654586792,2.226360321044922
0.1,3.0689392685890198,3.374398410320282,2.4723357558250427
0.12,3.5839494466781616,3.279880166053772,2.7183111906051636
0.14,4.0989596247673035,3.185361921787262,2.9642866253852844
0.16,4.613969802856445,3.090843677520752,3.2102620601654053
0.18,4.344290792942047,2.9022566080093384,3.0684000849723816
0.2,4.074611783027649,2.713669538497925,2.926538109779358
0.22,3.8049327731132507,2.5250824689865112,2.7846761345863342
0.24,3.5352537631988525,2.3364953994750977,2.6428141593933105
0.26,3.989544928073883,2.349565029144287,2.693597912788391
0.28,4.443836092948914,2.3626346588134766,2.7443816661834717
0.3,4.898127257823944,2.375704288482666,2.7951654195785522
0.32,5.352418422698975,2.3887739181518555,2.845949172973633
0.34,5.081786513328552,2.3495272994041443,2.8358633518218994
0.36,4.81115460395813,2.310280680656433,2.825777530670166
0.38,4.5405226945877075,2.271034061908722,2.8156917095184326
0.4,4.269890785217285,2.2317874431610107,2.805605888366699
0.42,4.151338636875153,2.6742356419563293,2.6709169149398804
0.44,4.03278648853302,3.116683840751648,2.5362279415130615
0.46,3.9142343401908875,3.5591320395469666,2.4015389680862427
0.48,3.795682191848755,4.001580238342285,2.266849994659424
0.5,3.824385166168213,3.6178624629974365,2.2024821043014526
0.52,3.853088140487671,3.234144687652588,2.1381142139434814
0.54,3.881791114807129,2.8504269123077393,2.0737463235855103
0.56,3.910494089126587,2.4667091369628906,2.009378433227539
0.58,3.8830912709236145,2.4944316148757935,2.1466286182403564
0.6,3.855688452720642,2.5221540927886963,2.283878803253174
0.62,3.8282856345176697,2.549876570701599,2.421128988265991
0.64,3.8008828163146973,2.577599048614502,2.5583791732788086
0.66,3.9024441242218018,2.607465445995331,2.361612021923065
0.68,4.004005432128906,2.6373318433761597,2.1648448705673218
0.7,4.105566740036011,2.6671982407569885,1.9680777192115784
0.72,4.207128047943115,2.6970646381378174,1.771310567855835
0.74,4.0306718945503235,2.9071072936058044,2.047562599182129
0.76,3.8542157411575317,3.1171499490737915,2.323814630508423
0.78,3.67775958776474,3.3271926045417786,2.600066661834717
0.8,3.5013034343719482,3.5372352600097656,2.8763186931610107
0.82,3.2793399691581726,3.3834599256515503,2.7914246916770935
0.84,3.057376503944397,3.229684591293335,2.7065306901931763
0.86,2.8354130387306213,3.0759092569351196,2.621636688709259
0.88,2.6134495735168457,2.9221339225769043,2.536742687225342
0.9,2.7940855622291565,2.9041982889175415,2.485911190509796
0.92,2.9747215509414673,2.8862626552581787,2.4350796937942505
0.94,3.155357539653778,2.868327021598816,2.384248197078705
0.96,3.335993528366089,2.850391387939453,2.333416700363159
0.98,3.3127481937408447,2.856052279472351,2.200907588005066
1.0,3.2895028591156006,2.861713171005249,2.0683984756469727
1.02,3.2662575244903564,2.867374062538147,1.9358893632888794
1.04,3.2430121898651123,2.873034954071045,1.8033802509307861
1.06,3.182232081890106,3.0002729892730713,2.061070501804352
1.08,3.1214519739151,3.1275110244750977,2.3187607526779175
1.1,3.060671865940094,3.254749059677124,2.576451003551483
1.12,2.999891757965088,3.3819870948791504,2.834141254425049
1.14,3.1886171102523804,3.228248715400696,2.779707372188568
1.16,3.377342462539673,3.074510335922241,2.7252734899520874
1.18,3.5660678148269653,2.9207719564437866,2.6708396077156067
1.2,3.754793167114258,2.767033576965332,2.616405725479126
1.22,3.5468674898147583,2.7897961139678955,2.5193787813186646
1.24,3.338941812515259,2.812558650970459,2.422351837158203
1.26,3.1310161352157593,2.8353211879730225,2.3253248929977417
1.28,2.9230904579162598,2.858083724975586,2.2282979488372803
1.3,2.946336567401886,2.797187030315399,2.2989383935928345
1.32,2.969582676887512,2.7362903356552124,2.3695788383483887
1.34,2.9928287863731384,2.6753936409950256,2.440219283103943
1.36,3.0160748958587646,2.614496946334839,2.510859727859497
1.38,2.9813257455825806,2.5927006602287292,2.4232970476150513
1.4,2.9465765953063965,2.5709043741226196,2.3357343673706055
1.42,2.9118274450302124,2.54910808801651,2.2481716871261597
1.44,2.8770782947540283,2.5273118019104004,2.160609006881714
1.46,3.008394181728363,2.5705775022506714,2.0926481783390045
1.48,3.1397100687026978,2.6138432025909424,2.024687349796295
1.5,3.2710259556770325,2.6571089029312134,1.9567265212535858
1.52,3.402341842651367,2.7003746032714844,1.8887656927108765
1.54,3.417204439640045,3.0055880546569824,1.9273145496845245
1.56,3.432067036628723,3.3108015060424805,1.9658634066581726
1.58,3.446929633617401,3.6160149574279785,2.0044122636318207
1.6,3.461792230606079,3.9212284088134766,2.0429611206054688
1.62,3.436209738254547,3.6208556294441223,2.1749460101127625
1.64,3.410627245903015,3.320482850074768,2.306930899620056
1.66,3.385044753551483,3.020110070705414,2.43891578912735
1.68,3.359462261199951,2.7197372913360596,2.5709006786346436
1.7,3.4630825519561768,2.682022750377655,2.378947675228119
1.72,3.5667028427124023,2.6443082094192505,2.1869946718215942
1.74,3.670323133468628,2.606593668460846,1.9950416684150696
1.76,3.7739434242248535,2.5688791275024414,1.803088665008545
1.78,3.6185898780822754,2.6370259523391724,2.4471627473831177
1.8,3.4632363319396973,2.7051727771759033,3.0912368297576904
1.82,3.307882785797119,2.7733196020126343,3.735310912132263
1.84,3.152529239654541,2.8414664268493652,4.379384994506836
1.86,3.085396111011505,2.751291513442993,4.017471373081207
1.88,3.0182629823684692,2.661116600036621,3.6555577516555786
1.9,2.9511298537254333,2.570941686630249,3.29364413022995
1.92,2.8839967250823975,2.480766773223877,2.9317305088043213
1.94,3.0519126057624817,2.941559672355652,2.761457920074463
1.96,3.219828486442566,3.4023525714874268,2.5911853313446045
1.98,3.38774436712265,3.8631454706192017,2.420912742614746
2.0,3.5556602478027344,4.323938369750977,2.2506401538848877
2.02,3.6125253438949585,3.9429075121879578,2.380153715610504
2.04,3.6693904399871826,3.561876654624939,2.5096672773361206
2.06,3.7262555360794067,3.18084579706192,2.639180839061737
2.08,3.783120632171631,2.7998149394989014,2.7686944007873535
2.1,3.561278760433197,2.7130934596061707,2.6982480883598328
2.12,3.339436888694763,2.62637197971344,2.627801775932312
2.14,3.1175950169563293,2.5396504998207092,2.5573554635047913
2.16,2.8957531452178955,2.4529290199279785,2.4869091510772705
2.18,2.890067994594574,2.6026536226272583,2.5103589296340942
2.2,2.8843828439712524,2.752378225326538,2.533808708190918
2.22,2.878697693347931,2.902102828025818,2.5572584867477417
2.24,2.8730125427246094,3.0518274307250977,2.5807082653045654
2.26,3.1754900217056274,3.1997421383857727,2.683633029460907
2.28,3.4779675006866455,3.3476568460464478,2.7865577936172485
2.3,3.7804449796676636,3.495571553707123,2.88948255777359
2.32,4.082922458648682,3.643486261367798,2.9924073219299316
2.34,4.11848521232605,3.4766297340393066,2.92136687040329
2.36,4.154047966003418,3.3097732067108154,2.850326418876648
2.38,4.189610719680786,3.142916679382324,2.779285967350006
2.4,4.225173473358154,2.976060152053833,2.7082455158233643
2.42,4.438250541687012,2.87529057264328,2.7044477462768555
2.44,4.651327610015869,2.774520993232727,2.7006499767303467
2.46,4.864404678344727,2.673751413822174,2.696852207183838
2.48,5.077481746673584,2.572981834411621,2.693054437637329
2.5,5.207481026649475,2.562784492969513,2.549661934375763
2.52,5.337480306625366,2.552587151527405,2.4062694311141968
2.54,5.467479586601257,2.5423898100852966,2.2628769278526306
2.56,5.597478866577148,2.5321924686431885,2.1194844245910645
2.58,5.570519685745239,2.6130733489990234,2.1712464690208435
2.6,5.54356050491333,2.6939542293548584,2.2230085134506226
2.62,5.516601324081421,2.7748351097106934,2.2747705578804016
2.64,5.489642143249512,2.8557159900665283,2.3265326023101807
2.66,6.0949788093566895,2.7210256457328796,2.33842533826828
2.68,6.700315475463867,2.586335301399231,2.3503180742263794
2.7,7.305652141571045,2.4516449570655823,2.3622108101844788
2.72,7.910988807678223,2.3169546127319336,2.374103546142578
2.74,8.076059341430664,2.411665678024292,2.3042975068092346
2.76,8.241129875183105,2.5063767433166504,2.234491467475891
2.78,8.406200408935547,2.601087808609009,2.1646854281425476
2.8,8.571270942687988,2.695798873901367,2.094879388809204
2.82,7.724571108818054,2.6923993825912476,2.1947808861732483
2.84,6.87787127494812,2.688999891281128,2.2946823835372925
2.86,6.031171441078186,2.6856003999710083,2.3945838809013367
2.88,5.184471607208252,2.6822009086608887,2.494485378265381
2.9,4.787350296974182,2.734466314315796,2.5596872568130493
2.92,4.390228986740112,2.786731719970703,2.6248891353607178
2.94,3.9931076765060425,2.8389971256256104,2.6900910139083862
2.96,3.5959863662719727,2.8912625312805176,2.7552928924560547
2.98,3.77258038520813,2.758890450000763,2.7383569478988647
3.0,3.949174404144287,2.6265183687210083,2.721421003341675
3.02,4.125768423080444,2.4941462874412537,2.704485058784485
3.04,4.302362442016602,2.361774206161499,2.687549114227295
3.06,4.070046126842499,2.385443150997162,2.5596030354499817
3.08,3.837729811668396,2.4091120958328247,2.4316569566726685
3.1,3.605413496494293,2.4327810406684875,2.3037108778953552
3.12,3.3730971813201904,2.4564499855041504,2.175764799118042
3.14,3.2489940524101257,2.556345582008362,2.7890453934669495
3.16,3.124890923500061,2.6562411785125732,3.402325987815857
3.18,3.0007877945899963,2.7561367750167847,4.015606582164764
3.2,2.8766846656799316,2.856032371520996,4.628887176513672
3.22,2.8544130325317383,2.962120294570923,3.9774051308631897
3.24,2.832141399383545,3.0682082176208496,3.3259230852127075
3.26,2.8098697662353516,3.1742961406707764,2.6744410395622253
3.28,2.787598133087158,3.280384063720703,2.022958993911743
3.3,2.6532287001609802,3.2638717889785767,2.1032384634017944
3.32,2.5188592672348022,3.24735951423645,2.1835179328918457
3.34,2.3844898343086243,3.2308472394943237,2.263797402381897
3.36,2.2501204013824463,3.2143349647521973,2.3440768718719482
3.38,2.2674830555915833,3.100184440612793,2.5039411187171936
3.4,2.28484570980072,2.9860339164733887,2.663805365562439
3.42,2.302208364009857,2.8718833923339844,2.8236696124076843
3.44,2.319571018218994,2.75773286819458,2.9835338592529297
3.46,2.3180569410324097,2.7522906064987183,2.860436499118805
3.48,2.316542863845825,2.7468483448028564,2.73733913898468
3.5,2.3150287866592407,2.7414060831069946,2.6142417788505554
3.52,2.3135147094726562,2.735963821411133,2.4911444187164307
3.54,2.2910091280937195,2.669711470603943,2.6396947503089905
3.56,2.2685035467147827,2.603459119796753,2.7882450819015503
3.58,2.245997965335846,2.537206768989563,2.93679541349411
3.6,2.223492383956909,2.470954418182373,3.08534574508667
3.62,2.2183936834335327,2.4452285170555115,2.991409659385681
3.64,2.2132949829101562,2.41950261592865,2.8974735736846924
3.66,2.20819628238678,2.3937767148017883,2.8035374879837036
3.68,2.2030975818634033,2.3680508136749268,2.709601402282715
3.7,2.346750020980835,2.318550765514374,2.7210986614227295
3.72,2.4904024600982666,2.269050717353821,2.732595920562744
3.74,2.6340548992156982,2.219550669193268,2.744093179702759
3.76,2.77770733833313,2.170050621032715,2.7555904388427734
3.78,2.7050365805625916,2.2224311232566833,2.8163446187973022
3.8,2.6323658227920532,2.274811625480652,2.877098798751831
3.82,2.559695065021515,2.3271921277046204,2.93785297870636
3.84,2.4870243072509766,2.379572629928589,2.9986071586608887
3.86,2.396680533885956,2.538392961025238,3.2495490312576294
3.88,2.306336760520935,2.697213292121887,3.50049090385437
3.9,2.2159929871559143,2.8560336232185364,3.751432776451111
3.92,2.1256492137908936,3.0148539543151855,4.002374649047852
3.94,2.176271140575409,2.926540732383728,3.7607985734939575
3.96,2.2268930673599243,2.8382275104522705,3.5192224979400635
3.98,2.2775149941444397,2.749914288520813,3.2776464223861694
4.0,2.328136920928955,2.6616010665893555,3.0360703468322754
4.02,2.4056689143180847,2.763762891292572,2.923079550266266
4.04,2.4832009077072144,2.8659247159957886,2.8100887537002563
4.06,2.560732901096344,2.968086540699005,2.697097957134247
4.08,2.6382648944854736,3.0702483654022217,2.5841071605682373
4.1,2.712343752384186,2.9621785283088684,2.625053107738495
4.12,2.786422610282898,2.854108691215515,2.6659990549087524
4.14,2.86050146818161,2.746038854122162,2.70694500207901
4.16,2.9345803260803223,2.6379690170288086,2.7478909492492676
4.18,2.896204352378845,2.7131766080856323,2.6774538159370422
4.2,2.857828378677368,2.788384199142456,2.607016682624817
4.22,2.819452404975891,2.86359179019928,2.5365795493125916
4.24,2.781076431274414,2.9387993812561035,2.466142416000366
4.26,2.9290995001792908,2.8672112226486206,2.5183370113372803
4.28,3.0771225690841675,2.7956230640411377,2.5705316066741943
4.3,3.225145637989044,2.724034905433655,2.6227262020111084
4.32,3.373168706893921,2.652446746826172,2.6749207973480225
4.34,3.12706059217453,2.620593547821045,2.7519856691360474
4.36,2.880952477455139,2.588740348815918,2.8290505409240723
4.38,2.6348443627357483,2.556887149810791,2.906115412712097
4.4,2.3887362480163574,2.525033950805664,2.983180284500122
4.42,2.506137728691101,2.6329659819602966,2.9542144536972046
4.44,2.6235392093658447,2.740898013114929,2.925248622894287
4.46,2.7409406900405884,2.8488300442695618,2.8962827920913696
4.48,2.858342170715332,2.9567620754241943,2.867316961288452
4.5,2.6922175884246826,2.8263638615608215,2.8382659554481506
4.52,2.526093006134033,2.6959656476974487,2.809214949607849
4.54,2.359968423843384,2.565567433834076,2.7801639437675476
4.56,2.1938438415527344,2.435169219970703,2.751112937927246
4.58,2.325486660003662,2.482716917991638,2.7974535822868347
4.6,2.45712947845459,2.5302646160125732,2.8437942266464233
4.62,2.5887722969055176,2.5778123140335083,2.890134871006012
4.64,2.7204151153564453,2.6253600120544434,2.9364755153656006
4.66,2.656386971473694,2.5068641901016235,2.9805732369422913
4.68,2.5923588275909424,2.3883683681488037,3.024670958518982
4.7,2.528330683708191,2.269872546195984,3.0687686800956726
4.72,2.4643025398254395,2.151376724243164,3.1128664016723633
4.74,2.543534755706787,2.37239271402359,3.007180333137512
4.76,2.6227669715881348,2.593408703804016,2.901494264602661
4.78,2.7019991874694824,2.814424693584442,2.79580819606781
4.8,2.78123140335083,3.035440683364868,2.690122127532959
4.82,2.709021747112274,2.96574068069458,2.935124933719635
4.84,2.6368120908737183,2.896040678024292,3.180127739906311
4.86,2.5646024346351624,2.826340675354004,3.425130546092987
4.88,2.4923927783966064,2.756640672683716,3.670133352279663
4.9,2.5299604535102844,2.773809850215912,3.3833250403404236
4.92,2.5675281286239624,2.790979027748108,3.096516728401184
4.94,2.6050958037376404,2.808148205280304,2.8097084164619446
4.96,2.6426634788513184,2.8253173828125,2.522900104522705
4.98,2.641554832458496,2.832600951194763,2.620085835456848
5.0,2.640446186065674,2.8398845195770264,2.717271566390991
5.02,2.6393375396728516,2.8471680879592896,2.8144572973251343
5.04,2.6382288932800293,2.8544516563415527,2.9116430282592773
5.06,2.6725797057151794,2.7053924202919006,2.828086733818054
5.08,2.7069305181503296,2.5563331842422485,2.744530439376831
5.1,2.7412813305854797,2.4072739481925964,2.660974144935608
5.12,2.77563214302063,2.2582147121429443,2.5774178504943848
5.14,2.6227132081985474,2.3731091618537903,2.6239274740219116
5.16,2.469794273376465,2.4880036115646362,2.6704370975494385
5.18,2.3168753385543823,2.602898061275482,2.7169467210769653
5.2,2.1639564037323,2.717792510986328,2.763456344604492
5.22,2.275411069393158,2.6224732398986816,2.7102210521698
5.24,2.386865735054016,2.527153968811035,2.6569857597351074
5.26,2.4983204007148743,2.4318346977233887,2.603750467300415
5.28,2.6097750663757324,2.336515426635742,2.5505151748657227
5.3,2.9226327538490295,2.4801100492477417,2.5696563720703125
5.32,3.2354904413223267,2.623704671859741,2.5887975692749023
5.34,3.548348128795624,2.7672992944717407,2.607938766479492
5.36,3.861205816268921,2.9108939170837402,2.627079963684082
5.38,3.532018780708313,2.7538726329803467,2.5235894322395325
5.4,3.202831745147705,2.596851348876953,2.420098900794983
5.42,2.873644709587097,2.4398300647735596,2.3166083693504333
5.44,2.5444576740264893,2.282808780670166,2.213117837905884
5.46,2.643614709377289,2.5016830563545227,2.2674039006233215
5.48,2.7427717447280884,2.7205573320388794,2.3216899633407593
5.5,2.841928780078888,2.939431607723236,2.375976026058197
5.52,2.9410858154296875,3.1583058834075928,2.4302620887756348
5.54,2.7582722306251526,2.9360617995262146,2.280481517314911
5.56,2.5754586458206177,2.7138177156448364,2.130700945854187
5.58,2.3926450610160828,2.4915736317634583,1.9809203743934631
5.6,2.209831476211548,2.26932954788208,1.8311398029327393
5.62,2.2474831342697144,2.480094611644745,1.951352596282959
5.64,2.285134792327881,2.6908596754074097,2.0715653896331787
5.66,2.3227864503860474,2.9016247391700745,2.1917781829833984
5.68,2.360438108444214,3.1123898029327393,2.311990976333618
5.7,2.407406270503998,3.030456006526947,2.2030726969242096
5.72,2.4543744325637817,2.948522210121155,2.094154417514801
5.74,2.5013425946235657,2.8665884137153625,1.9852361381053925
5.76,2.5483107566833496,2.7846546173095703,1.8763178586959839
5.78,2.6189600229263306,2.857749104499817,1.9746541678905487
5.8,2.6896092891693115,2.9308435916900635,2.0729904770851135
5.82,2.7602585554122925,3.00393807888031,2.1713267862796783
5.84,2.8309078216552734,3.0770325660705566,2.269663095474243
5.86,2.6854332089424133,3.001641571521759,2.3158194422721863
5.88,2.5399585962295532,2.9262505769729614,2.3619757890701294
5.9,2.394483983516693,2.850859582424164,2.4081321358680725
5.92,2.249009370803833,2.775468587875366,2.4542884826660156
5.94,2.2520166635513306,2.8625479340553284,2.4782509207725525
5.96,2.255023956298828,2.9496272802352905,2.5022133588790894
5.98,2.2580312490463257,3.0367066264152527,2.526175796985626
6.0,2.2610385417938232,3.123785972595215,2.550138235092163
6.02,2.367923140525818,3.0121219158172607,2.4677540063858032
6.04,2.4748077392578125,2.9004578590393066,2.3853697776794434
6.06,2.581692337989807,2.7887938022613525,2.3029855489730835
6.08,2.6885769367218018,2.6771297454833984,2.2206013202667236
6.1,2.586553454399109,2.6973196268081665,2.3310388326644897
6.12,2.484529972076416,2.7175095081329346,2.441476345062256
6.14,2.382506489753723,2.7376993894577026,2.551913857460022
6.16,2.2804830074310303,2.7578892707824707,2.662351369857788
6.18,2.1881047785282135,2.7776294946670532,2.584669530391693
6.2,2.0957265496253967,2.7973697185516357,2.506987690925598
6.22,2.00334832072258,2.8171099424362183,2.429305851459503
6.24,1.9109700918197632,2.836850166320801,2.351624011993408
6.26,1.9853858053684235,2.9258522391319275,2.3647825717926025
6.28,2.0598015189170837,3.014854311943054,2.377941131591797
6.3,2.134217232465744,3.103856384754181,2.391099691390991
6.32,2.2086329460144043,3.1928584575653076,2.4042582511901855
6.34,2.300528883934021,3.0714670419692993,2.3828024864196777
6.36,2.3924248218536377,2.950075626373291,2.36134672164917
6.38,2.4843207597732544,2.8286842107772827,2.339890956878662
6.4,2.576216697692871,2.7072927951812744,2.3184351921081543
6.42,2.590888559818268,2.9085275530815125,2.374511957168579
6.44,2.6055604219436646,3.1097623109817505,2.430588722229004
6.46,2.6202322840690613,3.3109970688819885,2.4866654872894287
6.48,2.634904146194458,3.5122318267822266,2.5427422523498535
6.5,2.569451093673706,3.218359112739563,2.4447394013404846
6.52,2.503998041152954,2.9244863986968994,2.3467365503311157
6.54,2.438544988632202,2.630613684654236,2.248733699321747
6.56,2.37309193611145,2.3367409706115723,2.150730848312378
6.58,2.4061031341552734,2.4551395773887634,2.2128201127052307
6.6,2.4391143321990967,2.5735381841659546,2.2749093770980835
6.62,2.47212553024292,2.6919367909431458,2.3369986414909363
6.64,2.505136728286743,2.810335397720337,2.399087905883789
6.66,2.602694034576416,2.822987973690033,2.366475224494934
6.68,2.700251340866089,2.835640549659729,2.333862543106079
6.7,2.7978086471557617,2.848293125629425,2.301249861717224
6.72,2.8953659534454346,2.860945701599121,2.268637180328369
6.74,2.7837408781051636,2.7628151178359985,2.351931095123291
6.76,2.6721158027648926,2.664684534072876,2.435225009918213
6.78,2.5604907274246216,2.5665539503097534,2.5185189247131348
6.8,2.4488656520843506,2.468423366546631,2.6018128395080566
6.82,2.431899309158325,2.5253202319145203,2.4771546125411987
6.84,2.4149329662323,2.5822170972824097,2.352496385574341
6.86,2.3979666233062744,2.639113962650299,2.227838158607483
6.88,2.381000280380249,2.6960108280181885,2.103179931640625
6.9,2.3570865392684937,2.7519204020500183,2.1608240008354187
6.92,2.3331727981567383,2.807829976081848,2.2184680700302124
6.94,2.309259057044983,2.863739550113678,2.276112139225006
6.96,2.2853453159332275,2.919649124145508,2.3337562084198
6.98,2.4833865761756897,3.0325239300727844,2.318280577659607
7.0,2.681427836418152,3.145398736000061,2.302804946899414
7.02,2.879469096660614,3.2582735419273376,2.287329316139221
7.04,3.077510356903076,3.3711483478546143,2.2718536853790283
7.06,3.0925512313842773,3.241742491722107,2.327541410923004
7.08,3.1075921058654785,3.1123366355895996,2.38322913646698
7.1,3.1226329803466797,2.9829307794570923,2.438916862010956
7.12,3.137673854827881,2.853524923324585,2.4946045875549316
7.14,3.0827959775924683,2.8540416955947876,2.513270378112793
7.16,3.0279181003570557,2.8545584678649902,2.5319361686706543
7.18,2.973040223121643,2.855075240135193,2.5506019592285156
7.2,2.9181623458862305,2.8555920124053955,2.569267749786377
7.22,2.896192967891693,2.7838234901428223,2.4809319376945496
7.24,2.8742235898971558,2.712054967880249,2.392596125602722
7.26,2.8522542119026184,2.640286445617676,2.3042603135108948
7.28,2.830284833908081,2.5685179233551025,2.2159245014190674
7.3,2.711227238178253,2.5907013416290283,2.202409863471985
7.32,2.5921696424484253,2.612884759902954,2.1888952255249023
7.34,2.4731120467185974,2.63506817817688,2.17538058757782
7.36,2.3540544509887695,2.6572515964508057,2.1618659496307373
7.38,2.502166748046875,2.679798424243927,2.1352652311325073
7.4,2.6502790451049805,2.7023452520370483,2.1086645126342773
7.42,2.798391342163086,2.7248920798301697,2.0820637941360474
7.44,2.9465036392211914,2.747438907623291,2.0554630756378174
7.46,2.822186589241028,2.704338490962982,2.157941162586212
7.48,2.6978695392608643,2.6612380743026733,2.260419249534607
7.5,2.5735524892807007,2.6181376576423645,2.3628973364830017
7.52,2.449235439300537,2.5750372409820557,2.4653754234313965
7.54,2.585958242416382,2.6248470544815063,2.310778260231018
7.56,2.7226810455322266,2.674656867980957,2.1561810970306396
7.58,2.8594038486480713,2.7244666814804077,2.0015839338302612
7.6,2.996126651763916,2.7742764949798584,1.8469867706298828
7.62,3.168685793876648,2.7216402292251587,2.000118315219879
7.64,3.34124493598938,2.669003963470459,2.1532498598098755
7.66,3.513804078102112,2.6163676977157593,2.306381404399872
7.68,3.6863632202148438,2.5637314319610596,2.459512948989868
7.7,3.5582140684127808,2.630938947200775,2.458671808242798
7.72,3.4300649166107178,2.6981464624404907,2.4578306674957275
7.74,3.301915764808655,2.7653539776802063,2.4569895267486572
7.76,3.173766613006592,2.832561492919922,2.456148386001587
7.78,3.117936372756958,2.793282926082611,2.4879921078681946
7.8,3.062106132507324,2.7540043592453003,2.5198358297348022
7.82,3.0062758922576904,2.7147257924079895,2.55167955160141
7.84,2.9504456520080566,2.6754472255706787,2.5835232734680176
7.86,2.7888916730880737,2.7248014211654663,2.499014139175415
7.88,2.627337694168091,2.774155616760254,2.4145050048828125
7.9,2.465783715248108,2.8235098123550415,2.32999587059021
7.92,2.304229736328125,2.872864007949829,2.2454867362976074
7.94,2.5455203652381897,2.8115009665489197,2.2090545892715454
7.96,2.7868109941482544,2.7501379251480103,2.1726224422454834
7.98,3.028101623058319,2.688774883747101,2.1361902952194214
8.0,3.269392251968384,2.6274118423461914,2.0997581481933594
8.02,3.178609788417816,2.603030204772949,2.137545347213745
8.04,3.0878273248672485,2.578648567199707,2.175332546234131
8.06,2.997044861316681,2.554266929626465,2.2131197452545166
8.08,2.9062623977661133,2.5298852920532227,2.2509069442749023
8.1,2.9850017428398132,2.8673348426818848,2.202150583267212
8.12,3.063741087913513,3.204784393310547,2.1533942222595215
8.14,3.142480432987213,3.542233943939209,2.104637861251831
8.16,3.221219778060913,3.879683494567871,2.0558815002441406
8.18,3.1605716347694397,3.71267306804657,2.1102654933929443
8.2,3.0999234914779663,3.5456626415252686,2.164649486541748
8.22,3.039275348186493,3.3786522150039673,2.2190334796905518
8.24,2.9786272048950195,3.211641788482666,2.2734174728393555
8.26,2.766732692718506,3.040124773979187,2.3997628688812256
8.28,2.554838180541992,2.868607759475708,2.5261082649230957
8.3,2.3429436683654785,2.697090744972229,2.652453660964966
8.32,2.131049156188965,2.52557373046875,2.778799057006836
8.34,2.305276095867157,2.6140795946121216,2.484390914440155
8.36,2.479503035545349,2.702585458755493,2.189982771873474
8.38,2.6537299752235413,2.7910913228988647,1.8955746293067932
8.4,2.8279569149017334,2.8795971870422363,1.6011664867401123
8.42,2.6636465787887573,3.0860910415649414,1.8383749127388
8.44,2.4993362426757812,3.2925848960876465,2.075583338737488
8.46,2.335025906562805,3.4990787506103516,2.3127917647361755
8.48,2.170715570449829,3.7055726051330566,2.5500001907348633
8.5,2.3057814836502075,3.440383553504944,2.438380777835846
8.52,2.440847396850586,3.175194501876831,2.3267613649368286
8.54,2.5759133100509644,2.9100054502487183,2.2151419520378113
8.56,2.7109792232513428,2.6448163986206055,2.103522539138794
8.58,2.812860131263733,3.358945608139038,2.112851142883301
8.6,2.914741039276123,4.073074817657471,2.1221797466278076
8.62,3.016621947288513,4.787204027175903,2.1315083503723145
8.64,3.1185028553009033,5.501333236694336,2.1408369541168213
8.66,2.8538830876350403,5.462385416030884,2.1176763772964478
8.68,2.5892633199691772,5.423437595367432,2.094515800476074
8.7,2.324643552303314,5.3844897747039795,2.0713552236557007
8.72,2.060023784637451,5.345541954040527,2.048194646835327
8.74,2.2094600200653076,5.820702314376831,2.141828179359436
8.76,2.358896255493164,6.295862674713135,2.235461711883545
8.78,2.5083324909210205,6.7710230350494385,2.329095244407654
8.8,2.657768726348877,7.246183395385742,2.4227287769317627
8.82,2.544378876686096,7.071430683135986,2.4832692742347717
8.84,2.4309890270233154,6.8966779708862305,2.5438097715377808
8.86,2.3175991773605347,6.721925258636475,2.60435026884079
8.88,2.204209327697754,6.547172546386719,2.664890766143799
8.9,2.2889525294303894,6.496781826019287,2.5717307329177856
8.92,2.373695731163025,6.4463911056518555,2.4785706996917725
8.94,2.4584389328956604,6.396000385284424,2.3854106664657593
8.96,2.543182134628296,6.345609664916992,2.292250633239746
8.98,2.4569247364997864,6.326784253120422,2.255621314048767
9.0,2.370667338371277,6.3079588413238525,2.218991994857788
9.02,2.2844099402427673,6.289133429527283,2.182362675666809
9.04,2.198152542114258,6.270308017730713,2.14573335647583
9.06,2.319635272026062,6.302522659301758,2.19756019115448
9.08,2.441118001937866,6.334737300872803,2.24938702583313
9.1,2.5626007318496704,6.366951942443848,2.30121386051178
9.12,2.6840834617614746,6.399166584014893,2.3530406951904297
9.14,2.7113291025161743,6.515371918678284,2.3750105500221252
9.16,2.738574743270874,6.631577253341675,2.396980404853821
9.18,2.7658203840255737,6.747782588005066,2.4189502596855164
9.2,2.7930660247802734,6.863987922668457,2.440920114517212
9.22,2.9180725812911987,6.843590021133423,2.3250253200531006
9.24,3.043079137802124,6.823192119598389,2.2091305255889893
9.26,3.1680856943130493,6.8027942180633545,2.093235731124878
9.28,3.2930922508239746,6.78239631652832,1.9773409366607666
9.3,3.0768388509750366,5.835991978645325,1.97640061378479
9.32,2.8605854511260986,4.889587640762329,1.9754602909088135
9.34,2.6443320512771606,3.9431833028793335,1.974519968032837
9.36,2.4280786514282227,2.996778964996338,1.9735796451568604
9.38,2.526060700416565,3.121946156024933,2.0179752111434937
9.4,2.6240427494049072,3.247113347053528,2.062370777130127
9.42,2.7220247983932495,3.372280538082123,2.1067663431167603
9.44,2.820006847381592,3.4974477291107178,2.1511619091033936
9.46,2.8366875648498535,3.340732991695404,2.318292558193207
9.48,2.8533682823181152,3.1840182542800903,2.48542320728302
9.5,2.870048999786377,3.0273035168647766,2.6525538563728333
9.52,2.8867297172546387,2.870588779449463,2.8196845054626465
9.54,2.9841309785842896,2.8171777725219727,2.7526309490203857
9.56,3.0815322399139404,2.7637667655944824,2.685577392578125
9.58,3.1789335012435913,2.710355758666992,2.6185238361358643
9.6,3.276334762573242,2.656944751739502,2.5514702796936035
9.62,3.187862455844879,2.656623125076294,2.4467883706092834
9.64,3.099390149116516,2.656301498413086,2.3421064615249634
9.66,3.010917842388153,2.655979871749878,2.2374245524406433
9.68,2.92244553565979,2.65565824508667,2.1327426433563232
9.7,2.993158757686615,2.720387101173401,2.0306216180324554
9.72,3.06387197971344,2.785115957260132,1.9285005927085876
9.74,3.134585201740265,2.849844813346863,1.8263795673847198
9.76,3.20529842376709,2.9145736694335938,1.724258542060852
9.78,3.220079183578491,2.873713970184326,1.8156879842281342
9.8,3.2348599433898926,2.8328542709350586,1.9071174263954163
9.82,3.249640703201294,2.791994571685791,1.9985468685626984
9.84,3.2644214630126953,2.7511348724365234,2.0899763107299805
9.86,3.079129457473755,2.7208043932914734,2.261484146118164
9.88,2.8938374519348145,2.6904739141464233,2.4329919815063477
9.9,2.708545446395874,2.6601434350013733,2.6044998168945312
9.92,2.5232534408569336,2.6298129558563232,2.776007652282715
9.94,2.6512996554374695,2.717086613178253,2.704508602619171
9.96,2.7793458700180054,2.804360270500183,2.6330095529556274
9.98,2.9073920845985413,2.891633927822113,2.5615105032920837
10.0,3.035438299179077,2.978907585144043,2.49001145362854
10.02,2.993486166000366,3.0634137392044067,2.5732553601264954
10.04,2.9515340328216553,3.1479198932647705,2.6564992666244507
10.06,2.9095818996429443,3.2324260473251343,2.739743173122406
10.08,2.8676297664642334,3.316932201385498,2.8229870796203613
10.1,2.775730550289154,3.530787944793701,2.7283825874328613
10.12,2.6838313341140747,3.7446436882019043,2.6337780952453613
10.14,2.5919321179389954,3.9584994316101074,2.5391736030578613
10.16,2.500032901763916,4.1723551750183105,2.4445691108703613
10.18,2.592833161354065,3.8927780389785767,2.4534301161766052
10.2,2.685633420944214,3.6132009029388428,2.462291121482849
10.22,2.778433680534363,3.333623766899109,2.471152126789093
10.24,2.8712339401245117,3.054046630859375,2.480013132095337
10.26,2.784895420074463,2.928830146789551,2.4602622389793396
10.28,2.698556900024414,2.8036136627197266,2.4405113458633423
10.3,2.6122183799743652,2.6783971786499023,2.420760452747345
10.32,2.5258798599243164,2.553180694580078,2.4010095596313477
10.34,2.7644293308258057,2.591369092464447,2.259014815092087
10.36,3.002978801727295,2.629557490348816,2.117020070552826
10.38,3.241528272628784,2.667745888233185,1.975025326013565
10.4,3.4800777435302734,2.7059342861175537,1.8330305814743042
10.42,3.280637264251709,2.656185746192932,2.112228184938431
10.44,3.0811967849731445,2.6064372062683105,2.3914257884025574
10.46,2.88175630569458,2.556688666343689,2.670623391866684
10.48,2.6823158264160156,2.5069401264190674,2.9498209953308105
10.5,2.655468463897705,2.529801845550537,2.8234399557113647
10.52,2.6286211013793945,2.552663564682007,2.697058916091919
10.54,2.601773738861084,2.5755252838134766,2.570677876472473
10.56,2.5749263763427734,2.5983870029449463,2.4442968368530273
10.58,2.649685025215149,2.7295002341270447,2.5270090103149414
10.6,2.7244436740875244,2.860613465309143,2.6097211837768555
10.62,2.7992023229599,2.9917266964912415,2.6924333572387695
10.64,2.8739609718322754,3.12283992767334,2.7751455307006836
10.66,2.810326039791107,3.0636226534843445,2.6729466915130615
10.68,2.746691107749939,3.004405379295349,2.5707478523254395
10.7,2.6830561757087708,2.9451881051063538,2.4685490131378174
10.72,2.6194212436676025,2.8859708309173584,2.3663501739501953
10.74,2.745962917804718,2.8435524106025696,2.5031611919403076
10.76,2.8725045919418335,2.8011339902877808,2.63997220993042
10.78,2.999046266078949,2.758715569972992,2.7767832279205322
10.8,3.1255879402160645,2.716297149658203,2.9135942459106445
10.82,3.0441375374794006,2.640191376209259,2.7541825771331787
10.84,2.962687134742737,2.564085602760315,2.594770908355713
10.86,2.881236732006073,2.487979829311371,2.435359239578247
10.88,2.799786329269409,2.4118740558624268,2.2759475708007812
10.9,2.8007125854492188,2.5302347540855408,2.3747050762176514
10.92,2.8016388416290283,2.648595452308655,2.4734625816345215
10.94,2.802565097808838,2.766956150531769,2.5722200870513916
10.96,2.8034913539886475,2.885316848754883,2.6709775924682617
10.98,2.8111586570739746,3.0574249029159546,2.529990017414093
11.0,2.8188259601593018,3.2295329570770264,2.3890024423599243
11.02,2.826493263244629,3.401641011238098,2.2480148673057556
11.04,2.834160566329956,3.57374906539917,2.107027292251587
11.06,2.8304176926612854,3.4259089827537537,2.1338537335395813
11.08,2.8266748189926147,3.2780689001083374,2.1606801748275757
11.1,2.822931945323944,3.130228817462921,2.18750661611557
11.12,2.8191890716552734,2.982388734817505,2.2143330574035645
11.14,2.865778088569641,2.895854353904724,2.1988401412963867
11.16,2.912367105484009,2.8093199729919434,2.183347225189209
11.18,2.9589561223983765,2.7227855920791626,2.1678543090820312
11.2,3.005545139312744,2.636251211166382,2.1523613929748535
11.22,2.8917174339294434,2.9850876927375793,2.1928449273109436
11.24,2.7778897285461426,3.333924174308777,2.2333284616470337
11.26,2.664062023162842,3.6827606558799744,2.273811995983124
11.28,2.550234317779541,4.031597137451172,2.314295530319214
11.3,2.692249894142151,4.217852234840393,2.370731294155121
11.32,2.8342654705047607,4.404107332229614,2.427167057991028
11.34,2.9762810468673706,4.5903624296188354,2.483602821826935
11.36,3.1182966232299805,4.776617527008057,2.540038585662842
11.38,2.9967268109321594,4.804654121398926,2.4080541133880615
11.4,2.8751569986343384,4.832690715789795,2.2760696411132812
11.42,2.7535871863365173,4.860727310180664,2.144085168838501
11.44,2.6320173740386963,4.888763904571533,2.0121006965637207
11.46,2.6942833065986633,4.431805610656738,2.0338014960289
11.48,2.7565492391586304,3.9748473167419434,2.0555022954940796
11.5,2.8188151717185974,3.5178890228271484,2.077203094959259
11.52,2.8810811042785645,3.0609307289123535,2.0989038944244385
11.54,2.8209316730499268,3.138631045818329,2.1542559266090393
11.56,2.760782241821289,3.216331362724304,2.20960795879364
11.58,2.7006328105926514,3.2940316796302795,2.264959990978241
11.6,2.6404833793640137,3.371731996536255,2.320312023162842
11.62,2.74326890707016,3.1340601444244385,2.4064183235168457
11.64,2.846054434776306,2.896388292312622,2.4925246238708496
11.66,2.9488399624824524,2.6587164402008057,2.5786309242248535
11.68,3.0516254901885986,2.4210445880889893,2.6647372245788574
11.7,2.94845050573349,2.484256684780121,2.5365284085273743
11.72,2.8452755212783813,2.5474687814712524,2.408319592475891
11.74,2.7421005368232727,2.610680878162384,2.280110776424408
11.76,2.638925552368164,2.6738929748535156,2.151901960372925
11.78,2.591041922569275,2.8640317916870117,2.2154399752616882
11.8,2.5431582927703857,3.054170608520508,2.2789779901504517
11.82,2.4952746629714966,3.244309425354004,2.342516005039215
11.84,2.4473910331726074,3.4344482421875,2.4060540199279785
11.86,2.616350471973419,3.2026909589767456,2.303542137145996
11.88,2.785309910774231,2.970933675765991,2.2010302543640137
11.9,2.9542693495750427,2.739176392555237,2.0985183715820312
11.92,3.1232287883758545,2.5074191093444824,1.9960064888000488
11.94,2.9756367802619934,2.9239696264266968,2.0285752415657043
11.96,2.8280447721481323,3.340520143508911,2.06114399433136
11.98,2.6804527640342712,3.7570706605911255,2.0937127470970154
12.0,2.53286075592041,4.17362117767334,2.126281499862671
12.02,2.651710629463196,3.7888969779014587,2.1225690245628357
12.04,2.7705605030059814,3.4041727781295776,2.1188565492630005
12.06,2.889410376548767,3.0194485783576965,2.1151440739631653
12.08,3.0082602500915527,2.6347243785858154,2.11143159866333
12.1,2.9767978191375732,2.996044337749481,2.143050789833069
12.12,2.9453353881835938,3.357364296913147,2.1746699810028076
12.14,2.9138729572296143,3.7186842560768127,2.2062891721725464
12.16,2.8824105262756348,4.0800042152404785,2.237908363342285
12.18,2.8198017477989197,3.866514563560486,2.3509809970855713
12.2,2.7571929693222046,3.653024911880493,2.4640536308288574
12.22,2.6945841908454895,3.4395352602005005,2.5771262645721436
12.24,2.6319754123687744,3.226045608520508,2.6901988983154297
12.26,2.6346452832221985,3.12896066904068,2.582633376121521
12.28,2.6373151540756226,3.031875729560852,2.4750678539276123
12.3,2.6399850249290466,2.934790790081024,2.3675023317337036
12.32,2.6426548957824707,2.8377058506011963,2.259936809539795
12.34,2.6087602972984314,2.7046859860420227,2.2723103165626526
12.36,2.574865698814392,2.571666121482849,2.2846838235855103
12.38,2.540971100330353,2.4386462569236755,2.297057330608368
12.4,2.5070765018463135,2.305626392364502,2.3094308376312256
12.42,2.739990532398224,2.324620008468628,2.378825604915619
12.44,2.9729045629501343,2.343613624572754,2.448220372200012
12.46,3.2058185935020447,2.36260724067688,2.5176151394844055
12.48,3.438732624053955,2.381600856781006,2.587009906768799
12.5,3.2716625928878784,2.4992802143096924,2.567205786705017
12.52,3.1045925617218018,2.616959571838379,2.5474016666412354
12.54,2.937522530555725,2.7346389293670654,2.5275975465774536
12.56,2.7704524993896484,2.852318286895752,2.507793426513672
12.58,2.75978022813797,2.8153326511383057,2.499948799610138
12.6,2.7491079568862915,2.7783470153808594,2.492104172706604
12.62,2.738435685634613,2.741361379623413,2.48425954580307
12.64,2.7277634143829346,2.704375743865967,2.476414918899536
12.66,2.8024356961250305,2.789613962173462,2.4447489976882935
12.68,2.8771079778671265,2.874852180480957,2.413083076477051
12.7,2.9517802596092224,2.960090398788452,2.381417155265808
12.72,3.0264525413513184,3.0453286170959473,2.3497512340545654
12.74,2.9481436014175415,2.9125303626060486,2.436436653137207
12.76,2.8698346614837646,2.77973210811615,2.5231220722198486
12.78,2.791525721549988,2.646933853626251,2.6098074913024902
12.8,2.713216781616211,2.5141355991363525,2.696492910385132
12.82,2.632861852645874,2.5110138654708862,2.616619825363159
12.84,2.552506923675537,2.50789213180542,2.5367467403411865
12.86,2.4721519947052,2.5047703981399536,2.456873655319214
12.88,2.3917970657348633,2.5016486644744873,2.377000570297241
12.9,2.5145747661590576,3.0033915638923645,2.4414693117141724
12.92,2.637352466583252,3.5051344633102417,2.5059380531311035
12.94,2.7601301670074463,4.006877362728119,2.5704067945480347
12.96,2.8829078674316406,4.508620262145996,2.634875535964966
12.98,2.901611328125,4.008124053478241,2.5528125762939453
13.0,2.9203147888183594,3.507627844810486,2.470749616622925
13.02,2.9390182495117188,3.0071316361427307,2.3886866569519043
13.04,2.957721710205078,2.5066354274749756,2.306623697280884
13.06,2.9235405921936035,2.5947805643081665,2.655013620853424
13.08,2.889359474182129,2.6829257011413574,3.0034035444259644
13.1,2.8551783561706543,2.7710708379745483,3.3517934679985046
13.12,2.8209972381591797,2.8592159748077393,3.700183391571045
13.14,2.8146039843559265,2.8398688435554504,3.4872089624404907
13.16,2.8082107305526733,2.8205217123031616,3.2742345333099365
13.18,2.80181747674942,2.801174581050873,3.0612601041793823
13.2,2.795424222946167,2.781827449798584,2.848285675048828
13.22,2.9126148223876953,2.824896216392517,2.8876506686210632
13.24,3.0298054218292236,2.86796498298645,2.9270156621932983
13.26,3.146996021270752,2.9110337495803833,2.9663806557655334
13.28,3.2641866207122803,2.9541025161743164,3.0057456493377686
13.3,3.2067148685455322,2.8604968786239624,2.924975574016571
13.32,3.149243116378784,2.7668912410736084,2.8442054986953735
13.34,3.091771364212036,2.6732856035232544,2.763435423374176
13.36,3.034299612045288,2.5796799659729004,2.6826653480529785
13.38,2.9250383973121643,2.6810414791107178,2.657947599887848
13.4,2.8157771825790405,2.782402992248535,2.6332298517227173
13.42,2.7065159678459167,2.8837645053863525,2.6085121035575867
13.44,2.597254753112793,2.98512601852417,2.583794355392456
13.46,2.6933388710021973,2.848608613014221,2.6051953434944153
13.48,2.7894229888916016,2.7120912075042725,2.6265963315963745
13.5,2.885507106781006,2.5755738019943237,2.6479973196983337
13.52,2.98159122467041,2.439056396484375,2.669398307800293
13.54,2.936647415161133,2.5864867568016052,2.708356738090515
13.56,2.8917036056518555,2.7339171171188354,2.7473151683807373
13.58,2.846759796142578,2.8813474774360657,2.7862735986709595
13.6,2.801815986633301,3.028777837753296,2.8252320289611816
13.62,2.8112480640411377,3.052434742450714,2.9359607100486755
13.64,2.8206801414489746,3.0760916471481323,3.0466893911361694
13.66,2.8301122188568115,3.0997485518455505,3.1574180722236633
13.68,2.8395442962646484,3.1234054565429688,3.2681467533111572
13.7,2.7302520871162415,3.163003087043762,3.024454414844513
13.72,2.6209598779678345,3.2026007175445557,2.7807620763778687
13.74,2.5116676688194275,3.242198348045349,2.5370697379112244
13.76,2.4023754596710205,3.2817959785461426,2.29337739944458
13.78,2.4799684882164,3.101480722427368,2.594297409057617
13.8,2.55756151676178,2.9211654663085938,2.8952174186706543
13.82,2.6351545453071594,2.7408502101898193,3.1961374282836914
13.84,2.712747573852539,2.560534954071045,3.4970574378967285
13.86,2.7095409631729126,2.7932551503181458,3.311816096305847
13.88,2.706334352493286,3.0259753465652466,3.126574754714966
13.9,2.7031277418136597,3.2586955428123474,2.9413334131240845
13.92,2.699921131134033,3.4914157390594482,2.756092071533203
13.94,2.7262587547302246,3.5811797380447388,2.77923721075058
13.96,2.752596378326416,3.6709437370300293,2.8023823499679565
13.98,2.7789340019226074,3.76070773601532,2.8255274891853333
14.0,2.805271625518799,3.8504717350006104,2.84867262840271
14.02,2.633703827857971,3.5751578211784363,2.84048330783844
14.04,2.4621360301971436,3.299843907356262,2.83229398727417
14.06,2.290568232536316,3.024529993534088,2.8241046667099
14.08,2.1190004348754883,2.749216079711914,2.81591534614563
14.1,2.154733180999756,2.7314292192459106,3.1091302037239075
14.12,2.1904659271240234,2.7136423587799072,3.402345061302185
14.14,2.226198673248291,2.695855498313904,3.6955599188804626
14.16,2.2619314193725586,2.6780686378479004,3.9887747764587402
14.18,2.341241717338562,2.669546961784363,3.933848261833191
14.2,2.4205520153045654,2.661025285720825,3.8789217472076416
14.22,2.499862313270569,2.6525036096572876,3.8239952325820923
14.24,2.5791726112365723,2.64398193359375,3.769068717956543
14.26,2.6139978766441345,2.80526864528656,3.4612152576446533
14.28,2.6488231420516968,2.96655535697937,3.1533617973327637
14.3,2.683648407459259,3.12784206867218,2.845508337020874
14.32,2.7184736728668213,3.2891287803649902,2.5376548767089844
14.34,2.684735655784607,3.1393923163414,2.772249400615692
14.36,2.6509976387023926,2.98965585231781,3.0068439245224
14.38,2.6172596216201782,2.83991938829422,3.2414384484291077
14.4,2.583521604537964,2.69018292427063,3.4760329723358154
14.42,2.5887701511383057,2.8222986459732056,3.3516624569892883
14.44,2.5940186977386475,2.9544143676757812,3.2272919416427612
14.46,2.5992672443389893,3.086530089378357,3.102921426296234
14.48,2.604515790939331,3.2186458110809326,2.978550910949707
14.5,2.6512308716773987,3.1334908604621887,2.907567322254181
14.52,2.6979459524154663,3.048335909843445,2.836583733558655
14.54,2.744661033153534,2.963180959224701,2.7656001448631287
14.56,2.7913761138916016,2.878026008605957,2.6946165561676025
14.58,2.7215775847434998,2.8557296991348267,2.619066834449768
14.6,2.651779055595398,2.8334333896636963,2.5435171127319336
14.62,2.581980526447296,2.811137080192566,2.467967391014099
14.64,2.5121819972991943,2.7888407707214355,2.3924176692962646
14.66,2.370508134365082,2.899443745613098,2.3612024188041687
14.68,2.2288342714309692,3.0100467205047607,2.3299871683120728
14.7,2.0871604084968567,3.1206496953964233,2.298771917819977
14.72,1.9454865455627441,3.231252670288086,2.267556667327881
14.74,2.1195385456085205,3.1482551097869873,2.414020299911499
14.76,2.293590545654297,3.0652575492858887,2.560483932495117
14.78,2.4676425457000732,2.98225998878479,2.7069475650787354
14.8,2.6416945457458496,2.8992624282836914,2.8534111976623535
14.82,2.5551018714904785,2.798711657524109,2.8093804121017456
14.84,2.4685091972351074,2.6981608867645264,2.7653496265411377
14.86,2.3819165229797363,2.597610116004944,2.72131884098053
14.88,2.2953238487243652,2.4970593452453613,2.677288055419922
14.9,2.3989057540893555,2.606608808040619,2.648151159286499
14.92,2.5024876594543457,2.7161582708358765,2.619014263153076
14.94,2.606069564819336,2.825707733631134,2.5898773670196533
14.96,2.709651470184326,2.9352571964263916,2.5607404708862305
14.98,2.8034873008728027,2.964027225971222,2.9694557189941406
15.0,2.8973231315612793,2.9927972555160522,3.378170967102051
15.02,2.991158962249756,3.0215672850608826,3.786886215209961
15.04,3.0849947929382324,3.050337314605713,4.195601463317871
15.06,2.989194393157959,2.8811303973197937,4.220906972885132
15.08,2.8933939933776855,2.7119234800338745,4.246212482452393
15.1,2.797593593597412,2.5427165627479553,4.271517992019653
15.12,2.7017931938171387,2.373509645462036,4.296823501586914
15.14,2.6915395259857178,2.534553587436676,4.16356897354126
15.16,2.681285858154297,2.695597529411316,4.0303144454956055
15.18,2.671032190322876,2.856641471385956,3.897059917449951
15.2,2.660778522491455,3.0176854133605957,3.763805389404297
15.22,2.609974503517151,2.978424906730652,3.8231661319732666
15.24,2.5591704845428467,2.939164400100708,3.8825268745422363
15.26,2.5083664655685425,2.899903893470764,3.941887617111206
15.28,2.4575624465942383,2.8606433868408203,4.001248359680176
15.3,2.6596407294273376,2.8836781978607178,4.153845548629761
15.32,2.861719012260437,2.9067130088806152,4.306442737579346
15.34,3.0637972950935364,2.9297478199005127,4.459039926528931
15.36,3.2658755779266357,2.95278263092041,4.611637115478516
15.38,3.232811391353607,2.8901665806770325,4.12222558259964
15.4,3.1997472047805786,2.827550530433655,3.632814049720764
15.42,3.16668301820755,2.764934480190277,3.1434025168418884
15.44,3.1336188316345215,2.7023184299468994,2.6539909839630127
15.46,3.3704651594161987,2.705906569957733,2.8280439376831055
15.48,3.607311487197876,2.709494709968567,3.0020968914031982
15.5,3.8441578149795532,2.7130828499794006,3.176149845123291
15.52,4.0810041427612305,2.7166709899902344,3.350202798843384
15.54,3.768772602081299,2.9092841148376465,3.1940794587135315
15.56,3.456541061401367,3.1018972396850586,3.037956118583679
15.58,3.1443095207214355,3.2945103645324707,2.881832778453827
15.6,2.832077980041504,3.487123489379883,2.7257094383239746
15.62,2.7664049863815308,3.267641842365265,2.6272841691970825
15.64,2.7007319927215576,3.048160195350647,2.5288589000701904
15.66,2.6350589990615845,2.828678548336029,2.4304336309432983
15.68,2.5693860054016113,2.609196901321411,2.3320083618164062
15.7,2.716442286968231,2.605173647403717,2.2697783708572388
15.72,2.863498568534851,2.601150393486023,2.2075483798980713
15.74,3.010554850101471,2.597127139568329,2.145318388938904
15.76,3.157611131668091,2.5931038856506348,2.0830883979797363
15.78,3.0893000960350037,2.66604483127594,2.2792786359786987
15.8,3.0209890604019165,2.738985776901245,2.475468873977661
15.82,2.9526780247688293,2.8119267225265503,2.6716591119766235
15.84,2.884366989135742,2.8848676681518555,2.867849349975586
15.86,2.8832149505615234,2.8684247732162476,3.3072829246520996
15.88,2.8820629119873047,2.8519818782806396,3.7467164993286133
15.9,2.880910873413086,2.8355389833450317,4.186150074005127
15.92,2.879758834838867,2.819096088409424,4.625583648681641
15.94,2.810232996940613,2.8997192978858948,4.558004140853882
15.96,2.7407071590423584,2.9803425073623657,4.490424633026123
15.98,2.671181321144104,3.0609657168388367,4.422845125198364
16.0,2.6016554832458496,3.1415889263153076,4.3552656173706055
16.02,2.622329354286194,3.081343352794647,4.089234352111816
16.04,2.643003225326538,3.021097779273987,3.8232030868530273
16.06,2.6636770963668823,2.9608522057533264,3.5571718215942383
16.08,2.6843509674072266,2.900606632232666,3.291140556335449
16.1,2.637570381164551,2.700882136821747,3.0798436999320984
16.12,2.590789794921875,2.5011576414108276,2.8685468435287476
16.14,2.544009208679199,2.3014331459999084,2.6572499871253967
16.16,2.4972286224365234,2.1017086505889893,2.445953130722046
16.18,2.5389309525489807,2.4652844071388245,2.3926714658737183
16.2,2.580633282661438,2.8288601636886597,2.3393898010253906
16.22,2.6223356127738953,3.192435920238495,2.286108136177063
16.24,2.6640379428863525,3.55601167678833,2.2328264713287354
16.26,2.5674614906311035,3.8607722520828247,2.3492918610572815
16.28,2.4708850383758545,4.165532827377319,2.4657572507858276
16.3,2.3743085861206055,4.470293402671814,2.582222640514374
16.32,2.2777321338653564,4.775053977966309,2.69868803024292
16.34,2.3056272864341736,4.5598224401474,2.672275483608246
16.36,2.3335224390029907,4.344590902328491,2.6458629369735718
16.38,2.361417591571808,4.1293593645095825,2.6194503903388977
16.4,2.389312744140625,3.914127826690674,2.5930378437042236
16.42,2.5305429697036743,3.9835617542266846,2.590487539768219
16.44,2.6717731952667236,4.052995681762695,2.5879372358322144
16.46,2.813003420829773,4.122429609298706,2.5853869318962097
16.48,2.9542336463928223,4.191863536834717,2.582836627960205
16.5,2.8563775420188904,3.745867669582367,2.6009891629219055
16.52,2.7585214376449585,3.299871802330017,2.619141697883606
16.54,2.6606653332710266,2.8538759350776672,2.6372942328453064
16.56,2.5628092288970947,2.4078800678253174,2.655446767807007
16.58,2.693071663379669,2.6906471252441406,2.4830309748649597
16.6,2.8233340978622437,2.973414182662964,2.3106151819229126
16.62,2.953596532344818,3.256181240081787,2.1381993889808655
16.64,3.0838589668273926,3.5389482975006104,1.9657835960388184
16.66,2.9644716382026672,3.3888593912124634,2.0224871039390564
16.68,2.845084309577942,3.2387704849243164,2.0791906118392944
16.7,2.7256969809532166,3.0886815786361694,2.1358941197395325
16.72,2.606309652328491,2.9385926723480225,2.1925976276397705
16.74,2.7061473727226257,2.9359567761421204,2.2816001176834106
16.76,2.8059850931167603,2.9333208799362183,2.370602607727051
16.78,2.9058228135108948,2.930684983730316,2.459605097770691
16.8,3.0056605339050293,2.928049087524414,2.548607587814331
16.82,2.9020278453826904,3.311941981315613,2.4586132764816284
16.84,2.7983951568603516,3.6958348751068115,2.368618965148926
16.86,2.6947624683380127,4.07972776889801,2.278624653816223
16.88,2.591129779815674,4.463620662689209,2.1886303424835205
16.9,2.616133451461792,4.131894528865814,2.3419663310050964
16.92,2.64113712310791,3.8001683950424194,2.4953023195266724
16.94,2.6661407947540283,3.4684422612190247,2.6486383080482483
16.96,2.6911444664001465,3.13671612739563,2.801974296569824
16.98,2.705122411251068,3.2526132464408875,2.830474078655243
17.0,2.7191003561019897,3.368510365486145,2.8589738607406616
17.02,2.7330783009529114,3.4844074845314026,2.8874736428260803
17.04,2.747056245803833,3.60030460357666,2.915973424911499
17.06,2.7138327956199646,3.4350613355636597,2.744998812675476
17.08,2.680609345436096,3.269818067550659,2.574024200439453
17.1,2.647385895252228,3.1045747995376587,2.40304958820343
17.12,2.6141624450683594,2.939331531524658,2.2320749759674072
17.14,2.6208235025405884,3.1191900968551636,2.4146650433540344
17.16,2.6274845600128174,3.299048662185669,2.5972551107406616
17.18,2.6341456174850464,3.4789072275161743,2.779845178127289
17.2,2.6408066749572754,3.6587657928466797,2.962435245513916
17.22,2.6397295594215393,3.490003228187561,2.8804808855056763
17.24,2.6386524438858032,3.3212406635284424,2.7985265254974365
17.26,2.637575328350067,3.1524780988693237,2.7165721654891968
17.28,2.636498212814331,2.983715534210205,2.634617805480957
17.3,2.714620590209961,2.832816421985626,2.553164482116699
17.32,2.792742967605591,2.6819173097610474,2.4717111587524414
17.34,2.8708653450012207,2.5310181975364685,2.3902578353881836
17.36,2.9489877223968506,2.3801190853118896,2.308804512023926
17.38,2.938471496105194,2.5052629709243774,2.2408674359321594
17.4,2.9279552698135376,2.6304068565368652,2.172930359840393
17.42,2.917439043521881,2.755550742149353,2.1049932837486267
17.44,2.9069228172302246,2.880694627761841,2.0370562076568604
17.46,2.857055425643921,2.874290704727173,2.286888539791107
17.48,2.807188034057617,2.867886781692505,2.536720871925354
17.5,2.7573206424713135,2.861482858657837,2.786553204059601
17.52,2.7074532508850098,2.855078935623169,3.0363855361938477
17.54,2.7497293949127197,2.8830109238624573,2.811635971069336
17.56,2.7920055389404297,2.9109429121017456,2.586886405944824
17.58,2.8342816829681396,2.938874900341034,2.3621368408203125
17.6,2.8765578269958496,2.9668068885803223,2.137387275695801
17.62,2.89877849817276,3.54107129573822,2.2079172134399414
17.64,2.9209991693496704,4.115335702896118,2.278447151184082
17.66,2.943219840526581,4.689600110054016,2.3489770889282227
17.68,2.965440511703491,5.263864517211914,2.4195070266723633
17.7,2.929479241371155,4.593970060348511,2.4516295194625854
17.72,2.8935179710388184,3.9240756034851074,2.4837520122528076
17.74,2.857556700706482,3.254181146621704,2.51587450504303
17.76,2.8215954303741455,2.584286689758301,2.547996997833252
17.78,2.733880043029785,2.6724220514297485,2.4882181882858276
17.8,2.646164655685425,2.7605574131011963,2.4284393787384033
17.82,2.5584492683410645,2.848692774772644,2.368660569190979
17.84,2.470733880996704,2.936828136444092,2.3088817596435547
17.86,2.4822617769241333,3.038224935531616,2.3635222911834717
17.88,2.4937896728515625,3.1396217346191406,2.4181628227233887
17.9,2.5053175687789917,3.241018533706665,2.4728033542633057
17.92,2.516845464706421,3.3424153327941895,2.5274438858032227
17.94,2.5834444165229797,3.3376675844192505,2.514623761177063
17.96,2.6500433683395386,3.3329198360443115,2.5018036365509033
17.98,2.7166423201560974,3.3281720876693726,2.4889835119247437
18.0,2.7832412719726562,3.3234243392944336,2.476163387298584
18.02,2.784323036670685,3.222227692604065,2.5429731607437134
18.04,2.7854048013687134,3.1210310459136963,2.6097829341888428
18.06,2.786486566066742,3.0198343992233276,2.676592707633972
18.08,2.7875683307647705,2.918637752532959,2.7434024810791016
18.1,2.7098535299301147,2.852366030216217,2.614701747894287
18.12,2.632138729095459,2.786094307899475,2.4860010147094727
18.14,2.5544239282608032,2.719822585582733,2.357300281524658
18.16,2.4767091274261475,2.653550863265991,2.2285995483398438
18.18,2.517291247844696,2.561679244041443,2.156445264816284
18.2,2.5578733682632446,2.4698076248168945,2.0842909812927246
18.22,2.598455488681793,2.377936005592346,2.012136697769165
18.24,2.639037609100342,2.286064386367798,1.9399824142456055
18.26,2.6670262813568115,2.495233952999115,2.0353987216949463
18.28,2.6950149536132812,2.704403519630432,2.130815029144287
18.3,2.723003625869751,2.9135730862617493,2.226231336593628
18.32,2.7509922981262207,3.1227426528930664,2.3216476440429688
18.34,2.7035850286483765,3.3202807307243347,2.2617703080177307
18.36,2.6561777591705322,3.517818808555603,2.2018929719924927
18.38,2.608770489692688,3.7153568863868713,2.1420156359672546
18.4,2.5613632202148438,3.9128949642181396,2.0821382999420166
18.42,2.5952348709106445,3.591777205467224,2.044506400823593
18.44,2.6291065216064453,3.2706594467163086,2.0068745017051697
18.46,2.662978172302246,2.949541687965393,1.9692426025867462
18.48,2.696849822998047,2.6284239292144775,1.9316107034683228
18.5,2.637670636177063,2.5690083503723145,2.042736142873764
18.52,2.578491449356079,2.5095927715301514,2.1538615822792053
18.54,2.519312262535095,2.4501771926879883,2.2649870216846466
18.56,2.4601330757141113,2.390761613845825,2.376112461090088
18.58,2.512741208076477,2.45832097530365,2.3654911518096924
18.6,2.5653493404388428,2.5258803367614746,2.354869842529297
18.62,2.6179574728012085,2.5934396982192993,2.3442485332489014
18.64,2.670565605163574,2.660999059677124,2.333627223968506
18.66,2.589788258075714,2.8415661454200745,2.35099196434021
18.68,2.509010910987854,3.022133231163025,2.368356704711914
18.7,2.428233563899994,3.2027003169059753,2.385721445083618
18.72,2.347456216812134,3.383267402648926,2.4030861854553223
18.74,2.3934685587882996,3.3454917073249817,2.4422858357429504
18.76,2.4394809007644653,3.3077160120010376,2.4814854860305786
18.78,2.485493242740631,3.2699403166770935,2.520685136318207
18.8,2.531505584716797,3.2321646213531494,2.559884786605835
18.82,2.5490331649780273,3.2632343769073486,2.5712186694145203
18.84,2.566560745239258,3.294304132461548,2.5825525522232056
18.86,2.5840883255004883,3.325373888015747,2.593886435031891
18.88,2.6016159057617188,3.3564436435699463,2.605220317840576
18.9,2.7445685267448425,3.224142014980316,2.5971769094467163
18.92,2.8875211477279663,3.091840386390686,2.5891335010528564
18.94,3.03047376871109,2.959538757801056,2.5810900926589966
18.96,3.173426389694214,2.827237129211426,2.5730466842651367
18.98,3.010709822177887,3.147164225578308,2.5128018260002136
19.0,2.84799325466156,3.4670913219451904,2.4525569677352905
19.02,2.685276687145233,3.7870184183120728,2.3923121094703674
19.04,2.5225601196289062,4.106945514678955,2.3320672512054443
19.06,2.550252079963684,3.6822168231010437,2.5035994052886963
19.08,2.577944040298462,3.2574881315231323,2.6751315593719482
19.1,2.6056360006332397,2.832759439945221,2.8466637134552
19.12,2.6333279609680176,2.4080307483673096,3.018195867538452
19.14,2.610164999961853,2.5563620924949646,2.8788912296295166
19.16,2.5870020389556885,2.7046934366226196,2.739586591720581
19.18,2.563839077949524,2.8530247807502747,2.6002819538116455
19.2,2.5406761169433594,3.0013561248779297,2.46097731590271
19.22,2.568640649318695,3.1613898873329163,2.4419743418693542
19.24,2.5966051816940308,3.321423649787903,2.4229713678359985
19.26,2.6245697140693665,3.4814574122428894,2.403968393802643
19.28,2.652534246444702,3.641491174697876,2.384965419769287
19.3,2.6953436732292175,3.6115349531173706,2.40712970495224
19.32,2.738153100013733,3.5815787315368652,2.429293990135193
19.34,2.7809625267982483,3.55162250995636,2.4514582753181458
19.36,2.8237719535827637,3.5216662883758545,2.4736225605010986
19.38,2.7674739360809326,3.6740394234657288,2.470662772655487
19.4,2.7111759185791016,3.826412558555603,2.4677029848098755
19.42,2.6548779010772705,3.9787856936454773,2.464743196964264
19.44,2.5985798835754395,4.131158828735352,2.4617834091186523
19.46,2.5378153324127197,3.763025403022766,2.3255515694618225
19.48,2.47705078125,3.3948919773101807,2.1893197298049927
19.5,2.4162862300872803,3.026758551597595,2.053087890148163
19.52,2.3555216789245605,2.6586251258850098,1.916856050491333
19.54,2.419120132923126,2.7328416109085083,1.9830289483070374
19.56,2.482718586921692,2.807058095932007,2.0492018461227417
19.58,2.5463170409202576,2.8812745809555054,2.115374743938446
19.6,2.6099154949188232,2.955491065979004,2.1815476417541504
19.62,2.686514735221863,3.018930733203888,2.2519795894622803
19.64,2.7631139755249023,3.082370400428772,2.32241153717041
19.66,2.839713215827942,3.145810067653656,2.39284348487854
19.68,2.9163124561309814,3.20924973487854,2.46327543258667
19.7,2.845057427883148,3.1723726987838745,2.5026674270629883
19.72,2.773802399635315,3.135495662689209,2.5420594215393066
19.74,2.7025473713874817,3.0986186265945435,2.581451416015625
19.76,2.6312923431396484,3.061741590499878,2.6208434104919434
19.78,2.5718072056770325,3.017782986164093,2.5153086185455322
19.8,2.5123220682144165,2.973824381828308,2.409773826599121
19.82,2.4528369307518005,2.929865777492523,2.30423903465271
19.84,2.3933517932891846,2.8859071731567383,2.198704242706299
19.86,2.4760689735412598,2.8066651821136475,2.260462999343872
19.88,2.558786153793335,2.7274231910705566,2.3222217559814453
19.9,2.64150333404541,2.648181200027466,2.3839805126190186
19.92,2.7242205142974854,2.568939208984375,2.445739269256592
19.94,2.8011170029640198,2.9226933121681213,2.4279388189315796
19.96,2.878013491630554,3.2764474153518677,2.4101383686065674
19.98,2.9549099802970886,3.630201518535614,2.392337918281555
20.0,3.031806468963623,3.9839556217193604,2.374537467956543
20.02,3.0058584213256836,3.905044138431549,2.275750160217285
20.04,2.979910373687744,3.826132655143738,2.1769628524780273
20.06,2.9539623260498047,3.7472211718559265,2.0781755447387695
20.08,2.9280142784118652,3.6683096885681152,1.9793882369995117
20.1,2.8053128123283386,3.828598380088806,2.129190742969513
20.12,2.682611346244812,3.988887071609497,2.278993248939514
20.14,2.5599098801612854,4.149175763130188,2.4287957549095154
20.16,2.437208414077759,4.309464454650879,2.5785982608795166
20.18,2.4577863812446594,4.006967902183533,2.4487797617912292
20.2,2.47836434841156,3.7044713497161865,2.318961262702942
20.22,2.4989423155784607,3.4019747972488403,2.1891427636146545
20.24,2.5195202827453613,3.099478244781494,2.059324264526367
20.26,2.5156034231185913,3.037869393825531,2.1767303943634033
20.28,2.5116865634918213,2.976260542869568,2.2941365242004395
20.3,2.5077697038650513,2.9146516919136047,2.4115426540374756
20.32,2.5038528442382812,2.8530428409576416,2.5289487838745117
20.34,2.691180169582367,2.685439646244049,2.4748650789260864
20.36,2.8785074949264526,2.5178364515304565,2.420781373977661
20.38,3.0658348202705383,2.350233256816864,2.366697669029236
20.4,3.253162145614624,2.1826300621032715,2.3126139640808105
20.42,3.145826280117035,2.4526476860046387,2.1233013570308685
20.44,3.038490414619446,2.722665309906006,1.9339887499809265
20.46,2.9311545491218567,2.992682933807373,1.7446761429309845
20.48,2.8238186836242676,3.2627005577087402,1.5553635358810425
20.5,2.925195097923279,3.197440803050995,1.8294431865215302
20.52,3.02657151222229,3.1321810483932495,2.103522837162018
20.54,3.1279479265213013,3.066921293735504,2.3776024878025055
20.56,3.2293243408203125,3.001661539077759,2.651682138442993
20.58,3.035181164741516,2.951572358608246,2.7385191917419434
20.6,2.8410379886627197,2.901483178138733,2.8253562450408936
20.62,2.6468948125839233,2.85139399766922,2.9121932983398438
20.64,2.452751636505127,2.801304817199707,2.999030351638794
20.66,2.4315329790115356,2.8009562492370605,2.9026140570640564
20.68,2.4103143215179443,2.800607681274414,2.806197762489319
20.7,2.389095664024353,2.8002591133117676,2.7097814679145813
20.72,2.3678770065307617,2.799910545349121,2.6133651733398438
20.74,2.512341558933258,2.844950556755066,2.4336121678352356
20.76,2.6568061113357544,2.8899905681610107,2.2538591623306274
20.78,2.8012706637382507,2.9350305795669556,2.0741061568260193
20.8,2.945735216140747,2.9800705909729004,1.8943531513214111
20.82,3.013189375400543,2.895151436328888,2.1877400875091553
20.84,3.0806435346603394,2.8102322816848755,2.4811270236968994
20.86,3.1480976939201355,2.725313127040863,2.7745139598846436
20.88,3.2155518531799316,2.6403939723968506,3.0679008960723877
20.9,3.109651029109955,2.6988816261291504,2.929407775402069
20.92,3.003750205039978,2.75736927986145,2.7909146547317505
20.94,2.897849380970001,2.81585693359375,2.652421534061432
20.96,2.7919485569000244,2.87434458732605,2.5139284133911133
20.98,2.7720115780830383,2.7433452010154724,2.62003093957901
21.0,2.7520745992660522,2.612345814704895,2.7261334657669067
21.02,2.732137620449066,2.4813464283943176,2.8322359919548035
21.04,2.71220064163208,2.3503470420837402,2.9383385181427
21.06,2.7137280702590942,2.6950215101242065,2.6876072585582733
21.08,2.7152554988861084,3.039695978164673,2.4368759989738464
21.1,2.7167829275131226,3.384370446205139,2.1861447393894196
21.12,2.7183103561401367,3.7290449142456055,1.9354134798049927
21.14,2.6551286578178406,3.520741581916809,2.140192836523056
21.16,2.5919469594955444,3.3124382495880127,2.3449721932411194
21.18,2.5287652611732483,3.1041349172592163,2.5497515499591827
21.2,2.465583562850952,2.89583158493042,2.754530906677246
21.22,2.6501793265342712,2.844421863555908,2.6309089064598083
21.24,2.8347750902175903,2.7930121421813965,2.5072869062423706
21.26,3.0193708539009094,2.7416024208068848,2.383664906024933
21.28,3.2039666175842285,2.690192699432373,2.260042905807495
21.3,3.02678519487381,2.913121223449707,2.260447144508362
21.32,2.849603772163391,3.136049747467041,2.2608513832092285
21.34,2.6724223494529724,3.358978271484375,2.261255621910095
21.36,2.4952409267425537,3.581906795501709,2.261659860610962
21.38,2.5677406191825867,3.428217589855194,2.2363016605377197
21.4,2.6402403116226196,3.274528384208679,2.2109434604644775
21.42,2.7127400040626526,3.1208391785621643,2.1855852603912354
21.44,2.7852396965026855,2.9671499729156494,2.160227060317993
21.46,2.722618877887726,2.823569178581238,2.090058207511902
21.48,2.659998059272766,2.679988384246826,2.0198893547058105
21.5,2.5973772406578064,2.5364075899124146,1.9497205018997192
21.52,2.5347564220428467,2.392826795578003,1.879551649093628
21.54,2.706859588623047,2.612510025501251,2.007641911506653
21.56,2.878962755203247,2.8321932554244995,2.1357321739196777
21.58,3.0510659217834473,3.051876485347748,2.2638224363327026
21.6,3.2231690883636475,3.271559715270996,2.3919126987457275
21.62,3.299827754497528,3.184156596660614,2.298192262649536
21.64,3.3764864206314087,3.096753478050232,2.2044718265533447
21.66,3.4531450867652893,3.00935035943985,2.1107513904571533
21.68,3.52980375289917,2.9219472408294678,2.017030954360962
21.7,3.2587440609931946,2.9555203318595886,2.144304633140564
21.72,2.9876843690872192,2.9890934228897095,2.271578311920166
21.74,2.716624677181244,3.0226665139198303,2.398851990699768
21.76,2.4455649852752686,3.056239604949951,2.52612566947937
21.78,2.48851877450943,2.962407648563385,2.4618492126464844
21.8,2.5314725637435913,2.868575692176819,2.3975727558135986
21.82,2.5744263529777527,2.7747437357902527,2.333296298980713
21.84,2.617380142211914,2.6809117794036865,2.269019842147827
21.86,2.618758976459503,2.8245204091072083,2.240811049938202
21.88,2.6201378107070923,2.96812903881073,2.2126022577285767
21.9,2.6215166449546814,3.1117376685142517,2.1843934655189514
21.92,2.6228954792022705,3.2553462982177734,2.156184673309326
21.94,2.6557615399360657,3.1344098448753357,2.1954657435417175
21.96,2.688627600669861,3.013473391532898,2.234746813774109
21.98,2.721493661403656,2.89253693819046,2.2740278840065002
22.0,2.754359722137451,2.7716004848480225,2.3133089542388916
22.02,2.865728497505188,2.905401587486267,2.326409339904785
22.04,2.977097272872925,3.0392026901245117,2.3395097255706787
22.06,3.0884660482406616,3.1730037927627563,2.3526101112365723
22.08,3.1998348236083984,3.306804895401001,2.365710496902466
22.1,3.035524010658264,3.3069741129875183,2.365651249885559
22.12,2.87121319770813,3.3071433305740356,2.3655920028686523
22.14,2.7069023847579956,3.307312548160553,2.3655327558517456
22.16,2.5425915718078613,3.3074817657470703,2.365473508834839
22.18,2.5081344842910767,3.0872947573661804,2.4412912130355835
22.2,2.473677396774292,2.8671077489852905,2.517108917236328
22.22,2.4392203092575073,2.6469207406044006,2.5929266214370728
22.24,2.4047632217407227,2.4267337322235107,2.6687443256378174
22.26,2.488776385784149,2.590778172016144,2.693084180355072
22.28,2.5727895498275757,2.754822611808777,2.7174240350723267
22.3,2.656802713871002,2.91886705160141,2.7417638897895813
22.32,2.7408158779144287,3.082911491394043,2.766103744506836
22.34,2.633017361164093,3.081231951713562,2.8948846459388733
22.36,2.5252188444137573,3.079552412033081,3.0236655473709106
22.38,2.4174203276634216,3.0778728723526,3.152446448802948
22.4,2.309621810913086,3.076193332672119,3.2812273502349854
22.42,2.32977956533432,3.233335554599762,3.0610880851745605
22.44,2.349937319755554,3.390477776527405,2.8409488201141357
22.46,2.3700950741767883,3.5476199984550476,2.620809555053711
22.48,2.3902528285980225,3.7047622203826904,2.400670289993286
22.5,2.477923035621643,3.4990023374557495,2.294762462377548
22.52,2.5655932426452637,3.2932424545288086,2.1888546347618103
22.54,2.6532634496688843,3.0874825716018677,2.0829468071460724
22.56,2.740933656692505,2.8817226886749268,1.9770389795303345
22.58,2.749051868915558,2.8347949981689453,2.012437552213669
22.6,2.757170081138611,2.787867307662964,2.047836124897003
22.62,2.765288293361664,2.7409396171569824,2.0832346975803375
22.64,2.773406505584717,2.694011926651001,2.118633270263672
22.66,2.746945381164551,2.784317195415497,2.225678324699402
22.68,2.7204842567443848,2.8746224641799927,2.332723379135132
22.7,2.6940231323242188,2.9649277329444885,2.439768433570862
22.72,2.6675620079040527,3.0552330017089844,2.546813488006592
22.74,2.6443859338760376,2.8963067531585693,2.351983517408371
22.76,2.6212098598480225,2.7373805046081543,2.15715354681015
22.78,2.5980337858200073,2.5784542560577393,1.9623235762119293
22.8,2.574857711791992,2.419528007507324,1.7674936056137085
22.82,2.6535145044326782,2.474233090877533,1.9969580471515656
22.84,2.7321712970733643,2.5289381742477417,2.2264224886894226
22.86,2.8108280897140503,2.5836432576179504,2.4558869302272797
22.88,2.8894848823547363,2.638348340988159,2.6853513717651367
22.9,2.783226728439331,2.6271286606788635,2.623243510723114
22.92,2.676968574523926,2.615908980369568,2.5611356496810913
22.94,2.5707104206085205,2.604689300060272,2.4990277886390686
22.96,2.4644522666931152,2.5934696197509766,2.436919927597046
22.98,2.6154754161834717,2.519069790840149,2.5076345801353455
23.0,2.766498565673828,2.4446699619293213,2.578349232673645
23.02,2.9175217151641846,2.3702701330184937,2.6490638852119446
23.04,3.068544864654541,2.295870304107666,2.719778537750244
23.06,3.0116763710975647,2.543621003627777,2.6118433475494385
23.08,2.9548078775405884,2.791371703147888,2.503908157348633
23.1,2.897939383983612,3.0391224026679993,2.395972967147827
23.12,2.8410708904266357,3.2868731021881104,2.2880377769470215
23.14,2.8330461382865906,3.0648298859596252,2.30726957321167
23.16,2.8250213861465454,2.84278666973114,2.3265013694763184
23.18,2.8169966340065002,2.620743453502655,2.345733165740967
23.2,2.808971881866455,2.39870023727417,2.3649649620056152
23.22,2.827866315841675,2.432883620262146,2.4011136293411255
23.24,2.8467607498168945,2.467067003250122,2.4372622966766357
23.26,2.8656551837921143,2.501250386238098,2.473410964012146
23.28,2.884549617767334,2.535433769226074,2.5095596313476562
23.3,2.866492807865143,2.5417667031288147,2.3801218569278717
23.32,2.8484359979629517,2.548099637031555,2.250684082508087
23.34,2.8303791880607605,2.5544325709342957,2.1212463080883026
23.36,2.8123223781585693,2.560765504837036,1.991808533668518
23.38,2.7317822575569153,2.55547171831131,2.0973762571811676
23.4,2.6512421369552612,2.5501779317855835,2.202943980693817
23.42,2.570702016353607,2.544884145259857,2.3085117042064667
23.44,2.490161895751953,2.539590358734131,2.414079427719116
23.46,2.464352250099182,2.5288515090942383,2.4840272068977356
23.48,2.438542604446411,2.5181126594543457,2.553974986076355
23.5,2.41273295879364,2.507373809814453,2.6239227652549744
23.52,2.386923313140869,2.4966349601745605,2.6938705444335938
23.54,2.452931523323059,2.67659854888916,2.763502061367035
23.56,2.518939733505249,2.8565621376037598,2.833133578300476
23.58,2.584947943687439,3.0365257263183594,2.9027650952339172
23.6,2.650956153869629,3.216489315032959,2.9723966121673584
23.62,2.738175332546234,3.15650475025177,2.8833630084991455
23.64,2.8253945112228394,3.096520185470581,2.7943294048309326
23.66,2.9126136898994446,3.036535620689392,2.7052958011627197
23.68,2.99983286857605,2.976551055908203,2.616262197494507
23.7,2.9272428154945374,2.9720544815063477,2.615327537059784
23.72,2.854652762413025,2.967557907104492,2.614392876625061
23.74,2.7820627093315125,2.9630613327026367,2.613458216190338
23.76,2.70947265625,2.9585647583007812,2.6125235557556152
23.78,2.6948232650756836,3.0696361660957336,2.6904147267341614
23.8,2.680173873901367,3.180707573890686,2.7683058977127075
23.82,2.665524482727051,3.2917789816856384,2.8461970686912537
23.84,2.6508750915527344,3.402850389480591,2.9240882396698
23.86,2.6475228667259216,3.336570382118225,2.6752310693264008
23.88,2.644170641899109,3.2702903747558594,2.4263738989830017
23.9,2.640818417072296,3.2040103673934937,2.1775167286396027
23.92,2.6374661922454834,3.137730360031128,1.9286595582962036
23.94,2.6024304032325745,3.335456609725952,1.9482861459255219
23.96,2.5673946142196655,3.5331828594207764,1.96791273355484
23.98,2.5323588252067566,3.7309091091156006,1.9875393211841583
24.0,2.4973230361938477,3.928635358810425,2.0071659088134766
24.02,2.5783103704452515,3.9251778721809387,2.0086607933044434
24.04,2.6592977046966553,3.9217203855514526,2.01015567779541
24.06,2.740285038948059,3.9182628989219666,2.011650562286377
24.08,2.821272373199463,3.9148054122924805,2.0131454467773438
24.1,2.770495653152466,3.5884068608283997,2.0421417355537415
24.12,2.7197189331054688,3.262008309364319,2.071138024330139
24.14,2.6689422130584717,2.935609757900238,2.100134313106537
24.16,2.6181654930114746,2.6092112064361572,2.1291306018829346
24.18,2.5965619683265686,2.6895692944526672,2.2267025113105774
24.2,2.5749584436416626,2.7699273824691772,2.32427442073822
24.22,2.5533549189567566,2.8502854704856873,2.421846330165863
24.24,2.5317513942718506,2.9306435585021973,2.519418239593506
24.26,2.632736027240753,2.777587115764618,2.5185959339141846
24.28,2.7337206602096558,2.6245306730270386,2.5177736282348633
24.3,2.8347052931785583,2.4714742302894592,2.516951322555542
24.32,2.935689926147461,2.31841778755188,2.5161290168762207
24.34,2.866317570209503,2.4160143733024597,2.528359353542328
24.36,2.7969452142715454,2.5136109590530396,2.540589690208435
24.38,2.7275728583335876,2.6112075448036194,2.5528200268745422
24.4,2.65820050239563,2.708804130554199,2.5650503635406494
24.42,2.6917333602905273,2.829824209213257,2.509557843208313
24.44,2.725266218185425,2.9508442878723145,2.4540653228759766
24.46,2.7587990760803223,3.071864366531372,2.39857280254364
24.48,2.7923319339752197,3.1928844451904297,2.3430802822113037
24.5,2.86361962556839,3.0580358505249023,2.392960846424103
24.52,2.93490731716156,2.923187255859375,2.442841410636902
24.54,3.0061950087547302,2.7883386611938477,2.492721974849701
24.56,3.0774827003479004,2.6534900665283203,2.5426025390625
24.58,2.97413969039917,2.8035700917243958,2.6621053218841553
24.6,2.8707966804504395,2.953650116920471,2.7816081047058105
24.62,2.767453670501709,3.1037301421165466,2.901110887527466
24.64,2.6641106605529785,3.253810167312622,3.020613670349121
24.66,2.712535560131073,3.4012781977653503,2.8276702165603638
24.68,2.7609604597091675,3.5487462282180786,2.6347267627716064
24.7,2.809385359287262,3.696214258670807,2.441783308982849
24.72,2.8578102588653564,3.843682289123535,2.248839855194092
24.74,2.890751898288727,4.070516347885132,2.097514361143112
24.76,2.923693537712097,4.2973504066467285,1.9461888670921326
24.78,2.9566351771354675,4.524184465408325,1.794863373041153
24.8,2.989576816558838,4.751018524169922,1.6435378789901733
24.82,2.988735258579254,4.373396277427673,1.8527871668338776
24.84,2.9878937005996704,3.995774030685425,2.062036454677582
24.86,2.9870521426200867,3.6181517839431763,2.271285742521286
24.88,2.986210584640503,3.2405295372009277,2.4805350303649902
24.9,2.77570503950119,3.199522376060486,2.4973663091659546
24.92,2.5651994943618774,3.158515214920044,2.514197587966919
24.94,2.3546939492225647,3.117508053779602,2.5310288667678833
24.96,2.144188404083252,3.07650089263916,2.5478601455688477
24.98,2.457757353782654,3.0510579347610474,2.38771390914917
25.0,2.7713263034820557,3.0256149768829346,2.227567672729492
25.02,3.0848952531814575,3.0001720190048218,2.0674214363098145
25.04,3.3984642028808594,2.974729061126709,1.9072751998901367
25.06,3.3196253180503845,2.864137291908264,1.8847756683826447
25.08,3.2407864332199097,2.7535455226898193,1.8622761368751526
25.1,3.161947548389435,2.6429537534713745,1.8397766053676605
25.12,3.08310866355896,2.5323619842529297,1.8172770738601685
25.14,2.9188406467437744,2.6135836839675903,1.897689312696457
25.16,2.754572629928589,2.694805383682251,1.9781015515327454
25.18,2.5903046131134033,2.7760270833969116,2.058513790369034
25.2,2.4260365962982178,2.8572487831115723,2.1389260292053223
25.22,2.4367212653160095,2.811527907848358,2.104091554880142
25.24,2.4474059343338013,2.765807032585144,2.069257080554962
25.26,2.458090603351593,2.72008615732193,2.034422606229782
25.28,2.4687752723693848,2.674365282058716,1.999588131904602
25.3,2.5370729565620422,2.7788655161857605,2.1312195956707
25.32,2.6053706407546997,2.883365750312805,2.262851059436798
25.34,2.673668324947357,2.98786598443985,2.394482523202896
25.36,2.7419660091400146,3.0923662185668945,2.526113986968994
25.38,2.9039310216903687,3.2375420331954956,2.433734655380249
25.4,3.0658960342407227,3.3827178478240967,2.341355323791504
25.42,3.2278610467910767,3.5278936624526978,2.248975992202759
25.44,3.3898260593414307,3.673069477081299,2.1565966606140137
25.46,3.239401161670685,3.500334918498993,2.1516818404197693
25.48,3.088976263999939,3.327600359916687,2.146767020225525
25.5,2.938551366329193,3.154865801334381,2.1418522000312805
25.52,2.7881264686584473,2.982131242752075,2.136937379837036
25.54,2.8378132581710815,2.8953292965888977,2.133403778076172
25.56,2.887500047683716,2.80852735042572,2.1298701763153076
25.58,2.93718683719635,2.7217254042625427,2.1263365745544434
25.6,2.9868736267089844,2.6349234580993652,2.122802972793579
25.62,2.995695471763611,2.7438427209854126,2.2327192425727844
25.64,3.0045173168182373,2.85276198387146,2.3426355123519897
25.66,3.0133391618728638,2.9616812467575073,2.452551782131195
25.68,3.0221610069274902,3.0706005096435547,2.5624680519104004
25.7,3.033335030078888,2.9601503014564514,2.513454556465149
25.72,3.0445090532302856,2.849700093269348,2.4644410610198975
25.74,3.0556830763816833,2.739249885082245,2.415427565574646
25.76,3.066857099533081,2.6287996768951416,2.3664140701293945
25.78,3.0986814498901367,2.7705480456352234,2.3599862456321716
25.8,3.1305058002471924,2.912296414375305,2.3535584211349487
25.82,3.162330150604248,3.054044783115387,2.347130596637726
25.84,3.1941545009613037,3.1957931518554688,2.340702772140503
25.86,3.1798460483551025,3.190984308719635,2.305632174015045
25.88,3.1655375957489014,3.1861754655838013,2.2705615758895874
25.9,3.1512291431427,3.1813666224479675,2.2354909777641296
25.92,3.136920690536499,3.176557779312134,2.200420379638672
25.94,3.1016851663589478,3.210594117641449,2.172239899635315
25.96,3.0664496421813965,3.244630455970764,2.144059419631958
25.98,3.031214118003845,3.2786667943000793,2.115878939628601
26.0,2.995978593826294,3.3127031326293945,2.087698459625244
26.02,3.0541219115257263,3.139051079750061,2.119257152080536
26.04,3.1122652292251587,2.9653990268707275,2.1508158445358276
26.06,3.170408546924591,2.791746973991394,2.1823745369911194
26.08,3.2285518646240234,2.6180949211120605,2.213933229446411
26.1,3.036999762058258,2.567655086517334,2.1731345653533936
26.12,2.8454476594924927,2.5172152519226074,2.132335901260376
26.14,2.6538955569267273,2.466775417327881,2.0915372371673584
26.16,2.462343454360962,2.4163355827331543,2.050738573074341
26.18,2.6618365049362183,2.7215282320976257,2.0735941529273987
26.2,2.8613295555114746,3.026720881462097,2.0964497327804565
26.22,3.060822606086731,3.3319135308265686,2.1193053126335144
26.24,3.2603156566619873,3.63710618019104,2.1421608924865723
26.26,3.148217499256134,3.5429630875587463,2.126142382621765
26.28,3.0361193418502808,3.4488199949264526,2.110123872756958
26.3,2.9240211844444275,3.354676902294159,2.094105362892151
26.32,2.811923027038574,3.2605338096618652,2.0780868530273438
26.34,2.788019120693207,3.110453963279724,2.144613027572632
26.36,2.7641152143478394,2.960374116897583,2.21113920211792
26.38,2.740211308002472,2.810294270515442,2.277665376663208
26.4,2.7163074016571045,2.660214424133301,2.344191551208496
26.42,2.6794867515563965,2.6672980189323425,2.344346523284912
26.44,2.6426661014556885,2.6743816137313843,2.344501495361328
26.46,2.6058454513549805,2.681465208530426,2.344656467437744
26.48,2.5690248012542725,2.6885488033294678,2.34481143951416
26.5,2.5417789220809937,2.6726203560829163,2.3180078268051147
26.52,2.514533042907715,2.6566919088363647,2.2912042140960693
26.54,2.487287163734436,2.6407634615898132,2.264400601387024
26.56,2.4600412845611572,2.6248350143432617,2.2375969886779785
26.58,2.6040603518486023,3.11101233959198,2.2636281847953796
26.6,2.7480794191360474,3.5971896648406982,2.2896593809127808
26.62,2.8920984864234924,4.0833669900894165,2.315690577030182
26.64,3.0361175537109375,4.569544315338135,2.341721773147583
26.66,3.0328044295310974,4.534832000732422,2.3763474822044373
26.68,3.0294913053512573,4.500119686126709,2.4109731912612915
26.7,3.0261781811714172,4.465407371520996,2.4455989003181458
26.72,3.022865056991577,4.430695056915283,2.480224609375
26.74,2.860628366470337,4.0704106092453,2.4246766567230225
26.76,2.6983916759490967,3.7101261615753174,2.369128704071045
26.78,2.5361549854278564,3.3498417139053345,2.3135807514190674
26.8,2.373918294906616,2.9895572662353516,2.25803279876709
26.82,2.519819140434265,3.0386258363723755,2.3695563673973083
26.84,2.665719985961914,3.0876944065093994,2.481079936027527
26.86,2.811620831489563,3.1367629766464233,2.5926035046577454
26.88,2.957521677017212,3.1858315467834473,2.704127073287964
26.9,2.8813045620918274,3.117866098880768,2.802363097667694
26.92,2.805087447166443,3.0499006509780884,2.9005991220474243
26.94,2.7288703322410583,2.981935203075409,2.9988351464271545
26.96,2.652653217315674,2.9139697551727295,3.0970711708068848
26.98,2.708646237850189,2.989252984523773,2.854237914085388
27.0,2.7646392583847046,3.064536213874817,2.6114046573638916
27.02,2.82063227891922,3.1398194432258606,2.368571400642395
27.04,2.8766252994537354,3.2151026725769043,2.1257381439208984
27.06,2.7707146406173706,3.0853004455566406,2.17352432012558
27.08,2.664803981781006,2.955498218536377,2.2213104963302612
27.1,2.558893322944641,2.8256959915161133,2.2690966725349426
27.12,2.4529826641082764,2.6958937644958496,2.316882848739624
27.14,2.6313803791999817,2.6601003408432007,2.3105172514915466
27.16,2.809778094291687,2.6243069171905518,2.3041516542434692
27.18,2.9881758093833923,2.588513493537903,2.297786056995392
27.2,3.1665735244750977,2.552720069885254,2.2914204597473145
27.22,3.0460574626922607,2.6498613953590393,2.3068647384643555
27.24,2.925541400909424,2.7470027208328247,2.3223090171813965
27.26,2.805025339126587,2.84414404630661,2.3377532958984375
27.28,2.68450927734375,2.9412853717803955,2.3531975746154785
27.3,2.6518373489379883,3.1352782249450684,2.5427932739257812
27.32,2.6191654205322266,3.329271078109741,2.732388973236084
27.34,2.586493492126465,3.523263931274414,2.9219846725463867
27.36,2.553821563720703,3.717256784439087,3.1115803718566895
27.38,2.6473562121391296,3.7668005228042603,2.8489795327186584
27.4,2.740890860557556,3.8163442611694336,2.5863786935806274
27.42,2.8344255089759827,3.865887999534607,2.3237778544425964
27.44,2.927960157394409,3.9154317378997803,2.0611770153045654
27.46,2.903640329837799,3.7955480217933655,2.226108729839325
27.48,2.879320502281189,3.6756643056869507,2.3910404443740845
27.5,2.855000674724579,3.555780589580536,2.555972158908844
27.52,2.8306808471679688,3.435896873474121,2.7209038734436035
27.54,2.8294535279273987,3.3378259539604187,2.4766953587532043
27.56,2.8282262086868286,3.2397550344467163,2.232486844062805
27.58,2.8269988894462585,3.141684114933014,1.988278329372406
27.6,2.8257715702056885,3.0436131954193115,1.7440698146820068
27.62,2.8032451272010803,2.967705488204956,1.8193475008010864
27.64,2.780718684196472,2.8917977809906006,1.894625186920166
27.66,2.758192241191864,2.815890073776245,1.9699028730392456
27.68,2.735665798187256,2.7399823665618896,2.045180559158325
27.7,2.6992218494415283,2.6650290489196777,2.1266002655029297
27.72,2.662777900695801,2.590075731277466,2.208019971847534
27.74,2.6263339519500732,2.515122413635254,2.2894396781921387
27.76,2.5898900032043457,2.440169095993042,2.370859384536743
27.78,2.6674184799194336,2.561769127845764,2.4392101764678955
27.8,2.7449469566345215,2.6833691596984863,2.507560968399048
27.82,2.8224754333496094,2.8049691915512085,2.5759117603302
27.84,2.9000039100646973,2.9265692234039307,2.6442625522613525
27.86,2.8549147844314575,2.9933839440345764,2.5495015382766724
27.88,2.8098256587982178,3.060198664665222,2.454740524291992
27.9,2.764736533164978,3.127013385295868,2.359979510307312
27.92,2.7196474075317383,3.1938281059265137,2.265218496322632
27.94,2.709903359413147,3.1267849802970886,2.42259681224823
27.96,2.7001593112945557,3.0597418546676636,2.579975128173828
27.98,2.6904152631759644,2.9926987290382385,2.7373534440994263
28.0,2.680671215057373,2.9256556034088135,2.8947317600250244
28.02,2.78772234916687,2.8182955384254456,2.812859833240509
28.04,2.894773483276367,2.7109354734420776,2.7309879064559937
28.06,3.0018246173858643,2.6035754084587097,2.6491159796714783
28.08,3.1088757514953613,2.496215343475342,2.567244052886963
28.1,3.108837306499481,2.488592267036438,2.411696970462799
28.12,3.108798861503601,2.480969190597534,2.2561498880386353
28.14,3.108760416507721,2.4733461141586304,2.1006028056144714
28.16,3.108721971511841,2.4657230377197266,1.9450557231903076
28.18,3.0842931866645813,2.7529189586639404,2.079856038093567
28.2,3.0598644018173218,3.0401148796081543,2.214656352996826
28.22,3.0354356169700623,3.327310800552368,2.3494566679000854
28.24,3.0110068321228027,3.614506721496582,2.4842569828033447
28.26,3.0389461517333984,3.262144446372986,2.4043132662773132
28.28,3.066885471343994,2.9097821712493896,2.3243695497512817
28.3,3.09482479095459,2.5574198961257935,2.2444258332252502
28.32,3.1227641105651855,2.2050576210021973,2.1644821166992188
28.34,3.076102137565613,2.3855082392692566,2.268549919128418
28.36,3.02944016456604,2.565958857536316,2.372617721557617
28.38,2.9827781915664673,2.7464094758033752,2.4766855239868164
28.4,2.9361162185668945,2.9268600940704346,2.5807533264160156
28.42,3.0413767099380493,2.8178452849388123,2.4377408623695374
28.44,3.146637201309204,2.70883047580719,2.294728398323059
28.46,3.251897692680359,2.5998156666755676,2.151715934276581
28.48,3.3571581840515137,2.4908008575439453,2.0087034702301025
28.5,3.171783983707428,2.5930046439170837,2.0845727920532227
28.52,2.9864097833633423,2.695208430290222,2.1604421138763428
28.54,2.8010355830192566,2.7974122166633606,2.236311435699463
28.56,2.615661382675171,2.899616003036499,2.312180757522583
28.58,2.5314179062843323,2.9066706895828247,2.453474521636963
28.6,2.4471744298934937,2.9137253761291504,2.5947682857513428
28.62,2.362930953502655,2.920780062675476,2.7360620498657227
28.64,2.2786874771118164,2.9278347492218018,2.8773558139801025
28.66,2.3752421140670776,2.8733124136924744,2.7164971232414246
28.68,2.471796751022339,2.818790078163147,2.5556384325027466
28.7,2.5683513879776,2.7642677426338196,2.3947797417640686
28.72,2.6649060249328613,2.709745407104492,2.2339210510253906
28.74,2.5691378712654114,2.552721679210663,2.3091978430747986
28.76,2.4733697175979614,2.3956979513168335,2.3844746351242065
28.78,2.3776015639305115,2.238674223423004,2.4597514271736145
28.8,2.2818334102630615,2.081650495529175,2.5350282192230225
28.82,2.4696502089500427,2.2366247177124023,2.3704607486724854
28.84,2.657467007637024,2.39159893989563,2.2058932781219482
28.86,2.845283806324005,2.5465731620788574,2.041325807571411
28.88,3.0331006050109863,2.701547384262085,1.876758337020874
28.9,2.989492654800415,2.7297088503837585,2.035589277744293
28.92,2.9458847045898438,2.757870316505432,2.1944202184677124
28.94,2.9022767543792725,2.7860317826271057,2.3532511591911316
28.96,2.858668804168701,2.8141932487487793,2.512082099914551
28.98,2.6537522673606873,2.897820830345154,2.4824382066726685
29.0,2.4488357305526733,2.9814484119415283,2.452794313430786
29.02,2.2439191937446594,3.065075993537903,2.423150420188904
29.04,2.0390026569366455,3.1487035751342773,2.3935065269470215
29.06,2.300260365009308,3.1653624176979065,2.3571224212646484
29.08,2.56151807308197,3.1820212602615356,2.3207383155822754
29.1,2.8227757811546326,3.198680102825165,2.2843542098999023
29.12,3.084033489227295,3.215338945388794,2.2479701042175293
29.14,3.2725918889045715,3.121504843235016,2.216969668865204
29.16,3.461150288581848,3.027670741081238,2.1859692335128784
29.18,3.6497086882591248,2.9338366389274597,2.154968798160553
29.2,3.8382670879364014,2.8400025367736816,2.1239683628082275
29.22,3.537141442298889,2.7744760513305664,2.1185182929039
29.24,3.236015796661377,2.708949565887451,2.1130682229995728
29.26,2.9348901510238647,2.643423080444336,2.1076181530952454
29.28,2.6337645053863525,2.5778965950012207,2.102168083190918
29.3,2.487747013568878,2.5244192481040955,2.1460039615631104
29.32,2.341729521751404,2.47094190120697,2.1898398399353027
29.34,2.1957120299339294,2.417464554309845,2.233675718307495
29.36,2.049694538116455,2.3639872074127197,2.2775115966796875
29.38,2.2820157408714294,2.489975154399872,2.271313786506653
29.4,2.514336943626404,2.615963101387024,2.265115976333618
29.42,2.746658146381378,2.741951048374176,2.2589181661605835
29.44,2.9789793491363525,2.867938995361328,2.252720355987549
29.46,2.7327160239219666,2.8607003688812256,2.284610629081726
29.48,2.4864526987075806,2.853461742401123,2.3165009021759033
29.5,2.2401893734931946,2.8462231159210205,2.3483911752700806
29.52,1.9939260482788086,2.838984489440918,2.380281448364258
29.54,2.091583490371704,2.765818476676941,2.301049292087555
29.56,2.1892409324645996,2.692652463912964,2.221817135810852
29.58,2.286898374557495,2.619486451148987,2.142584979534149
29.6,2.3845558166503906,2.5463204383850098,2.0633528232574463
29.62,2.4291024208068848,2.5275937914848328,2.0712890028953552
29.64,2.473649024963379,2.5088671445846558,2.079225182533264
29.66,2.518195629119873,2.4901404976844788,2.087161362171173
29.68,2.562742233276367,2.4714138507843018,2.095097541809082
29.7,2.5272895097732544,2.639983355998993,2.2277488708496094
29.72,2.4918367862701416,2.808552861213684,2.3604001998901367
29.74,2.456384062767029,2.9771223664283752,2.493051528930664
29.76,2.420931339263916,3.1456918716430664,2.6257028579711914
29.78,2.463571310043335,3.063512682914734,2.552110493183136
29.8,2.506211280822754,2.9813334941864014,2.4785181283950806
29.82,2.548851251602173,2.899154305458069,2.404925763607025
29.84,2.591491222381592,2.8169751167297363,2.3313333988189697
29.86,2.5434964895248413,2.7820624113082886,2.342642843723297
29.88,2.495501756668091,2.747149705886841,2.3539522886276245
29.9,2.4475070238113403,2.712237000465393,2.365261733531952
29.92,2.39951229095459,2.6773242950439453,2.3765711784362793
29.94,2.4608888030052185,2.7368388772010803,2.26317635178566
29.96,2.522265315055847,2.7963534593582153,2.1497815251350403
29.98,2.583641827106476,2.8558680415153503,2.0363866984844208
30.0,2.6450183391571045,2.9153826236724854,1.9229918718338013
30.02,2.6413618326187134,2.8588680624961853,1.9716307818889618
30.04,2.6377053260803223,2.8023535013198853,2.0202696919441223
30.06,2.634048819541931,2.745838940143585,2.068908601999283
30.08,2.63039231300354,2.689324378967285,2.1175475120544434
30.1,2.634193539619446,2.703165650367737,2.13217031955719
30.12,2.6379947662353516,2.7170069217681885,2.1467931270599365
30.14,2.6417959928512573,2.73084819316864,2.161415934562683
30.16,2.645597219467163,2.744689464569092,2.1760387420654297
30.18,2.562940239906311,2.70117324590683,2.188874125480652
30.2,2.480283260345459,2.657657027244568,2.201709508895874
30.22,2.397626280784607,2.614140808582306,2.214544892311096
30.24,2.314969301223755,2.570624589920044,2.2273802757263184
30.26,2.8575034737586975,2.654690444469452,2.2462127208709717
30.28,3.40003764629364,2.73875629901886,2.265045166015625
30.3,3.9425718188285828,2.822822153568268,2.2838776111602783
30.32,4.485105991363525,2.906888008117676,2.3027100563049316
30.34,4.262513995170593,2.8228054642677307,2.3696411848068237
30.36,4.039921998977661,2.7387229204177856,2.436572313308716
30.38,3.817330002784729,2.6546403765678406,2.503503441810608
30.4,3.594738006591797,2.5705578327178955,2.5704345703125
30.42,3.779079556465149,2.5818845629692078,2.5178433656692505
30.44,3.963421106338501,2.59321129322052,2.465252161026001
30.46,4.147762656211853,2.6045380234718323,2.4126609563827515
30.48,4.332104206085205,2.6158647537231445,2.360069751739502
30.5,4.339008450508118,2.65467232465744,2.34124356508255
30.52,4.34591269493103,2.693479895591736,2.322417378425598
30.54,4.352816939353943,2.7322874665260315,2.3035911917686462
30.56,4.3597211837768555,2.771095037460327,2.2847650051116943
30.58,4.068930923938751,2.86586856842041,2.238629460334778
30.6,3.778140664100647,2.960642099380493,2.1924939155578613
30.62,3.4873504042625427,3.055415630340576,2.146358370780945
30.64,3.1965601444244385,3.150189161300659,2.1002228260040283
30.66,2.984790861606598,2.9714253544807434,2.1641629934310913
30.68,2.7730215787887573,2.7926615476608276,2.2281031608581543
30.7,2.5612522959709167,2.613897740840912,2.2920433282852173
30.72,2.349483013153076,2.435133934020996,2.3559834957122803
30.74,2.3464688062667847,2.5058403611183167,2.393152177333832
30.76,2.343454599380493,2.576546788215637,2.4303208589553833
30.78,2.3404403924942017,2.6472532153129578,2.467489540576935
30.8,2.33742618560791,2.7179596424102783,2.5046582221984863
30.82,2.2725613713264465,2.641082525253296,2.4332858324050903
30.84,2.207696557044983,2.5642054080963135,2.3619134426116943
30.86,2.1428317427635193,2.487328290939331,2.2905410528182983
30.88,2.0779669284820557,2.4104511737823486,2.2191686630249023
30.9,2.1562969088554382,2.5163990259170532,2.329744875431061
30.92,2.234626889228821,2.622346878051758,2.4403210878372192
30.94,2.3129568696022034,2.7282947301864624,2.5508973002433777
30.96,2.391286849975586,2.834242582321167,2.661473512649536
30.98,2.3701354265213013,2.838045656681061,2.6641474962234497
31.0,2.3489840030670166,2.8418487310409546,2.6668214797973633
31.02,2.327832579612732,2.8456518054008484,2.669495463371277
31.04,2.3066811561584473,2.849454879760742,2.6721694469451904
31.06,2.3320032358169556,2.8849847316741943,2.6015289425849915
31.08,2.357325315475464,2.9205145835876465,2.5308884382247925
31.1,2.382647395133972,2.9560444355010986,2.4602479338645935
31.12,2.4079694747924805,2.991574287414551,2.3896074295043945
31.14,2.4811237454414368,2.852679431438446,2.3887706995010376
31.16,2.554278016090393,2.7137845754623413,2.3879339694976807
31.18,2.6274322867393494,2.5748897194862366,2.3870972394943237
31.2,2.7005865573883057,2.435994863510132,2.386260509490967
31.22,2.646088659763336,2.4392502307891846,2.4134676456451416
31.24,2.5915907621383667,2.4425055980682373,2.4406747817993164
31.26,2.537092864513397,2.44576096534729,2.467881917953491
31.28,2.4825949668884277,2.4490163326263428,2.495089054107666
31.3,2.470116972923279,2.4638131260871887,2.5394741892814636
31.32,2.45763897895813,2.4786099195480347,2.5838593244552612
31.34,2.445160984992981,2.4934067130088806,2.628244459629059
31.36,2.432682991027832,2.5082035064697266,2.6726295948028564
31.38,2.737204134464264,2.576371431350708,2.6387582421302795
31.4,3.041725277900696,2.6445393562316895,2.6048868894577026
31.42,3.3462464213371277,2.712707281112671,2.5710155367851257
31.44,3.6507675647735596,2.7808752059936523,2.537144184112549
31.46,3.567180812358856,2.8581459522247314,2.6058552861213684
31.48,3.483594059944153,2.9354166984558105,2.674566388130188
31.5,3.4000073075294495,3.0126874446868896,2.7432774901390076
31.52,3.316420555114746,3.0899581909179688,2.811988592147827
31.54,3.060023546218872,2.982806622982025,2.619617998600006
31.56,2.803626537322998,2.8756550550460815,2.427247405052185
31.58,2.547229528427124,2.768503487110138,2.234876811504364
31.6,2.29083251953125,2.6613519191741943,2.042506217956543
31.62,2.3844105005264282,2.733785331249237,2.0949894189834595
31.64,2.4779884815216064,2.80621874332428,2.147472620010376
31.66,2.5715664625167847,2.8786521553993225,2.1999558210372925
31.68,2.665144443511963,2.9510855674743652,2.252439022064209
31.7,2.787397027015686,2.889871060848236,2.3072404265403748
31.72,2.909649610519409,2.828656554222107,2.3620418310165405
31.74,3.0319021940231323,2.767442047595978,2.4168432354927063
31.76,3.1541547775268555,2.7062275409698486,2.471644639968872
31.78,3.215214729309082,2.7771793007850647,2.4902746081352234
31.8,3.2762746810913086,2.8481310606002808,2.5089045763015747
31.82,3.337334632873535,2.919082820415497,2.527534544467926
31.84,3.3983945846557617,2.990034580230713,2.5461645126342773
31.86,3.2831674814224243,3.016701817512512,2.575842320919037
31.88,3.167940378189087,3.0433690547943115,2.6055201292037964
31.9,3.0527132749557495,3.070036292076111,2.635197937488556
31.92,2.937486171722412,3.09670352935791,2.6648757457733154
31.94,2.826206624507904,3.118212342262268,2.6197851300239563
31.96,2.714927077293396,3.139721155166626,2.574694514274597
31.98,2.603647530078888,3.161229968070984,2.529603898525238
32.0,2.49236798286438,3.182738780975342,2.484513282775879
32.02,2.647330641746521,3.1225301027297974,2.545756161212921
32.04,2.802293300628662,3.062321424484253,2.6069990396499634
32.06,2.9572559595108032,3.0021127462387085,2.6682419180870056
32.08,3.1122186183929443,2.941904067993164,2.729484796524048
32.1,2.9564179182052612,2.8535622358322144,2.724972903728485
32.12,2.800617218017578,2.7652204036712646,2.7204610109329224
32.14,2.644816517829895,2.676878571510315,2.7159491181373596
32.16,2.489015817642212,2.5885367393493652,2.711437225341797
32.18,2.5503059029579163,2.881955146789551,2.731992244720459
32.2,2.6115959882736206,3.1753735542297363,2.752547264099121
32.22,2.672886073589325,3.468791961669922,2.773102283477783
32.24,2.7341761589050293,3.7622103691101074,2.7936573028564453
32.26,2.7536290884017944,3.6494515538215637,2.7827374935150146
32.28,2.7730820178985596,3.53669273853302,2.771817684173584
32.3,2.7925349473953247,3.4239339232444763,2.7608978748321533
32.32,2.81198787689209,3.3111751079559326,2.7499780654907227
32.34,2.7187761664390564,3.409390091896057,2.6979346871376038
32.36,2.625564455986023,3.5076050758361816,2.645891308784485
32.38,2.5323527455329895,3.605820059776306,2.593847930431366
32.4,2.439141035079956,3.7040350437164307,2.541804552078247
32.42,2.5966190695762634,3.841130554676056,2.467033088207245
32.44,2.754097104072571,3.978226065635681,2.3922616243362427
32.46,2.911575138568878,4.115321576595306,2.3174901604652405
32.48,3.0690531730651855,4.252417087554932,2.2427186965942383
32.5,2.982559025287628,3.880031406879425,2.3049821257591248
32.52,2.896064877510071,3.5076457262039185,2.3672455549240112
32.54,2.8095707297325134,3.135260045528412,2.4295089840888977
32.56,2.723076581954956,2.7628743648529053,2.491772413253784
32.58,2.886294186115265,2.9741843342781067,2.442065119743347
32.6,3.0495117902755737,3.185494303703308,2.39235782623291
32.62,3.2127293944358826,3.3968042731285095,2.342650532722473
32.64,3.3759469985961914,3.608114242553711,2.292943239212036
32.66,3.061686396598816,3.3580621480941772,2.4164958596229553
32.68,2.7474257946014404,3.1080100536346436,2.5400484800338745
32.7,2.433165192604065,2.85795795917511,2.6636011004447937
32.72,2.1189045906066895,2.607905864715576,2.787153720855713
32.74,2.375251531600952,2.686546802520752,2.661427915096283
32.76,2.631598472595215,2.7651877403259277,2.535702109336853
32.78,2.8879454135894775,2.8438286781311035,2.409976303577423
32.8,3.1442923545837402,2.9224696159362793,2.284250497817993
32.82,3.106327176094055,2.8982242345809937,2.384230315685272
32.84,3.06836199760437,2.873978853225708,2.4842101335525513
32.86,3.030396819114685,2.8497334718704224,2.5841899514198303
32.88,2.992431640625,2.8254880905151367,2.6841697692871094
32.9,3.204850435256958,2.757687211036682,2.5750016570091248
32.92,3.417269229888916,2.6898863315582275,2.46583354473114
32.94,3.629688024520874,2.622085452079773,2.3566654324531555
32.96,3.842106819152832,2.5542845726013184,2.247497320175171
32.98,3.903380870819092,2.6791319847106934,2.2615528106689453
33.0,3.9646549224853516,2.8039793968200684,2.2756083011627197
33.02,4.025928974151611,2.9288268089294434,2.289663791656494
33.04,4.087203025817871,3.0536742210388184,2.3037192821502686
33.06,3.8932714462280273,3.001878023147583,2.351837456226349
33.08,3.6993398666381836,2.9500818252563477,2.399955630302429
33.1,3.50540828704834,2.8982856273651123,2.4480738043785095
33.12,3.311476707458496,2.846489429473877,2.49619197845459
33.14,3.1833762526512146,2.835223972797394,2.4562520384788513
33.16,3.055275797843933,2.8239585161209106,2.416312098503113
33.18,2.9271753430366516,2.8126930594444275,2.3763721585273743
33.2,2.79907488822937,2.8014276027679443,2.3364322185516357
33.22,3.202874004840851,2.7364928126335144,2.3089946508407593
33.24,3.6066731214523315,2.6715580224990845,2.281557083129883
33.26,4.010472238063812,2.6066232323646545,2.2541195154190063
33.28,4.414271354675293,2.5416884422302246,2.22668194770813
33.3,3.9232210516929626,2.56858229637146,2.2324047088623047
33.32,3.4321707487106323,2.5954761505126953,2.2381274700164795
33.34,2.941120445728302,2.6223700046539307,2.2438502311706543
33.36,2.4500701427459717,2.649263858795166,2.249572992324829
33.38,2.540033280849457,2.603411376476288,2.33001971244812
33.4,2.629996418952942,2.5575588941574097,2.410466432571411
33.42,2.719959557056427,2.5117064118385315,2.490913152694702
33.44,2.809922695159912,2.4658539295196533,2.571359872817993
33.46,2.831750750541687,2.5203046202659607,2.512421727180481
33.48,2.853578805923462,2.574755311012268,2.4534835815429688
33.5,2.875406861305237,2.6292060017585754,2.3945454359054565
33.52,2.8972349166870117,2.683656692504883,2.3356072902679443
33.54,2.8611530661582947,2.701965034008026,2.526784837245941
33.56,2.8250712156295776,2.7202733755111694,2.717962384223938
33.58,2.7889893651008606,2.7385817170143127,2.909139931201935
33.6,2.7529075145721436,2.756890058517456,3.1003174781799316
33.62,2.583721935749054,2.698128640651703,2.9947169423103333
33.64,2.4145363569259644,2.6393672227859497,2.889116406440735
33.66,2.2453507781028748,2.5806058049201965,2.7835158705711365
33.68,2.076165199279785,2.5218443870544434,2.677915334701538
33.7,2.277999460697174,2.4489299654960632,2.560729146003723
33.72,2.479833722114563,2.376015543937683,2.443542957305908
33.74,2.681667983531952,2.303101122379303,2.3263567686080933
33.76,2.883502244949341,2.230186700820923,2.2091705799102783
33.78,2.757137179374695,2.3991058468818665,2.168800413608551
33.8,2.630772113800049,2.56802499294281,2.1284302473068237
33.82,2.504407048225403,2.7369441390037537,2.0880600810050964
33.84,2.378041982650757,2.9058632850646973,2.047689914703369
33.86,2.5016252398490906,2.979062080383301,2.0498745441436768
33.88,2.6252084970474243,3.0522608757019043,2.0520591735839844
33.9,2.748791754245758,3.125459671020508,2.054243803024292
33.92,2.872375011444092,3.1986584663391113,2.0564284324645996
33.94,2.7802540063858032,3.1232215762138367,2.0996416807174683
33.96,2.6881330013275146,3.047784686088562,2.142854928970337
33.98,2.596011996269226,2.9723477959632874,2.1860681772232056
34.0,2.5038909912109375,2.8969109058380127,2.229281425476074
34.02,2.571009337902069,2.8002055287361145,2.312558174133301
34.04,2.6381276845932007,2.7035001516342163,2.3958349227905273
34.06,2.7052460312843323,2.606794774532318,2.479111671447754
34.08,2.772364377975464,2.51008939743042,2.5623884201049805
34.1,2.9731898307800293,2.6465957164764404,2.439706861972809
34.12,3.1740152835845947,2.783102035522461,2.317025303840637
34.14,3.37484073638916,2.9196083545684814,2.1943437457084656
34.16,3.5756661891937256,3.056114673614502,2.071662187576294
34.18,3.469169318675995,3.0723647475242615,2.1396469473838806
34.2,3.362672448158264,3.088614821434021,2.2076317071914673
34.22,3.2561755776405334,3.1048648953437805,2.275616466999054
34.24,3.1496787071228027,3.12111496925354,2.3436012268066406
34.26,3.1721726655960083,3.0452060103416443,2.3664053082466125
34.28,3.194666624069214,2.9692970514297485,2.3892093896865845
34.3,3.2171605825424194,2.893388092517853,2.4120134711265564
34.32,3.239654541015625,2.817479133605957,2.4348175525665283
34.34,3.073338270187378,2.843895971775055,2.414243161678314
34.36,2.907021999359131,2.870312809944153,2.3936687707901
34.38,2.740705728530884,2.8967296481132507,2.373094379901886
34.4,2.5743894577026367,2.9231464862823486,2.352519989013672
34.42,2.576242983341217,2.906808078289032,2.3358854055404663
34.44,2.5780965089797974,2.8904696702957153,2.3192508220672607
34.46,2.5799500346183777,2.8741312623023987,2.302616238594055
34.48,2.581803560256958,2.857792854309082,2.2859816551208496
34.5,2.5001537203788757,3.124944567680359,2.2862504720687866
34.52,2.4185038805007935,3.3920962810516357,2.2865192890167236
34.54,2.336854040622711,3.6592479944229126,2.2867881059646606
34.56,2.255204200744629,3.9263997077941895,2.2870569229125977
34.58,2.502669394016266,3.6543434858322144,2.234800100326538
34.6,2.750134587287903,3.3822872638702393,2.1825432777404785
34.62,2.99759978055954,3.110231041908264,2.130286455154419
34.64,3.2450649738311768,2.838174819946289,2.0780296325683594
34.66,3.2849488258361816,2.8493716716766357,2.110459566116333
34.68,3.3248326778411865,2.8605685234069824,2.1428894996643066
34.7,3.3647165298461914,2.871765375137329,2.1753194332122803
34.72,3.4046003818511963,2.882962226867676,2.207749366760254
34.74,3.5231783986091614,2.964947819709778,2.215586245059967
34.76,3.6417564153671265,3.04693341255188,2.22342312335968
34.78,3.7603344321250916,3.128919005393982,2.2312600016593933
34.8,3.8789124488830566,3.210904598236084,2.2390968799591064
34.82,3.7556095719337463,3.1403130888938904,2.2917436361312866
34.84,3.632306694984436,3.0697215795516968,2.344390392303467
34.86,3.5090038180351257,2.999130070209503,2.397037148475647
34.88,3.3857009410858154,2.9285385608673096,2.449683904647827
34.9,3.312255024909973,3.0413230061531067,2.382455825805664
34.92,3.238809108734131,3.154107451438904,2.315227746963501
34.94,3.1653631925582886,3.266891896724701,2.247999668121338
34.96,3.0919172763824463,3.379676342010498,2.180771589279175
34.98,3.0543314814567566,3.053824722766876,2.165976107120514
35.0,3.016745686531067,2.7279731035232544,2.151180624961853
35.02,2.979159891605377,2.4021214842796326,2.136385142803192
35.04,2.9415740966796875,2.0762698650360107,2.1215896606445312
35.06,2.8677622079849243,2.141056776046753,2.155028462409973
35.08,2.793950319290161,2.205843687057495,2.188467264175415
35.1,2.720138430595398,2.2706305980682373,2.221906065940857
35.12,2.6463265419006348,2.3354175090789795,2.255344867706299
35.14,2.5773006677627563,2.4376001358032227,2.2259693145751953
35.16,2.508274793624878,2.539782762527466,2.196593761444092
35.18,2.4392489194869995,2.641965389251709,2.1672182083129883
35.2,2.370223045349121,2.744148015975952,2.1378426551818848
35.22,2.3613213300704956,2.665283977985382,2.187891721725464
35.24,2.35241961479187,2.586419939994812,2.237940788269043
35.26,2.3435178995132446,2.507555902004242,2.287989854812622
35.28,2.334616184234619,2.428691864013672,2.338038921356201
35.3,2.264358103275299,2.481120228767395,2.4382340908050537
35.32,2.194100022315979,2.533548593521118,2.5384292602539062
35.34,2.123841941356659,2.5859769582748413,2.638624429702759
35.36,2.053583860397339,2.6384053230285645,2.7388195991516113
35.38,2.0904197692871094,2.6610257625579834,2.6680797934532166
35.4,2.12725567817688,2.6836462020874023,2.5973399877548218
35.42,2.1640915870666504,2.7062666416168213,2.526600182056427
35.44,2.200927495956421,2.7288870811462402,2.4558603763580322
35.46,2.2481687664985657,2.609809637069702,2.4972516298294067
35.48,2.2954100370407104,2.490732192993164,2.5386428833007812
35.5,2.3426513075828552,2.371654748916626,2.5800341367721558
35.52,2.389892578125,2.252577304840088,2.6214253902435303
35.54,2.3795352578163147,2.4380244612693787,2.5533447861671448
35.56,2.3691779375076294,2.6234716176986694,2.4852641820907593
35.58,2.358820617198944,2.80891877412796,2.417183578014374
35.6,2.348463296890259,2.994365930557251,2.3491029739379883
35.62,2.3282177448272705,2.8753491044044495,2.496664345264435
35.64,2.3079721927642822,2.756332278251648,2.6442257165908813
35.66,2.287726640701294,2.6373154520988464,2.791787087917328
35.68,2.2674810886383057,2.518298625946045,2.9393484592437744
35.7,2.289037048816681,2.472475826740265,2.8439919352531433
35.72,2.310593008995056,2.426653027534485,2.748635411262512
35.74,2.3321489691734314,2.380830228328705,2.653278887271881
35.76,2.3537049293518066,2.335007429122925,2.55792236328125
35.78,2.2818780541419983,2.4085115790367126,2.546238422393799
35.8,2.21005117893219,2.4820157289505005,2.5345544815063477
35.82,2.1382243037223816,2.5555198788642883,2.5228705406188965
35.84,2.0663974285125732,2.629024028778076,2.5111865997314453
35.86,2.0806626081466675,2.614891767501831,2.538814604282379
35.88,2.0949277877807617,2.600759506225586,2.566442608833313
35.9,2.109192967414856,2.586627244949341,2.594070613384247
35.92,2.12345814704895,2.5724949836730957,2.6216986179351807
35.94,2.1506195068359375,2.6814918518066406,2.567568778991699
35.96,2.177780866622925,2.7904887199401855,2.5134389400482178
35.98,2.204942226409912,2.8994855880737305,2.4593091011047363
36.0,2.2321035861968994,3.0084824562072754,2.405179262161255
36.02,2.238290011882782,2.9745611548423767,2.40649676322937
36.04,2.2444764375686646,2.940639853477478,2.4078142642974854
36.06,2.250662863254547,2.9067185521125793,2.4091317653656006
36.08,2.2568492889404297,2.8727972507476807,2.410449266433716
36.1,2.2364797592163086,2.763496220111847,2.4361395835876465
36.12,2.2161102294921875,2.654195189476013,2.461829900741577
36.14,2.1957406997680664,2.5448941588401794,2.487520217895508
36.16,2.1753711700439453,2.4355931282043457,2.5132105350494385
36.18,2.1434661746025085,2.5603063702583313,2.4809495210647583
36.2,2.1115611791610718,2.685019612312317,2.448688507080078
36.22,2.079656183719635,2.8097328543663025,2.416427493095398
36.24,2.0477511882781982,2.934446096420288,2.3841664791107178
36.26,2.107184648513794,2.8456645011901855,2.3768611550331116
36.28,2.1666181087493896,2.756882905960083,2.3695558309555054
36.3,2.2260515689849854,2.6681013107299805,2.362250506877899
36.32,2.285485029220581,2.579319715499878,2.354945182800293
36.34,2.2068649232387543,2.5553781986236572,2.281002402305603
36.36,2.1282448172569275,2.5314366817474365,2.207059621810913
36.38,2.0496247112751007,2.507495164871216,2.133116841316223
36.4,1.971004605293274,2.483553647994995,2.059174060821533
36.42,2.022258847951889,2.4659557938575745,2.1050413846969604
36.44,2.073513090610504,2.448357939720154,2.1509087085723877
36.46,2.1247673332691193,2.430760085582733,2.196776032447815
36.48,2.1760215759277344,2.4131622314453125,2.242643356323242
36.5,2.1917484402656555,2.364991784095764,2.258400619029999
36.52,2.2074753046035767,2.316821336746216,2.2741578817367554
36.54,2.223202168941498,2.2686508893966675,2.289915144443512
36.56,2.238929033279419,2.220480442047119,2.3056724071502686
36.58,2.256120026111603,2.3564358949661255,2.324227809906006
36.6,2.2733110189437866,2.492391347885132,2.342783212661743
36.62,2.2905020117759705,2.628346800804138,2.3613386154174805
36.64,2.3076930046081543,2.7643022537231445,2.3798940181732178
36.66,2.353159785270691,2.6961638927459717,2.3057331442832947
36.68,2.3986265659332275,2.628025531768799,2.2315722703933716
36.7,2.444093346595764,2.559887170791626,2.1574113965034485
36.72,2.489560127258301,2.491748809814453,2.0832505226135254
36.74,2.5328627824783325,2.5191421508789062,2.075290322303772
36.76,2.5761654376983643,2.5465354919433594,2.0673301219940186
36.78,2.619468092918396,2.5739288330078125,2.059369921684265
36.8,2.6627707481384277,2.6013221740722656,2.0514097213745117
36.82,2.7425462007522583,2.5745763778686523,2.2062639594078064
36.84,2.822321653366089,2.547830581665039,2.361118197441101
36.86,2.9020971059799194,2.521084785461426,2.5159724354743958
36.88,2.98187255859375,2.4943389892578125,2.6708266735076904
36.9,2.8527673482894897,2.581100046634674,2.6009692549705505
36.92,2.7236621379852295,2.6678611040115356,2.5311118364334106
36.94,2.5945569276809692,2.754622161388397,2.4612544178962708
36.96,2.465451717376709,2.841383218765259,2.391396999359131
36.98,2.426032066345215,2.7317509055137634,2.416085958480835
37.0,2.3866124153137207,2.622118592262268,2.440774917602539
37.02,2.3471927642822266,2.5124862790107727,2.465463876724243
37.04,2.3077731132507324,2.4028539657592773,2.4901528358459473
37.06,2.548565089702606,2.4819058179855347,2.5080408453941345
37.08,2.78935706615448,2.560957670211792,2.5259288549423218
37.1,3.0301490426063538,2.6400095224380493,2.543816864490509
37.12,3.2709410190582275,2.7190613746643066,2.5617048740386963
37.14,3.3520801663398743,2.733467698097229,2.5655651688575745
37.16,3.433219313621521,2.7478740215301514,2.5694254636764526
37.18,3.5143584609031677,2.7622803449630737,2.573285758495331
37.2,3.5954976081848145,2.776686668395996,2.577146053314209
37.22,3.536252975463867,2.803619623184204,2.514270305633545
37.24,3.47700834274292,2.830552577972412,2.451394557952881
37.26,3.4177637100219727,2.85748553276062,2.388518810272217
37.28,3.3585190773010254,2.884418487548828,2.3256430625915527
37.3,3.4158324003219604,3.0190236568450928,2.31497585773468
37.32,3.4731457233428955,3.1536288261413574,2.3043086528778076
37.34,3.5304590463638306,3.288233995437622,2.293641448020935
37.36,3.5877723693847656,3.4228391647338867,2.2829742431640625
37.38,3.4422150254249573,3.2034507393836975,2.2183582186698914
37.4,3.296657681465149,2.9840623140335083,2.15374219417572
37.42,3.1511003375053406,2.764673888683319,2.089126169681549
37.44,3.0055429935455322,2.54528546333313,2.024510145187378
37.46,3.077882707118988,2.727846622467041,2.1403403282165527
37.48,3.150222420692444,2.910407781600952,2.2561705112457275
37.5,3.2225621342658997,3.0929689407348633,2.3720006942749023
37.52,3.2949018478393555,3.2755300998687744,2.487830877304077
37.54,3.565952777862549,3.1606553196907043,2.406674802303314
37.56,3.837003707885742,3.0457805395126343,2.3255187273025513
37.58,4.1080546379089355,2.930905759334564,2.2443626523017883
37.6,4.379105567932129,2.816030979156494,2.1632065773010254
37.62,3.916006028652191,2.7897080779075623,2.2427006363868713
37.64,3.4529064893722534,2.7633851766586304,2.3221946954727173
37.66,2.9898069500923157,2.7370622754096985,2.4016887545585632
37.68,2.526707410812378,2.7107393741607666,2.481182813644409
37.7,2.602139174938202,2.860615313053131,2.4012450575828552
37.72,2.677570939064026,3.0104912519454956,2.3213073015213013
37.74,2.75300270318985,3.16036719083786,2.2413695454597473
37.76,2.828434467315674,3.3102431297302246,2.1614317893981934
37.78,2.7911376953125,3.1849695444107056,2.1506707072257996
37.8,2.753840923309326,3.0596959590911865,2.1399096250534058
37.82,2.7165441513061523,2.9344223737716675,2.129148542881012
37.84,2.6792473793029785,2.8091487884521484,2.118387460708618
37.86,2.62080979347229,2.791987895965576,2.1146358251571655
37.88,2.5623722076416016,2.774827003479004,2.110884189605713
37.9,2.503934621810913,2.7576661109924316,2.1071325540542603
37.92,2.4454970359802246,2.7405052185058594,2.1033809185028076
37.94,2.499983072280884,2.6819387674331665,2.1055981516838074
37.96,2.554469108581543,2.6233723163604736,2.107815384864807
37.98,2.608955144882202,2.5648058652877808,2.110032618045807
38.0,2.6634411811828613,2.506239414215088,2.1122498512268066
38.02,2.7736966013908386,2.538626194000244,2.2380207777023315
38.04,2.883952021598816,2.5710129737854004,2.3637917041778564
38.06,2.994207441806793,2.6033997535705566,2.4895626306533813
38.08,3.1044628620147705,2.635786533355713,2.6153335571289062
38.1,2.877387046813965,2.6404987573623657,2.502593219280243
38.12,2.650311231613159,2.6452109813690186,2.3898528814315796
38.14,2.4232354164123535,2.6499232053756714,2.2771125435829163
38.16,2.196159601211548,2.654635429382324,2.164372205734253
38.18,2.2706106305122375,2.668267250061035,2.288124978542328
38.2,2.3450616598129272,2.681899070739746,2.411877751350403
38.22,2.419512689113617,2.695530891418457,2.535630524158478
38.24,2.4939637184143066,2.709162712097168,2.6593832969665527
38.26,2.4830846786499023,3.0489221811294556,2.504187762737274
38.28,2.472205638885498,3.388681650161743,2.3489922285079956
38.3,2.4613265991210938,3.7284411191940308,2.193796694278717
38.32,2.4504475593566895,4.068200588226318,2.0386011600494385
38.34,2.3747795820236206,3.7133766412734985,2.10724937915802
38.36,2.2991116046905518,3.3585526943206787,2.1758975982666016
38.38,2.223443627357483,3.003728747367859,2.244545817375183
38.4,2.147775650024414,2.648904800415039,2.3131940364837646
38.42,2.4367364645004272,2.5963768362998962,2.1594897508621216
38.44,2.7256972789764404,2.5438488721847534,2.0057854652404785
38.46,3.0146580934524536,2.4913209080696106,1.8520811796188354
38.48,3.303618907928467,2.4387929439544678,1.6983768939971924
38.5,3.198081314563751,2.482063889503479,1.8679442405700684
38.52,3.0925437211990356,2.5253348350524902,2.0375115871429443
38.54,2.98700612783432,2.5686057806015015,2.2070789337158203
38.56,2.8814685344696045,2.6118767261505127,2.3766462802886963
38.58,3.1491350531578064,2.829577624797821,2.3785905241966248
38.6,3.4168015718460083,3.0472785234451294,2.3805347681045532
38.62,3.68446809053421,3.2649794220924377,2.3824790120124817
38.64,3.952134609222412,3.482680320739746,2.38442325592041
38.66,3.8891581296920776,3.304305076599121,2.274570018053055
38.68,3.826181650161743,3.125929832458496,2.1647167801856995
38.7,3.7632051706314087,2.947554588317871,2.054863542318344
38.72,3.700228691101074,2.769179344177246,1.9450103044509888
38.74,3.864778161048889,2.951959490776062,2.033706396818161
38.76,4.029327630996704,3.134739637374878,2.1224024891853333
38.78,4.193877100944519,3.317519783973694,2.2110985815525055
38.8,4.358426570892334,3.5002999305725098,2.2997946739196777
38.82,4.033716142177582,3.3517937660217285,2.1969251930713654
38.84,3.7090057134628296,3.2032876014709473,2.094055712223053
38.86,3.3842952847480774,3.054781436920166,1.9911862313747406
38.88,3.059584856033325,2.9062752723693848,1.8883167505264282
38.9,2.833109438419342,2.9433268308639526,1.9327351748943329
38.92,2.606634020805359,2.9803783893585205,1.9771535992622375
38.94,2.3801586031913757,3.0174299478530884,2.021572023630142
38.96,2.1536831855773926,3.0544815063476562,2.065990447998047
38.98,2.582379460334778,2.963148593902588,2.040894627571106
39.0,3.011075735092163,2.8718156814575195,2.015798807144165
39.02,3.4397720098495483,2.780482769012451,1.9907029867172241
39.04,3.8684682846069336,2.689149856567383,1.9656071662902832
39.06,3.581153988838196,2.6392133235931396,2.032006859779358
39.08,3.293839693069458,2.5892767906188965,2.0984065532684326
39.1,3.00652539730072,2.5393402576446533,2.1648062467575073
39.12,2.7192111015319824,2.48940372467041,2.231205940246582
39.14,2.783479928970337,2.6793105602264404,2.2882978320121765
39.16,2.8477487564086914,2.8692173957824707,2.345389723777771
39.18,2.912017583847046,3.059124231338501,2.4024816155433655
39.2,2.9762864112854004,3.2490310668945312,2.45957350730896
39.22,3.085531532764435,3.0945634841918945,2.4792892932891846
39.24,3.1947766542434692,2.940095901489258,2.499005079269409
39.26,3.3040217757225037,2.785628318786621,2.518720865249634
39.28,3.413266897201538,2.6311607360839844,2.5384366512298584
39.3,3.5315003991127014,2.76126766204834,2.5000908970832825
39.32,3.6497339010238647,2.8913745880126953,2.4617451429367065
39.34,3.767967402935028,3.021481513977051,2.4233993887901306
39.36,3.8862009048461914,3.1515884399414062,2.3850536346435547
39.38,3.632439076900482,3.084161937236786,2.3758403062820435
39.4,3.378677248954773,3.0167354345321655,2.3666269779205322
39.42,3.1249154210090637,2.949308931827545,2.357413649559021
39.44,2.8711535930633545,2.881882429122925,2.3482003211975098
39.46,3.0722307562828064,2.8939377665519714,2.29656183719635
39.48,3.2733079195022583,2.905993103981018,2.2449233531951904
39.5,3.47438508272171,2.9180484414100647,2.1932848691940308
39.52,3.675462245941162,2.9301037788391113,2.141646385192871
39.54,3.6159679889678955,2.948959469795227,2.1466914415359497
39.56,3.556473731994629,2.9678151607513428,2.1517364978790283
39.58,3.4969794750213623,2.9866708517074585,2.156781554222107
39.6,3.4374852180480957,3.005526542663574,2.1618266105651855
39.62,3.644761800765991,3.100608229637146,2.2724347710609436
39.64,3.8520383834838867,3.1956899166107178,2.3830429315567017
39.66,4.059314966201782,3.2907716035842896,2.4936510920524597
39.68,4.266591548919678,3.3858532905578613,2.6042592525482178
39.7,4.041465401649475,3.191268801689148,2.4739835262298584
39.72,3.8163392543792725,2.9966843128204346,2.343707799911499
39.74,3.59121310710907,2.802099823951721,2.2134320735931396
39.76,3.366086959838867,2.607515335083008,2.0831563472747803
39.78,3.4322702884674072,2.601578950881958,2.092831313610077
39.8,3.4984536170959473,2.595642566680908,2.1025062799453735
39.82,3.5646369457244873,2.5897061824798584,2.11218124628067
39.84,3.6308202743530273,2.5837697982788086,2.121856212615967
39.86,3.413900136947632,2.6557465195655823,2.26364403963089
39.88,3.1969799995422363,2.727723240852356,2.405431866645813
39.9,2.980059862136841,2.7996999621391296,2.547219693660736
39.92,2.7631397247314453,2.8716766834259033,2.689007520675659
39.94,2.765246331691742,2.83572256565094,2.7377509474754333
39.96,2.7673529386520386,2.7997684478759766,2.7864943742752075
39.98,2.769459545612335,2.763814330101013,2.8352378010749817
40.0,2.771566152572632,2.72786021232605,2.883981227874756
40.02,2.6021912693977356,2.735493540763855,2.842787027359009
40.04,2.4328163862228394,2.74312686920166,2.8015928268432617
40.06,2.263441503047943,2.7507601976394653,2.7603986263275146
40.08,2.094066619873047,2.7583935260772705,2.7192044258117676
40.1,2.2992560863494873,2.7466089129447937,2.604476749897003
40.12,2.5044455528259277,2.734824299812317,2.4897490739822388
40.14,2.709635019302368,2.72303968667984,2.3750213980674744
40.16,2.9148244857788086,2.7112550735473633,2.26029372215271
40.18,3.0158321857452393,2.7620884776115417,2.357215106487274
40.2,3.11683988571167,2.81292188167572,2.4541364908218384
40.22,3.2178475856781006,2.8637552857398987,2.5510578751564026
40.24,3.3188552856445312,2.914588689804077,2.647979259490967
40.26,3.1193217635154724,2.8841532468795776,2.6737635731697083
40.28,2.9197882413864136,2.853717803955078,2.6995478868484497
40.3,2.7202547192573547,2.8232823610305786,2.725332200527191
40.32,2.520721197128296,2.792846918106079,2.7511165142059326
40.34,2.7960591912269592,2.7602526545524597,2.7339964509010315
40.36,3.0713971853256226,2.7276583909988403,2.7168763875961304
40.38,3.346735179424286,2.695064127445221,2.6997563242912292
40.4,3.622073173522949,2.6624698638916016,2.682636260986328
40.42,3.3829214572906494,2.6155707240104675,2.570515275001526
40.44,3.1437697410583496,2.5686715841293335,2.4583942890167236
40.46,2.90461802482605,2.5217724442481995,2.3462733030319214
40.48,2.66546630859375,2.4748733043670654,2.234152317047119
40.5,2.647265076637268,2.5394009947776794,2.271471679210663
40.52,2.629063844680786,2.6039286851882935,2.3087910413742065
40.54,2.610862612724304,2.6684563755989075,2.3461104035377502
40.56,2.5926613807678223,2.7329840660095215,2.383429765701294
40.58,2.6138437390327454,2.736470580101013,2.5098556876182556
40.6,2.6350260972976685,2.739957094192505,2.6362816095352173
40.62,2.6562084555625916,2.7434436082839966,2.762707531452179
40.64,2.6773908138275146,2.7469301223754883,2.8891334533691406
40.66,2.6101521849632263,2.767879843711853,2.6155106127262115
40.68,2.542913556098938,2.7888295650482178,2.3418877720832825
40.7,2.4756749272346497,2.8097792863845825,2.0682649314403534
40.72,2.4084362983703613,2.8307290077209473,1.7946420907974243
40.74,2.5667960047721863,2.872616231441498,1.824482947587967
40.76,2.7251557111740112,2.9145034551620483,1.8543238043785095
40.78,2.883515417575836,2.956390678882599,1.8841646611690521
40.8,3.041875123977661,2.9982779026031494,1.9140055179595947
40.82,2.9229376912117004,2.9913963675498962,2.012919068336487
40.84,2.8040002584457397,2.984514832496643,2.111832618713379
40.86,2.685062825679779,2.97763329744339,2.210746169090271
40.88,2.5661253929138184,2.9707517623901367,2.309659719467163
40.9,2.5390648245811462,2.9670150876045227,2.287476122379303
40.92,2.512004256248474,2.9632784128189087,2.265292525291443
40.94,2.484943687915802,2.9595417380332947,2.2431089282035828
40.96,2.45788311958313,2.9558050632476807,2.2209253311157227
40.98,2.4013180136680603,2.927444636821747,2.328935146331787
41.0,2.3447529077529907,2.899084210395813,2.4369449615478516
41.02,2.288187801837921,2.870723783969879,2.544954776763916
41.04,2.2316226959228516,2.8423633575439453,2.6529645919799805
41.06,2.3333165645599365,2.880359649658203,2.6974291801452637
41.08,2.4350104331970215,2.918355941772461,2.741893768310547
41.1,2.5367043018341064,2.9563522338867188,2.78635835647583
41.12,2.6383981704711914,2.9943485260009766,2.8308229446411133
41.14,2.5964690446853638,3.2855684757232666,2.65807044506073
41.16,2.554539918899536,3.5767884254455566,2.4853179454803467
41.18,2.5126107931137085,3.8680083751678467,2.3125654458999634
41.2,2.470681667327881,4.159228324890137,2.13981294631958
41.22,2.6175469160079956,3.8213798999786377,2.155786633491516
41.24,2.7644121646881104,3.4835314750671387,2.171760320663452
41.26,2.911277413368225,3.1456830501556396,2.187734007835388
41.28,3.05814266204834,2.8078346252441406,2.203707695007324
41.3,2.9654769897460938,2.9117043018341064,2.3491775393486023
41.32,2.8728113174438477,3.0155739784240723,2.4946473836898804
41.34,2.7801456451416016,3.119443655014038,2.6401172280311584
41.36,2.6874799728393555,3.223313331604004,2.7855870723724365
41.38,2.6614242792129517,3.0880045890808105,2.5877715945243835
41.4,2.635368585586548,2.952695846557617,2.3899561166763306
41.42,2.609312891960144,2.817387104034424,2.1921406388282776
41.44,2.5832571983337402,2.6820783615112305,1.9943251609802246
41.46,2.715469777584076,2.6067442297935486,1.9756959080696106
41.48,2.8476823568344116,2.5314100980758667,1.9570666551589966
41.5,2.9798949360847473,2.456075966358185,1.9384374022483826
41.52,3.112107515335083,2.380741834640503,1.9198081493377686
41.54,3.0200852751731873,2.501242220401764,2.0018245577812195
41.56,2.9280630350112915,2.621742606163025,2.0838409662246704
41.58,2.8360407948493958,2.742242991924286,2.1658573746681213
41.6,2.7440185546875,2.862743377685547,2.2478737831115723
41.62,2.6679349541664124,2.87461394071579,2.370012044906616
41.64,2.5918513536453247,2.8864845037460327,2.49215030670166
41.66,2.515767753124237,2.8983550667762756,2.614288568496704
41.68,2.4396841526031494,2.9102256298065186,2.736426830291748
41.7,2.4870899319648743,2.8047019839286804,2.590123951435089
41.72,2.534495711326599,2.6991783380508423,2.44382107257843
41.74,2.581901490688324,2.593654692173004,2.2975181937217712
41.76,2.629307270050049,2.488131046295166,2.1512153148651123
41.78,2.701317250728607,2.586447298526764,2.2932546734809875
41.8,2.7733272314071655,2.684763550758362,2.435294032096863
41.82,2.845337212085724,2.7830798029899597,2.577333390712738
41.84,2.9173471927642822,2.8813960552215576,2.7193727493286133
41.86,2.997297465801239,2.83387154340744,2.676881730556488
41.88,3.077247738838196,2.7863470315933228,2.634390711784363
41.9,3.1571980118751526,2.7388225197792053,2.5918996930122375
41.92,3.2371482849121094,2.691298007965088,2.5494086742401123
41.94,3.2729777097702026,2.6787150502204895,2.4620742201805115
41.96,3.308807134628296,2.666132092475891,2.3747397661209106
41.98,3.344636559486389,2.6535491347312927,2.28740531206131
42.0,3.3804659843444824,2.6409661769866943,2.200070858001709
42.02,3.2570197582244873,2.5664870142936707,2.214657425880432
42.04,3.133573532104492,2.492007851600647,2.2292439937591553
42.06,3.010127305984497,2.4175286889076233,2.2438305616378784
42.08,2.886681079864502,2.3430495262145996,2.2584171295166016
42.1,2.8852766156196594,2.4017971754074097,2.349138557910919
42.12,2.883872151374817,2.4605448246002197,2.439859986305237
42.14,2.8824676871299744,2.51929247379303,2.5305814146995544
42.16,2.881063222885132,2.57804012298584,2.621302843093872
42.18,2.775029718875885,2.7236757278442383,2.476615011692047
42.2,2.668996214866638,2.8693113327026367,2.331927180290222
42.22,2.5629627108573914,3.014946937561035,2.187239348888397
42.24,2.4569292068481445,3.1605825424194336,2.0425515174865723
42.26,2.3632383346557617,3.0781409740448,2.1858949065208435
42.28,2.269547462463379,2.995699405670166,2.3292382955551147
42.3,2.175856590270996,2.9132578372955322,2.472581684589386
42.32,2.0821657180786133,2.8308162689208984,2.6159250736236572
42.34,2.1260372400283813,2.88430255651474,2.48021137714386
42.36,2.1699087619781494,2.9377888441085815,2.3444976806640625
42.38,2.2137802839279175,2.991275131702423,2.208783984184265
42.4,2.2576518058776855,3.0447614192962646,2.0730702877044678
42.42,2.490596055984497,3.0341389179229736,2.1057704091072083
42.44,2.7235403060913086,3.0235164165496826,2.1384705305099487
42.46,2.95648455619812,3.0128939151763916,2.171170651912689
42.48,3.1894288063049316,3.0022714138031006,2.2038707733154297
42.5,3.0581672191619873,2.9189236760139465,2.1355345845222473
42.52,2.926905632019043,2.8355759382247925,2.067198395729065
42.54,2.7956440448760986,2.7522282004356384,1.9988622069358826
42.56,2.6643824577331543,2.6688804626464844,1.9305260181427002
42.58,2.6024504899978638,2.6940237283706665,2.051414966583252
42.6,2.5405185222625732,2.7191669940948486,2.1723039150238037
42.62,2.4785865545272827,2.7443102598190308,2.2931928634643555
42.64,2.416654586791992,2.769453525543213,2.4140818119049072
42.66,2.4450231790542603,2.7731340527534485,2.435422360897064
42.68,2.4733917713165283,2.776814579963684,2.456762909889221
42.7,2.5017603635787964,2.7804951071739197,2.478103458881378
42.72,2.5301289558410645,2.7841756343841553,2.499444007873535
42.74,2.4711453914642334,2.7918439507484436,2.424091875553131
42.76,2.4121618270874023,2.799512267112732,2.348739743232727
42.78,2.3531782627105713,2.8071805834770203,2.273387610912323
42.8,2.2941946983337402,2.8148488998413086,2.198035478591919
42.82,2.3096224069595337,2.872901201248169,2.1061064302921295
42.84,2.325050115585327,2.9309535026550293,2.01417738199234
42.86,2.3404778242111206,2.9890058040618896,1.9222483336925507
42.88,2.355905532836914,3.04705810546875,1.8303192853927612
42.9,2.466782808303833,3.1723499298095703,1.8851331770420074
42.92,2.577660083770752,3.2976417541503906,1.9399470686912537
42.94,2.688537359237671,3.422933578491211,1.9947609603404999
42.96,2.79941463470459,3.5482254028320312,2.049574851989746
42.98,2.7741618752479553,3.371978282928467,2.1207674145698547
43.0,2.748909115791321,3.1957311630249023,2.1919599771499634
43.02,2.7236563563346863,3.019484043121338,2.263152539730072
43.04,2.6984035968780518,2.8432369232177734,2.3343451023101807
43.06,2.6122875213623047,2.762281894683838,2.354076087474823
43.08,2.5261714458465576,2.6813268661499023,2.3738070726394653
43.1,2.4400553703308105,2.600371837615967,2.3935380578041077
43.12,2.3539392948150635,2.5194168090820312,2.41326904296875
43.14,2.3800891041755676,2.42228102684021,2.4817331433296204
43.16,2.4062389135360718,2.3251452445983887,2.5501972436904907
43.18,2.432388722896576,2.2280094623565674,2.618661344051361
43.2,2.45853853225708,2.130873680114746,2.6871254444122314
43.22,2.512336015701294,2.288243591785431,2.5608102679252625
43.24,2.566133499145508,2.4456135034561157,2.4344950914382935
43.26,2.6199309825897217,2.6029834151268005,2.3081799149513245
43.28,2.6737284660339355,2.7603533267974854,2.1818647384643555
43.3,2.7208661437034607,2.6784701347351074,2.2167957425117493
43.32,2.768003821372986,2.5965869426727295,2.251726746559143
43.34,2.815141499042511,2.5147037506103516,2.286657750606537
43.36,2.862279176712036,2.4328205585479736,2.3215887546539307
43.38,2.7748254537582397,2.59046471118927,2.376096189022064
43.4,2.6873717308044434,2.7481088638305664,2.4306036233901978
43.42,2.599918007850647,2.905753016471863,2.4851110577583313
43.44,2.5124642848968506,3.063397169113159,2.539618492126465
43.46,2.5508095622062683,3.0655038952827454,2.471385955810547
43.48,2.589154839515686,3.0676106214523315,2.403153419494629
43.5,2.6275001168251038,3.0697173476219177,2.334920883178711
43.52,2.6658453941345215,3.071824073791504,2.266688346862793
43.54,2.7464560866355896,3.0508822798728943,2.2449737191200256
43.56,2.8270667791366577,3.0299404859542847,2.2232590913772583
43.58,2.907677471637726,3.008998692035675,2.201544463634491
43.6,2.988288164138794,2.9880568981170654,2.1798298358917236
43.62,2.971034824848175,3.011854588985443,2.212871015071869
43.64,2.953781485557556,3.035652279853821,2.245912194252014
43.66,2.9365281462669373,3.0594499707221985,2.2789533734321594
43.68,2.9192748069763184,3.083247661590576,2.3119945526123047
43.7,2.813296914100647,3.032028615474701,2.2527599334716797
43.72,2.7073190212249756,2.9808095693588257,2.1935253143310547
43.74,2.601341128349304,2.9295905232429504,2.1342906951904297
43.76,2.495363235473633,2.878371477127075,2.0750560760498047
43.78,2.5772971510887146,2.801833152770996,2.065864324569702
43.8,2.6592310667037964,2.725294828414917,2.0566725730895996
43.82,2.741164982318878,2.648756504058838,2.047480821609497
43.84,2.82309889793396,2.572218179702759,2.0382890701293945
43.86,2.864713668823242,2.598370134830475,2.1273439526557922
43.88,2.9063284397125244,2.624522089958191,2.21639883518219
43.9,2.9479432106018066,2.650674045085907,2.3054537177085876
43.92,2.989557981491089,2.676826000213623,2.3945086002349854
43.94,2.8310429453849792,2.7050838470458984,2.295424848794937
43.96,2.6725279092788696,2.733341693878174,2.196341097354889
43.98,2.51401287317276,2.761599540710449,2.0972573459148407
44.0,2.3554978370666504,2.7898573875427246,1.9981735944747925
44.02,2.3720444440841675,2.8137291073799133,2.1528941690921783
44.04,2.3885910511016846,2.837600827217102,2.307614743709564
44.06,2.4051376581192017,2.8614725470542908,2.46233531832695
44.08,2.4216842651367188,2.8853442668914795,2.617055892944336
44.1,2.494137227535248,2.9161433577537537,2.5573705434799194
44.12,2.566590189933777,2.946942448616028,2.497685194015503
44.14,2.639043152332306,2.977741539478302,2.4379998445510864
44.16,2.711496114730835,3.008540630340576,2.37831449508667
44.18,2.627229630947113,2.9072108268737793,2.3492453694343567
44.2,2.542963147163391,2.8058810234069824,2.3201762437820435
44.22,2.458696663379669,2.7045512199401855,2.2911071181297302
44.24,2.3744301795959473,2.6032214164733887,2.262037992477417
44.26,2.4603018760681152,2.818049192428589,2.27196604013443
44.28,2.546173572540283,3.032876968383789,2.281894087791443
44.3,2.632045269012451,3.2477047443389893,2.291822135448456
44.32,2.717916965484619,3.4625325202941895,2.3017501831054688
44.34,2.6896525621414185,3.2269994616508484,2.2752118706703186
44.36,2.6613881587982178,2.9914664030075073,2.2486735582351685
44.38,2.633123755455017,2.7559333443641663,2.2221352458000183
44.4,2.6048593521118164,2.520400285720825,2.195596933364868
44.42,2.5149099230766296,2.5724494457244873,2.1921825408935547
44.44,2.424960494041443,2.6244986057281494,2.188768148422241
44.46,2.335011065006256,2.6765477657318115,2.1853537559509277
44.48,2.2450616359710693,2.7285969257354736,2.1819393634796143
44.5,2.232790231704712,2.8490743041038513,2.145471692085266
44.52,2.2205188274383545,2.969551682472229,2.109004020690918
44.54,2.208247423171997,3.0900290608406067,2.07253634929657
44.56,2.1959760189056396,3.2105064392089844,2.0360686779022217
44.58,2.285469353199005,3.338521182537079,2.1167285442352295
44.6,2.3749626874923706,3.4665359258651733,2.1973884105682373
44.62,2.464456021785736,3.594550669193268,2.278048276901245
44.64,2.5539493560791016,3.7225654125213623,2.358708143234253
44.66,2.6866211891174316,3.662527084350586,2.3656676411628723
44.68,2.8192930221557617,3.6024887561798096,2.3726271390914917
44.7,2.951964855194092,3.542450428009033,2.379586637020111
44.72,3.084636688232422,3.482412099838257,2.3865461349487305
44.74,3.1704301834106445,3.4305635690689087,2.374798059463501
44.76,3.256223678588867,3.3787150382995605,2.3630499839782715
44.78,3.34201717376709,3.3268665075302124,2.351301908493042
44.8,3.4278106689453125,3.2750179767608643,2.3395538330078125
44.82,3.2964179515838623,3.140481173992157,2.3245548009872437
44.84,3.165025234222412,3.0059443712234497,2.309555768966675
44.86,3.033632516860962,2.8714075684547424,2.294556736946106
44.88,2.9022397994995117,2.736870765686035,2.279557704925537
44.9,2.784797728061676,2.854171872138977,2.2242704033851624
44.92,2.6673556566238403,2.971472978591919,2.1689831018447876
44.94,2.5499135851860046,3.088774085044861,2.113695800304413
44.96,2.432471513748169,3.2060751914978027,2.058408498764038
44.98,2.564109742641449,3.032850742340088,2.119387149810791
45.0,2.695747971534729,2.859626293182373,2.180365800857544
45.02,2.827386200428009,2.686401844024658,2.241344451904297
45.04,2.959024429321289,2.5131773948669434,2.30232310295105
45.06,2.969519019126892,2.5752487182617188,2.3238472938537598
45.08,2.980013608932495,2.637320041656494,2.3453714847564697
45.1,2.990508198738098,2.6993913650512695,2.3668956756591797
45.12,3.001002788543701,2.761462688446045,2.3884198665618896
45.14,2.907519042491913,2.774888277053833,2.3424819707870483
45.16,2.8140352964401245,2.788313865661621,2.296544075012207
45.18,2.720551550388336,2.801739454269409,2.2506061792373657
45.2,2.627067804336548,2.8151650428771973,2.2046682834625244
45.22,2.564753532409668,2.7517520785331726,2.278998553752899
45.24,2.502439260482788,2.688339114189148,2.353328824043274
45.26,2.440124988555908,2.6249261498451233,2.4276590943336487
45.28,2.3778107166290283,2.5615131855010986,2.5019893646240234
45.3,2.440159559249878,2.4822556376457214,2.4493722319602966
45.32,2.5025084018707275,2.4029980897903442,2.39675509929657
45.34,2.564857244491577,2.323740541934967,2.344137966632843
45.36,2.6272060871124268,2.24448299407959,2.291520833969116
45.38,2.586828887462616,2.362897038459778,2.4100157618522644
45.4,2.546451687812805,2.481311082839966,2.5285106897354126
45.42,2.5060744881629944,2.599725127220154,2.647005617618561
45.44,2.4656972885131836,2.718139171600342,2.765500545501709
45.46,2.408293664455414,2.5764331221580505,2.4686389565467834
45.48,2.350890040397644,2.4347270727157593,2.171777367591858
45.5,2.2934864163398743,2.293021023273468,1.8749157786369324
45.52,2.2360827922821045,2.1513149738311768,1.5780541896820068
45.54,2.5792983174324036,2.245949387550354,1.7611063718795776
45.56,2.9225138425827026,2.3405838012695312,1.9441585540771484
45.58,3.2657293677330017,2.4352182149887085,2.1272107362747192
45.6,3.608944892883301,2.5298526287078857,2.31026291847229
45.62,3.378780961036682,2.4486167430877686,2.267203986644745
45.64,3.1486170291900635,2.3673808574676514,2.2241450548171997
45.66,2.918453097343445,2.286144971847534,2.1810861229896545
45.68,2.688289165496826,2.204909086227417,2.1380271911621094
45.7,2.576986789703369,2.218559741973877,2.1670003533363342
45.72,2.465684413909912,2.232210397720337,2.195973515510559
45.74,2.354382038116455,2.245861053466797,2.224946677684784
45.76,2.243079662322998,2.259511709213257,2.253919839859009
45.78,2.364212214946747,2.259272873401642,2.378338932991028
45.8,2.4853447675704956,2.259034037590027,2.502758026123047
45.82,2.6064773201942444,2.258795201778412,2.627177119255066
45.84,2.727609872817993,2.258556365966797,2.751596212387085
45.86,2.6043835878372192,2.306182622909546,2.596051275730133
45.88,2.4811573028564453,2.353808879852295,2.440506339073181
45.9,2.3579310178756714,2.401435136795044,2.2849614024162292
45.92,2.2347047328948975,2.449061393737793,2.1294164657592773
45.94,2.296778619289398,2.386404037475586,2.268438994884491
45.96,2.358852505683899,2.323746681213379,2.4074615240097046
45.98,2.4209263920783997,2.261089324951172,2.546484053134918
46.0,2.4830002784729004,2.198431968688965,2.685506582260132
46.02,2.5966911911964417,2.2720860838890076,2.5705246329307556
46.04,2.710382103919983,2.3457401990890503,2.4555426836013794
46.06,2.824073016643524,2.419394314289093,2.340560734272003
46.08,2.9377639293670654,2.4930484294891357,2.225578784942627
46.1,2.82659375667572,2.452058970928192,2.2583224177360535
46.12,2.715423583984375,2.4110695123672485,2.29106605052948
46.14,2.60425341129303,2.370080053806305,2.3238096833229065
46.16,2.4930832386016846,2.3290905952453613,2.356553316116333
46.18,2.4557201862335205,2.5644726157188416,2.2851396203041077
46.2,2.4183571338653564,2.7998546361923218,2.2137259244918823
46.22,2.3809940814971924,3.035236656665802,2.142312228679657
46.24,2.3436310291290283,3.2706186771392822,2.0708985328674316
46.26,2.380632221698761,3.2993794679641724,2.083437144756317
46.28,2.4176334142684937,3.3281402587890625,2.0959757566452026
46.3,2.4546346068382263,3.3569010496139526,2.108514368534088
46.32,2.491635799407959,3.3856618404388428,2.1210529804229736
46.34,2.5582504272460938,3.326087176799774,2.273951292037964
46.36,2.6248650550842285,3.2665125131607056,2.426849603652954
46.38,2.6914796829223633,3.206937849521637,2.5797479152679443
46.4,2.758094310760498,3.1473631858825684,2.7326462268829346
46.42,2.723891019821167,3.008237600326538,2.6397897005081177
46.44,2.689687728881836,2.869112014770508,2.546933174133301
46.46,2.655484437942505,2.7299864292144775,2.454076647758484
46.48,2.621281147003174,2.5908608436584473,2.361220121383667
46.5,2.59165358543396,2.5868422985076904,2.3528459072113037
46.52,2.562026023864746,2.5828237533569336,2.3444716930389404
46.54,2.5323984622955322,2.5788052082061768,2.336097478866577
46.56,2.5027709007263184,2.57478666305542,2.327723264694214
46.58,2.5946344137191772,2.5885733366012573,2.3554678559303284
46.6,2.686497926712036,2.6023600101470947,2.383212447166443
46.62,2.778361439704895,2.616146683692932,2.4109570384025574
46.64,2.870224952697754,2.6299333572387695,2.438701629638672
46.66,2.963101625442505,2.6194376349449158,2.4133175015449524
46.68,3.055978298187256,2.608941912651062,2.387933373451233
46.7,3.148854970932007,2.5984461903572083,2.3625492453575134
46.72,3.241731643676758,2.5879504680633545,2.337165117263794
46.74,3.104897975921631,2.756649136543274,2.38696151971817
46.76,2.968064308166504,2.9253478050231934,2.4367579221725464
46.78,2.831230640411377,3.094046473503113,2.4865543246269226
46.8,2.69439697265625,3.2627451419830322,2.536350727081299
46.82,2.655782461166382,3.15583735704422,2.3624395430088043
46.84,2.6171679496765137,3.0489295721054077,2.18852835893631
46.86,2.5785534381866455,2.9420217871665955,2.0146171748638153
46.88,2.5399389266967773,2.835114002227783,1.8407059907913208
46.9,2.545033574104309,3.1062947511672974,1.9476726353168488
46.92,2.550128221511841,3.3774755001068115,2.0546392798423767
46.94,2.5552228689193726,3.6486562490463257,2.1616059243679047
46.96,2.5603175163269043,3.91983699798584,2.2685725688934326
46.98,2.4457775950431824,3.6840909123420715,2.2201348543167114
47.0,2.3312376737594604,3.4483448266983032,2.1716971397399902
47.02,2.2166977524757385,3.212598741054535,2.123259425163269
47.04,2.1021578311920166,2.9768526554107666,2.074821710586548
47.06,2.280806839466095,2.9840186834335327,2.170878291130066
47.08,2.4594558477401733,2.991184711456299,2.266934871673584
47.1,2.6381048560142517,2.998350739479065,2.362991452217102
47.12,2.81675386428833,3.005516767501831,2.45904803276062
47.14,2.8296951055526733,2.9645981192588806,2.427950084209442
47.16,2.8426363468170166,2.92367947101593,2.396852135658264
47.18,2.85557758808136,2.8827608227729797,2.365754187107086
47.2,2.868518829345703,2.8418421745300293,2.334656238555908
47.22,2.8671377897262573,2.8642069697380066,2.2726544737815857
47.24,2.8657567501068115,2.886571764945984,2.210652709007263
47.26,2.8643757104873657,2.908936560153961,2.1486509442329407
47.28,2.86299467086792,2.9313013553619385,2.086649179458618
47.3,2.7718759775161743,2.8905418515205383,2.2480849623680115
47.32,2.6807572841644287,2.849782347679138,2.409520745277405
47.34,2.589638590812683,2.809022843837738,2.570956528186798
47.36,2.4985198974609375,2.768263339996338,2.7323923110961914
47.38,2.5808833837509155,2.8219748735427856,2.6067509055137634
47.4,2.6632468700408936,2.8756864070892334,2.4811094999313354
47.42,2.7456103563308716,2.929397940635681,2.3554680943489075
47.44,2.8279738426208496,2.983109474182129,2.2298266887664795
47.46,3.046448528766632,2.9895455837249756,2.2790539860725403
47.48,3.2649232149124146,2.9959816932678223,2.328281283378601
47.5,3.483397901058197,3.002417802810669,2.377508580684662
47.52,3.7018725872039795,3.0088539123535156,2.4267358779907227
47.54,3.4130258560180664,3.13148033618927,2.4700560569763184
47.56,3.1241791248321533,3.2541067600250244,2.513376235961914
47.58,2.8353323936462402,3.376733183860779,2.5566964149475098
47.6,2.546485662460327,3.499359607696533,2.6000165939331055
47.62,2.5636704564094543,3.324100971221924,2.462571918964386
47.64,2.5808552503585815,3.1488423347473145,2.3251272439956665
47.66,2.5980400443077087,2.973583698272705,2.187682569026947
47.68,2.615224838256836,2.7983250617980957,2.0502378940582275
47.7,2.6244537830352783,2.86631977558136,2.014403462409973
47.72,2.6336827278137207,2.934314489364624,1.9785690307617188
47.74,2.642911672592163,3.002309203147888,1.9427345991134644
47.76,2.6521406173706055,3.0703039169311523,1.90690016746521
47.78,2.645762622356415,2.982462167739868,1.9903267621994019
47.8,2.639384627342224,2.894620418548584,2.0737533569335938
47.82,2.6330066323280334,2.8067786693573,2.1571799516677856
47.84,2.6266286373138428,2.7189369201660156,2.2406065464019775
47.86,2.698327422142029,2.6788182258605957,2.2569294571876526
47.88,2.770026206970215,2.638699531555176,2.2732523679733276
47.9,2.841724991798401,2.598580837249756,2.2895752787590027
47.92,2.913423776626587,2.558462142944336,2.3058981895446777
47.94,2.835844397544861,2.470342516899109,2.314426600933075
47.96,2.7582650184631348,2.382222890853882,2.322955012321472
47.98,2.6806856393814087,2.294103264808655,2.3314834237098694
48.0,2.6031062602996826,2.2059836387634277,2.3400118350982666
48.02,2.7023026943206787,2.524983525276184,2.3493725657463074
48.04,2.801499128341675,2.8439834117889404,2.358733296394348
48.06,2.900695562362671,3.1629832983016968,2.368094027042389
48.08,2.999891996383667,3.481983184814453,2.3774547576904297
48.1,2.935006558895111,3.404241442680359,2.237739235162735
48.12,2.870121121406555,3.3264997005462646,2.0980237126350403
48.14,2.8052356839179993,3.2487579584121704,1.9583081901073456
48.16,2.7403502464294434,3.171016216278076,1.8185926675796509
48.18,2.6847217082977295,3.158086359500885,1.892622858285904
48.2,2.6290931701660156,3.145156502723694,1.966653048992157
48.22,2.5734646320343018,3.1322266459465027,2.04068323969841
48.24,2.517836093902588,3.1192967891693115,2.114713430404663
48.26,2.6884270310401917,2.913172662258148,2.1449279189109802
48.28,2.8590179681777954,2.707048535346985,2.1751424074172974
48.3,3.029608905315399,2.5009244084358215,2.2053568959236145
48.32,3.200199842453003,2.294800281524658,2.2355713844299316
48.34,3.08825820684433,2.3463069796562195,2.220924735069275
48.36,2.9763165712356567,2.3978136777877808,2.206278085708618
48.38,2.8643749356269836,2.449320375919342,2.1916314363479614
48.4,2.7524333000183105,2.5008270740509033,2.1769847869873047
48.42,2.7068158388137817,2.5456215739250183,2.0830708742141724
48.44,2.661198377609253,2.5904160737991333,1.98915696144104
48.46,2.615580916404724,2.6352105736732483,1.8952430486679077
48.48,2.5699634552001953,2.6800050735473633,1.8013291358947754
48.5,2.674515426158905,2.851320445537567,2.0539353489875793
48.52,2.7790673971176147,3.022635817527771,2.3065415620803833
48.54,2.8836193680763245,3.193951189517975,2.5591477751731873
48.56,2.988171339035034,3.3652665615081787,2.811753988265991
48.58,2.9479164481163025,3.142210304737091,2.7065374851226807
48.6,2.907661557197571,2.9191540479660034,2.60132098197937
48.62,2.867406666278839,2.6960977911949158,2.4961044788360596
48.64,2.8271517753601074,2.473041534423828,2.390887975692749
48.66,3.005123019218445,2.632345139980316,2.5147749185562134
48.68,3.1830942630767822,2.791648745536804,2.6386618614196777
48.7,3.3610655069351196,2.9509523510932922,2.762548804283142
48.72,3.539036750793457,3.1102559566497803,2.8864357471466064
48.74,3.4480952620506287,3.193768084049225,2.8777230381965637
48.76,3.3571537733078003,3.2772802114486694,2.869010329246521
48.78,3.266212284564972,3.360792338848114,2.8602976202964783
48.8,3.1752707958221436,3.4443044662475586,2.8515849113464355
48.82,3.180327892303467,3.480457365512848,2.742516815662384
48.84,3.18538498878479,3.516610264778137,2.6334487199783325
48.86,3.1904420852661133,3.5527631640434265,2.524380624294281
48.88,3.1954991817474365,3.588916063308716,2.4153125286102295
48.9,3.3346924781799316,3.3754478096961975,2.504315197467804
48.92,3.4738857746124268,3.161979556083679,2.5933178663253784
48.94,3.613079071044922,2.948511302471161,2.682320535182953
48.96,3.752272367477417,2.7350430488586426,2.7713232040405273
48.98,3.925687253475189,2.7384203672409058,2.6838735938072205
49.0,4.099102139472961,2.741797685623169,2.5964239835739136
49.02,4.272517025470734,2.745175004005432,2.5089743733406067
49.04,4.445931911468506,2.7485523223876953,2.4215247631073
49.06,3.9362215399742126,2.680094361305237,2.3561128973960876
49.08,3.4265111684799194,2.6116364002227783,2.2907010316848755
49.1,2.916800796985626,2.54317843914032,2.2252891659736633
49.12,2.407090425491333,2.4747204780578613,2.159877300262451
49.14,2.642733633518219,2.6333460211753845,2.185717284679413
49.16,2.878376841545105,2.7919715642929077,2.2115572690963745
49.18,3.114020049571991,2.950597107410431,2.237397253513336
49.2,3.349663257598877,3.109222650527954,2.263237237930298
49.22,3.1109378337860107,3.055870473384857,2.358497679233551
49.24,2.8722124099731445,3.0025182962417603,2.453758120536804
49.26,2.6334869861602783,2.9491661190986633,2.5490185618400574
49.28,2.394761562347412,2.8958139419555664,2.6442790031433105
49.3,2.523947536945343,2.856163442134857,2.6268210411071777
49.32,2.653133511543274,2.816512942314148,2.609363079071045
49.34,2.782319486141205,2.7768624424934387,2.591905117034912
49.36,2.9115054607391357,2.7372119426727295,2.5744471549987793
49.38,2.780108332633972,2.6630619764328003,2.665883421897888
49.4,2.6487112045288086,2.588912010192871,2.757319688796997
49.42,2.517314076423645,2.514762043952942,2.848755955696106
49.44,2.3859169483184814,2.4406120777130127,2.940192222595215
49.46,2.4535489678382874,2.4683459401130676,2.7818766832351685
49.48,2.5211809873580933,2.4960798025131226,2.623561143875122
49.5,2.588813006877899,2.5238136649131775,2.4652456045150757
49.52,2.656445026397705,2.5515475273132324,2.3069300651550293
49.54,2.545522928237915,2.675253748893738,2.406495749950409
49.56,2.434600830078125,2.798959970474243,2.5060614347457886
49.58,2.323678731918335,2.9226661920547485,2.605627119541168
49.6,2.212756633758545,3.046372413635254,2.705192804336548
49.62,2.287201166152954,2.9533982276916504,2.6265525221824646
49.64,2.3616456985473633,2.860424041748047,2.5479122400283813
49.66,2.4360902309417725,2.7674498558044434,2.469271957874298
49.68,2.5105347633361816,2.67447566986084,2.390631675720215
49.7,2.5545971393585205,3.216105103492737,2.497975468635559
49.72,2.5986595153808594,3.757734537124634,2.6053192615509033
49.74,2.6427218914031982,4.299363970756531,2.7126630544662476
49.76,2.686784267425537,4.840993404388428,2.820006847381592
49.78,2.5830684900283813,5.040096759796143,2.636444330215454
49.8,2.4793527126312256,5.239200115203857,2.4528818130493164
49.82,2.37563693523407,5.438303470611572,2.2693192958831787
49.84,2.271921157836914,5.637406826019287,2.085756778717041
49.86,2.257796823978424,5.065320372581482,2.074748933315277
49.88,2.243672490119934,4.493233919143677,2.063741087913513
49.9,2.229548156261444,3.9211474657058716,2.0527332425117493
49.92,2.215423822402954,3.3490610122680664,2.0417253971099854
49.94,2.3971738815307617,3.1846680641174316,2.0162907242774963
49.96,2.5789239406585693,3.020275115966797,1.9908560514450073
49.98,2.760673999786377,2.855882167816162,1.9654213786125183
50.0,2.9424240589141846,2.6914892196655273,1.9399867057800293
50.02,3.1777363419532776,2.6434730887413025,2.0751882195472717
50.04,3.4130486249923706,2.5954569578170776,2.210389733314514
50.06,3.6483609080314636,2.547440826892853,2.3455912470817566
50.08,3.8836731910705566,2.499424695968628,2.480792760848999
50.1,3.5214136838912964,2.6778869032859802,2.500655174255371
50.12,3.159154176712036,2.8563491106033325,2.520517587661743
50.14,2.796894669532776,3.034811317920685,2.5403800010681152
50.16,2.4346351623535156,3.213273525238037,2.5602424144744873
50.18,2.389241337776184,3.093358278274536,2.6667805910110474
50.2,2.3438475131988525,2.973443031311035,2.7733187675476074
50.22,2.298453688621521,2.853527784347534,2.8798569440841675
50.24,2.2530598640441895,2.733612537384033,2.9863951206207275
50.26,2.253989338874817,3.0154463052749634,2.886577546596527
50.28,2.2549188137054443,3.2972800731658936,2.7867599725723267
50.3,2.2558482885360718,3.5791138410568237,2.686942398548126
50.32,2.256777763366699,3.860947608947754,2.587124824523926
50.34,2.2795175313949585,3.579780101776123,2.490617334842682
50.36,2.3022572994232178,3.298612594604492,2.394109845161438
50.38,2.324997067451477,3.0174450874328613,2.297602355480194
50.4,2.3477368354797363,2.7362775802612305,2.20109486579895
50.42,2.411110043525696,3.0104905366897583,2.1585442423820496
50.44,2.4744832515716553,3.284703493118286,2.115993618965149
50.46,2.5378564596176147,3.558916449546814,2.0734429955482483
50.48,2.601229667663574,3.833129405975342,2.0308923721313477
50.5,2.4810613989830017,4.04146134853363,2.513285279273987
50.52,2.360893130302429,4.249793291091919,2.995678186416626
50.54,2.2407248616218567,4.4581252336502075,3.478071093559265
50.56,2.120556592941284,4.666457176208496,3.9604640007019043
50.58,2.3263657689094543,4.305461645126343,3.6553775668144226
50.6,2.5321749448776245,3.9444661140441895,3.350291132926941
50.62,2.7379841208457947,3.583470582962036,3.0452046990394592
50.64,2.943793296813965,3.222475051879883,2.7401182651519775
50.66,2.8006176948547363,3.1793055534362793,2.713264584541321
50.68,2.657442092895508,3.136136054992676,2.686410903930664
50.7,2.5142664909362793,3.0929665565490723,2.6595572233200073
50.72,2.371090888977051,3.0497970581054688,2.6327035427093506
50.74,2.3588188886642456,3.4714995622634888,2.603690207004547
50.76,2.3465468883514404,3.893202066421509,2.5746768712997437
50.78,2.3342748880386353,4.314904570579529,2.54566353559494
50.8,2.32200288772583,4.736607074737549,2.5166501998901367
50.82,2.3583242893218994,4.470939636230469,2.514664351940155
50.84,2.3946456909179688,4.205272197723389,2.5126785039901733
50.86,2.430967092514038,3.9396047592163086,2.5106926560401917
50.88,2.4672884941101074,3.6739373207092285,2.50870680809021
50.9,2.477642774581909,3.7551596760749817,2.413641095161438
50.92,2.487997055053711,3.836382031440735,2.318575382232666
50.94,2.4983513355255127,3.917604386806488,2.223509669303894
50.96,2.5087056159973145,3.998826742172241,2.128443956375122
50.98,2.621981382369995,3.8619304299354553,2.1337183713912964
51.0,2.735257148742676,3.7250341176986694,2.1389927864074707
51.02,2.8485329151153564,3.5881378054618835,2.144267201423645
51.04,2.961808681488037,3.4512414932250977,2.1495416164398193
51.06,2.8062429428100586,4.267930388450623,2.1296082139015198
51.08,2.65067720413208,5.0846192836761475,2.10967481136322
51.1,2.4951114654541016,5.901308178901672,2.0897414088249207
51.12,2.339545726776123,6.717997074127197,2.069808006286621
51.14,2.5874611139297485,6.42750608921051,2.0093398690223694
51.16,2.835376501083374,6.137015104293823,1.9488717317581177
51.18,3.0832918882369995,5.846524119377136,1.888403594493866
51.2,3.331207275390625,5.556033134460449,1.8279354572296143
51.22,3.2043963074684143,4.969733476638794,2.0521727204322815
51.24,3.0775853395462036,4.383433818817139,2.2764099836349487
51.26,2.950774371623993,3.7971341609954834,2.500647246837616
51.28,2.8239634037017822,3.210834503173828,2.724884510040283
51.3,2.7044329047203064,3.014652967453003,2.7796599864959717
51.32,2.5849024057388306,2.8184714317321777,2.83443546295166
51.34,2.4653719067573547,2.6222898960113525,2.8892109394073486
51.36,2.345841407775879,2.4261083602905273,2.943986415863037
51.38,2.452184319496155,2.6223915815353394,2.834880530834198
51.4,2.5585272312164307,2.8186748027801514,2.725774645805359
51.42,2.6648701429367065,3.0149580240249634,2.6166687607765198
51.44,2.7712130546569824,3.2112412452697754,2.5075628757476807
51.46,2.71954208612442,3.412882685661316,2.747860372066498
51.48,2.667871117591858,3.6145241260528564,2.988157868385315
51.5,2.6162001490592957,3.816165566444397,3.228455364704132
51.52,2.5645291805267334,4.0178070068359375,3.468752861022949
51.54,2.5619823336601257,3.7193411588668823,3.1353825330734253
51.56,2.559435486793518,3.420875310897827,2.8020122051239014
51.58,2.5568886399269104,3.122409462928772,2.4686418771743774
51.6,2.5543417930603027,2.823943614959717,2.1352715492248535
51.62,2.7563141584396362,3.6022276878356934,2.1502068042755127
51.64,2.9582865238189697,4.38051176071167,2.165142059326172
51.66,3.1602588891983032,5.1587958335876465,2.180077314376831
51.68,3.3622312545776367,5.937079906463623,2.1950125694274902
51.7,3.189316153526306,5.665226340293884,2.2897693514823914
51.72,3.0164010524749756,5.3933727741241455,2.3845261335372925
51.74,2.843485951423645,5.121519207954407,2.4792829155921936
51.76,2.6705708503723145,4.849665641784668,2.5740396976470947
51.78,2.7288334369659424,4.808895468711853,2.795769989490509
51.8,2.7870960235595703,4.768125295639038,3.0175002813339233
51.82,2.8453586101531982,4.727355122566223,3.2392305731773376
51.84,2.903621196746826,4.686584949493408,3.460960865020752
51.86,2.765040636062622,4.37427031993866,3.2157769203186035
51.88,2.626460075378418,4.061955690383911,2.970592975616455
51.9,2.487879514694214,3.7496410608291626,2.7254090309143066
51.92,2.3492989540100098,3.437326431274414,2.480225086212158
51.94,2.399058163166046,4.019803881645203,2.638354182243347
51.96,2.4488173723220825,4.602281332015991,2.796483278274536
51.98,2.498576581478119,5.18475878238678,2.954612374305725
52.0,2.5483357906341553,5.767236232757568,3.112741470336914
52.02,2.5836068391799927,5.670003771781921,2.919735074043274
52.04,2.61887788772583,5.572771310806274,2.726728677749634
52.06,2.6541489362716675,5.475538849830627,2.5337222814559937
52.08,2.689419984817505,5.3783063888549805,2.3407158851623535
52.1,2.6380664706230164,4.929367125034332,2.4347033500671387
52.12,2.586712956428528,4.480427861213684,2.528690814971924
52.14,2.5353594422340393,4.031488597393036,2.622678279876709
52.16,2.484005928039551,3.5825493335723877,2.716665744781494
52.18,2.4326030015945435,3.650418698787689,2.586069166660309
52.2,2.381200075149536,3.7182880640029907,2.4554725885391235
52.22,2.329797148704529,3.7861574292182922,2.3248760104179382
52.24,2.2783942222595215,3.8540267944335938,2.194279432296753
52.26,2.3517760634422302,4.152245759963989,2.2059748768806458
52.28,2.425157904624939,4.450464725494385,2.2176703214645386
52.3,2.4985397458076477,4.74868369102478,2.2293657660484314
52.32,2.5719215869903564,5.046902656555176,2.241061210632324
52.34,2.5849952697753906,4.382059156894684,2.292173981666565
52.36,2.598068952560425,3.717215657234192,2.3432867527008057
52.38,2.611142635345459,3.0523721575737,2.3943995237350464
52.4,2.624216318130493,2.387528657913208,2.445512294769287
52.42,2.6780064702033997,3.184108316898346,2.3321059942245483
52.44,2.731796622276306,3.980687975883484,2.2186996936798096
52.46,2.7855867743492126,4.777267634868622,2.105293393135071
52.48,2.839376926422119,5.57384729385376,1.991887092590332
52.5,2.7852102518081665,5.634473443031311,2.1084365844726562
52.52,2.731043577194214,5.695099592208862,2.2249860763549805
52.54,2.6768769025802612,5.755725741386414,2.3415355682373047
52.56,2.6227102279663086,5.816351890563965,2.458085060119629
52.58,2.6649205088615417,5.784608483314514,2.300266683101654
52.6,2.707130789756775,5.7528650760650635,2.142448306083679
52.62,2.749341070652008,5.721121668815613,1.9846299290657043
52.64,2.791551351547241,5.689378261566162,1.8268115520477295
52.66,2.822271168231964,5.637701511383057,1.950295865535736
52.68,2.852990984916687,5.586024761199951,2.0737801790237427
52.7,2.88371080160141,5.534348011016846,2.1972644925117493
52.72,2.914430618286133,5.48267126083374,2.320748805999756
52.74,2.8548505902290344,5.361468315124512,2.148471772670746
52.76,2.795270562171936,5.240265369415283,1.9761947393417358
52.78,2.7356905341148376,5.119062423706055,1.8039177060127258
52.8,2.6761105060577393,4.997859477996826,1.6316406726837158
52.82,2.7034833431243896,4.987454652786255,1.8690899014472961
52.84,2.73085618019104,4.977049827575684,2.1065391302108765
52.86,2.7582290172576904,4.966645002365112,2.343988358974457
52.88,2.785601854324341,4.956240177154541,2.581437587738037
52.9,2.700611889362335,4.440464496612549,2.2950665950775146
52.92,2.6156219244003296,3.9246888160705566,2.008695602416992
52.94,2.530631959438324,3.4089131355285645,1.7223246097564697
52.96,2.4456419944763184,2.8931374549865723,1.4359536170959473
52.98,2.44798743724823,3.6904213428497314,1.7074159383773804
53.0,2.4503328800201416,4.487705230712891,1.9788782596588135
53.02,2.4526783227920532,5.28498911857605,2.2503405809402466
53.04,2.455023765563965,6.082273006439209,2.5218029022216797
53.06,2.4729554653167725,5.723212003707886,2.5817112922668457
53.08,2.49088716506958,5.3641510009765625,2.6416196823120117
53.1,2.5088188648223877,5.005089998245239,2.7015280723571777
53.12,2.5267505645751953,4.646028995513916,2.7614364624023438
53.14,2.5492849946022034,5.11290180683136,2.5940552353858948
53.16,2.5718194246292114,5.579774618148804,2.426674008369446
53.18,2.5943538546562195,6.046647429466248,2.259292781352997
53.2,2.6168882846832275,6.513520240783691,2.091911554336548
53.22,2.5594776272773743,6.722622513771057,2.125042676925659
53.24,2.502066969871521,6.931724786758423,2.1581737995147705
53.26,2.4446563124656677,7.140827059745789,2.191304922103882
53.28,2.3872456550598145,7.349929332733154,2.224436044692993
53.3,2.444193720817566,6.801066517829895,2.2601266503334045
53.32,2.5011417865753174,6.252203702926636,2.295817255973816
53.34,2.558089852333069,5.7033408880233765,2.3315078616142273
53.36,2.6150379180908203,5.154478073120117,2.3671984672546387
53.38,2.5201690196990967,5.276756405830383,2.3339645862579346
53.4,2.425300121307373,5.399034738540649,2.3007307052612305
53.42,2.3304312229156494,5.5213130712509155,2.2674968242645264
53.44,2.235562324523926,5.643591403961182,2.2342629432678223
53.46,2.508649230003357,5.516597747802734,2.22891765832901
53.48,2.781736135482788,5.389604091644287,2.2235723733901978
53.5,3.0548230409622192,5.26261043548584,2.2182270884513855
53.52,3.3279099464416504,5.135616779327393,2.2128818035125732
53.54,3.1035172939300537,4.557000756263733,2.3550363183021545
53.56,2.879124641418457,3.9783847332000732,2.497190833091736
53.58,2.6547319889068604,3.3997687101364136,2.639345347881317
53.6,2.4303393363952637,2.821152687072754,2.7814998626708984
53.62,2.515529692173004,2.8238532543182373,2.596461594104767
53.64,2.6007200479507446,2.8265538215637207,2.4114233255386353
53.66,2.685910403728485,2.829254388809204,2.2263850569725037
53.68,2.7711007595062256,2.8319549560546875,2.041346788406372
53.7,2.876222312450409,3.2749675512313843,2.040350615978241
53.72,2.9813438653945923,3.717980146408081,2.03935444355011
53.74,3.0864654183387756,4.160992741584778,2.0383582711219788
53.76,3.191586971282959,4.604005336761475,2.0373620986938477
53.78,3.544421076774597,5.15449845790863,2.1734522581100464
53.8,3.8972551822662354,5.704991579055786,2.309542417526245
53.82,4.2500892877578735,6.255484700202942,2.445632576942444
53.84,4.602923393249512,6.805977821350098,2.5817227363586426
53.86,4.477821707725525,6.563338279724121,2.461533486843109
53.88,4.352720022201538,6.3206987380981445,2.3413442373275757
53.9,4.227618336677551,6.078059196472168,2.2211549878120422
53.92,4.1025166511535645,5.835419654846191,2.100965738296509
53.94,3.95969694852829,5.824759483337402,2.12798410654068
53.96,3.816877245903015,5.814099311828613,2.155002474784851
53.98,3.6740575432777405,5.803439140319824,2.182020843029022
54.0,3.531237840652466,5.792778968811035,2.2090392112731934
54.02,3.2967523336410522,5.787174582481384,2.191824495792389
54.04,3.0622668266296387,5.781570196151733,2.1746097803115845
54.06,2.827781319618225,5.7759658098220825,2.15739506483078
54.08,2.5932958126068115,5.770361423492432,2.1401803493499756
54.1,2.7345795035362244,6.044333577156067,2.1833038330078125
54.12,2.875863194465637,6.318305730819702,2.2264273166656494
54.14,3.01714688539505,6.592277884483337,2.2695508003234863
54.16,3.158430576324463,6.866250038146973,2.3126742839813232
54.18,3.1299142837524414,6.807143568992615,2.338894307613373
54.2,3.10139799118042,6.748037099838257,2.3651143312454224
54.22,3.0728816986083984,6.688930630683899,2.391334354877472
54.24,3.044365406036377,6.629824161529541,2.4175543785095215
54.26,3.0226235389709473,6.442573428153992,2.2508483827114105
54.28,3.0008816719055176,6.255322694778442,2.0841423869132996
54.3,2.979139804840088,6.068071961402893,1.9174363911151886
54.32,2.957397937774658,5.880821228027344,1.7507303953170776
54.34,2.9188092947006226,6.180310606956482,1.8728310763835907
54.36,2.880220651626587,6.47979998588562,1.9949317574501038
54.38,2.8416320085525513,6.779289364814758,2.117032438516617
54.4,2.8030433654785156,7.0787787437438965,2.23913311958313
54.42,2.864214301109314,6.455180883407593,2.374342381954193
54.44,2.9253852367401123,5.831583023071289,2.5095516443252563
54.46,2.9865561723709106,5.207985162734985,2.6447609066963196
54.48,3.047727108001709,4.584387302398682,2.779970169067383
54.5,2.9188950061798096,3.9807427525520325,2.6543235778808594
54.52,2.79006290435791,3.3770982027053833,2.528676986694336
54.54,2.6612308025360107,2.773453652858734,2.4030303955078125
54.56,2.5323987007141113,2.169809103012085,2.277383804321289
54.58,2.4172743558883667,2.3026153445243835,2.558745265007019
54.6,2.302150011062622,2.435421586036682,2.840106725692749
54.62,2.1870256662368774,2.5682278275489807,3.121468186378479
54.64,2.071901321411133,2.7010340690612793,3.402829647064209
54.66,2.1086121797561646,2.638759434223175,3.941970944404602
54.68,2.1453230381011963,2.576484799385071,4.481112241744995
54.7,2.182033896446228,2.5142101645469666,5.020253539085388
54.72,2.2187447547912598,2.4519355297088623,5.559394836425781
54.74,2.2977945804595947,2.4902763962745667,5.007965326309204
54.76,2.3768444061279297,2.528617262840271,4.456535816192627
54.78,2.4558942317962646,2.5669581294059753,3.90510630607605
54.8,2.5349440574645996,2.6052989959716797,3.3536767959594727
54.82,2.4240981936454773,2.682638108730316,3.286844253540039
54.84,2.313252329826355,2.7599772214889526,3.2200117111206055
54.86,2.2024064660072327,2.837316334247589,3.153179168701172
54.88,2.0915606021881104,2.9146554470062256,3.0863466262817383
54.9,2.1196399331092834,2.985637366771698,3.3733513355255127
54.92,2.1477192640304565,3.0566192865371704,3.660356044769287
54.94,2.1757985949516296,3.127601206302643,3.9473607540130615
54.96,2.2038779258728027,3.1985831260681152,4.234365463256836
54.98,2.275917112827301,3.0794418454170227,4.205623626708984
55.0,2.3479562997817993,2.96030056476593,4.176881790161133
55.02,2.4199954867362976,2.8411592841148376,4.148139953613281
55.04,2.492034673690796,2.722018003463745,4.11939811706543
55.06,2.4604679942131042,2.7638326287269592,3.6344478130340576
55.08,2.4289013147354126,2.8056472539901733,3.1494975090026855
55.1,2.397334635257721,2.8474618792533875,2.6645472049713135
55.12,2.3657679557800293,2.8892765045166016,2.1795969009399414
55.14,2.632568836212158,2.946485698223114,2.159008204936981
55.16,2.899369716644287,3.0036948919296265,2.138419508934021
55.18,3.166170597076416,3.060904085636139,2.117830812931061
55.2,3.432971477508545,3.1181132793426514,2.0972421169281006
55.22,3.2366228103637695,3.0195895433425903,2.1397173404693604
55.24,3.040274143218994,2.9210658073425293,2.18219256401062
55.26,2.8439254760742188,2.8225420713424683,2.22466778755188
55.28,2.6475768089294434,2.7240183353424072,2.2671430110931396
55.3,2.6091232299804688,2.69839745759964,2.3284050822257996
55.32,2.570669651031494,2.6727765798568726,2.3896671533584595
55.34,2.5322160720825195,2.6471557021141052,2.4509292244911194
55.36,2.493762493133545,2.621534824371338,2.5121912956237793
55.38,2.521105647087097,2.636502206325531,2.5045620799064636
55.4,2.5484488010406494,2.651469588279724,2.496932864189148
55.42,2.5757919549942017,2.6664369702339172,2.4893036484718323
55.44,2.603135108947754,2.6814043521881104,2.4816744327545166
55.46,2.78274267911911,2.865370273590088,2.540340483188629
55.48,2.9623502492904663,3.0493361949920654,2.5990065336227417
55.5,3.1419578194618225,3.233302116394043,2.6576725840568542
55.52,3.3215653896331787,3.4172680377960205,2.716338634490967
55.54,3.349622905254364,3.53788959980011,2.677550435066223
55.56,3.3776804208755493,3.658511161804199,2.6387622356414795
55.58,3.4057379364967346,3.7791327238082886,2.599974036216736
55.6,3.43379545211792,3.899754285812378,2.561185836791992
55.62,3.1871768832206726,4.19415956735611,2.5705105662345886
55.64,2.9405583143234253,4.488564848899841,2.579835295677185
55.66,2.693939745426178,4.782970130443573,2.5891600251197815
55.68,2.4473211765289307,5.077375411987305,2.598484754562378
55.7,2.3747467398643494,4.9224958419799805,2.604012429714203
55.72,2.302172303199768,4.767616271972656,2.609540104866028
55.74,2.2295978665351868,4.612736701965332,2.615067780017853
55.76,2.1570234298706055,4.457857131958008,2.6205954551696777
55.78,2.378268539905548,4.010683178901672,2.7861052751541138
55.8,2.5995136499404907,3.563509225845337,2.95161509513855
55.82,2.8207587599754333,3.1163352727890015,3.117124915122986
55.84,3.042003870010376,2.669161319732666,3.282634735107422
55.86,2.840160548686981,2.69890296459198,3.2348910570144653
55.88,2.6383172273635864,2.728644609451294,3.187147378921509
55.9,2.4364739060401917,2.758386254310608,3.1394037008285522
55.92,2.234630584716797,2.788127899169922,3.0916600227355957
55.94,2.237286925315857,2.731036961078644,3.447798728942871
55.96,2.239943265914917,2.6739460229873657,3.8039374351501465
55.98,2.242599606513977,2.6168550848960876,4.160076141357422
56.0,2.245255947113037,2.5597641468048096,4.516214847564697
56.02,2.312131643295288,2.576388418674469,4.215894341468811
56.04,2.379007339477539,2.5930126905441284,3.915573835372925
56.06,2.44588303565979,2.609636962413788,3.6152533292770386
56.08,2.512758731842041,2.6262612342834473,3.3149328231811523
56.1,2.4733412861824036,2.5859680771827698,3.9921730756759644
56.12,2.433923840522766,2.5456749200820923,4.669413328170776
56.14,2.3945063948631287,2.505381762981415,5.346653580665588
56.16,2.355088949203491,2.4650886058807373,6.0238938331604
56.18,2.3312162160873413,2.5890218019485474,6.253564953804016
56.2,2.3073434829711914,2.7129549980163574,6.483236074447632
56.22,2.2834707498550415,2.8368881940841675,6.712907195091248
56.24,2.2595980167388916,2.9608213901519775,6.942578315734863
56.26,2.2888728380203247,2.9918964505195618,6.442674398422241
56.28,2.318147659301758,3.022971510887146,5.942770481109619
56.3,2.347422480583191,3.0540465712547302,5.442866563796997
56.32,2.376697301864624,3.0851216316223145,4.942962646484375
56.34,2.3608197569847107,2.9767805337905884,4.831772208213806
56.36,2.3449422121047974,2.8684394359588623,4.720581769943237
56.38,2.329064667224884,2.7600983381271362,4.6093913316726685
56.4,2.3131871223449707,2.65175724029541,4.4982008934021
56.42,2.2650272250175476,2.673587203025818,4.2514519691467285
56.44,2.2168673276901245,2.6954171657562256,4.004703044891357
56.46,2.1687074303627014,2.7172471284866333,3.7579541206359863
56.48,2.1205475330352783,2.739077091217041,3.5112051963806152
56.5,2.201700210571289,2.8411327600479126,3.3869028091430664
56.52,2.2828528881073,2.943188428878784,3.2626004219055176
56.54,2.3640055656433105,3.0452440977096558,3.1382980346679688
56.56,2.4451582431793213,3.1472997665405273,3.01399564743042
56.58,2.4068243503570557,2.983256459236145,3.48025643825531
56.6,2.36849045753479,2.8192131519317627,3.9465172290802
56.62,2.3301565647125244,2.6551698446273804,4.41277801990509
56.64,2.291822671890259,2.491126537322998,4.8790388107299805
56.66,2.337678849697113,2.537249982357025,4.495180368423462
56.68,2.3835350275039673,2.5833734273910522,4.111321926116943
56.7,2.4293912053108215,2.6294968724250793,3.727463483810425
56.72,2.475247383117676,2.6756203174591064,3.3436050415039062
56.74,2.387004017829895,2.698296070098877,3.701172351837158
56.76,2.2987606525421143,2.7209718227386475,4.05873966217041
56.78,2.2105172872543335,2.743647575378418,4.416306972503662
56.8,2.1222739219665527,2.7663233280181885,4.773874282836914
56.82,2.1896687746047974,2.75773423910141,4.672072052955627
56.84,2.257063627243042,2.7491451501846313,4.570269823074341
56.86,2.3244584798812866,2.740556061267853,4.468467593193054
56.88,2.3918533325195312,2.731966972351074,4.366665363311768
56.9,2.368555188179016,2.8528573513031006,4.225634813308716
56.92,2.345257043838501,2.973747730255127,4.084604263305664
56.94,2.321958899497986,3.0946381092071533,3.9435737133026123
56.96,2.2986607551574707,3.2155284881591797,3.8025431632995605
56.98,2.3243125677108765,3.1399832367897034,3.6833856105804443
57.0,2.3499643802642822,3.064437985420227,3.564228057861328
57.02,2.375616192817688,2.9888927340507507,3.445070505142212
57.04,2.4012680053710938,2.9133474826812744,3.3259129524230957
57.06,2.3559690713882446,2.887304186820984,3.645658016204834
57.08,2.3106701374053955,2.8612608909606934,3.9654030799865723
57.1,2.2653712034225464,2.835217595100403,4.2851481437683105
57.12,2.2200722694396973,2.8091742992401123,4.604893207550049
57.14,2.3409324288368225,2.835805296897888,4.773497819900513
57.16,2.4617925882339478,2.862436294555664,4.942102432250977
57.18,2.582652747631073,2.88906729221344,5.11070704460144
57.2,2.7035129070281982,2.915698289871216,5.279311656951904
57.22,2.576036512851715,2.8997796177864075,5.359906554222107
57.24,2.448560118675232,2.883860945701599,5.44050145149231
57.26,2.321083724498749,2.8679422736167908,5.521096348762512
57.28,2.1936073303222656,2.8520236015319824,5.601691246032715
57.3,2.165813446044922,2.881195902824402,5.22140634059906
57.32,2.138019561767578,2.9103682041168213,4.841121435165405
57.34,2.1102256774902344,2.9395405054092407,4.4608365297317505
57.36,2.0824317932128906,2.96871280670166,4.080551624298096
57.38,2.1287816166877747,2.933048665523529,4.218950867652893
57.4,2.1751314401626587,2.897384524345398,4.35735011100769
57.42,2.2214812636375427,2.861720383167267,4.495749354362488
57.44,2.2678310871124268,2.8260562419891357,4.634148597717285
57.46,2.2604798078536987,2.918615162372589,4.623796701431274
57.48,2.2531285285949707,3.0111740827560425,4.613444805145264
57.5,2.2457772493362427,3.103733003139496,4.603092908859253
57.52,2.2384259700775146,3.196291923522949,4.592741012573242
57.54,2.2103258967399597,3.1246021389961243,4.679826021194458
57.56,2.182225823402405,3.0529123544692993,4.766911029815674
57.58,2.15412575006485,2.9812225699424744,4.85399603843689
57.6,2.126025676727295,2.9095327854156494,4.9410810470581055
57.62,2.1350911259651184,2.974343717098236,5.044761061668396
57.64,2.144156575202942,3.0391546487808228,5.1484410762786865
57.66,2.1532220244407654,3.1039655804634094,5.252121090888977
57.68,2.162287473678589,3.168776512145996,5.355801105499268
57.7,2.1256821751594543,3.1122140288352966,4.873956978321075
57.72,2.08907687664032,3.055651545524597,4.392112851142883
57.74,2.0524715781211853,2.9990890622138977,3.910268723964691
57.76,2.015866279602051,2.9425265789031982,3.428424596786499
57.78,2.022808253765106,3.023251473903656,3.765210449695587
57.8,2.0297502279281616,3.1039763689041138,4.101996302604675
57.82,2.036692202091217,3.1847012639045715,4.438782155513763
57.84,2.0436341762542725,3.2654261589050293,4.775568008422852
57.86,2.0414218306541443,3.120267927646637,4.351650357246399
57.88,2.039209485054016,2.9751096963882446,3.9277327060699463
57.9,2.036997139453888,2.8299514651298523,3.5038150548934937
57.92,2.0347847938537598,2.68479323387146,3.079897403717041
57.94,2.107304573059082,2.7191556692123413,3.1427668929100037
57.96,2.1798243522644043,2.7535181045532227,3.2056363821029663
57.98,2.2523441314697266,2.787880539894104,3.268505871295929
58.0,2.324863910675049,2.8222429752349854,3.3313753604888916
58.02,2.343445658683777,2.8352052569389343,3.316762328147888
58.04,2.362027406692505,2.8481675386428833,3.3021492958068848
58.06,2.380609154701233,2.8611298203468323,3.2875362634658813
58.08,2.399190902709961,2.8740921020507812,3.272923231124878
58.1,2.3886460065841675,2.8299338817596436,3.4181657433509827
58.12,2.378101110458374,2.785775661468506,3.5634082555770874
58.14,2.3675562143325806,2.741617441177368,3.708650767803192
58.16,2.357011318206787,2.6974592208862305,3.853893280029297
58.18,2.3430503606796265,2.738462805747986,3.5689547657966614
58.2,2.329089403152466,2.779466390609741,3.284016251564026
58.22,2.315128445625305,2.8204699754714966,2.9990777373313904
58.24,2.3011674880981445,2.861473560333252,2.714139223098755
58.26,2.3305493593215942,2.8600844740867615,2.6039838790893555
58.28,2.359931230545044,2.858695387840271,2.493828535079956
58.3,2.3893131017684937,2.8573063015937805,2.3836731910705566
58.32,2.4186949729919434,2.85591721534729,2.2735178470611572
58.34,2.3265727758407593,2.8372762203216553,2.2898842096328735
58.36,2.234450578689575,2.8186352252960205,2.30625057220459
58.38,2.142328381538391,2.7999942302703857,2.322616934776306
58.4,2.050206184387207,2.781353235244751,2.3389832973480225
58.42,2.0812748074531555,2.7518046498298645,2.415986716747284
58.44,2.112343430519104,2.722256064414978,2.4929901361465454
58.46,2.1434120535850525,2.6927074790000916,2.569993555545807
58.48,2.174480676651001,2.663158893585205,2.6469969749450684
58.5,2.2205105423927307,2.775768280029297,2.656029164791107
58.52,2.2665404081344604,2.8883776664733887,2.665061354637146
58.54,2.31257027387619,3.0009870529174805,2.674093544483185
58.56,2.35860013961792,3.1135964393615723,2.6831257343292236
58.58,2.3234997391700745,3.1618645787239075,2.653578519821167
58.6,2.288399338722229,3.2101327180862427,2.6240313053131104
58.62,2.2532989382743835,3.258400857448578,2.5944840908050537
58.64,2.218198537826538,3.306668996810913,2.564936876296997
58.66,2.194011867046356,3.114671468734741,2.595838487148285
58.68,2.1698251962661743,2.9226739406585693,2.6267400979995728
58.7,2.1456385254859924,2.7306764125823975,2.6576417088508606
58.72,2.1214518547058105,2.5386788845062256,2.6885433197021484
58.74,2.16587233543396,2.524229884147644,2.715852737426758
58.76,2.2102928161621094,2.5097808837890625,2.743162155151367
58.78,2.254713296890259,2.495331883430481,2.7704715728759766
58.8,2.299133777618408,2.4808828830718994,2.797780990600586
58.82,2.3268730640411377,2.6024970412254333,2.7669519186019897
58.84,2.354612350463867,2.7241111993789673,2.7361228466033936
58.86,2.3823516368865967,2.845725357532501,2.7052937746047974
58.88,2.410090923309326,2.967339515686035,2.674464702606201
58.9,2.4385430216789246,2.8540990948677063,2.533015012741089
58.92,2.466995120048523,2.7408586740493774,2.3915653228759766
58.94,2.4954472184181213,2.6276182532310486,2.2501156330108643
58.96,2.5238993167877197,2.5143778324127197,2.108665943145752
58.98,2.586777985095978,2.607110559940338,2.1299211382865906
59.0,2.649656653404236,2.6998432874679565,2.151176333427429
59.02,2.712535321712494,2.792576014995575,2.172431528568268
59.04,2.775413990020752,2.8853087425231934,2.1936867237091064
59.06,2.698844790458679,2.909189820289612,2.2951201796531677
59.08,2.6222755908966064,2.9330708980560303,2.396553635597229
59.1,2.5457063913345337,2.9569519758224487,2.4979870915412903
59.12,2.469137191772461,2.980833053588867,2.5994205474853516
59.14,2.4984426498413086,2.939734399318695,2.768531382083893
59.16,2.5277481079101562,2.898635745048523,2.937642216682434
59.18,2.557053565979004,2.857537090778351,3.1067530512809753
59.2,2.5863590240478516,2.8164384365081787,3.2758638858795166
59.22,2.566485643386841,2.792877435684204,3.066779136657715
59.24,2.54661226272583,2.7693164348602295,2.857694387435913
59.26,2.5267388820648193,2.745755434036255,2.6486096382141113
59.28,2.5068655014038086,2.7221944332122803,2.4395248889923096
59.3,2.5069212317466736,2.7857266664505005,2.460182249546051
59.32,2.5069769620895386,2.8492588996887207,2.4808396100997925
59.34,2.5070326924324036,2.912791132926941,2.501496970653534
59.36,2.5070884227752686,2.976323366165161,2.5221543312072754
59.38,2.37263423204422,2.899926006793976,2.5690701603889465
59.4,2.2381800413131714,2.8235286474227905,2.6159859895706177
59.42,2.103725850582123,2.7471312880516052,2.662901818752289
59.44,1.9692716598510742,2.67073392868042,2.70981764793396
59.46,2.1014649271965027,2.7391189336776733,2.6293195486068726
59.48,2.233658194541931,2.8075039386749268,2.548821449279785
59.5,2.3658514618873596,2.87588894367218,2.4683233499526978
59.52,2.498044729232788,2.9442739486694336,2.3878252506256104
59.54,2.373179018497467,2.746031403541565,2.4938217401504517
59.56,2.248313307762146,2.5477888584136963,2.599818229675293
59.58,2.123447597026825,2.3495463132858276,2.7058147192001343
59.6,1.998581886291504,2.151303768157959,2.8118112087249756
59.62,2.101503074169159,2.4164410829544067,2.7274667620658875
59.64,2.204424262046814,2.6815783977508545,2.6431223154067993
59.66,2.307345449924469,2.9467157125473022,2.558777868747711
59.68,2.410266637802124,3.21185302734375,2.474433422088623
59.7,2.43732887506485,3.077908992767334,2.507679283618927
59.72,2.4643911123275757,2.943964958190918,2.540925145149231
59.74,2.4914533495903015,2.810020923614502,2.574171006679535
59.76,2.5185155868530273,2.676076889038086,2.607416868209839
59.78,2.5596126914024353,2.6790851354599,2.645400881767273
59.8,2.6007097959518433,2.682093381881714,2.683384895324707
59.82,2.641806900501251,2.685101628303528,2.721368908882141
59.84,2.682904005050659,2.688109874725342,2.759352922439575
59.86,2.6791247129440308,2.7299036979675293,2.7097532153129578
59.88,2.6753454208374023,2.771697521209717,2.6601535081863403
59.9,2.671566128730774,2.8134913444519043,2.610553801059723
59.92,2.6677868366241455,2.855285167694092,2.5609540939331055
59.94,2.532262861728668,2.9276687502861023,2.5772330164909363
59.96,2.396738886833191,3.000052332878113,2.593511939048767
59.98,2.2612149119377136,3.0724359154701233,2.609790861606598
60.0,2.1256909370422363,3.144819498062134,2.6260697841644287
60.02,2.0926634669303894,3.0006836652755737,2.623936116695404
60.04,2.0596359968185425,2.8565478324890137,2.6218024492263794
60.06,2.0266085267066956,2.7124119997024536,2.6196687817573547
60.08,1.9935810565948486,2.5682761669158936,2.61753511428833
60.1,2.002047538757324,2.620200753211975,2.5644975900650024
60.12,2.0105140209198,2.6721253395080566,2.511460065841675
60.14,2.0189805030822754,2.724049925804138,2.458422541618347
60.16,2.027446985244751,2.7759745121002197,2.4053850173950195
60.18,2.102047026157379,2.8068594932556152,2.4283096194267273
60.2,2.1766470670700073,2.8377444744110107,2.451234221458435
60.22,2.2512471079826355,2.8686294555664062,2.474158823490143
60.24,2.3258471488952637,2.8995144367218018,2.4970834255218506
60.26,2.2511707544326782,2.8994622826576233,2.5164783000946045
60.28,2.1764943599700928,2.899410128593445,2.5358731746673584
60.3,2.1018179655075073,2.8993579745292664,2.5552680492401123
60.32,2.027141571044922,2.899305820465088,2.574662923812866
60.34,2.063459634780884,2.894912004470825,2.620802938938141
60.36,2.0997776985168457,2.8905181884765625,2.6669429540634155
60.38,2.1360957622528076,2.8861243724823,2.71308296918869
60.4,2.1724138259887695,2.881730556488037,2.759222984313965
60.42,2.193904161453247,2.8977490663528442,2.646812677383423
60.44,2.2153944969177246,2.9137675762176514,2.534402370452881
60.46,2.236884832382202,2.9297860860824585,2.421992063522339
60.48,2.2583751678466797,2.9458045959472656,2.309581756591797
60.5,2.3455867767333984,2.960845708847046,2.8471786975860596
60.52,2.432798385620117,2.975886821746826,3.3847756385803223
60.54,2.520009994506836,2.9909279346466064,3.922372579574585
60.56,2.6072216033935547,3.0059690475463867,4.459969520568848
60.58,2.515927493572235,2.989892065525055,4.26896470785141
60.6,2.4246333837509155,2.973815083503723,4.077959895133972
60.62,2.333339273929596,2.9577381014823914,3.8869550824165344
60.64,2.2420451641082764,2.9416611194610596,3.6959502696990967
60.66,2.272007644176483,2.9994903802871704,3.663812756538391
60.68,2.30197012424469,3.0573196411132812,3.6316752433776855
60.7,2.3319326043128967,3.115148901939392,3.59953773021698
60.72,2.3618950843811035,3.172978162765503,3.5674002170562744
60.74,2.3572906255722046,3.0165430307388306,3.527405560016632
60.76,2.3526861667633057,2.860107898712158,3.4874109029769897
60.78,2.3480817079544067,2.703672766685486,3.4474162459373474
60.8,2.343477249145508,2.5472376346588135,3.407421588897705
60.82,2.258821129798889,2.633257031440735,3.8138915300369263
60.84,2.1741650104522705,2.7192764282226562,4.2203614711761475
60.86,2.089508891105652,2.8052958250045776,4.626831412315369
60.88,2.004852771759033,2.891315221786499,5.03330135345459
60.9,2.095357120037079,2.928370475769043,4.889986753463745
60.92,2.1858614683151245,2.965425729751587,4.7466721534729
60.94,2.27636581659317,3.002480983734131,4.603357553482056
60.96,2.366870164871216,3.039536237716675,4.460042953491211
60.98,2.3999508023262024,2.9831806421279907,4.050713539123535
61.0,2.433031439781189,2.9268250465393066,3.6413841247558594
61.02,2.4661120772361755,2.8704694509506226,3.2320547103881836
61.04,2.499192714691162,2.8141138553619385,2.822725296020508
61.06,2.4496965408325195,2.799160957336426,2.828689754009247
61.08,2.400200366973877,2.784208059310913,2.834654211997986
61.1,2.3507041931152344,2.7692551612854004,2.840618669986725
61.12,2.301208019256592,2.7543022632598877,2.846583127975464
61.14,2.3492757081985474,2.7795258164405823,2.8117241859436035
61.16,2.397343397140503,2.804749369621277,2.776865243911743
61.18,2.4454110860824585,2.8299729228019714,2.742006301879883
61.2,2.493478775024414,2.855196475982666,2.7071473598480225
61.22,2.513348698616028,2.792996048927307,2.7398957014083862
61.24,2.5332186222076416,2.7307956218719482,2.77264404296875
61.26,2.5530885457992554,2.6685951948165894,2.8053923845291138
61.28,2.572958469390869,2.6063947677612305,2.8381407260894775
61.3,2.5252904891967773,2.5949673652648926,2.760934293270111
61.32,2.4776225090026855,2.5835399627685547,2.6837278604507446
61.34,2.4299545288085938,2.572112560272217,2.606521427631378
61.36,2.382286548614502,2.560685157775879,2.5293149948120117
61.38,2.423621892929077,2.5888642072677612,2.525702476501465
61.4,2.4649572372436523,2.6170432567596436,2.522089958190918
61.42,2.5062925815582275,2.645222306251526,2.518477439880371
61.44,2.5476279258728027,2.673401355743408,2.514864921569824
61.46,2.4841866493225098,2.6569836139678955,2.546626627445221
61.48,2.420745372772217,2.640565872192383,2.5783883333206177
61.5,2.357304096221924,2.62414813041687,2.6101500391960144
61.52,2.293862819671631,2.6077303886413574,2.641911745071411
61.54,2.308845043182373,2.6466660499572754,2.65451717376709
61.56,2.3238272666931152,2.6856017112731934,2.6671226024627686
61.58,2.3388094902038574,2.7245373725891113,2.6797280311584473
61.6,2.3537917137145996,2.7634730339050293,2.692333459854126
61.62,2.3215020298957825,2.6890734434127808,2.6124621629714966
61.64,2.2892123460769653,2.6146738529205322,2.532590866088867
61.66,2.256922662258148,2.5402742624282837,2.452719569206238
61.68,2.224632978439331,2.465874671936035,2.3728482723236084
61.7,2.3856619596481323,2.573843836784363,2.9067047238349915
61.72,2.5466909408569336,2.6818130016326904,3.4405611753463745
61.74,2.707719922065735,2.789782166481018,3.9744176268577576
61.76,2.868748903274536,2.8977513313293457,4.508274078369141
61.78,2.8101768493652344,2.8044427037239075,4.116820514202118
61.8,2.7516047954559326,2.7111340761184692,3.725366950035095
61.82,2.693032741546631,2.617825448513031,3.3339133858680725
61.84,2.634460687637329,2.5245168209075928,2.94245982170105
61.86,2.6215845942497253,2.593309462070465,2.8623257279396057
61.88,2.6087085008621216,2.6621021032333374,2.7821916341781616
61.9,2.595832407474518,2.7308947443962097,2.7020575404167175
61.92,2.582956314086914,2.799687385559082,2.6219234466552734
61.94,2.5322747230529785,2.8187559843063354,2.4801201224327087
61.96,2.481593132019043,2.837824583053589,2.338316798210144
61.98,2.4309115409851074,2.8568931818008423,2.1965134739875793
62.0,2.380229949951172,2.8759617805480957,2.0547101497650146
62.02,2.3335145711898804,2.807929039001465,2.1609367728233337
62.04,2.286799192428589,2.739896297454834,2.267163395881653
62.06,2.2400838136672974,2.671863555908203,2.373390018939972
62.08,2.193368434906006,2.6038308143615723,2.479616641998291
62.1,2.1881386041641235,2.6291056275367737,2.7834341526031494
62.12,2.182908773422241,2.654380440711975,3.087251663208008
62.14,2.177678942680359,2.6796552538871765,3.391069173812866
62.16,2.1724491119384766,2.704930067062378,3.6948866844177246
62.18,2.204578936100006,2.6624066829681396,3.5961731672286987
62.2,2.2367087602615356,2.6198832988739014,3.497459650039673
62.22,2.268838584423065,2.577359914779663,3.398746132850647
62.24,2.3009684085845947,2.534836530685425,3.300032615661621
62.26,2.301842510700226,2.6944733262062073,3.3503761291503906
62.28,2.302716612815857,2.8541101217269897,3.40071964263916
62.3,2.303590714931488,3.013746917247772,3.4510631561279297
62.32,2.304464817047119,3.1733837127685547,3.501406669616699
62.34,2.371189534664154,3.158475160598755,3.901764392852783
62.36,2.437914252281189,3.143566608428955,4.302122116088867
62.38,2.504638969898224,3.1286580562591553,4.702479839324951
62.4,2.571363687515259,3.1137495040893555,5.102837562561035
62.42,2.5331352949142456,3.1410106420516968,4.746029496192932
62.44,2.4949069023132324,3.168271780014038,4.389221429824829
62.46,2.4566785097122192,3.1955329179763794,4.032413363456726
62.48,2.418450117111206,3.2227940559387207,3.675605297088623
62.5,2.3629687428474426,3.117749571800232,3.6773523092269897
62.52,2.307487368583679,3.012705087661743,3.6790993213653564
62.54,2.2520059943199158,2.9076606035232544,3.680846333503723
62.56,2.1965246200561523,2.8026161193847656,3.68259334564209
62.58,2.224688768386841,2.7474706172943115,3.5643444061279297
62.6,2.2528529167175293,2.6923251152038574,3.4460954666137695
62.62,2.2810170650482178,2.6371796131134033,3.3278465270996094
62.64,2.3091812133789062,2.582034111022949,3.209597587585449
62.66,2.2702373266220093,2.631615400314331,3.0991240739822388
62.68,2.2312934398651123,2.681196689605713,2.9886505603790283
62.7,2.1923495531082153,2.7307779788970947,2.878177046775818
62.72,2.1534056663513184,2.7803592681884766,2.7677035331726074
62.74,2.2204436659812927,2.8589711785316467,2.896021068096161
62.76,2.287481665611267,2.937583088874817,3.0243386030197144
62.78,2.3545196652412415,3.016194999217987,3.152656137943268
62.8,2.421557664871216,3.0948069095611572,3.2809736728668213
62.82,2.3852360248565674,2.9789523482322693,3.398886978626251
62.84,2.348914384841919,2.8630977869033813,3.516800284385681
62.86,2.3125927448272705,2.7472432255744934,3.634713590145111
62.88,2.276271104812622,2.6313886642456055,3.752626895904541
62.9,2.3785056471824646,2.7139371633529663,3.562837243080139
62.92,2.480740189552307,2.796485662460327,3.3730475902557373
62.94,2.5829747319221497,2.879034161567688,3.1832579374313354
62.96,2.685209274291992,2.961582660675049,2.9934682846069336
62.98,2.6112667322158813,3.1437962651252747,2.908924102783203
63.0,2.5373241901397705,3.3260098695755005,2.8243799209594727
63.02,2.4633816480636597,3.5082234740257263,2.739835739135742
63.04,2.389439105987549,3.690437078475952,2.6552915573120117
63.06,2.3156410455703735,3.504036009311676,2.7412843704223633
63.08,2.2418429851531982,3.3176349401474,2.827277183532715
63.1,2.168044924736023,3.131233870983124,2.9132699966430664
63.12,2.0942468643188477,2.9448328018188477,2.999262809753418
63.14,2.1590463519096375,2.860119581222534,2.964933216571808
63.16,2.2238458395004272,2.7754063606262207,2.9306036233901978
63.18,2.288645327091217,2.6906931400299072,2.8962740302085876
63.2,2.353444814682007,2.6059799194335938,2.8619444370269775
63.22,2.328373372554779,2.6819007396698,2.7594584822654724
63.24,2.3033019304275513,2.757821559906006,2.6569725275039673
63.26,2.2782304883003235,2.833742380142212,2.554486572742462
63.28,2.2531590461730957,2.909663200378418,2.452000617980957
63.3,2.2906474471092224,2.913160979747772,2.5173656940460205
63.32,2.328135848045349,2.9166587591171265,2.582730770111084
63.34,2.365624248981476,2.9201565384864807,2.6480958461761475
63.36,2.4031126499176025,2.923654317855835,2.713460922241211
63.38,2.3181301951408386,2.9711862802505493,2.6917588114738464
63.4,2.2331477403640747,3.0187182426452637,2.670056700706482
63.42,2.148165285587311,3.066250205039978,2.6483545899391174
63.44,2.063182830810547,3.1137821674346924,2.626652479171753
63.46,2.196325421333313,3.1545217633247375,2.6648358702659607
63.48,2.329468011856079,3.1952613592147827,2.7030192613601685
63.5,2.462610602378845,3.236000955104828,2.741202652454376
63.52,2.5957531929016113,3.276740550994873,2.779386043548584
63.54,2.647368311882019,3.171040952205658,2.6771870851516724
63.56,2.6989834308624268,3.065341353416443,2.5749881267547607
63.58,2.7505985498428345,2.959641754627228,2.472789168357849
63.6,2.802213668823242,2.8539421558380127,2.3705902099609375
63.62,2.6556511521339417,2.8540682196617126,2.7326043248176575
63.64,2.509088635444641,2.8541942834854126,3.0946184396743774
63.66,2.3625261187553406,2.8543203473091125,3.4566325545310974
63.68,2.21596360206604,2.8544464111328125,3.8186466693878174
63.7,2.2361249327659607,2.885593056678772,3.981146514415741
63.72,2.2562862634658813,2.9167397022247314,4.1436463594436646
63.74,2.276447594165802,2.947886347770691,4.306146204471588
63.76,2.2966089248657227,2.9790329933166504,4.468646049499512
63.78,2.2889405488967896,2.931831181049347,4.145614743232727
63.8,2.2812721729278564,2.8846293687820435,3.8225834369659424
63.82,2.2736037969589233,2.83742755651474,3.4995521306991577
63.84,2.2659354209899902,2.7902257442474365,3.176520824432373
63.86,2.290384888648987,2.7202723622322083,3.172853171825409
63.88,2.3148343563079834,2.65031898021698,3.169185519218445
63.9,2.33928382396698,2.5803655982017517,3.1655178666114807
63.92,2.3637332916259766,2.5104122161865234,3.1618502140045166
63.94,2.492610454559326,2.587391197681427,3.0798493027687073
63.96,2.621487617492676,2.6643701791763306,2.997848391532898
63.98,2.7503647804260254,2.741349160671234,2.9158474802970886
64.0,2.879241943359375,2.8183281421661377,2.8338465690612793
64.02,2.8386387825012207,2.818544328212738,2.8291614055633545
64.04,2.7980356216430664,2.8187605142593384,2.8244762420654297
64.06,2.757432460784912,2.8189767003059387,2.819791078567505
64.08,2.716829299926758,2.819192886352539,2.81510591506958
64.1,2.5748804211616516,2.7617945671081543,2.9742743968963623
64.12,2.4329315423965454,2.7043962478637695,3.1334428787231445
64.14,2.290982663631439,2.6469979286193848,3.2926113605499268
64.16,2.149033784866333,2.589599609375,3.451779842376709
64.18,2.1941561698913574,2.603071451187134,3.359592020511627
64.2,2.239278554916382,2.6165432929992676,3.2674041986465454
64.22,2.2844009399414062,2.6300151348114014,3.1752163767814636
64.24,2.3295233249664307,2.643486976623535,3.083028554916382
64.26,2.2912606596946716,2.7067692279815674,3.2221009135246277
64.28,2.2529979944229126,2.7700514793395996,3.3611732721328735
64.3,2.2147353291511536,2.833333730697632,3.5002456307411194
64.32,2.1764726638793945,2.896615982055664,3.6393179893493652
64.34,2.176313579082489,3.1778640747070312,3.3468446135520935
64.36,2.1761544942855835,3.4591121673583984,3.0543712377548218
64.38,2.175995409488678,3.7403602600097656,2.76189786195755
64.4,2.1758363246917725,4.021608352661133,2.4694244861602783
64.42,2.5559545159339905,3.66607129573822,2.543804168701172
64.44,2.9360727071762085,3.3105342388153076,2.6181838512420654
64.46,3.3161908984184265,2.954997181892395,2.692563533782959
64.48,3.6963090896606445,2.5994601249694824,2.7669432163238525
64.5,3.3334017395973206,2.5665231347084045,2.660424292087555
64.52,2.9704943895339966,2.5335861444473267,2.5539053678512573
64.54,2.6075870394706726,2.500649154186249,2.4473864436149597
64.56,2.2446796894073486,2.467712163925171,2.340867519378662
64.58,2.4676734805107117,2.5138649344444275,2.540518641471863
64.6,2.6906672716140747,2.560017704963684,2.7401697635650635
64.62,2.9136610627174377,2.6061704754829407,2.939820885658264
64.64,3.136654853820801,2.6523232460021973,3.139472007751465
64.66,3.090122103691101,2.6610291600227356,2.955368995666504
64.68,3.0435893535614014,2.669735074043274,2.771265983581543
64.7,2.9970566034317017,2.6784409880638123,2.587162971496582
64.72,2.950523853302002,2.6871469020843506,2.403059959411621
64.74,2.7222915291786194,2.739560127258301,2.4256770610809326
64.76,2.494059205055237,2.791973352432251,2.448294162750244
64.78,2.2658268809318542,2.844386577606201,2.4709112644195557
64.8,2.0375945568084717,2.8967998027801514,2.493528366088867
64.82,2.136547267436981,2.85588139295578,2.712984263896942
64.84,2.2354999780654907,2.8149629831314087,2.932440161705017
64.86,2.3344526886940002,2.7740445733070374,3.151896059513092
64.88,2.4334053993225098,2.733126163482666,3.371351957321167
64.9,2.3985565304756165,2.693559944629669,3.0912588238716125
64.92,2.363707661628723,2.6539937257766724,2.811165690422058
64.94,2.32885879278183,2.6144275069236755,2.5310725569725037
64.96,2.2940099239349365,2.5748612880706787,2.250979423522949
64.98,2.38563996553421,2.6481671929359436,2.3754786252975464
65.0,2.477270007133484,2.7214730978012085,2.4999778270721436
65.02,2.5689000487327576,2.7947790026664734,2.6244770288467407
65.04,2.6605300903320312,2.8680849075317383,2.748976230621338
65.06,2.63565331697464,2.943718194961548,2.7158499360084534
65.08,2.6107765436172485,3.0193514823913574,2.682723641395569
65.1,2.585899770259857,3.094984769821167,2.6495973467826843
65.12,2.561022996902466,3.1706180572509766,2.6164710521698
65.14,2.5629350543022156,3.0356593132019043,2.689861297607422
65.16,2.5648471117019653,2.900700569152832,2.763251543045044
65.18,2.566759169101715,2.7657418251037598,2.836641788482666
65.2,2.568671226501465,2.6307830810546875,2.910032033920288
65.22,2.537001609802246,2.6958886981010437,3.1210986375808716
65.24,2.5053319931030273,2.7609943151474,3.332165241241455
65.26,2.4736623764038086,2.826099932193756,3.5432318449020386
65.28,2.44199275970459,2.8912055492401123,3.754298448562622
65.3,2.417649984359741,2.852942705154419,3.8676159977912903
65.32,2.3933072090148926,2.8146798610687256,3.9809335470199585
65.34,2.368964433670044,2.7764170169830322,4.094251096248627
65.36,2.3446216583251953,2.738154172897339,4.207568645477295
65.38,2.7368874549865723,2.722258985042572,3.793771266937256
65.4,3.129153251647949,2.706363797187805,3.379973888397217
65.42,3.521419048309326,2.6904686093330383,2.9661765098571777
65.44,3.913684844970703,2.6745734214782715,2.5523791313171387
65.46,3.5529783964157104,2.6403591632843018,2.529758632183075
65.48,3.1922719478607178,2.606144905090332,2.5071381330490112
65.5,2.831565499305725,2.5719306468963623,2.4845176339149475
65.52,2.4708590507507324,2.5377163887023926,2.461897134780884
65.54,2.6475788950920105,2.598880171775818,2.5340062379837036
65.56,2.8242987394332886,2.660043954849243,2.6061153411865234
65.58,3.0010185837745667,2.7212077379226685,2.6782244443893433
65.6,3.1777384281158447,2.7823715209960938,2.750333547592163
65.62,2.9331895112991333,2.744703531265259,3.1334421038627625
65.64,2.688640594482422,2.707035541534424,3.516550660133362
65.66,2.4440916776657104,2.669367551803589,3.899659216403961
65.68,2.199542760848999,2.631699562072754,4.2827677726745605
65.7,2.1603594422340393,2.637682795524597,4.2596317529678345
65.72,2.1211761236190796,2.6436660289764404,4.236495733261108
65.74,2.08199280500412,2.6496492624282837,4.213359713554382
65.76,2.04280948638916,2.655632495880127,4.190223693847656
65.78,2.1229162216186523,2.7272863388061523,4.291183948516846
65.8,2.2030229568481445,2.7989401817321777,4.392144203186035
65.82,2.2831296920776367,2.870594024658203,4.493104457855225
65.84,2.363236427307129,2.9422478675842285,4.594064712524414
65.86,2.4001810550689697,2.961198151111603,4.2508580684661865
65.88,2.4371256828308105,2.980148434638977,3.907651424407959
65.9,2.4740703105926514,2.9990987181663513,3.5644447803497314
65.92,2.511014938354492,3.0180490016937256,3.221238136291504
65.94,2.414995849132538,2.9787650108337402,3.4763392210006714
65.96,2.3189767599105835,2.939481019973755,3.731440305709839
65.98,2.222957670688629,2.9001970291137695,3.9865413904190063
66.0,2.126938581466675,2.860913038253784,4.241642475128174
66.02,2.1146556735038757,2.848443925380707,3.967889189720154
66.04,2.1023727655410767,2.8359748125076294,3.694135904312134
66.06,2.0900898575782776,2.823505699634552,3.4203826189041138
66.08,2.0778069496154785,2.8110365867614746,3.1466293334960938
66.1,2.2639639377593994,2.8075650930404663,3.1422967314720154
66.12,2.4501209259033203,2.804093599319458,3.137964129447937
66.14,2.636277914047241,2.8006221055984497,3.1336315274238586
66.16,2.822434902191162,2.7971506118774414,3.1292989253997803
66.18,2.7984085083007812,2.7363303303718567,3.186725080013275
66.2,2.7743821144104004,2.675510048866272,3.24415123462677
66.22,2.7503557205200195,2.6146897673606873,3.301577389240265
66.24,2.7263293266296387,2.5538694858551025,3.3590035438537598
66.26,2.7852903604507446,2.5863215923309326,3.270680010318756
66.28,2.8442513942718506,2.6187736988067627,3.1823564767837524
66.3,2.9032124280929565,2.6512258052825928,3.094032943248749
66.32,2.9621734619140625,2.683677911758423,3.005709409713745
66.34,2.8094394207000732,2.7374784350395203,3.1799224615097046
66.36,2.656705379486084,2.7912789583206177,3.354135513305664
66.38,2.5039713382720947,2.845079481601715,3.5283485651016235
66.4,2.3512372970581055,2.8988800048828125,3.702561616897583
66.42,2.3656908869743347,2.92096483707428,3.986869513988495
66.44,2.380144476890564,2.943049669265747,4.271177411079407
66.46,2.394598066806793,2.9651345014572144,4.555485308170319
66.48,2.4090516567230225,2.9872193336486816,4.8397932052612305
66.5,2.3018888235092163,2.9231290221214294,4.746537089347839
66.52,2.19472599029541,2.8590387105941772,4.653280973434448
66.54,2.087563157081604,2.794948399066925,4.560024857521057
66.56,1.9804003238677979,2.730858087539673,4.466768741607666
66.58,2.0867798924446106,2.9007493257522583,4.830446720123291
66.6,2.1931594610214233,3.0706405639648438,5.194124698638916
66.62,2.299539029598236,3.240531802177429,5.557802677154541
66.64,2.405918598175049,3.4104230403900146,5.921480655670166
66.66,2.4148841500282288,3.3608731627464294,5.625174522399902
66.68,2.4238497018814087,3.3113232851028442,5.328868389129639
66.7,2.4328152537345886,3.261773407459259,5.032562255859375
66.72,2.4417808055877686,3.212223529815674,4.736256122589111
66.74,2.4928351044654846,3.1168473958969116,4.835779786109924
66.76,2.5438894033432007,3.0214712619781494,4.935303449630737
66.78,2.5949437022209167,2.926095128059387,5.03482711315155
66.8,2.645998001098633,2.830718994140625,5.134350776672363
66.82,2.6014094948768616,2.869721233844757,4.92615270614624
66.84,2.5568209886550903,2.908723473548889,4.717954635620117
66.86,2.512232482433319,2.9477257132530212,4.509756565093994
66.88,2.467643976211548,2.9867279529571533,4.301558494567871
66.9,2.439849019050598,2.9478200674057007,4.6348196268081665
66.92,2.4120540618896484,2.908912181854248,4.968080759048462
66.94,2.3842591047286987,2.8700042963027954,5.301341891288757
66.96,2.356464147567749,2.8310964107513428,5.634603023529053
66.98,2.3552218675613403,3.173440992832184,5.767549991607666
67.0,2.3539795875549316,3.515785574913025,5.900496959686279
67.02,2.352737307548523,3.858130156993866,6.033443927764893
67.04,2.3514950275421143,4.200474739074707,6.166390895843506
67.06,2.345782697200775,4.036272346973419,5.8903656005859375
67.08,2.340070366859436,3.8720699548721313,5.614340305328369
67.1,2.334358036518097,3.7078675627708435,5.338315010070801
67.12,2.328645706176758,3.5436651706695557,5.062289714813232
67.14,2.393242120742798,3.386142134666443,5.202265620231628
67.16,2.457838535308838,3.22861909866333,5.342241525650024
67.18,2.522434949874878,3.0710960626602173,5.48221743106842
67.2,2.587031364440918,2.9135730266571045,5.622193336486816
67.22,2.6090325713157654,2.9023491740226746,5.481161713600159
67.24,2.631033778190613,2.8911253213882446,5.340130090713501
67.26,2.65303498506546,2.8799014687538147,5.199098467826843
67.28,2.6750361919403076,2.8686776161193848,5.0580668449401855
67.3,2.6070862412452698,2.8031378984451294,5.118231892585754
67.32,2.539136290550232,2.737598180770874,5.178396940231323
67.34,2.471186339855194,2.6720584630966187,5.238561987876892
67.36,2.4032363891601562,2.6065187454223633,5.298727035522461
67.38,2.4293019771575928,2.5892648100852966,4.9998650550842285
67.4,2.4553675651550293,2.57201087474823,4.701003074645996
67.42,2.481433153152466,2.5547569394111633,4.402141094207764
67.44,2.5074987411499023,2.5375030040740967,4.103279113769531
67.46,2.492375671863556,2.5804768800735474,4.15644633769989
67.48,2.4772526025772095,2.623450756072998,4.209613561630249
67.5,2.462129533290863,2.6664246320724487,4.262780785560608
67.52,2.4470064640045166,2.7093985080718994,4.315948009490967
67.54,2.4076030254364014,2.9480043053627014,4.2247419357299805
67.56,2.368199586868286,3.1866101026535034,4.133535861968994
67.58,2.328796148300171,3.4252158999443054,4.042329788208008
67.6,2.2893927097320557,3.6638216972351074,3.9511237144470215
67.62,2.3173733353614807,3.516741394996643,3.694941282272339
67.64,2.3453539609909058,3.3696610927581787,3.4387588500976562
67.66,2.373334586620331,3.2225807905197144,3.1825764179229736
67.68,2.401315212249756,3.07550048828125,2.926393985748291
67.7,2.4052069187164307,3.0916476249694824,3.1990933418273926
67.72,2.4090986251831055,3.107794761657715,3.471792697906494
67.74,2.4129903316497803,3.1239418983459473,3.7444920539855957
67.76,2.416882038116455,3.1400890350341797,4.017191410064697
67.78,2.4424397349357605,2.992435872554779,4.6574331521987915
67.8,2.467997431755066,2.8447827100753784,5.297674894332886
67.82,2.4935551285743713,2.697129547595978,5.93791663646698
67.84,2.5191128253936768,2.549476385116577,6.578158378601074
67.86,2.5297473073005676,2.653359293937683,5.771141588687897
67.88,2.5403817892074585,2.757242202758789,4.964124798774719
67.9,2.5510162711143494,2.861125111579895,4.157108008861542
67.92,2.5616507530212402,2.965008020401001,3.3500912189483643
67.94,2.494445562362671,2.939699351787567,3.3890865445137024
67.96,2.4272403717041016,2.9143906831741333,3.4280818700790405
67.98,2.3600351810455322,2.8890820145606995,3.4670771956443787
68.0,2.292829990386963,2.8637733459472656,3.506072521209717
68.02,2.2846023440361023,2.9877123832702637,3.7429219484329224
68.04,2.2763746976852417,3.1116514205932617,3.979771375656128
68.06,2.268147051334381,3.2355904579162598,4.2166208028793335
68.08,2.2599194049835205,3.359529495239258,4.453470230102539
68.1,2.2751768231391907,3.4676766395568848,4.536082029342651
68.12,2.290434241294861,3.5758237838745117,4.618693828582764
68.14,2.305691659450531,3.6839709281921387,4.701305627822876
68.16,2.320949077606201,3.7921180725097656,4.783917427062988
68.18,2.377455174922943,3.57760089635849,4.4171754121780396
68.2,2.433961272239685,3.3630837202072144,4.050433397293091
68.22,2.490467369556427,3.1485665440559387,3.683691382408142
68.24,2.546973466873169,2.934049367904663,3.3169493675231934
68.26,2.485442876815796,2.912799894809723,3.7678760290145874
68.28,2.423912286758423,2.8915504217147827,4.2188026905059814
68.3,2.36238169670105,2.8703009486198425,4.6697293519973755
68.32,2.3008511066436768,2.8490514755249023,5.1206560134887695
68.34,2.298429787158966,2.8074321150779724,4.579034626483917
68.36,2.2960084676742554,2.7658127546310425,4.037413239479065
68.38,2.2935871481895447,2.7241933941841125,3.4957918524742126
68.4,2.291165828704834,2.6825740337371826,2.9541704654693604
68.42,2.2583837509155273,2.8080877661705017,3.091952681541443
68.44,2.2256016731262207,2.933601498603821,3.2297348976135254
68.46,2.192819595336914,3.05911523103714,3.367517113685608
68.48,2.1600375175476074,3.184628963470459,3.5052993297576904
68.5,2.201023042201996,3.017455756664276,3.5182637572288513
68.52,2.2420085668563843,2.8502825498580933,3.531228184700012
68.54,2.2829940915107727,2.6831093430519104,3.544192612171173
68.56,2.323979616165161,2.5159361362457275,3.557157039642334
68.58,2.3305028080940247,2.7749515175819397,4.123207092285156
68.6,2.337026000022888,3.033966898918152,4.6892571449279785
68.62,2.3435491919517517,3.292982280254364,5.255307197570801
68.64,2.3500723838806152,3.551997661590576,5.821357250213623
68.66,2.374126136302948,3.583055317401886,5.7343480587005615
68.68,2.3981798887252808,3.614112973213196,5.6473388671875
68.7,2.4222336411476135,3.6451706290245056,5.5603296756744385
68.72,2.4462873935699463,3.6762282848358154,5.473320484161377
68.74,2.349847972393036,3.527971863746643,5.309299468994141
68.76,2.2534085512161255,3.3797154426574707,5.145278453826904
68.78,2.156969130039215,3.2314590215682983,4.981257438659668
68.8,2.0605297088623047,3.083202600479126,4.817236423492432
68.82,2.14740788936615,3.5680355429649353,4.290866374969482
68.84,2.234286069869995,4.052868485450745,3.764496326446533
68.86,2.3211642503738403,4.537701427936554,3.238126277923584
68.88,2.4080424308776855,5.022534370422363,2.7117562294006348
68.9,2.3808236718177795,4.450289011001587,2.8592100739479065
68.92,2.3536049127578735,3.8780436515808105,3.0066639184951782
68.94,2.3263861536979675,3.305798292160034,3.15411776304245
68.96,2.2991673946380615,2.733552932739258,3.3015716075897217
68.98,2.326349973678589,2.8461647033691406,3.005692183971405
69.0,2.353532552719116,2.9587764739990234,2.7098127603530884
69.02,2.3807151317596436,3.0713882446289062,2.4139333367347717
69.04,2.407897710800171,3.184000015258789,2.118053913116455
69.06,2.3427786827087402,3.0623536109924316,2.5896801948547363
69.08,2.2776596546173096,2.940707206726074,3.0613064765930176
69.1,2.212540626525879,2.819060802459717,3.532932758331299
69.12,2.1474215984344482,2.6974143981933594,4.00455904006958
69.14,2.452738583087921,2.952898383140564,3.5196797251701355
69.16,2.758055567741394,3.2083823680877686,3.034800410270691
69.18,3.063372552394867,3.463866353034973,2.5499210953712463
69.2,3.36868953704834,3.7193503379821777,2.0650417804718018
69.22,3.116022229194641,3.476225972175598,2.9162318110466003
69.24,2.8633549213409424,3.2331016063690186,3.767421841621399
69.26,2.6106876134872437,2.989977240562439,4.6186118721961975
69.28,2.358020305633545,2.7468528747558594,5.469801902770996
69.3,2.3135801553726196,2.7915849685668945,4.958900213241577
69.32,2.2691400051116943,2.8363170623779297,4.447998523712158
69.34,2.224699854850769,2.881049156188965,3.9370968341827393
69.36,2.1802597045898438,2.92578125,3.4261951446533203
69.38,2.1191940307617188,2.8481091260910034,3.167865753173828
69.4,2.0581283569335938,2.770437002182007,2.909536361694336
69.42,1.9970626831054688,2.6927648782730103,2.6512069702148438
69.44,1.9359970092773438,2.6150927543640137,2.3928775787353516
69.46,2.0491299629211426,2.6401187777519226,2.444398045539856
69.48,2.1622629165649414,2.6651448011398315,2.4959185123443604
69.5,2.2753958702087402,2.6901708245277405,2.5474389791488647
69.52,2.388528823852539,2.7151968479156494,2.598959445953369
69.54,2.405868709087372,2.7538108229637146,2.700038433074951
69.56,2.4232085943222046,2.79242479801178,2.801117420196533
69.58,2.4405484795570374,2.831038773059845,2.9021964073181152
69.6,2.45788836479187,2.86965274810791,3.0032753944396973
69.62,2.43227219581604,2.9240041971206665,2.942755937576294
69.64,2.40665602684021,2.978355646133423,2.8822364807128906
69.66,2.38103985786438,3.032707095146179,2.8217170238494873
69.68,2.35542368888855,3.0870585441589355,2.761197566986084
69.7,2.3523459434509277,3.12240207195282,2.715695858001709
69.72,2.3492681980133057,3.157745599746704,2.670194149017334
69.74,2.3461904525756836,3.1930891275405884,2.624692440032959
69.76,2.3431127071380615,3.2284326553344727,2.579190731048584
69.78,2.341247081756592,3.196441888809204,2.5735533833503723
69.8,2.339381456375122,3.1644511222839355,2.5679160356521606
69.82,2.3375158309936523,3.132460355758667,2.562278687953949
69.84,2.3356502056121826,3.1004695892333984,2.5566413402557373
69.86,2.3948879837989807,3.1148219108581543,2.700105369091034
69.88,2.454125761985779,3.12917423248291,2.8435693979263306
69.9,2.513363540172577,3.143526554107666,2.987033426761627
69.92,2.572601318359375,3.157878875732422,3.130497455596924
69.94,2.5110964179039,3.1010372638702393,2.989035964012146
69.96,2.4495915174484253,3.0441956520080566,2.847574472427368
69.98,2.3880866169929504,2.987354040145874,2.7061129808425903
70.0,2.3265817165374756,2.9305124282836914,2.5646514892578125
70.02,2.453793704509735,2.8600037693977356,2.4838542342185974
70.04,2.5810056924819946,2.78949511051178,2.4030569791793823
70.06,2.708217680454254,2.718986451625824,2.3222597241401672
70.08,2.8354296684265137,2.648477792739868,2.241462469100952
70.1,2.782008111476898,2.8209134340286255,2.422615706920624
70.12,2.7285865545272827,2.993349075317383,2.6037689447402954
70.14,2.6751649975776672,3.16578471660614,2.784922182559967
70.16,2.6217434406280518,3.3382203578948975,2.9660754203796387
70.18,2.5134491324424744,3.1761391162872314,3.0802465677261353
70.2,2.405154824256897,3.0140578746795654,3.194417715072632
70.22,2.2968605160713196,2.8519766330718994,3.3085888624191284
70.24,2.188566207885742,2.6898953914642334,3.422760009765625
70.26,2.187219023704529,2.732264280319214,3.48907208442688
70.28,2.1858718395233154,2.7746331691741943,3.5553841590881348
70.3,2.184524655342102,2.817002058029175,3.6216962337493896
70.32,2.1831774711608887,2.8593709468841553,3.6880083084106445
70.34,2.2003167867660522,2.9156025052070618,3.6778379678726196
70.36,2.217456102371216,2.9718340635299683,3.6676676273345947
70.38,2.2345954179763794,3.0280656218528748,3.65749728679657
70.4,2.251734733581543,3.0842971801757812,3.647326946258545
70.42,2.2975351810455322,2.932719886302948,3.469489812850952
70.44,2.3433356285095215,2.7811425924301147,3.2916526794433594
70.46,2.3891360759735107,2.6295652985572815,3.1138155460357666
70.48,2.4349365234375,2.4779880046844482,2.935978412628174
70.5,2.336576223373413,2.5917593240737915,3.019803524017334
70.52,2.238215923309326,2.7055306434631348,3.103628635406494
70.54,2.1398556232452393,2.819301962852478,3.1874537467956543
70.56,2.0414953231811523,2.9330732822418213,3.2712788581848145
70.58,2.0977962613105774,2.9206084609031677,3.3687362670898438
70.6,2.1540971994400024,2.908143639564514,3.466193675994873
70.62,2.2103981375694275,2.8956788182258606,3.5636510848999023
70.64,2.2666990756988525,2.883213996887207,3.6611084938049316
70.66,2.2583881616592407,2.796564280986786,3.4862030744552612
70.68,2.250077247619629,2.7099145650863647,3.311297655105591
70.7,2.241766333580017,2.6232648491859436,3.1363922357559204
70.72,2.2334554195404053,2.5366151332855225,2.96148681640625
70.74,2.2344114780426025,2.6995009779930115,3.033126473426819
70.76,2.2353675365448,2.8623868227005005,3.1047661304473877
70.78,2.236323595046997,3.0252726674079895,3.1764057874679565
70.8,2.2372796535491943,3.1881585121154785,3.2480454444885254
70.82,2.2658860087394714,3.194994330406189,3.178512692451477
70.84,2.2944923639297485,3.2018301486968994,3.1089799404144287
70.86,2.3230987191200256,3.20866596698761,3.0394471883773804
70.88,2.3517050743103027,3.2155017852783203,2.969914436340332
70.9,2.397331118583679,3.38387793302536,3.1096935868263245
70.92,2.4429571628570557,3.5522540807724,3.249472737312317
70.94,2.488583207130432,3.7206302285194397,3.3892518877983093
70.96,2.5342092514038086,3.8890063762664795,3.5290310382843018
70.98,2.5624207854270935,3.656468093395233,3.1782440543174744
71.0,2.5906323194503784,3.423929810523987,2.827457070350647
71.02,2.6188438534736633,3.1913915276527405,2.4766700863838196
71.04,2.6470553874969482,2.958853244781494,2.125883102416992
71.06,2.44085556268692,3.0263384580612183,2.228567659854889
71.08,2.234655737876892,3.0938236713409424,2.3312522172927856
71.1,2.028455913066864,3.1613088846206665,2.4339367747306824
71.12,1.822256088256836,3.2287940979003906,2.536621332168579
71.14,2.0925084352493286,3.1428589820861816,2.5707478523254395
71.16,2.3627607822418213,3.0569238662719727,2.6048743724823
71.18,2.633013129234314,2.9709887504577637,2.63900089263916
71.2,2.9032654762268066,2.8850536346435547,2.6731274127960205
71.22,2.7875530123710632,2.841710150241852,2.7316306829452515
71.24,2.67184054851532,2.798366665840149,2.7901339530944824
71.26,2.5561280846595764,2.755023181438446,2.8486372232437134
71.28,2.440415620803833,2.711679697036743,2.9071404933929443
71.3,2.4947065711021423,2.780879497528076,2.8340867161750793
71.32,2.5489975214004517,2.850079298019409,2.7610329389572144
71.34,2.603288471698761,2.919279098510742,2.6879791617393494
71.36,2.6575794219970703,2.988478899002075,2.6149253845214844
71.38,2.6379505395889282,2.8647794127464294,2.635765790939331
71.4,2.618321657180786,2.7410799264907837,2.6566061973571777
71.42,2.598692774772644,2.617380440235138,2.6774466037750244
71.44,2.579063892364502,2.493680953979492,2.698287010192871
71.46,2.610257565975189,2.557582676410675,2.71709281206131
71.48,2.6414512395858765,2.621484398841858,2.7358986139297485
71.5,2.6726449131965637,2.6853861212730408,2.7547044157981873
71.52,2.703838586807251,2.7492878437042236,2.773510217666626
71.54,2.738934099674225,2.7179457545280457,2.7735238671302795
71.56,2.7740296125411987,2.6866036653518677,2.773537516593933
71.58,2.8091251254081726,2.6552615761756897,2.7735511660575867
71.6,2.8442206382751465,2.6239194869995117,2.7735648155212402
71.62,2.825025498867035,2.6174413561820984,2.8584622144699097
71.64,2.8058303594589233,2.610963225364685,2.943359613418579
71.66,2.7866352200508118,2.6044850945472717,3.0282570123672485
71.68,2.7674400806427,2.5980069637298584,3.113154411315918
71.7,2.877217710018158,2.6793856024742126,2.940331518650055
71.72,2.9869953393936157,2.760764241218567,2.767508625984192
71.74,3.0967729687690735,2.842142879962921,2.594685733318329
71.76,3.2065505981445312,2.9235215187072754,2.421862840652466
71.78,3.024842619895935,2.802798628807068,2.4339756965637207
71.8,2.843134641647339,2.6820757389068604,2.4460885524749756
71.82,2.6614266633987427,2.561352849006653,2.4582014083862305
71.84,2.4797186851501465,2.4406299591064453,2.4703142642974854
71.86,2.5411192774772644,2.5461795330047607,2.443785846233368
71.88,2.6025198698043823,2.651729106903076,2.4172574281692505
71.9,2.6639204621315002,2.7572786808013916,2.390729010105133
71.92,2.725321054458618,2.862828254699707,2.3642005920410156
71.94,2.628906011581421,2.8346888422966003,2.4120944142341614
71.96,2.5324909687042236,2.8065494298934937,2.459988236427307
71.98,2.4360759258270264,2.778410017490387,2.507882058620453
72.0,2.339660882949829,2.7502706050872803,2.5557758808135986
72.02,2.4687448740005493,2.7399094104766846,2.7314406037330627
72.04,2.5978288650512695,2.729548215866089,2.907105326652527
72.06,2.7269128561019897,2.719187021255493,3.082770049571991
72.08,2.85599684715271,2.7088258266448975,3.258434772491455
72.1,2.7570948600769043,2.6476269960403442,3.381007730960846
72.12,2.6581928730010986,2.586428165435791,3.503580689430237
72.14,2.559290885925293,2.525229334831238,3.6261536478996277
72.16,2.4603888988494873,2.4640305042266846,3.7487266063690186
72.18,2.3633952140808105,2.5040088891983032,3.7582943439483643
72.2,2.266401529312134,2.543987274169922,3.76786208152771
72.22,2.169407844543457,2.5839656591415405,3.7774298191070557
72.24,2.0724141597747803,2.623944044113159,3.7869975566864014
72.26,2.2998210787773132,2.5643771290779114,3.583191156387329
72.28,2.527227997779846,2.5048102140426636,3.379384756088257
72.3,2.754634916782379,2.4452432990074158,3.1755783557891846
72.32,2.982041835784912,2.385676383972168,2.9717719554901123
72.34,2.895773947238922,2.4956217408180237,2.9840068221092224
72.36,2.809506058692932,2.6055670976638794,2.9962416887283325
72.38,2.723238170146942,2.715512454509735,3.0084765553474426
72.4,2.636970281600952,2.825457811355591,3.0207114219665527
72.42,2.5877891182899475,2.8483622074127197,3.06538188457489
72.44,2.538607954978943,2.8712666034698486,3.1100523471832275
72.46,2.4894267916679382,2.8941709995269775,3.154722809791565
72.48,2.4402456283569336,2.9170753955841064,3.1993932723999023
72.5,2.4623712301254272,2.8639679551124573,3.351556658744812
72.52,2.484496831893921,2.810860514640808,3.5037200450897217
72.54,2.5066224336624146,2.757753074169159,3.6558834314346313
72.56,2.528748035430908,2.7046456336975098,3.808046817779541
72.58,2.5911296606063843,2.7623177766799927,3.682980537414551
72.6,2.6535112857818604,2.8199899196624756,3.5579142570495605
72.62,2.7158929109573364,2.8776620626449585,3.4328479766845703
72.64,2.7782745361328125,2.9353342056274414,3.30778169631958
72.66,2.6604250073432922,2.8180909156799316,3.050843596458435
72.68,2.542575478553772,2.700847625732422,2.79390549659729
72.7,2.4247259497642517,2.583604335784912,2.536967396736145
72.72,2.3068764209747314,2.4663610458374023,2.280029296875
72.74,2.3521307706832886,2.5317002534866333,2.464785099029541
72.76,2.3973851203918457,2.5970394611358643,2.649540901184082
72.78,2.442639470100403,2.662378668785095,2.834296703338623
72.8,2.48789381980896,2.727717876434326,3.019052505493164
72.82,2.4676405787467957,2.707056164741516,2.8933342695236206
72.84,2.4473873376846313,2.686394453048706,2.767616033554077
72.86,2.427134096622467,2.665732741355896,2.6418977975845337
72.88,2.4068808555603027,2.645071029663086,2.5161795616149902
72.9,2.3712464570999146,2.7124640345573425,2.587819218635559
72.92,2.3356120586395264,2.779857039451599,2.659458875656128
72.94,2.299977660179138,2.8472500443458557,2.7310985326766968
72.96,2.26434326171875,2.9146430492401123,2.8027381896972656
72.98,2.4011335968971252,2.902023136615753,2.7589162588119507
73.0,2.5379239320755005,2.889403223991394,2.7150943279266357
73.02,2.6747142672538757,2.876783311367035,2.671272397041321
73.04,2.811504602432251,2.864163398742676,2.627450466156006
73.06,2.7592695355415344,2.810434401035309,3.3122735023498535
73.08,2.707034468650818,2.756705403327942,3.997096538543701
73.1,2.6547994017601013,2.702976405620575,4.681919574737549
73.12,2.6025643348693848,2.649247407913208,5.3667426109313965
73.14,2.781089186668396,2.6356409788131714,4.8306872844696045
73.16,2.9596140384674072,2.6220345497131348,4.2946319580078125
73.18,3.1381388902664185,2.608428120613098,3.7585766315460205
73.2,3.3166637420654297,2.5948216915130615,3.2225213050842285
73.22,3.0361881256103516,2.614639461040497,3.614209532737732
73.24,2.7557125091552734,2.634457230567932,4.005897760391235
73.26,2.4752368927001953,2.6542750000953674,4.397585988044739
73.28,2.194761276245117,2.6740927696228027,4.789274215698242
73.3,2.3039896488189697,2.617805302143097,4.701032280921936
73.32,2.4132180213928223,2.561517834663391,4.61279034614563
73.34,2.522446393966675,2.5052303671836853,4.524548411369324
73.36,2.6316747665405273,2.4489428997039795,4.436306476593018
73.38,2.5949514508247375,2.5314714312553406,4.1337268352508545
73.4,2.5582281351089478,2.6139999628067017,3.8311471939086914
73.42,2.521504819393158,2.6965284943580627,3.5285675525665283
73.44,2.484781503677368,2.779057025909424,3.2259879112243652
73.46,2.4345698952674866,2.724605917930603,3.1410231590270996
73.48,2.384358286857605,2.6701548099517822,3.056058406829834
73.5,2.3341466784477234,2.6157037019729614,2.9710936546325684
73.52,2.283935070037842,2.5612525939941406,2.8861289024353027
73.54,2.413117527961731,2.735402286052704,2.913462221622467
73.56,2.54229998588562,2.909551978111267,2.9407955408096313
73.58,2.6714824438095093,3.0837016701698303,2.9681288599967957
73.6,2.8006649017333984,3.2578513622283936,2.99546217918396
73.62,2.7222927808761597,3.1405175924301147,2.9479000568389893
73.64,2.643920660018921,3.023183822631836,2.9003379344940186
73.66,2.565548539161682,2.905850052833557,2.852775812149048
73.68,2.4871764183044434,2.7885162830352783,2.805213689804077
73.7,2.4370134472846985,2.7230664491653442,2.8872269988059998
73.72,2.3868504762649536,2.65761661529541,2.9692403078079224
73.74,2.3366875052452087,2.592166781425476,3.051253616809845
73.76,2.286524534225464,2.526716947555542,3.1332669258117676
73.78,2.3908618688583374,2.606122672557831,2.9500834345817566
73.8,2.495199203491211,2.6855283975601196,2.7668999433517456
73.82,2.5995365381240845,2.7649341225624084,2.5837164521217346
73.84,2.703873872756958,2.8443398475646973,2.4005329608917236
73.86,2.6480385661125183,2.8044782280921936,2.401234805583954
73.88,2.5922032594680786,2.76461660861969,2.401936650276184
73.9,2.536367952823639,2.7247549891471863,2.4026384949684143
73.92,2.480532646179199,2.6848933696746826,2.4033403396606445
73.94,2.447218596935272,2.705496668815613,2.3899433612823486
73.96,2.413904547691345,2.726099967956543,2.3765463829040527
73.98,2.380590498447418,2.746703267097473,2.363149404525757
74.0,2.347276449203491,2.7673065662384033,2.349752426147461
74.02,2.478217124938965,2.7438740134239197,2.7675622701644897
74.04,2.6091578006744385,2.720441460609436,3.1853721141815186
74.06,2.740098476409912,2.6970089077949524,3.6031819581985474
74.08,2.8710391521453857,2.6735763549804688,4.020991802215576
74.1,2.7959741353988647,2.83633691072464,3.6147369146347046
74.12,2.7209091186523438,2.999097466468811,3.208482027053833
74.14,2.6458441019058228,3.161858022212982,2.8022271394729614
74.16,2.5707790851593018,3.3246185779571533,2.39597225189209
74.18,2.657962739467621,3.2028987407684326,2.432666003704071
74.2,2.74514639377594,3.081178903579712,2.4693597555160522
74.22,2.832330048084259,2.959459066390991,2.5060535073280334
74.24,2.919513702392578,2.8377392292022705,2.5427472591400146
74.26,2.732534646987915,2.7951998710632324,2.598855197429657
74.28,2.545555591583252,2.7526605129241943,2.6549631357192993
74.3,2.358576536178589,2.7101211547851562,2.7110710740089417
74.32,2.171597480773926,2.667581796646118,2.767179012298584
74.34,2.166462242603302,2.6046751141548157,2.757845461368561
74.36,2.1613270044326782,2.541768431663513,2.7485119104385376
74.38,2.1561917662620544,2.4788617491722107,2.7391783595085144
74.4,2.1510565280914307,2.415955066680908,2.729844808578491
74.42,2.7312201857566833,2.561938762664795,2.6097646951675415
74.44,3.311383843421936,2.7079224586486816,2.489684581756592
74.46,3.8915475010871887,2.8539061546325684,2.369604468345642
74.48,4.471711158752441,2.999889850616455,2.2495243549346924
74.5,4.505917072296143,2.9912567734718323,2.2518407702445984
74.52,4.540122985839844,2.9826236963272095,2.2541571855545044
74.54,4.574328899383545,2.9739906191825867,2.2564736008644104
74.56,4.608534812927246,2.965357542037964,2.2587900161743164
74.58,4.1914830803871155,2.9512850642204285,2.393788456916809
74.6,3.774431347846985,2.937212586402893,2.5287868976593018
74.62,3.3573796153068542,2.9231401085853577,2.6637853384017944
74.64,2.9403278827667236,2.9090676307678223,2.798783779144287
74.66,3.2674559950828552,2.8991438150405884,2.647529661655426
74.68,3.594584107398987,2.8892199993133545,2.496275544166565
74.7,3.9217122197151184,2.8792961835861206,2.345021426677704
74.72,4.24884033203125,2.8693723678588867,2.1937673091888428
74.74,4.245535135269165,2.9555336236953735,2.240002930164337
74.76,4.24222993850708,3.0416948795318604,2.2862385511398315
74.78,4.238924741744995,3.127856135368347,2.332474172115326
74.8,4.23561954498291,3.214017391204834,2.3787097930908203
74.82,4.259647607803345,3.064988434314728,2.6399468183517456
74.84,4.283675670623779,2.9159594774246216,2.901183843612671
74.86,4.307703733444214,2.7669305205345154,3.162420868873596
74.88,4.331731796264648,2.617901563644409,3.4236578941345215
74.9,4.258340954780579,2.5989404916763306,3.2018298506736755
74.92,4.184950113296509,2.579979419708252,2.9800018072128296
74.94,4.111559271812439,2.5610183477401733,2.7581737637519836
74.96,4.038168430328369,2.5420572757720947,2.5363457202911377
74.98,3.61586594581604,2.5905163288116455,2.598122537136078
75.0,3.193563461303711,2.6389753818511963,2.659899353981018
75.02,2.771260976791382,2.687434434890747,2.7216761708259583
75.04,2.3489584922790527,2.735893487930298,2.7834529876708984
75.06,2.2732815742492676,2.712458550930023,2.7387797832489014
75.08,2.1976046562194824,2.6890236139297485,2.6941065788269043
75.1,2.1219277381896973,2.665588676929474,2.6494333744049072
75.12,2.046250820159912,2.642153739929199,2.60476016998291
75.14,2.1304045915603638,2.730775475502014,2.7553168535232544
75.16,2.2145583629608154,2.819397211074829,2.9058735370635986
75.18,2.298712134361267,2.908018946647644,3.056430220603943
75.2,2.3828659057617188,2.996640682220459,3.206986904144287
75.22,2.3482914566993713,2.9865772128105164,2.927755117416382
75.24,2.313717007637024,2.9765137434005737,2.6485233306884766
75.26,2.2791425585746765,2.966450273990631,2.3692915439605713
75.28,2.244568109512329,2.9563868045806885,2.090059757232666
75.3,2.2262471318244934,2.9497668147087097,2.2455625534057617
75.32,2.2079261541366577,2.943146824836731,2.4010653495788574
75.34,2.189605176448822,2.936526834964752,2.556568145751953
75.36,2.1712841987609863,2.9299068450927734,2.712070941925049
75.38,2.196885406970978,2.8585899472236633,3.099050998687744
75.4,2.2224866151809692,2.7872730493545532,3.4860310554504395
75.42,2.2480878233909607,2.715956151485443,3.8730111122131348
75.44,2.273689031600952,2.644639253616333,4.25999116897583
75.46,2.2680124640464783,2.8074471950531006,3.8353089094161987
75.48,2.2623358964920044,2.970255136489868,3.4106266498565674
75.5,2.2566593289375305,3.1330630779266357,2.985944390296936
75.52,2.2509827613830566,3.2958710193634033,2.5612621307373047
75.54,2.2410401701927185,3.1959879994392395,2.5609164237976074
75.56,2.2310975790023804,3.0961049795150757,2.56057071685791
75.58,2.2211549878120422,2.996221959590912,2.560225009918213
75.6,2.211212396621704,2.896338939666748,2.5598793029785156
75.62,2.451672613620758,2.915306866168976,2.667779803276062
75.64,2.692132830619812,2.9342747926712036,2.7756803035736084
75.66,2.932593047618866,2.9532427191734314,2.883580803871155
75.68,3.17305326461792,2.972210645675659,2.991481304168701
75.7,3.0401129722595215,2.9593386054039,3.005685031414032
75.72,2.907172679901123,2.946466565132141,3.019888758659363
75.74,2.7742323875427246,2.933594524860382,3.0340924859046936
75.76,2.641292095184326,2.920722484588623,3.0482962131500244
75.78,2.781960666179657,2.856918156147003,2.8686477541923523
75.8,2.922629237174988,2.7931138277053833,2.68899929523468
75.82,3.0632978081703186,2.7293094992637634,2.509350836277008
75.84,3.2039663791656494,2.6655051708221436,2.329702377319336
75.86,3.2351920008659363,2.6547316908836365,2.32883083820343
75.88,3.266417622566223,2.6439582109451294,2.3279592990875244
75.9,3.29764324426651,2.6331847310066223,2.3270877599716187
75.92,3.328868865966797,2.6224112510681152,2.326216220855713
75.94,3.603209376335144,2.8752005100250244,2.3663572669029236
75.96,3.877549886703491,3.1279897689819336,2.4064983129501343
75.98,4.151890397071838,3.3807790279388428,2.446639358997345
76.0,4.4262309074401855,3.633568286895752,2.4867804050445557
76.02,4.682050585746765,3.3544644117355347,2.399829089641571
76.04,4.937870264053345,3.0753605365753174,2.3128777742385864
76.06,5.193689942359924,2.7962566614151,2.225926458835602
76.08,5.449509620666504,2.517152786254883,2.138975143432617
76.1,5.283863663673401,2.5005234479904175,2.259436070919037
76.12,5.118217706680298,2.483894109725952,2.3798969984054565
76.14,4.952571749687195,2.467264771461487,2.500357925891876
76.16,4.786925792694092,2.4506354331970215,2.620818853378296
76.18,4.991443037986755,2.4534705877304077,2.504257380962372
76.2,5.195960283279419,2.456305742263794,2.3876959085464478
76.22,5.4004775285720825,2.45914089679718,2.2711344361305237
76.24,5.604994773864746,2.4619760513305664,2.1545729637145996
76.26,5.462584853172302,2.5125457048416138,2.2645353078842163
76.28,5.320174932479858,2.563115358352661,2.374497652053833
76.3,5.1777650117874146,2.6136850118637085,2.4844599962234497
76.32,5.035355091094971,2.664254665374756,2.5944223403930664
76.34,4.799159646034241,2.6483400464057922,2.5405408143997192
76.36,4.562964200973511,2.6324254274368286,2.486659288406372
76.38,4.326768755912781,2.616510808467865,2.432777762413025
76.4,4.090573310852051,2.6005961894989014,2.3788962364196777
76.42,4.337585091590881,2.6899334192276,2.5156675577163696
76.44,4.584596872329712,2.779270648956299,2.6524388790130615
76.46,4.8316086530685425,2.8686078786849976,2.7892102003097534
76.48,5.078620433807373,2.9579451084136963,2.9259815216064453
76.5,4.68273401260376,2.866524875164032,3.13729727268219
76.52,4.2868475914001465,2.7751046419143677,3.3486130237579346
76.54,3.890961170196533,2.6836844086647034,3.559928774833679
76.56,3.49507474899292,2.592264175415039,3.771244525909424
76.58,3.8377515077590942,2.6800493597984314,3.3131412863731384
76.6,4.1804282665252686,2.7678345441818237,2.855038046836853
76.62,4.523105025291443,2.855619728565216,2.3969348073005676
76.64,4.865781784057617,2.9434049129486084,1.9388315677642822
76.66,4.65269935131073,2.797411859035492,2.0976107716560364
76.68,4.439616918563843,2.6514188051223755,2.2563899755477905
76.7,4.226534485816956,2.505425751209259,2.4151691794395447
76.72,4.013452053070068,2.3594326972961426,2.573948383331299
76.74,4.1220715045928955,2.418721616268158,2.574379563331604
76.76,4.230690956115723,2.4780105352401733,2.574810743331909
76.78,4.33931040763855,2.5372994542121887,2.5752419233322144
76.8,4.447929859161377,2.596588373184204,2.5756731033325195
76.82,4.179017186164856,2.67235267162323,2.5682213306427
76.84,3.910104513168335,2.748116970062256,2.560769557952881
76.86,3.641191840171814,2.8238812685012817,2.5533177852630615
76.88,3.372279167175293,2.8996455669403076,2.545866012573242
76.9,3.7698326110839844,2.8533026576042175,2.5312846899032593
76.92,4.167386054992676,2.8069597482681274,2.5167033672332764
76.94,4.564939498901367,2.7606168389320374,2.5021220445632935
76.96,4.962492942810059,2.7142739295959473,2.4875407218933105
76.98,5.024386882781982,2.7371382117271423,2.4713518619537354
77.0,5.086280822753906,2.7600024938583374,2.45516300201416
77.02,5.14817476272583,2.7828667759895325,2.438974142074585
77.04,5.210068702697754,2.8057310581207275,2.4227852821350098
77.06,4.831616699695587,2.7850587368011475,2.500415623188019
77.08,4.45316469669342,2.7643864154815674,2.578045964241028
77.1,4.074712693691254,2.7437140941619873,2.655676305294037
77.12,3.696260690689087,2.7230417728424072,2.733306646347046
77.14,4.1858914494514465,2.700478494167328,2.720034182071686
77.16,4.675522208213806,2.6779152154922485,2.7067617177963257
77.18,5.165152966976166,2.655351936817169,2.6934892535209656
77.2,5.654783725738525,2.63278865814209,2.6802167892456055
77.22,5.475772738456726,2.6583927869796753,2.9922474026679993
77.24,5.296761751174927,2.6839969158172607,3.304278016090393
77.26,5.117750763893127,2.709601044654846,3.616308629512787
77.28,4.938739776611328,2.7352051734924316,3.9283392429351807
77.3,4.581285536289215,2.7436811923980713,3.539102017879486
77.32,4.223831295967102,2.752157211303711,3.1498647928237915
77.34,3.866377055644989,2.7606332302093506,2.760627567768097
77.36,3.508922815322876,2.7691092491149902,2.3713903427124023
77.38,3.286684036254883,2.8076794147491455,2.6585493683815002
77.4,3.0644452571868896,2.846249580383301,2.945708394050598
77.42,2.8422064781188965,2.884819746017456,3.232867419719696
77.44,2.6199676990509033,2.9233899116516113,3.520026445388794
77.46,2.5666759610176086,2.9207255840301514,3.2057181000709534
77.48,2.513384222984314,2.9180612564086914,2.891409754753113
77.5,2.4600924849510193,2.9153969287872314,2.577101409435272
77.52,2.4068007469177246,2.9127326011657715,2.2627930641174316
77.54,2.4414382576942444,2.9301265478134155,2.293071746826172
77.56,2.476075768470764,2.9475204944610596,2.323350429534912
77.58,2.510713279247284,2.9649144411087036,2.3536291122436523
77.6,2.5453507900238037,2.9823083877563477,2.3839077949523926
77.62,2.5397167801856995,2.912392258644104,2.5384162068367004
77.64,2.534082770347595,2.8424761295318604,2.6929246187210083
77.66,2.528448760509491,2.7725600004196167,2.847433030605316
77.68,2.5228147506713867,2.702643871307373,3.001941442489624
77.7,2.4946600198745728,2.703341841697693,2.863433599472046
77.72,2.466505289077759,2.7040398120880127,2.7249257564544678
77.74,2.438350558280945,2.7047377824783325,2.5864179134368896
77.76,2.410195827484131,2.7054357528686523,2.4479100704193115
77.78,2.5988402366638184,2.7732183933258057,2.421180486679077
77.8,2.787484645843506,2.841001033782959,2.3944509029388428
77.82,2.9761290550231934,2.9087836742401123,2.3677213191986084
77.84,3.164773464202881,2.9765663146972656,2.340991735458374
77.86,3.136807084083557,2.9268752336502075,2.4128937125205994
77.88,3.1088407039642334,2.8771841526031494,2.4847956895828247
77.9,3.0808743238449097,2.8274930715560913,2.55669766664505
77.92,3.052907943725586,2.777801990509033,2.6285996437072754
77.94,3.0517823696136475,2.6688835620880127,2.5026861429214478
77.96,3.050656795501709,2.559965133666992,2.37677264213562
77.98,3.0495312213897705,2.4510467052459717,2.2508591413497925
78.0,3.048405647277832,2.342128276824951,2.124945640563965
78.02,3.1439242362976074,2.4697311520576477,2.2810332775115967
78.04,3.239442825317383,2.5973340272903442,2.4371209144592285
78.06,3.334961414337158,2.7249369025230408,2.5932085514068604
78.08,3.4304800033569336,2.8525397777557373,2.749296188354492
78.1,3.263294041156769,2.875480592250824,2.718211054801941
78.12,3.096108078956604,2.8984214067459106,2.6871259212493896
78.14,2.928922116756439,2.9213622212409973,2.6560407876968384
78.16,2.7617361545562744,2.944303035736084,2.624955654144287
78.18,2.806288480758667,2.9653684496879578,2.604999005794525
78.2,2.8508408069610596,2.9864338636398315,2.585042357444763
78.22,2.895393133163452,3.0074992775917053,2.565085709095001
78.24,2.9399454593658447,3.028564691543579,2.5451290607452393
78.26,2.768847942352295,3.023391604423523,2.7102277278900146
78.28,2.597750425338745,3.018218517303467,2.87532639503479
78.3,2.4266529083251953,3.0130454301834106,3.0404250621795654
78.32,2.2555553913116455,3.0078723430633545,3.205523729324341
78.34,2.35060054063797,3.0479395985603333,3.0490335822105408
78.36,2.4456456899642944,3.088006854057312,2.8925434350967407
78.38,2.540690839290619,3.1280741095542908,2.7360532879829407
78.4,2.6357359886169434,3.1681413650512695,2.5795631408691406
78.42,2.8985105752944946,3.0655763149261475,2.5707316398620605
78.44,3.161285161972046,2.9630112648010254,2.5619001388549805
78.46,3.424059748649597,2.8604462146759033,2.5530686378479004
78.48,3.6868343353271484,2.7578811645507812,2.5442371368408203
78.5,3.4692527055740356,2.7595244646072388,2.4250845909118652
78.52,3.251671075820923,2.7611677646636963,2.30593204498291
78.54,3.03408944606781,2.762811064720154,2.186779499053955
78.56,2.8165078163146973,2.7644543647766113,2.067626953125
78.58,2.80880343914032,2.827901065349579,2.172959089279175
78.6,2.8010990619659424,2.8913477659225464,2.2782912254333496
78.62,2.793394684791565,2.954794466495514,2.3836233615875244
78.64,2.7856903076171875,3.0182411670684814,2.488955497741699
78.66,2.6782769560813904,2.8870314359664917,2.4994808435440063
78.68,2.5708636045455933,2.755821704864502,2.5100061893463135
78.7,2.463450253009796,2.624611973762512,2.5205315351486206
78.72,2.356036901473999,2.4934022426605225,2.5310568809509277
78.74,2.6698158383369446,2.5417978167533875,2.430169701576233
78.76,2.98359477519989,2.5901933908462524,2.329282522201538
78.78,3.2973737120628357,2.6385889649391174,2.2283953428268433
78.8,3.6111526489257812,2.6869845390319824,2.1275081634521484
78.82,3.412282168865204,2.6909550428390503,2.4824472665786743
78.84,3.2134116888046265,2.694925546646118,2.8373863697052
78.86,3.014541208744049,2.698896050453186,3.192325472831726
78.88,2.8156707286834717,2.702866554260254,3.547264575958252
78.9,2.7460946440696716,2.7228769063949585,3.8566222190856934
78.92,2.6765185594558716,2.742887258529663,4.165979862213135
78.94,2.6069424748420715,2.7628976106643677,4.475337505340576
78.96,2.5373663902282715,2.7829079627990723,4.784695148468018
78.98,2.5182034969329834,2.806547164916992,4.360418498516083
79.0,2.4990406036376953,2.830186367034912,3.936141848564148
79.02,2.4798777103424072,2.853825569152832,3.511865198612213
79.04,2.460714817047119,2.877464771270752,3.0875885486602783
79.06,2.5619558691978455,2.867154598236084,3.336803376674652
79.08,2.6631969213485718,2.856844425201416,3.586018204689026
79.1,2.764437973499298,2.846534252166748,3.8352330327033997
79.12,2.8656790256500244,2.83622407913208,4.084447860717773
79.14,2.7465909123420715,2.7944573163986206,4.0072020292282104
79.16,2.6275027990341187,2.752690553665161,3.9299561977386475
79.18,2.5084146857261658,2.7109237909317017,3.8527103662490845
79.2,2.389326572418213,2.669157028198242,3.7754645347595215
79.22,2.382045805454254,2.671682357788086,3.512360095977783
79.24,2.3747650384902954,2.6742076873779297,3.249255657196045
79.26,2.3674842715263367,2.6767330169677734,2.9861512184143066
79.28,2.360203504562378,2.679258346557617,2.7230467796325684
79.3,2.4212849736213684,2.691865622997284,2.7118709087371826
79.32,2.482366442680359,2.7044728994369507,2.700695037841797
79.34,2.5434479117393494,2.7170801758766174,2.689519166946411
79.36,2.60452938079834,2.729687452316284,2.6783432960510254
79.38,2.486867904663086,2.878963053226471,2.5395150184631348
79.4,2.369206428527832,3.0282386541366577,2.400686740875244
79.42,2.251544952392578,3.1775142550468445,2.2618584632873535
79.44,2.133883476257324,3.3267898559570312,2.123030185699463
79.46,2.296956717967987,3.2478023767471313,2.128480911254883
79.48,2.46002995967865,3.1688148975372314,2.1339316368103027
79.5,2.6231032013893127,3.0898274183273315,2.1393823623657227
79.52,2.7861764430999756,3.0108399391174316,2.1448330879211426
79.54,2.787564516067505,2.955287456512451,2.234523594379425
79.56,2.788952589035034,2.8997349739074707,2.3242141008377075
79.58,2.7903406620025635,2.8441824913024902,2.41390460729599
79.6,2.7917287349700928,2.7886300086975098,2.5035951137542725
79.62,2.838609278202057,2.7610334753990173,2.6198442578315735
79.64,2.885489821434021,2.733436942100525,2.7360934019088745
79.66,2.932370364665985,2.7058404088020325,2.8523425459861755
79.68,2.979250907897949,2.67824387550354,2.9685916900634766
79.7,3.1131480932235718,2.8571674823760986,2.79184752702713
79.72,3.2470452785491943,3.0360910892486572,2.6151033639907837
79.74,3.380942463874817,3.215014696121216,2.4383592009544373
79.76,3.5148396492004395,3.3939383029937744,2.261615037918091
79.78,3.219003915786743,3.2091481685638428,2.5679381489753723
79.8,2.923168182373047,3.024358034133911,2.874261260032654
79.82,2.6273324489593506,2.8395678997039795,3.1805843710899353
79.84,2.3314967155456543,2.654777765274048,3.486907482147217
79.86,2.3336308002471924,2.606309711933136,3.6261080503463745
79.88,2.3357648849487305,2.557841658592224,3.7653086185455322
79.9,2.3378989696502686,2.5093736052513123,3.90450918674469
79.92,2.3400330543518066,2.4609055519104004,4.043709754943848
79.94,2.401516079902649,2.5499573945999146,4.21947181224823
79.96,2.462999105453491,2.6390092372894287,4.395233869552612
79.98,2.5244821310043335,2.728061079978943,4.570995926856995
80.0,2.585965156555176,2.817112922668457,4.746757984161377
80.02,2.579582989215851,2.8338671922683716,4.539352834224701
80.04,2.573200821876526,2.850621461868286,4.331947684288025
80.06,2.566818654537201,2.8673757314682007,4.124542534351349
80.08,2.560436487197876,2.8841300010681152,3.917137384414673
80.1,2.7318410873413086,2.8154404163360596,3.743250608444214
80.12,2.903245687484741,2.746750831604004,3.569363832473755
80.14,3.074650287628174,2.6780612468719482,3.395477056503296
80.16,3.2460548877716064,2.6093716621398926,3.221590280532837
80.18,3.1814228892326355,2.6328459978103638,3.156214416027069
80.2,3.1167908906936646,2.656320333480835,3.0908385515213013
80.22,3.0521588921546936,2.679794669151306,3.0254626870155334
80.24,2.9875268936157227,2.7032690048217773,2.9600868225097656
80.26,3.3800172805786133,2.650554895401001,2.8983057737350464
80.28,3.772507667541504,2.5978407859802246,2.836524724960327
80.3,4.1649980545043945,2.5451266765594482,2.774743676185608
80.32,4.557488441467285,2.492412567138672,2.7129626274108887
80.34,4.096897721290588,2.612853467464447,3.0091827511787415
80.36,3.6363070011138916,2.733294367790222,3.3054028749465942
80.38,3.175716280937195,2.8537352681159973,3.601622998714447
80.4,2.715125560760498,2.9741761684417725,3.8978431224823
80.42,2.908767879009247,2.998390018939972,3.5941315293312073
80.44,3.1024101972579956,3.0226038694381714,3.2904199361801147
80.46,3.2960525155067444,3.046817719936371,2.986708343029022
80.48,3.489694833755493,3.0710315704345703,2.6829967498779297
80.5,3.4180020093917847,2.940462827682495,2.6749978065490723
80.52,3.346309185028076,2.80989408493042,2.666998863220215
80.54,3.2746163606643677,2.6793253421783447,2.6589999198913574
80.56,3.202923536300659,2.5487565994262695,2.6510009765625
80.58,3.0109761357307434,2.5681429505348206,3.0091638565063477
80.6,2.8190287351608276,2.5875293016433716,3.3673267364501953
80.62,2.627081334590912,2.6069156527519226,3.725489616394043
80.64,2.435133934020996,2.6263020038604736,4.083652496337891
80.66,2.4440653920173645,2.6431561708450317,4.000817835330963
80.68,2.452996850013733,2.66001033782959,3.9179831743240356
80.7,2.4619283080101013,2.676864504814148,3.835148513317108
80.72,2.4708597660064697,2.693718671798706,3.7523138523101807
80.74,2.482049822807312,2.7331401705741882,3.8823373913764954
80.76,2.4932398796081543,2.7725616693496704,4.01236093044281
80.78,2.5044299364089966,2.8119831681251526,4.142384469509125
80.8,2.515619993209839,2.8514046669006348,4.2724080085754395
80.82,2.5917029976844788,2.8816528916358948,3.9668145775794983
80.84,2.6677860021591187,2.911901116371155,3.661221146583557
80.86,2.7438690066337585,2.942149341106415,3.355627715587616
80.88,2.8199520111083984,2.972397565841675,3.050034284591675
80.9,2.7289276123046875,2.8419575691223145,3.1197407841682434
80.92,2.6379032135009766,2.711517572402954,3.189447283744812
80.94,2.5468788146972656,2.5810775756835938,3.2591537833213806
80.96,2.4558544158935547,2.4506375789642334,3.328860282897949
80.98,2.5916393995285034,2.7231533527374268,3.6787116527557373
81.0,2.727424383163452,2.99566912651062,4.028563022613525
81.02,2.863209366798401,3.2681849002838135,4.3784143924713135
81.04,2.9989943504333496,3.540700674057007,4.728265762329102
81.06,2.8617279529571533,3.2903711199760437,4.215599536895752
81.08,2.724461555480957,3.0400415658950806,3.7029333114624023
81.1,2.5871951580047607,2.7897120118141174,3.1902670860290527
81.12,2.4499287605285645,2.5393824577331543,2.677600860595703
81.14,2.526374876499176,2.53727525472641,2.558651626110077
81.16,2.6028209924697876,2.5351680517196655,2.4397023916244507
81.18,2.679267108440399,2.533060848712921,2.3207531571388245
81.2,2.7557132244110107,2.5309536457061768,2.2018039226531982
81.22,2.6701031923294067,2.5349579453468323,2.290951192378998
81.24,2.5844931602478027,2.538962244987488,2.3800984621047974
81.26,2.4988831281661987,2.5429665446281433,2.469245731830597
81.28,2.4132730960845947,2.546970844268799,2.5583930015563965
81.3,2.4023290276527405,2.563199996948242,2.5323728919029236
81.32,2.3913849592208862,2.5794291496276855,2.5063527822494507
81.34,2.380440890789032,2.595658302307129,2.480332672595978
81.36,2.3694968223571777,2.6118874549865723,2.454312562942505
81.38,2.3375747203826904,2.7026188373565674,2.570126235485077
81.4,2.305652618408203,2.7933502197265625,2.685939908027649
81.42,2.273730516433716,2.8840816020965576,2.801753580570221
81.44,2.2418084144592285,2.9748129844665527,2.917567253112793
81.46,2.3139451146125793,2.8756845593452454,2.8006545305252075
81.48,2.38608181476593,2.776556134223938,2.683741807937622
81.5,2.458218514919281,2.6774277091026306,2.5668290853500366
81.52,2.530355215072632,2.5782992839813232,2.449916362762451
81.54,2.5167014598846436,2.6861459612846375,2.5194920897483826
81.56,2.5030477046966553,2.7939926385879517,2.589067816734314
81.58,2.489393949508667,2.901839315891266,2.6586435437202454
81.6,2.4757401943206787,3.00968599319458,2.7282192707061768
81.62,2.6178656220436096,2.914147675037384,2.599481165409088
81.64,2.7599910497665405,2.818609356880188,2.4707430601119995
81.66,2.9021164774894714,2.723071038722992,2.342004954814911
81.68,3.0442419052124023,2.627532720565796,2.2132668495178223
81.7,2.8772428035736084,2.5560584664344788,2.420863389968872
81.72,2.7102437019348145,2.4845842123031616,2.628459930419922
81.74,2.5432446002960205,2.4131099581718445,2.8360564708709717
81.76,2.3762454986572266,2.3416357040405273,3.0436530113220215
81.78,2.372428059577942,2.4743446707725525,3.2452312707901
81.8,2.3686106204986572,2.6070536375045776,3.4468095302581787
81.82,2.3647931814193726,2.739762604236603,3.6483877897262573
81.84,2.360975742340088,2.872471570968628,3.849966049194336
81.86,2.883414387702942,2.8499558568000793,3.4906709790229797
81.88,3.405853033065796,2.8274401426315308,3.1313759088516235
81.9,3.92829167842865,2.804924428462982,2.7720808386802673
81.92,4.450730323791504,2.7824087142944336,2.412785768508911
81.94,4.730328679084778,2.7025868892669678,2.4392881989479065
81.96,5.009927034378052,2.622765064239502,2.465790629386902
81.98,5.289525389671326,2.542943239212036,2.492293059825897
82.0,5.5691237449646,2.4631214141845703,2.5187954902648926
82.02,5.501959681510925,2.4131968021392822,2.5994734168052673
82.04,5.434795618057251,2.363272190093994,2.680151343345642
82.06,5.367631554603577,2.313347578048706,2.760829269886017
82.08,5.300467491149902,2.263422966003418,2.8415071964263916
82.1,5.108165264129639,2.3729403018951416,2.6886030435562134
82.12,4.915863037109375,2.4824576377868652,2.535698890686035
82.14,4.723560810089111,2.591974973678589,2.382794737815857
82.16,4.531258583068848,2.7014923095703125,2.2298905849456787
82.18,4.461250424385071,2.6710530519485474,2.2961657643318176
82.2,4.391242265701294,2.6406137943267822,2.3624409437179565
82.22,4.321234107017517,2.610174536705017,2.4287161231040955
82.24,4.25122594833374,2.579735279083252,2.4949913024902344
82.26,4.733289361000061,2.6003993153572083,2.497281551361084
82.28,5.215352773666382,2.6210633516311646,2.4995718002319336
82.3,5.697416186332703,2.641727387905121,2.501862049102783
82.32,6.179479598999023,2.662391424179077,2.504152297973633
82.34,5.8947389125823975,2.63162362575531,2.488337457180023
82.36,5.6099982261657715,2.600855827331543,2.4725226163864136
82.38,5.3252575397491455,2.570088028907776,2.456707775592804
82.4,5.0405168533325195,2.539320230484009,2.4408929347991943
82.42,4.9964680671691895,2.5901867151260376,2.507905125617981
82.44,4.952419281005859,2.6410531997680664,2.5749173164367676
82.46,4.908370494842529,2.691919684410095,2.641929507255554
82.48,4.864321708679199,2.742786169052124,2.708941698074341
82.5,5.000877618789673,2.7136561274528503,2.573620557785034
82.52,5.1374335289001465,2.6845260858535767,2.4382994174957275
82.54,5.27398943901062,2.655396044254303,2.302978277206421
82.56,5.410545349121094,2.6262660026550293,2.1676571369171143
82.58,5.091671586036682,2.741339921951294,2.2317556738853455
82.6,4.7727978229522705,2.8564138412475586,2.2958542108535767
82.62,4.453924059867859,2.9714877605438232,2.359952747821808
82.64,4.135050296783447,3.086561679840088,2.424051284790039
82.66,4.421178340911865,2.947025418281555,2.4713464975357056
82.68,4.707306385040283,2.8074891567230225,2.518641710281372
82.7,4.993434429168701,2.6679528951644897,2.5659369230270386
82.72,5.279562473297119,2.528416633605957,2.613232135772705
82.74,5.23928439617157,2.5345832109451294,2.479408621788025
82.76,5.1990063190460205,2.5407497882843018,2.3455851078033447
82.78,5.158728241920471,2.546916365623474,2.2117615938186646
82.8,5.118450164794922,2.5530829429626465,2.0779380798339844
82.82,4.713494122028351,2.5454636216163635,2.231558918952942
82.84,4.30853807926178,2.5378443002700806,2.3851797580718994
82.86,3.9035820364952087,2.5302249789237976,2.538800597190857
82.88,3.4986259937286377,2.5226056575775146,2.6924214363098145
82.9,3.215958595275879,2.5480971932411194,2.9072755575180054
82.92,2.93329119682312,2.573588728904724,3.1221296787261963
82.94,2.6506237983703613,2.599080264568329,3.336983799934387
82.96,2.3679563999176025,2.6245718002319336,3.551837921142578
82.98,2.5906381607055664,2.6158499717712402,3.3594064712524414
83.0,2.8133199214935303,2.607128143310547,3.1669750213623047
83.02,3.036001682281494,2.5984063148498535,2.974543571472168
83.04,3.258683443069458,2.58968448638916,2.7821121215820312
83.06,2.983379900455475,2.571495294570923,2.9007405638694763
83.08,2.7080763578414917,2.5533061027526855,3.0193690061569214
83.1,2.4327728152275085,2.5351169109344482,3.1379974484443665
83.12,2.1574692726135254,2.516927719116211,3.2566258907318115
83.14,2.2940033674240112,2.603580117225647,3.1786901354789734
83.16,2.430537462234497,2.690232515335083,3.1007543802261353
83.18,2.567071557044983,2.776884913444519,3.022818624973297
83.2,2.7036056518554688,2.863537311553955,2.944882869720459
83.22,2.688207983970642,2.858632445335388,3.4255244731903076
83.24,2.6728103160858154,2.8537275791168213,3.9061660766601562
83.26,2.6574126482009888,2.8488227128982544,4.386807680130005
83.28,2.642014980316162,2.8439178466796875,4.8674492835998535
83.3,2.5700612664222717,2.8131136894226074,4.395935773849487
83.32,2.4981075525283813,2.7823095321655273,3.924422264099121
83.34,2.426153838634491,2.7515053749084473,3.452908754348755
83.36,2.3542001247406006,2.720701217651367,2.9813952445983887
83.38,2.347856044769287,2.6999510526657104,3.6637195348739624
83.4,2.3415119647979736,2.6792008876800537,4.346043825149536
83.42,2.33516788482666,2.658450722694397,5.02836811542511
83.44,2.3288238048553467,2.6377005577087402,5.710692405700684
83.46,2.3407466411590576,2.7316083908081055,5.619473934173584
83.48,2.3526694774627686,2.8255162239074707,5.528255462646484
83.5,2.3645923137664795,2.919424057006836,5.437036991119385
83.52,2.3765151500701904,3.013331890106201,5.345818519592285
83.54,2.425060272216797,3.0387293696403503,5.490094065666199
83.56,2.4736053943634033,3.0641268491744995,5.634369611740112
83.58,2.5221505165100098,3.0895243287086487,5.778645157814026
83.6,2.570695638656616,3.114921808242798,5.9229207038879395
83.62,2.6338711380958557,3.0452478528022766,5.84354829788208
83.64,2.697046637535095,2.9755738973617554,5.764175891876221
83.66,2.7602221369743347,2.905899941921234,5.684803485870361
83.68,2.823397636413574,2.836225986480713,5.605431079864502
83.7,2.645640254020691,2.807772636413574,5.597912907600403
83.72,2.4678828716278076,2.7793192863464355,5.590394735336304
83.74,2.2901254892349243,2.750865936279297,5.582876563072205
83.76,2.112368106842041,2.722412586212158,5.5753583908081055
83.78,2.1416925191879272,2.7423306107521057,4.9283998012542725
83.8,2.1710169315338135,2.7622486352920532,4.2814412117004395
83.82,2.2003413438796997,2.7821666598320007,3.6344826221466064
83.84,2.229665756225586,2.8020846843719482,2.9875240325927734
83.86,2.2469573616981506,2.887039542198181,3.1718726754188538
83.88,2.2642489671707153,2.971994400024414,3.356221318244934
83.9,2.28154057264328,3.056949257850647,3.5405699610710144
83.92,2.2988321781158447,3.14190411567688,3.7249186038970947
83.94,2.342780351638794,3.025426924228668,3.7462278008461
83.96,2.386728525161743,2.9089497327804565,3.767536997795105
83.98,2.4306766986846924,2.792472541332245,3.78884619474411
84.0,2.4746248722076416,2.675995349884033,3.8101553916931152
84.02,2.542730927467346,2.7791616320610046,4.019340753555298
84.04,2.610836982727051,2.882327914237976,4.2285261154174805
84.06,2.6789430379867554,2.9854941964149475,4.437711477279663
84.08,2.74704909324646,3.088660478591919,4.646896839141846
84.1,2.6328091621398926,3.0225183367729187,4.7549484968185425
84.12,2.518569231033325,2.9563761949539185,4.863000154495239
84.14,2.404329299926758,2.890234053134918,4.971051812171936
84.16,2.2900893688201904,2.824091911315918,5.079103469848633
84.18,2.276186943054199,2.8350958228111267,5.130110383033752
84.2,2.262284517288208,2.8460997343063354,5.181117296218872
84.22,2.248382091522217,2.857103645801544,5.232124209403992
84.24,2.2344796657562256,2.868107557296753,5.283131122589111
84.26,2.218696177005768,2.933351993560791,5.121705174446106
84.28,2.20291268825531,2.998596429824829,4.960279226303101
84.3,2.1871291995048523,3.063840866088867,4.798853278160095
84.32,2.1713457107543945,3.1290853023529053,4.63742733001709
84.34,2.224881112575531,3.253407657146454,4.1037139892578125
84.36,2.2784165143966675,3.3777300119400024,3.570000648498535
84.38,2.331951916217804,3.502052366733551,3.036287307739258
84.4,2.3854873180389404,3.6263747215270996,2.5025739669799805
84.42,2.580343782901764,3.4312066435813904,2.5059167742729187
84.44,2.7752002477645874,3.236038565635681,2.509259581565857
84.46,2.970056712627411,3.040870487689972,2.512602388858795
84.48,3.1649131774902344,2.8457024097442627,2.5159451961517334
84.5,2.972342550754547,2.9174440503120422,2.4490485787391663
84.52,2.77977192401886,2.9891856908798218,2.382151961326599
84.54,2.5872012972831726,3.0609273314476013,2.315255343914032
84.56,2.3946306705474854,3.132668972015381,2.248358726501465
84.58,2.384199559688568,3.097377896308899,2.1689297556877136
84.6,2.373768448829651,3.062086820602417,2.0895007848739624
84.62,2.3633373379707336,3.026795744895935,2.010071814060211
84.64,2.3529062271118164,2.991504669189453,1.93064284324646
84.66,2.3618674278259277,2.8983051776885986,2.0624647736549377
84.68,2.370828628540039,2.805105686187744,2.1942867040634155
84.7,2.3797898292541504,2.7119061946868896,2.3261086344718933
84.72,2.3887510299682617,2.618706703186035,2.457930564880371
84.74,2.3824910521507263,2.635787546634674,2.530467391014099
84.76,2.376231074333191,2.652868390083313,2.603004217147827
84.78,2.3699710965156555,2.669949233531952,2.675541043281555
84.8,2.36371111869812,2.687030076980591,2.748077869415283
84.82,2.3423177003860474,2.8067538142204285,2.8985589742660522
84.84,2.3209242820739746,2.926477551460266,3.0490400791168213
84.86,2.299530863761902,3.0462012887001038,3.1995211839675903
84.88,2.278137445449829,3.1659250259399414,3.3500022888183594
84.9,2.3747580647468567,3.122374713420868,3.640701174736023
84.92,2.4713786840438843,3.0788244009017944,3.9314000606536865
84.94,2.567999303340912,3.035274088382721,4.22209894657135
84.96,2.6646199226379395,2.9917237758636475,4.512797832489014
84.98,2.518170475959778,2.880311131477356,4.670509219169617
85.0,2.371721029281616,2.7688984870910645,4.82822060585022
85.02,2.2252715826034546,2.657485842704773,4.985931992530823
85.04,2.078822135925293,2.5460731983184814,5.143643379211426
85.06,2.2146010398864746,2.658070683479309,4.905070543289185
85.08,2.3503799438476562,2.7700681686401367,4.666497707366943
85.1,2.486158847808838,2.8820656538009644,4.427924871444702
85.12,2.6219377517700195,2.994063138961792,4.189352035522461
85.14,2.4820584058761597,2.8639345169067383,4.527685046195984
85.16,2.3421790599823,2.7338058948516846,4.866018056869507
85.18,2.20229971408844,2.603677272796631,5.20435106754303
85.2,2.06242036819458,2.473548650741577,5.542684078216553
85.22,2.071121096611023,2.618990898132324,5.016396999359131
85.24,2.079821825027466,2.7644331455230713,4.490109920501709
85.26,2.0885225534439087,2.9098753929138184,3.963822841644287
85.28,2.0972232818603516,3.0553176403045654,3.4375357627868652
85.3,2.1881783604621887,3.0595465302467346,3.8023061752319336
85.32,2.279133439064026,3.063775420188904,4.167076587677002
85.34,2.370088517665863,3.068004310131073,4.53184700012207
85.36,2.4610435962677,3.072233200073242,4.896617412567139
85.38,2.4285786747932434,3.0548635125160217,4.280700206756592
85.4,2.3961137533187866,3.0374938249588013,3.664783000946045
85.42,2.36364883184433,3.020124137401581,3.048865795135498
85.44,2.331183910369873,3.0027544498443604,2.432948589324951
85.46,2.226057708263397,2.9960731267929077,2.4595757722854614
85.48,2.1209315061569214,2.989391803741455,2.4862029552459717
85.5,2.0158053040504456,2.9827104806900024,2.512830138206482
85.52,1.9106791019439697,2.97602915763855,2.539457321166992
85.54,1.9888991713523865,3.0058921575546265,2.460359752178192
85.56,2.0671192407608032,3.035755157470703,2.381262183189392
85.58,2.14533931016922,3.06561815738678,2.302164614200592
85.6,2.2235593795776367,3.0954811573028564,2.223067045211792
85.62,2.1921560764312744,3.1107301115989685,2.611725866794586
85.64,2.160752773284912,3.1259790658950806,3.0003846883773804
85.66,2.12934947013855,3.1412280201911926,3.3890435099601746
85.68,2.0979461669921875,3.1564769744873047,3.7777023315429688
85.7,2.2601836919784546,3.154361069202423,3.6993871927261353
85.72,2.4224212169647217,3.1522451639175415,3.6210720539093018
85.74,2.5846587419509888,3.15012925863266,3.5427569150924683
85.76,2.746896266937256,3.1480133533477783,3.4644417762756348
85.78,2.8227015137672424,3.047408640384674,3.5529703497886658
85.8,2.898506760597229,2.94680392742157,3.6414989233016968
85.82,2.9743120074272156,2.8461992144584656,3.730027496814728
85.84,3.050117254257202,2.7455945014953613,3.818556070327759
85.86,2.9308268427848816,2.7461310625076294,3.8231261372566223
85.88,2.811536431312561,2.7466676235198975,3.827696204185486
85.9,2.6922460198402405,2.7472041845321655,3.8322662711143494
85.92,2.57295560836792,2.7477407455444336,3.836836338043213
85.94,2.718292772769928,2.7895014882087708,3.6526538729667664
85.96,2.863629937171936,2.831262230873108,3.46847140789032
85.98,3.008967101573944,2.873022973537445,3.2842889428138733
86.0,3.154304265975952,2.9147837162017822,3.1001064777374268
86.02,3.014166533946991,2.9597864747047424,2.966465473175049
86.04,2.87402880191803,3.0047892332077026,2.832824468612671
86.06,2.7338910698890686,3.049791991710663,2.699183464050293
86.08,2.5937533378601074,3.094794750213623,2.565542459487915
86.1,2.7568480372428894,3.111669957637787,2.543738603591919
86.12,2.9199427366256714,3.1285451650619507,2.521934747695923
86.14,3.0830374360084534,3.1454203724861145,2.5001308917999268
86.16,3.2461321353912354,3.1622955799102783,2.4783270359039307
86.18,3.417157769203186,3.077113926410675,2.514208137989044
86.2,3.5881834030151367,2.9919322729110718,2.5500892400741577
86.22,3.7592090368270874,2.9067506194114685,2.5859703421592712
86.24,3.930234670639038,2.8215689659118652,2.6218514442443848
86.26,3.7240882515907288,2.785044550895691,2.9346999526023865
86.28,3.5179418325424194,2.7485201358795166,3.247548460960388
86.3,3.31179541349411,2.7119957208633423,3.56039696931839
86.32,3.105648994445801,2.675471305847168,3.8732454776763916
86.34,2.837521731853485,2.735947012901306,3.507253587245941
86.36,2.5693944692611694,2.7964227199554443,3.1412616968154907
86.38,2.3012672066688538,2.8568984270095825,2.7752698063850403
86.4,2.033139944076538,2.9173741340637207,2.40927791595459
86.42,2.2185160517692566,2.878910720348358,2.6566566228866577
86.44,2.403892159461975,2.8404473066329956,2.9040353298187256
86.46,2.5892682671546936,2.801983892917633,3.1514140367507935
86.48,2.774644374847412,2.7635204792022705,3.3987927436828613
86.5,2.63211852312088,2.888331651687622,3.2279409170150757
86.52,2.489592671394348,3.0131428241729736,3.05708909034729
86.54,2.347066819667816,3.137953996658325,2.8862372636795044
86.56,2.204540967941284,3.2627651691436768,2.7153854370117188
86.58,2.3779520392417908,3.3713194727897644,2.9449790716171265
86.6,2.5513631105422974,3.479873776435852,3.174572706222534
86.62,2.724774181842804,3.5884280800819397,3.404166340827942
86.64,2.8981852531433105,3.6969823837280273,3.6337599754333496
86.66,2.8712486624717712,3.6224902868270874,3.393380105495453
86.68,2.844312071800232,3.5479981899261475,3.153000235557556
86.7,2.8173754811286926,3.4735060930252075,2.9126203656196594
86.72,2.7904388904571533,3.3990139961242676,2.6722404956817627
86.74,2.851718544960022,3.302914619445801,2.9180948138237
86.76,2.9129981994628906,3.206815242767334,3.163949131965637
86.78,2.9742778539657593,3.110715866088867,3.4098034501075745
86.8,3.035557508468628,3.0146164894104004,3.6556577682495117
86.82,2.945108652114868,3.010581314563751,3.671970307826996
86.84,2.8546597957611084,3.006546139717102,3.68828284740448
86.86,2.7642109394073486,3.002510964870453,3.704595386981964
86.88,2.673762083053589,2.9984757900238037,3.7209079265594482
86.9,2.559841215610504,2.945305824279785,3.570112884044647
86.92,2.4459203481674194,2.8921358585357666,3.419317841529846
86.94,2.3319994807243347,2.838965892791748,3.268522799015045
86.96,2.21807861328125,2.7857959270477295,3.117727756500244
86.98,2.6345170736312866,2.7392656207084656,3.2208074927330017
87.0,3.0509555339813232,2.6927353143692017,3.3238872289657593
87.02,3.46739399433136,2.6462050080299377,3.426966965198517
87.04,3.8838324546813965,2.599674701690674,3.5300467014312744
87.06,3.46176540851593,2.5495715141296387,4.019852578639984
87.08,3.039698362350464,2.4994683265686035,4.509658455848694
87.1,2.6176313161849976,2.4493651390075684,4.999464333057404
87.12,2.1955642700195312,2.399261951446533,5.489270210266113
87.14,2.5230792760849,2.44003963470459,4.824362576007843
87.16,2.8505942821502686,2.4808173179626465,4.159454941749573
87.18,3.178109288215637,2.521595001220703,3.4945473074913025
87.2,3.505624294281006,2.5623726844787598,2.8296396732330322
87.22,3.33882212638855,2.6797208189964294,2.6420223116874695
87.24,3.1720199584960938,2.797068953514099,2.4544049501419067
87.26,3.0052177906036377,2.914417088031769,2.266787588596344
87.28,2.8384156227111816,3.0317652225494385,2.0791702270507812
87.3,3.134925603866577,2.9389262795448303,2.2646517157554626
87.32,3.4314355850219727,2.846087336540222,2.450133204460144
87.34,3.727945566177368,2.753248393535614,2.6356146931648254
87.36,4.024455547332764,2.660409450531006,2.821096181869507
87.38,4.081722140312195,2.691154360771179,2.7847089171409607
87.4,4.138988733291626,2.7218992710113525,2.7483216524124146
87.42,4.196255326271057,2.752644181251526,2.7119343876838684
87.44,4.253521919250488,2.783389091491699,2.6755471229553223
87.46,4.124846577644348,2.8484472036361694,2.713255226612091
87.48,3.996171236038208,2.9135053157806396,2.75096333026886
87.5,3.867495894432068,2.97856342792511,2.7886714339256287
87.52,3.7388205528259277,3.04362154006958,2.8263795375823975
87.54,3.9035801887512207,2.914797067642212,2.943521797657013
87.56,4.068339824676514,2.7859725952148438,3.0606640577316284
87.58,4.233099460601807,2.6571481227874756,3.177806317806244
87.6,4.3978590965271,2.5283236503601074,3.2949485778808594
87.62,4.220421314239502,2.620942711830139,3.0818085074424744
87.64,4.042983531951904,2.713561773300171,2.8686684370040894
87.66,3.8655457496643066,2.8061808347702026,2.6555283665657043
87.68,3.688107967376709,2.8987998962402344,2.4423882961273193
87.7,3.3431241512298584,2.8273274302482605,2.379677474498749
87.72,2.998140335083008,2.7558549642562866,2.3169666528701782
87.74,2.6531565189361572,2.6843824982643127,2.2542558312416077
87.76,2.3081727027893066,2.612910032272339,2.191545009613037
87.78,2.2946667671203613,2.6486887335777283,2.337380588054657
87.8,2.281160831451416,2.6844674348831177,2.483216166496277
87.82,2.2676548957824707,2.720246136188507,2.6290517449378967
87.84,2.2541489601135254,2.7560248374938965,2.7748873233795166
87.86,2.2488709688186646,2.7758955359458923,2.8195260763168335
87.88,2.2435929775238037,2.795766234397888,2.8641648292541504
87.9,2.238314986228943,2.815636932849884,2.9088035821914673
87.92,2.233036994934082,2.83550763130188,2.953442335128784
87.94,2.234796166419983,2.8684951663017273,2.9541099071502686
87.96,2.236555337905884,2.9014827013015747,2.954777479171753
87.98,2.2383145093917847,2.934470236301422,2.9554450511932373
88.0,2.2400736808776855,2.9674577713012695,2.9561126232147217
88.02,2.1990354657173157,3.1061482429504395,2.9083046913146973
88.04,2.157997250556946,3.2448387145996094,2.860496759414673
88.06,2.116959035396576,3.3835291862487793,2.8126888275146484
88.08,2.075920820236206,3.522219657897949,2.764880895614624
88.1,2.145546615123749,3.37749981880188,2.9637232422828674
88.12,2.2151724100112915,3.2327799797058105,3.162565588951111
88.14,2.2847982048988342,3.088060140609741,3.3614079356193542
88.16,2.354423999786377,2.943340301513672,3.5602502822875977
88.18,2.2651987075805664,2.9527910947799683,3.591644763946533
88.2,2.175973415374756,2.9622418880462646,3.6230392456054688
88.22,2.0867481231689453,2.971692681312561,3.6544337272644043
88.24,1.9975228309631348,2.9811434745788574,3.68582820892334
88.26,2.0197665691375732,2.8570046424865723,4.033055543899536
88.28,2.0420103073120117,2.732865810394287,4.380282878875732
88.3,2.06425404548645,2.608726978302002,4.727510213851929
88.32,2.0864977836608887,2.484588146209717,5.074737548828125
88.34,2.0998517274856567,2.535880446434021,4.883493185043335
88.36,2.113205671310425,2.587172746658325,4.692248821258545
88.38,2.126559615135193,2.6384650468826294,4.501004457473755
88.4,2.139913558959961,2.6897573471069336,4.309760093688965
88.42,2.1763457655906677,2.8785812854766846,3.9918583631515503
88.44,2.2127779722213745,3.0674052238464355,3.6739566326141357
88.46,2.2492101788520813,3.2562291622161865,3.356054902076721
88.48,2.285642385482788,3.4450531005859375,3.0381531715393066
88.5,2.400806248188019,3.262428402900696,2.9401933550834656
88.52,2.5159701108932495,3.079803705215454,2.8422335386276245
88.54,2.6311339735984802,2.8971790075302124,2.7442737221717834
88.56,2.746297836303711,2.7145543098449707,2.6463139057159424
88.58,2.7031379342079163,2.8111252784729004,2.555254340171814
88.6,2.6599780321121216,2.90769624710083,2.4641947746276855
88.62,2.616818130016327,3.0042672157287598,2.373135209083557
88.64,2.5736582279205322,3.1008381843566895,2.2820756435394287
88.66,2.517485499382019,3.041010618209839,2.3967804312705994
88.68,2.461312770843506,2.9811830520629883,2.51148521900177
88.7,2.4051400423049927,2.9213554859161377,2.6261900067329407
88.72,2.3489673137664795,2.861527919769287,2.7408947944641113
88.74,2.356637716293335,2.8863391280174255,2.6985236406326294
88.76,2.3643081188201904,2.911150336265564,2.6561524868011475
88.78,2.371978521347046,2.9359615445137024,2.6137813329696655
88.8,2.3796489238739014,2.960772752761841,2.5714101791381836
88.82,2.3916468024253845,2.9281991124153137,2.4863476753234863
88.84,2.4036446809768677,2.8956254720687866,2.401285171508789
88.86,2.415642559528351,2.8630518317222595,2.316222667694092
88.88,2.427640438079834,2.8304781913757324,2.2311601638793945
88.9,2.401400089263916,2.914117991924286,2.353446900844574
88.92,2.375159740447998,2.9977577924728394,2.4757336378097534
88.94,2.34891939163208,3.081397593021393,2.598020374774933
88.96,2.322679042816162,3.1650373935699463,2.7203071117401123
88.98,2.4045626521110535,3.141558885574341,2.761082708835602
89.0,2.486446261405945,3.1180803775787354,2.8018583059310913
89.02,2.568329870700836,3.09460186958313,2.842633903026581
89.04,2.6502134799957275,3.0711233615875244,2.8834095001220703
89.06,2.6121440529823303,3.0079445838928223,3.0191345810890198
89.08,2.574074625968933,2.94476580619812,3.1548596620559692
89.1,2.536005198955536,2.881587028503418,3.2905847430229187
89.12,2.4979357719421387,2.818408250808716,3.426309823989868
89.14,2.3912237882614136,2.8891748785972595,3.186647117137909
89.16,2.2845118045806885,2.9599415063858032,2.9469844102859497
89.18,2.1777998208999634,3.030708134174347,2.7073217034339905
89.2,2.0710878372192383,3.1014747619628906,2.4676589965820312
89.22,2.227838695049286,3.0536842346191406,2.545872747898102
89.24,2.3845895528793335,3.0058937072753906,2.6240864992141724
89.26,2.541340410709381,2.9581031799316406,2.702300250530243
89.28,2.6980912685394287,2.9103126525878906,2.7805140018463135
89.3,2.568222403526306,2.866225004196167,3.303389847278595
89.32,2.4383535385131836,2.8221373558044434,3.8262656927108765
89.34,2.308484673500061,2.7780497074127197,4.349141538143158
89.36,2.1786158084869385,2.733962059020996,4.8720173835754395
89.38,2.241401731967926,2.7880438566207886,4.468252182006836
89.4,2.3041876554489136,2.842125654220581,4.064486980438232
89.42,2.366973578929901,2.8962074518203735,3.660721778869629
89.44,2.4297595024108887,2.950289249420166,3.2569565773010254
89.46,2.4863336086273193,3.12580144405365,3.123777985572815
89.48,2.54290771484375,3.301313638687134,2.9905993938446045
89.5,2.5994818210601807,3.4768258333206177,2.857420802116394
89.52,2.6560559272766113,3.6523380279541016,2.7242422103881836
89.54,2.6017531156539917,3.48263418674469,2.7106099128723145
89.56,2.547450304031372,3.3129303455352783,2.6969776153564453
89.58,2.4931474924087524,3.1432265043258667,2.683345317840576
89.6,2.438844680786133,2.973522663116455,2.669713020324707
89.62,2.420153856277466,2.9350027441978455,2.5649783611297607
89.64,2.401463031768799,2.896482825279236,2.4602437019348145
89.66,2.382772207260132,2.857962906360626,2.355509042739868
89.68,2.364081382751465,2.8194429874420166,2.250774383544922
89.7,2.294609546661377,2.9124196767807007,2.3777499198913574
89.72,2.225137710571289,3.0053963661193848,2.504725456237793
89.74,2.155665874481201,3.098373055458069,2.6317009925842285
89.76,2.0861940383911133,3.191349744796753,2.758676528930664
89.78,2.2290502190589905,3.1911993622779846,2.6341978311538696
89.8,2.3719063997268677,3.1910489797592163,2.509719133377075
89.82,2.514762580394745,3.190898597240448,2.3852404356002808
89.84,2.657618761062622,3.1907482147216797,2.2607617378234863
89.86,2.62258380651474,3.166666269302368,2.3521147966384888
89.88,2.587548851966858,3.1425843238830566,2.443467855453491
89.9,2.552513897418976,3.118502378463745,2.5348209142684937
89.92,2.5174789428710938,3.0944204330444336,2.626173973083496
89.94,2.54697048664093,3.061196446418762,2.61528480052948
89.96,2.5764620304107666,3.027972459793091,2.604395627975464
89.98,2.605953574180603,2.9947484731674194,2.5935064554214478
90.0,2.6354451179504395,2.961524486541748,2.5826172828674316
90.02,2.448293834924698,2.8957350850105286,2.674809753894806
90.04,2.2611425518989563,2.829945683479309,2.76700222492218
90.06,2.0739912688732147,2.7641562819480896,2.8591946959495544
90.08,1.8868399858474731,2.69836688041687,2.9513871669769287
90.1,1.9867782294750214,2.858604848384857,2.8860344290733337
90.12,2.0867164731025696,3.0188428163528442,2.8206816911697388
90.14,2.186654716730118,3.1790807843208313,2.755328953266144
90.16,2.286592960357666,3.3393187522888184,2.689976215362549
90.18,2.271797776222229,3.26970511674881,2.5795928835868835
90.2,2.257002592086792,3.2000914812088013,2.4692095518112183
90.22,2.242207407951355,3.1304778456687927,2.358826220035553
90.24,2.227412223815918,3.060864210128784,2.2484428882598877
90.26,2.303380787372589,3.0431101322174072,2.498016595840454
90.28,2.3793493509292603,3.0253560543060303,2.7475903034210205
90.3,2.4553179144859314,3.0076019763946533,2.997164011001587
90.32,2.5312864780426025,2.9898478984832764,3.2467377185821533
90.34,2.5790979862213135,2.9311906695365906,3.0908209681510925
90.36,2.6269094944000244,2.872533440589905,2.9349042177200317
90.38,2.6747210025787354,2.813876211643219,2.778987467288971
90.4,2.7225325107574463,2.755218982696533,2.62307071685791
90.42,2.733823001384735,2.921727776527405,2.74674391746521
90.44,2.745113492012024,3.0882365703582764,2.8704171180725098
90.46,2.7564039826393127,3.254745364189148,2.9940903186798096
90.48,2.7676944732666016,3.4212541580200195,3.1177635192871094
90.5,2.6275779604911804,3.3006783723831177,3.0018439292907715
90.52,2.4874614477157593,3.180102586746216,2.8859243392944336
90.54,2.347344934940338,3.059526801109314,2.7700047492980957
90.56,2.207228422164917,2.938951015472412,2.654085159301758
90.58,2.2397496700286865,2.8876818418502808,2.5665205121040344
90.6,2.272270917892456,2.8364126682281494,2.478955864906311
90.62,2.3047921657562256,2.785143494606018,2.3913912177085876
90.64,2.337313413619995,2.7338743209838867,2.3038265705108643
90.66,2.2757568359375,2.7429617047309875,2.1980635225772858
90.68,2.214200258255005,2.7520490884780884,2.0923004746437073
90.7,2.1526436805725098,2.761136472225189,1.9865374267101288
90.72,2.0910871028900146,2.77022385597229,1.8807743787765503
90.74,2.128447413444519,2.8539111614227295,2.1192549765110016
90.76,2.1658077239990234,2.937598466873169,2.357735574245453
90.78,2.203168034553528,3.0212857723236084,2.596216171979904
90.8,2.2405283451080322,3.104973077774048,2.8346967697143555
90.82,2.425742447376251,3.0075467228889465,2.777068555355072
90.84,2.61095654964447,2.910120368003845,2.7194403409957886
90.86,2.796170651912689,2.812694013118744,2.661812126636505
90.88,2.981384754180908,2.7152676582336426,2.6041839122772217
90.9,2.891569495201111,2.7378294467926025,2.540662109851837
90.92,2.8017542362213135,2.7603912353515625,2.4771403074264526
90.94,2.711938977241516,2.7829530239105225,2.413618505001068
90.96,2.6221237182617188,2.8055148124694824,2.3500967025756836
90.98,2.5851075649261475,2.740998148918152,2.477779448032379
91.0,2.548091411590576,2.6764814853668213,2.6054621934890747
91.02,2.511075258255005,2.6119648218154907,2.7331449389457703
91.04,2.4740591049194336,2.54744815826416,2.860827684402466
91.06,2.5854973196983337,2.548181474208832,2.9930763244628906
91.08,2.696935534477234,2.5489147901535034,3.1253249645233154
91.1,2.808373749256134,2.549648106098175,3.2575736045837402
91.12,2.919811964035034,2.5503814220428467,3.389822244644165
91.14,2.8072991371154785,2.600309193134308,3.212882936000824
91.16,2.694786310195923,2.650236964225769,3.035943627357483
91.18,2.582273483276367,2.7001647353172302,2.859004318714142
91.2,2.4697606563568115,2.7500925064086914,2.682065010070801
91.22,2.3998108506202698,2.8243428468704224,2.7548024654388428
91.24,2.329861044883728,2.8985931873321533,2.8275399208068848
91.26,2.2599112391471863,2.9728435277938843,2.9002773761749268
91.28,2.1899614334106445,3.0470938682556152,2.9730148315429688
91.3,2.168102443218231,2.9359506964683533,2.932677447795868
91.32,2.146243453025818,2.8248075246810913,2.892340064048767
91.34,2.1243844628334045,2.7136643528938293,2.8520026803016663
91.36,2.102525472640991,2.6025211811065674,2.8116652965545654
91.38,2.260922908782959,2.7052873969078064,2.741412043571472
91.4,2.4193203449249268,2.8080536127090454,2.671158790588379
91.42,2.5777177810668945,2.9108198285102844,2.6009055376052856
91.44,2.7361152172088623,3.0135860443115234,2.5306522846221924
91.46,2.6421457529067993,3.129700183868408,2.5209314227104187
91.48,2.5481762886047363,3.245814323425293,2.511210560798645
91.5,2.4542068243026733,3.3619284629821777,2.5014896988868713
91.52,2.3602373600006104,3.4780426025390625,2.4917688369750977
91.54,2.3352479934692383,3.3836724162101746,2.5923768877983093
91.56,2.310258626937866,3.2893022298812866,2.692984938621521
91.58,2.285269260406494,3.1949320435523987,2.7935929894447327
91.6,2.260279893875122,3.1005618572235107,2.8942010402679443
91.62,2.309419631958008,3.066636800765991,2.7861304879188538
91.64,2.3585593700408936,3.0327117443084717,2.678059935569763
91.66,2.4076991081237793,2.998786687850952,2.5699893832206726
91.68,2.456838846206665,2.9648616313934326,2.461918830871582
91.7,2.4142897725105286,3.0196858644485474,2.379792273044586
91.72,2.371740698814392,3.074510097503662,2.2976657152175903
91.74,2.3291916251182556,3.129334330558777,2.2155391573905945
91.76,2.286642551422119,3.1841585636138916,2.1334125995635986
91.78,2.5690540075302124,3.142018973827362,2.26944100856781
91.8,2.8514654636383057,3.0998793840408325,2.4054694175720215
91.82,3.133876919746399,3.057739794254303,2.541497826576233
91.84,3.416288375854492,3.0156002044677734,2.6775262355804443
91.86,3.1268067955970764,2.900230288505554,2.6211209297180176
91.88,2.8373252153396606,2.784860372543335,2.564715623855591
91.9,2.547843635082245,2.6694904565811157,2.508310317993164
91.92,2.258362054824829,2.5541205406188965,2.4519050121307373
91.94,2.4122669100761414,2.675131678581238,2.5008410811424255
91.96,2.5661717653274536,2.796142816543579,2.5497771501541138
91.98,2.720076620578766,2.9171539545059204,2.598713219165802
92.0,2.873981475830078,3.0381650924682617,2.6476492881774902
92.02,2.7725924253463745,3.0467575192451477,2.5270805954933167
92.04,2.671203374862671,3.0553499460220337,2.406511902809143
92.06,2.5698143243789673,3.0639423727989197,2.2859432101249695
92.08,2.4684252738952637,3.0725347995758057,2.165374517440796
92.1,2.4389127492904663,2.9813666939735413,2.2955670952796936
92.12,2.409400224685669,2.890198588371277,2.4257596731185913
92.14,2.3798877000808716,2.7990304827690125,2.555952250957489
92.16,2.350375175476074,2.707862377166748,2.6861448287963867
92.18,2.274358093738556,2.686277210712433,2.73018479347229
92.2,2.1983410120010376,2.6646920442581177,2.7742247581481934
92.22,2.1223239302635193,2.6431068778038025,2.8182647228240967
92.24,2.046306848526001,2.6215217113494873,2.8623046875
92.26,2.0805424451828003,2.6236706376075745,2.798724591732025
92.28,2.1147780418395996,2.6258195638656616,2.7351444959640503
92.3,2.149013638496399,2.627968490123749,2.6715644001960754
92.32,2.1832492351531982,2.630117416381836,2.6079843044281006
92.34,2.2871455550193787,2.6463857889175415,2.6569398045539856
92.36,2.391041874885559,2.662654161453247,2.7058953046798706
92.38,2.4949381947517395,2.6789225339889526,2.7548508048057556
92.4,2.59883451461792,2.695190906524658,2.8038063049316406
92.42,2.5254989862442017,2.753365397453308,2.829188346862793
92.44,2.4521634578704834,2.811539888381958,2.8545703887939453
92.46,2.378827929496765,2.869714379310608,2.8799524307250977
92.48,2.305492401123047,2.927888870239258,2.90533447265625
92.5,2.3443780541419983,2.9685906171798706,2.8110172748565674
92.52,2.3832637071609497,3.0092923641204834,2.7167000770568848
92.54,2.422149360179901,3.049994111061096,2.622382879257202
92.56,2.4610350131988525,3.090695858001709,2.5280656814575195
92.58,2.4403499364852905,3.035369396209717,2.5437410473823547
92.6,2.4196648597717285,2.9800429344177246,2.55941641330719
92.62,2.3989797830581665,2.9247164726257324,2.575091779232025
92.64,2.3782947063446045,2.8693900108337402,2.5907671451568604
92.66,2.4446887969970703,2.8651576042175293,2.696336567401886
92.68,2.511082887649536,2.8609251976013184,2.8019059896469116
92.7,2.577476978302002,2.8566927909851074,2.9074754118919373
92.72,2.6438710689544678,2.8524603843688965,3.013044834136963
92.74,2.5939431190490723,3.0176066160202026,2.8990522623062134
92.76,2.5440151691436768,3.182752847671509,2.785059690475464
92.78,2.4940872192382812,3.347899079322815,2.6710671186447144
92.8,2.4441592693328857,3.513045310974121,2.557074546813965
92.82,2.380967617034912,3.400961399078369,2.55966979265213
92.84,2.3177759647369385,3.288877487182617,2.5622650384902954
92.86,2.254584312438965,3.1767935752868652,2.5648602843284607
92.88,2.191392660140991,3.0647096633911133,2.567455530166626
92.9,2.285666823387146,3.0603389739990234,2.5137274861335754
92.92,2.379940986633301,3.0559682846069336,2.459999442100525
92.94,2.4742151498794556,3.0515975952148438,2.4062713980674744
92.96,2.5684893131256104,3.047226905822754,2.352543354034424
92.98,2.5660828351974487,3.1062382459640503,2.507772147655487
93.0,2.563676357269287,3.1652495861053467,2.6630009412765503
93.02,2.5612698793411255,3.224260926246643,2.8182297348976135
93.04,2.558863401412964,3.2832722663879395,2.9734585285186768
93.06,2.5285701155662537,3.182102680206299,2.888310670852661
93.08,2.4982768297195435,3.080933094024658,2.8031628131866455
93.1,2.4679835438728333,2.9797635078430176,2.71801495552063
93.12,2.437690258026123,2.878593921661377,2.6328670978546143
93.14,2.365848481655121,2.987370789051056,2.68258273601532
93.16,2.2940067052841187,3.096147656440735,2.7322983741760254
93.18,2.2221649289131165,3.204924523830414,2.782014012336731
93.2,2.1503231525421143,3.3137013912200928,2.8317296504974365
93.22,2.2211878895759583,3.150348126888275,2.796525001525879
93.24,2.2920526266098022,2.9869948625564575,2.7613203525543213
93.26,2.3629173636436462,2.82364159822464,2.7261157035827637
93.28,2.4337821006774902,2.6602883338928223,2.690911054611206
93.3,2.3418501019477844,2.7059563994407654,2.579872786998749
93.32,2.2499181032180786,2.7516244649887085,2.4688345193862915
93.34,2.157986104488373,2.7972925305366516,2.3577962517738342
93.36,2.066054105758667,2.8429605960845947,2.246757984161377
93.38,2.192270338535309,3.0223153829574585,2.345211446285248
93.4,2.3184865713119507,3.2016701698303223,2.4436649084091187
93.42,2.4447028040885925,3.381024956703186,2.5421183705329895
93.44,2.5709190368652344,3.56037974357605,2.6405718326568604
93.46,2.483810245990753,3.3921852707862854,2.71524441242218
93.48,2.396701455116272,3.223990797996521,2.7899169921875
93.5,2.3095926642417908,3.0557963252067566,2.86458957195282
93.52,2.2224838733673096,2.887601852416992,2.9392621517181396
93.54,2.2028223276138306,2.8541098833084106,2.8122071623802185
93.56,2.1831607818603516,2.820617914199829,2.6851521730422974
93.58,2.1634992361068726,2.7871259450912476,2.558097183704376
93.6,2.1438376903533936,2.753633975982666,2.431042194366455
93.62,2.311962604522705,2.749159872531891,2.358379364013672
93.64,2.4800875186920166,2.7446857690811157,2.2857165336608887
93.66,2.648212432861328,2.7402116656303406,2.2130537033081055
93.68,2.8163373470306396,2.7357375621795654,2.1403908729553223
93.7,2.6806363463401794,2.7395593523979187,2.3909416794776917
93.72,2.5449353456497192,2.743381142616272,2.641492486000061
93.74,2.409234344959259,2.7472029328346252,2.8920432925224304
93.76,2.273533344268799,2.7510247230529785,3.1425940990448
93.78,2.3125588297843933,2.7355802059173584,2.9770403504371643
93.8,2.351584315299988,2.7201356887817383,2.811486601829529
93.82,2.3906098008155823,2.704691171646118,2.6459328532218933
93.84,2.4296352863311768,2.689246654510498,2.480379104614258
93.86,2.4285961985588074,2.7052823305130005,2.419700503349304
93.88,2.427557110786438,2.721318006515503,2.3590219020843506
93.9,2.4265180230140686,2.7373536825180054,2.298343300819397
93.92,2.425478935241699,2.753389358520508,2.2376646995544434
93.94,2.431515336036682,2.7519540190696716,2.2590381503105164
93.96,2.437551736831665,2.7505186796188354,2.2804116010665894
93.98,2.443588137626648,2.7490833401679993,2.3017850518226624
94.0,2.449624538421631,2.747648000717163,2.3231585025787354
94.02,2.416757822036743,2.766451895236969,2.2669180035591125
94.04,2.3838911056518555,2.785255789756775,2.2106775045394897
94.06,2.3510243892669678,2.804059684276581,2.154437005519867
94.08,2.31815767288208,2.8228635787963867,2.098196506500244
94.1,2.439371109008789,2.8742552995681763,2.278244972229004
94.12,2.560584545135498,2.925647020339966,2.4582934379577637
94.14,2.681797981262207,2.9770387411117554,2.6383419036865234
94.16,2.803011417388916,3.028430461883545,2.818390369415283
94.18,2.63435035943985,3.0766210556030273,2.7471174001693726
94.2,2.4656893014907837,3.1248116493225098,2.675844430923462
94.22,2.2970282435417175,3.173002243041992,2.6045714616775513
94.24,2.1283671855926514,3.2211928367614746,2.5332984924316406
94.26,2.2137404084205627,3.2191155552864075,2.5764037370681763
94.28,2.299113631248474,3.2170382738113403,2.619508981704712
94.3,2.3844868540763855,3.214960992336273,2.6626142263412476
94.32,2.469860076904297,3.212883710861206,2.705719470977783
94.34,2.448267102241516,3.158681094646454,2.7415639758110046
94.36,2.4266741275787354,3.1044784784317017,2.777408480644226
94.38,2.4050811529159546,3.0502758622169495,2.8132529854774475
94.4,2.383488178253174,2.9960732460021973,2.849097490310669
94.42,2.3184183835983276,2.9543163776397705,2.9072882533073425
94.44,2.2533485889434814,2.9125595092773438,2.965479016304016
94.46,2.1882787942886353,2.870802640914917,3.0236697793006897
94.48,2.123208999633789,2.8290457725524902,3.0818605422973633
94.5,2.189865291118622,2.7812336683273315,2.9622095227241516
94.52,2.2565215826034546,2.733421564102173,2.84255850315094
94.54,2.3231778740882874,2.685609459877014,2.7229074835777283
94.56,2.38983416557312,2.6377973556518555,2.6032564640045166
94.58,2.3774200677871704,2.6284326910972595,2.583354890346527
94.6,2.3650059700012207,2.6190680265426636,2.5634533166885376
94.62,2.352591872215271,2.6097033619880676,2.543551743030548
94.64,2.3401777744293213,2.6003386974334717,2.5236501693725586
94.66,2.3198216557502747,2.667941391468048,2.468159556388855
94.68,2.299465537071228,2.7355440855026245,2.4126689434051514
94.7,2.2791094183921814,2.803146779537201,2.3571783304214478
94.72,2.2587532997131348,2.8707494735717773,2.301687717437744
94.74,2.248855948448181,2.8188116550445557,2.2674028277397156
94.76,2.2389585971832275,2.766873836517334,2.233117938041687
94.78,2.229061245918274,2.7149360179901123,2.1988330483436584
94.8,2.2191638946533203,2.6629981994628906,2.16454815864563
94.82,2.2535006999969482,2.668510854244232,2.279771387577057
94.84,2.287837505340576,2.6740235090255737,2.394994616508484
94.86,2.322174310684204,2.6795361638069153,2.510217845439911
94.88,2.356511116027832,2.685048818588257,2.625441074371338
94.9,2.404615104198456,2.721005618572235,2.870858073234558
94.92,2.4527190923690796,2.7569624185562134,3.1162750720977783
94.94,2.5008230805397034,2.7929192185401917,3.3616920709609985
94.96,2.548927068710327,2.82887601852417,3.6071090698242188
94.98,2.539119303226471,2.8638793230056763,3.564869999885559
95.0,2.5293115377426147,2.8988826274871826,3.5226309299468994
95.02,2.5195037722587585,2.933885931968689,3.4803918600082397
95.04,2.5096960067749023,2.9688892364501953,3.43815279006958
95.06,2.4301387667655945,2.8883326649665833,3.6793198585510254
95.08,2.3505815267562866,2.807776093482971,3.9204869270324707
95.1,2.2710242867469788,2.727219521999359,4.161653995513916
95.12,2.191467046737671,2.646662950515747,4.402821063995361
95.14,2.1633452773094177,2.757488429546356,3.934085249900818
95.16,2.1352235078811646,2.8683139085769653,3.4653494358062744
95.18,2.1071017384529114,2.9791393876075745,2.996613621711731
95.2,2.078979969024658,3.0899648666381836,2.5278778076171875
95.22,2.151487410068512,3.0650163888931274,2.610809326171875
95.24,2.2239948511123657,3.0400679111480713,2.6937408447265625
95.26,2.2965022921562195,3.015119433403015,2.77667236328125
95.28,2.3690097332000732,2.990170955657959,2.8596038818359375
95.3,2.3734418153762817,2.94627183675766,3.192593812942505
95.32,2.3778738975524902,2.902372717857361,3.5255837440490723
95.34,2.3823059797286987,2.8584735989570618,3.8585736751556396
95.36,2.3867380619049072,2.8145744800567627,4.191563606262207
95.38,2.4410585165023804,2.865122079849243,3.7583553194999695
95.4,2.4953789710998535,2.9156696796417236,3.325147032737732
95.42,2.5496994256973267,2.966217279434204,2.8919387459754944
95.44,2.6040198802948,3.0167648792266846,2.458730459213257
95.46,2.6850165724754333,2.943429410457611,2.3225568532943726
95.48,2.766013264656067,2.8700939416885376,2.1863832473754883
95.5,2.8470099568367004,2.796758472919464,2.050209641456604
95.52,2.928006649017334,2.7234230041503906,1.9140360355377197
95.54,2.695555865764618,2.675690233707428,2.175599753856659
95.56,2.463105082511902,2.6279574632644653,2.437163472175598
95.58,2.230654299259186,2.5802246928215027,2.6987271904945374
95.6,1.9982035160064697,2.53249192237854,2.9602909088134766
95.62,2.1066555976867676,2.6222991347312927,2.890236496925354
95.64,2.2151076793670654,2.7121063470840454,2.8201820850372314
95.66,2.3235597610473633,2.801913559436798,2.750127673149109
95.68,2.432011842727661,2.891720771789551,2.6800732612609863
95.7,2.5792709589004517,2.8214271664619446,2.7569750547409058
95.72,2.726530075073242,2.7511335611343384,2.833876848220825
95.74,2.8737891912460327,2.680839955806732,2.9107786417007446
95.76,3.0210483074188232,2.610546350479126,2.987680435180664
95.78,3.0003246665000916,2.6432069540023804,2.8385347723960876
95.8,2.97960102558136,2.6758675575256348,2.6893891096115112
95.82,2.958877384662628,2.708528161048889,2.540243446826935
95.84,2.9381537437438965,2.7411887645721436,2.3910977840423584
95.86,2.864640235900879,2.6557604670524597,2.346805512905121
95.88,2.7911267280578613,2.570332169532776,2.3025132417678833
95.9,2.7176132202148438,2.484903872013092,2.2582209706306458
95.92,2.644099712371826,2.399475574493408,2.213928699493408
95.94,2.7502838373184204,2.3563584089279175,2.2854819893836975
95.96,2.8564679622650146,2.3132412433624268,2.357035279273987
95.98,2.962652087211609,2.270124077796936,2.428588569164276
96.0,3.068836212158203,2.2270069122314453,2.5001418590545654
96.02,2.973396599292755,2.336230754852295,2.4736799597740173
96.04,2.877956986427307,2.4454545974731445,2.4472180604934692
96.06,2.782517373561859,2.554678440093994,2.420756161212921
96.08,2.687077760696411,2.6639022827148438,2.394294261932373
96.1,2.633898913860321,2.7560957074165344,2.330062508583069
96.12,2.580720067024231,2.848289132118225,2.2658307552337646
96.14,2.527541220188141,2.9404825568199158,2.2015990018844604
96.16,2.474362373352051,3.0326759815216064,2.1373672485351562
96.18,2.557149291038513,3.0710808634757996,2.176444411277771
96.2,2.6399362087249756,3.1094857454299927,2.2155215740203857
96.22,2.722723126411438,3.147890627384186,2.2545987367630005
96.24,2.8055100440979004,3.186295509338379,2.2936758995056152
96.26,2.6950353384017944,3.016369342803955,2.2786601781845093
96.28,2.5845606327056885,2.8464431762695312,2.2636444568634033
96.3,2.4740859270095825,2.6765170097351074,2.2486287355422974
96.32,2.3636112213134766,2.5065908432006836,2.2336130142211914
96.34,2.584415555000305,2.5666638612747192,2.251350522041321
96.36,2.805219888687134,2.626736879348755,2.26908802986145
96.38,3.0260242223739624,2.6868098974227905,2.2868255376815796
96.4,3.246828556060791,2.746882915496826,2.304563045501709
96.42,3.166808843612671,2.685986638069153,2.364065647125244
96.44,3.086789131164551,2.6250903606414795,2.4235682487487793
96.46,3.0067694187164307,2.564194083213806,2.4830708503723145
96.48,2.9267497062683105,2.503297805786133,2.5425734519958496
96.5,2.8630714416503906,2.625316619873047,2.536308705806732
96.52,2.7993931770324707,2.747335433959961,2.5300439596176147
96.54,2.735714912414551,2.869354248046875,2.5237792134284973
96.56,2.672036647796631,2.991373062133789,2.51751446723938
96.58,2.673494279384613,2.952782154083252,2.671696424484253
96.6,2.674951910972595,2.914191246032715,2.825878381729126
96.62,2.6764095425605774,2.8756003379821777,2.980060338973999
96.64,2.6778671741485596,2.8370094299316406,3.134242296218872
96.66,2.720440685749054,2.7941240072250366,3.0170044898986816
96.68,2.7630141973495483,2.7512385845184326,2.899766683578491
96.7,2.8055877089500427,2.7083531618118286,2.782528877258301
96.72,2.848161220550537,2.6654677391052246,2.6652910709381104
96.74,2.9242787957191467,2.698558986186981,2.66544246673584
96.76,3.0003963708877563,2.731650233268738,2.6655938625335693
96.78,3.076513946056366,2.7647414803504944,2.665745258331299
96.8,3.1526315212249756,2.797832727432251,2.6658966541290283
96.82,3.098991572856903,2.724547326564789,2.629145324230194
96.84,3.0453516244888306,2.6512619256973267,2.59239399433136
96.86,2.991711676120758,2.5779765248298645,2.5556426644325256
96.88,2.9380717277526855,2.5046911239624023,2.5188913345336914
96.9,2.9795809984207153,2.4534289240837097,2.4915217757225037
96.92,3.021090269088745,2.402166724205017,2.464152216911316
96.94,3.062599539756775,2.3509045243263245,2.436782658100128
96.96,3.1041088104248047,2.299642324447632,2.4094130992889404
96.98,2.9957809448242188,2.502452254295349,2.3780423998832703
97.0,2.887453079223633,2.7052621841430664,2.3466717004776
97.02,2.779125213623047,2.9080721139907837,2.31530100107193
97.04,2.670797348022461,3.110882043838501,2.2839303016662598
97.06,2.7688525915145874,2.974195122718811,2.3629159927368164
97.08,2.866907835006714,2.837508201599121,2.441901683807373
97.1,2.9649630784988403,2.700821280479431,2.5208873748779297
97.12,3.063018321990967,2.564134359359741,2.5998730659484863
97.14,2.8634400367736816,2.5734077095985413,2.545530080795288
97.16,2.6638617515563965,2.5826810598373413,2.49118709564209
97.18,2.4642834663391113,2.5919544100761414,2.4368441104888916
97.2,2.264705181121826,2.6012277603149414,2.3825011253356934
97.22,2.3419312834739685,2.6373780965805054,2.344767928123474
97.24,2.419157385826111,2.6735284328460693,2.307034730911255
97.26,2.496383488178253,2.7096787691116333,2.2693015336990356
97.28,2.5736095905303955,2.7458291053771973,2.2315683364868164
97.3,2.601692318916321,2.6934731006622314,2.330886721611023
97.32,2.629775047302246,2.6411170959472656,2.4302051067352295
97.34,2.6578577756881714,2.5887610912323,2.529523491859436
97.36,2.6859405040740967,2.536405086517334,2.6288418769836426
97.38,2.793113648891449,2.628117561340332,2.5433409810066223
97.4,2.9002867937088013,2.71983003616333,2.457840085029602
97.42,3.0074599385261536,2.811542510986328,2.372339189052582
97.44,3.114633083343506,2.903254985809326,2.2868382930755615
97.46,3.0240392088890076,2.924159824848175,2.41361540555954
97.48,2.9334453344345093,2.945064663887024,2.540392518043518
97.5,2.842851459980011,2.965969502925873,2.6671696305274963
97.52,2.7522575855255127,2.9868743419647217,2.7939467430114746
97.54,2.7108208537101746,2.96581894159317,2.655295252799988
97.56,2.6693841218948364,2.9447635412216187,2.516643762588501
97.58,2.6279473900794983,2.923708140850067,2.377992272377014
97.6,2.58651065826416,2.9026527404785156,2.2393407821655273
97.62,2.6237775087356567,2.9162827134132385,2.294928252696991
97.64,2.6610443592071533,2.9299126863479614,2.3505157232284546
97.66,2.69831120967865,2.9435426592826843,2.406103193759918
97.68,2.7355780601501465,2.9571726322174072,2.461690664291382
97.7,2.6675370931625366,2.9169967770576477,2.3801059126853943
97.72,2.5994961261749268,2.876820921897888,2.2985211610794067
97.74,2.531455159187317,2.8366450667381287,2.216936409473419
97.76,2.463414192199707,2.796469211578369,2.1353516578674316
97.78,2.46024626493454,2.726260542869568,2.1814985871315002
97.8,2.4570783376693726,2.6560518741607666,2.227645516395569
97.82,2.4539104104042053,2.5858432054519653,2.2737924456596375
97.84,2.450742483139038,2.515634536743164,2.319939374923706
97.86,2.565213918685913,2.6122889518737793,2.294022858142853
97.88,2.679685354232788,2.7089433670043945,2.2681063413619995
97.9,2.794156789779663,2.8055977821350098,2.2421898245811462
97.92,2.908628225326538,2.902252197265625,2.216273307800293
97.94,3.045240819454193,2.840528964996338,2.2781741619110107
97.96,3.181853413581848,2.778805732727051,2.3400750160217285
97.98,3.318466007709503,2.7170825004577637,2.4019758701324463
98.0,3.455078601837158,2.6553592681884766,2.463876724243164
98.02,3.3377910256385803,2.6652912497520447,2.4351580142974854
98.04,3.2205034494400024,2.675223231315613,2.4064393043518066
98.06,3.1032158732414246,2.685155212879181,2.377720594406128
98.08,2.9859282970428467,2.695087194442749,2.349001884460449
98.1,2.8382609486579895,2.6993303894996643,2.351128041744232
98.12,2.6905936002731323,2.7035735845565796,2.353254199028015
98.14,2.542926251888275,2.707816779613495,2.355380356311798
98.16,2.395258903503418,2.71205997467041,2.357506513595581
98.18,2.3586968183517456,2.7958067655563354,2.426991641521454
98.2,2.3221347332000732,2.8795535564422607,2.4964767694473267
98.22,2.285572648048401,2.963300347328186,2.5659618973731995
98.24,2.2490105628967285,3.0470471382141113,2.6354470252990723
98.26,2.2493887543678284,2.9434457421302795,2.519767105579376
98.28,2.2497669458389282,2.8398443460464478,2.40408718585968
98.3,2.250145137310028,2.736242949962616,2.288407266139984
98.32,2.250523328781128,2.632641553878784,2.172727346420288
98.34,2.218669354915619,2.6576510071754456,2.2131394147872925
98.36,2.18681538105011,2.682660460472107,2.253551483154297
98.38,2.154961407184601,2.7076699137687683,2.2939635515213013
98.4,2.123107433319092,2.7326793670654297,2.3343756198883057
98.42,2.2036882042884827,2.868647873401642,2.240096867084503
98.44,2.2842689752578735,3.004616379737854,2.1458181142807007
98.46,2.3648497462272644,3.140584886074066,2.051539361476898
98.48,2.4454305171966553,3.2765533924102783,1.9572606086730957
98.5,2.5014442801475525,3.169692873954773,1.974635124206543
98.52,2.5574580430984497,3.0628323554992676,1.9920096397399902
98.54,2.613471806049347,2.955971837043762,2.0093841552734375
98.56,2.669485569000244,2.849111318588257,2.0267586708068848
98.58,2.689253091812134,2.8165212273597717,2.0396125316619873
98.6,2.7090206146240234,2.7839311361312866,2.05246639251709
98.62,2.728788137435913,2.7513410449028015,2.0653202533721924
98.64,2.7485556602478027,2.7187509536743164,2.078174114227295
98.66,2.7339126467704773,2.7033477425575256,2.1299473643302917
98.68,2.719269633293152,2.687944531440735,2.1817206144332886
98.7,2.7046266198158264,2.672541320323944,2.2334938645362854
98.72,2.689983606338501,2.6571381092071533,2.2852671146392822
98.74,2.684317409992218,2.8014436960220337,2.463514566421509
98.76,2.678651213645935,2.945749282836914,2.6417620182037354
98.78,2.672985017299652,3.0900548696517944,2.820009469985962
98.8,2.667318820953369,3.234360456466675,2.9982569217681885
98.82,2.7484468817710876,3.0880938172340393,2.7783790230751038
98.84,2.829574942588806,2.941827178001404,2.558501124382019
98.86,2.9107030034065247,2.7955605387687683,2.3386232256889343
98.88,2.991831064224243,2.649293899536133,2.1187453269958496
