Time_ns,RMSD_Protein_A,RMSD_Ligand_A,Rg_A,Hbonds,SASA_A2
0.0,0.0,0.0,19.99977682337961,4.0,16012.296875
0.02,0.6455127,0.54876816,19.98814299528488,4.0,16024.112847222223
0.04,0.7507465,0.59709895,20.024659706539914,4.0,16035.928819444445
0.06,0.76095176,0.63937813,19.994319740284094,4.0,16047.744791666666
0.08,0.8802326,0.6767526,20.03414332368887,4.0,16059.560763888889
0.1,0.8409869,0.37456298,19.976356983688653,4.0,16071.376736111111
0.12,0.9108807,0.5482901,20.05516702032081,4.0,16083.192708333334
0.14,0.84830165,0.44164494,20.006543747798133,4.0,16095.008680555555
0.16,0.9214663,0.55598706,20.054339813693623,4.0,16106.824652777777
0.18,0.8789981,0.41177583,20.00757173497082,3.75,16118.640625
0.2,0.83567154,0.5462425,20.020566328152473,3.5,16128.4638671875
0.22,0.96377265,0.5392211,20.08443818112402,3.25,16138.287109375
0.24,0.96753407,0.53723884,20.08147045275191,3.0,16148.1103515625
0.26,1.144311,0.45887613,19.98465479705411,2.75,16157.93359375
0.28,0.90183306,0.71450245,19.933823554341295,2.5,16167.7568359375
0.3,1.0335872,0.42686695,20.013205639720155,2.25,16177.580078125
0.32,0.9657908,0.44751272,19.997029507127742,2.0,16187.4033203125
0.34,0.96594596,0.60065544,20.15810440463042,2.5,16197.2265625
0.36,1.0538929,0.40436548,20.090160047318047,3.0,16207.0498046875
0.38,1.0586078,0.7372292,20.095029789162187,3.5,16227.06640625
0.4,1.101256,0.8527046,20.1318800697942,4.0,16247.0830078125
0.42,1.0241611,0.7635918,20.083128276364093,4.0,16267.099609375
0.44,1.013355,0.8244414,20.091286690283923,4.0,16287.1162109375
0.46,1.0139091,0.7954964,20.066209477514686,4.0,16307.1328125
0.48,1.1689156,0.7657873,20.182379732665424,4.0,16327.1494140625
0.5,1.0883619,0.8667692,20.180943427556812,4.0,16347.166015625
0.52,1.0403757,0.806906,20.12625375990173,4.0,16367.1826171875
0.54,1.0605867,0.81552714,20.131838514355927,4.0,16387.19921875
0.56,1.0297399,0.71739686,20.085302072740333,4.0,16366.857747395834
0.58,1.0326447,0.6492305,20.10449372656785,3.5,16346.516276041666
0.6,1.0335872,0.7745301,20.09356262136682,3.0,16326.1748046875
0.62,0.97020066,0.82704717,19.947808636229052,2.5,16305.833333333334
0.64,1.0704967,0.87554514,20.037261218427634,2.0,16285.491861979166
0.66,1.0533242,0.90533495,20.194259658557844,2.25,16265.150390625
0.68,1.0424972,0.9590968,20.179069893907705,2.5,16244.808919270834
0.7,1.0173379,0.9536434,20.11223150742545,2.75,16224.467447916666
0.72,0.93397856,0.8573867,20.090848369498026,3.0,16204.1259765625
0.74,1.0546031,0.8484136,20.03114248829742,2.75,16210.620442708334
0.76,1.1123191,0.89019084,19.997769984557078,2.5,16217.114908854166
0.78,1.038863,0.9077524,20.060924040560536,2.25,16223.609375
0.8,1.0626677,0.96176326,20.039286573741215,2.0,16230.103841145834
0.82,1.065026,0.76326656,20.130081555213128,1.75,16236.598307291666
0.84,1.0493708,0.7591033,20.151101248594546,1.5,16243.0927734375
0.86,0.9519276,0.84700966,20.10919831963935,1.25,16249.587239583334
0.88,0.95381385,0.9123392,20.027159205492463,1.0,16256.081705729166
0.9,0.93506044,0.8577875,19.987473986134173,1.5,16262.576171875
0.92,0.9768932,0.8595992,20.103847267863827,2.0,16328.807508680555
0.94,1.0168593,0.87284744,20.081154200617878,2.5,16395.03884548611
0.96,0.96923536,0.73272294,20.069807931322728,3.0,16461.270182291668
0.98,0.8916444,0.85036445,20.05193502865029,2.75,16527.501519097223
1.0,1.0265349,0.8247907,20.093621785620538,2.5,16593.732855902777
1.02,0.96695334,0.8251688,20.150896648412417,2.25,16659.964192708332
1.04,1.157326,0.8682898,20.131724361238316,2.0,16726.19552951389
1.06,1.1129922,0.719667,20.2343919425303,2.0,16792.426866319445
1.08,1.2262897,0.6823195,20.38778191523881,2.0,16858.658203125
1.1,1.3716071,0.83363444,20.32763898763562,2.0,16838.408203125
1.12,1.4475551,0.77050775,20.34353386072897,2.0,16818.158203125
1.14,1.5213376,0.8361879,20.254963662843032,2.25,16797.908203125
1.16,1.4102914,0.7483989,20.365785600708186,2.5,16777.658203125
1.18,1.2371428,0.73065925,20.252187231654894,2.75,16757.408203125
1.2,1.1055319,0.74894285,20.22605030833794,3.0,16737.158203125
1.22,1.1184961,0.751961,20.18478892425555,2.5,16716.908203125
1.24,1.1679863,0.73534036,20.213963834478193,2.0,16696.658203125
1.26,1.2758837,0.7844908,20.26393851489174,1.5,16676.408203125
1.28,1.4158034,0.8575512,20.396452919503925,1.0,16656.793836805555
1.3,1.4142686,0.8506143,20.236818377239306,1.25,16637.17947048611
1.32,1.3845677,0.8776983,20.34293840852914,1.5,16617.565104166668
1.34,1.3315743,0.8498713,20.31459590631284,1.75,16597.950737847223
1.36,1.3570608,0.9532642,20.20799490080921,2.0,16578.336371527777
1.38,1.4301972,0.7097763,20.340310333052184,1.75,16558.722005208332
1.4,1.3136246,0.8392308,20.256793382561348,1.5,16539.10763888889
1.42,1.3355334,0.76853,20.238321146963557,1.25,16519.493272569445
1.44,1.2731218,0.84683603,20.22593797567062,1.0,16499.87890625
1.46,1.425687,0.87658614,20.291045884296683,1.5,16502.99826388889
1.48,1.2796345,0.92029685,20.209682285823707,2.0,16506.117621527777
1.5,1.3885916,0.8539293,20.30881911591557,2.5,16509.236979166668
1.52,1.4150891,0.8163721,20.238184681968235,3.0,16512.356336805555
1.54,1.4690468,0.9132621,20.369309916034215,3.0,16515.475694444445
1.56,1.34152,0.8968483,20.25629596047981,3.0,16518.595052083332
1.58,1.3429706,0.83718526,20.229639713581772,3.0,16521.714409722223
1.6,1.3388937,0.6918533,20.30178279901165,3.0,16524.83376736111
1.62,1.2748559,0.74427533,20.193255298381235,3.0,16527.953125
1.64,1.2077677,0.7444754,20.204656120959335,3.0,16515.530598958332
1.66,1.339313,0.7949343,20.196397121691135,3.0,16503.108072916668
1.68,1.2806876,0.72159976,20.24990173074437,3.0,16490.685546875
1.7,1.1859615,0.8265185,20.19775955280858,3.25,16478.263020833332
1.72,1.2044146,0.8671931,20.114466574664796,3.5,16465.840494791668
1.74,1.2662504,0.7710335,20.182091967982053,3.75,16453.41796875
1.76,1.1859299,0.81981826,20.23707759553332,4.0,16440.995442708332
1.78,1.3197391,0.91939616,20.17390747582176,3.75,16428.572916666668
1.8,1.4126263,0.7952192,20.171122338819547,3.5,16416.150390625
1.82,1.4360499,0.7639431,20.143891511568995,3.25,16397.458875868055
1.84,1.4898515,0.8035899,20.159848913722293,3.0,16378.767361111111
1.86,1.577217,0.78300786,20.184659663565586,3.0,16360.075846354166
1.88,1.6088784,0.82601357,20.18016687767151,3.0,16341.384331597223
1.9,1.4507848,0.8389798,20.16592947227139,3.0,16322.692816840277
1.92,1.4417231,0.69792914,20.11235987030406,3.0,16304.001302083334
1.94,1.2823822,0.89812785,20.160696386722048,3.25,16285.309787326389
1.96,1.5057266,0.8702007,20.29639226792444,3.5,16266.618272569445
1.98,1.2795467,1.0088907,20.194639179263003,3.75,16247.9267578125
2.0,1.285532,0.96788955,20.12650955581595,4.0,16275.997395833334
2.02,1.2654221,0.85364544,20.161073221899194,3.75,16304.068033854166
2.04,1.3307023,0.8841419,20.204786909529233,3.5,16332.138671875
2.06,1.3645453,0.7855513,20.2588454903638,3.25,16360.209309895834
2.08,1.5124756,0.8715969,20.223842664574754,3.0,16388.279947916668
2.1,1.345895,0.858938,20.2299156792431,3.0,16416.3505859375
2.12,1.3508105,0.8369075,20.19053812583968,3.0,16444.421223958332
2.14,1.5597656,0.9432974,20.259264793590898,3.0,16472.491861979168
2.16,1.4377699,0.8683539,20.28418735603389,3.0,16500.5625
2.18,1.390074,0.9415771,20.214340131507257,2.5,16523.09006076389
2.2,1.420266,0.95091647,20.195695634058282,2.0,16545.617621527777
2.22,1.4117247,0.9140059,20.190689253159974,1.5,16568.145182291668
2.24,1.5798974,0.98109907,20.18839077265727,1.0,16590.672743055555
2.26,1.6720152,0.751673,20.22098111230818,1.25,16613.200303819445
2.28,1.493015,0.80829847,20.147859306489583,1.5,16635.727864583332
2.3,1.2904452,0.7524497,20.19856196513496,1.75,16658.255425347223
2.32,1.4159093,0.70535094,20.286910328067446,2.0,16680.78298611111
2.34,1.4390454,0.7226068,20.307379565084194,1.75,16703.310546875
2.36,1.4268945,0.85070544,20.298903786159755,1.5,16686.97482638889
2.38,1.4414114,0.85385257,20.24726251633428,1.25,16670.639105902777
2.4,1.4765723,0.9665215,20.198344494303456,1.0,16654.303385416668
2.42,1.7515519,0.9262877,20.286054393863537,1.0,16637.967664930555
2.44,1.7057819,0.8996684,20.20053449180257,1.0,16621.631944444445
2.46,1.7047718,1.0041652,20.325008119952365,1.0,16605.296223958332
2.48,1.6748346,0.7267302,20.268093501950403,1.0,16588.960503472223
2.5,1.4976977,0.7443153,20.2436929465106,1.0,16572.62478298611
2.52,1.4281797,0.87893116,20.240124532986563,1.0,16556.2890625
2.54,1.4813827,0.90751594,20.296126410341493,1.0,16557.479600694445
2.56,1.5192194,0.74822897,20.26773848327315,1.0,16558.67013888889
2.58,1.4959465,0.79142994,20.26434954058068,1.0,16559.860677083332
2.6,1.5676439,0.8556238,20.311551774183187,1.0,16561.051215277777
2.62,1.4534667,0.80874324,20.256154177945472,1.0,16562.241753472223
2.64,1.5473527,0.7613718,20.283739083593787,1.0,16563.432291666668
2.66,1.561637,0.9594551,20.26987633178242,0.75,16564.62282986111
2.68,1.634577,0.92077166,20.216523050152947,0.5,16565.813368055555
2.7,1.6887058,0.96273786,20.267268416162736,0.25,16567.00390625
2.72,1.6102742,0.86421645,20.23240129989615,0.0,16556.148871527777
2.74,1.7095754,0.9279057,20.24064314450476,0.0,16545.293836805555
2.76,1.7363932,0.8520985,20.180520957880933,0.0,16534.438802083332
2.78,1.6214669,0.8572825,20.23379810157396,0.0,16523.58376736111
2.8,1.8054297,0.8032709,20.337642817373684,0.0,16512.72873263889
2.82,1.5892552,0.7462135,20.174108748902675,0.0,16501.873697916668
2.84,1.6103673,0.7995621,20.175489999865054,0.0,16491.018663194445
2.86,1.6436236,0.856095,20.2721961474823,0.0,16480.163628472223
2.88,1.6329497,0.9728077,20.178956273068074,0.0,16469.30859375
2.9,1.7684234,0.97473985,20.318638352472853,0.25,16464.266493055555
2.92,1.7975521,0.8176002,20.31040815937719,0.5,16459.22439236111
2.94,1.6819514,1.1403049,20.34763666793285,0.75,16454.182291666668
2.96,1.5524745,0.8254818,20.338242795924856,1.0,16449.140190972223
2.98,1.3153338,0.99212855,20.250779232933777,1.0,16444.098090277777
3.0,1.3947802,0.79287463,20.26033486683492,1.0,16439.055989583332
3.02,1.591986,0.8282834,20.365177505103524,1.0,16434.01388888889
3.04,1.5929736,0.92392737,20.362381275992064,1.0,16428.971788194445
3.06,1.429071,0.92656434,20.230143625986816,1.0,16423.9296875
3.08,1.4176272,1.0581067,20.195922232322392,1.0,16456.98849826389
3.1,1.7275726,0.8719797,20.29871361147519,1.0,16490.047309027777
3.12,1.5070193,0.8046672,20.287059308665448,1.0,16523.106119791668
3.14,1.4831005,0.54599875,20.291075025630413,0.75,16556.164930555555
3.16,1.4825196,0.38560307,20.27770707196637,0.5,16589.223741319445
3.18,1.6046835,0.60929924,20.309748263005567,0.25,16622.282552083332
3.2,1.5163329,0.65870935,20.321581379112253,0.0,16655.341362847223
3.22,1.3878633,0.5909985,20.316330079405198,0.0,16688.40017361111
3.24,1.3612485,0.50252265,20.24664058785006,0.0,16721.458984375
3.26,1.5272332,0.81708,20.35430303873143,0.0,16692.01953125
3.28,1.5173204,0.68493235,20.31236805869267,0.0,16662.580078125
3.3,1.4604571,0.68481916,20.25841343848451,0.0,16633.140625
3.32,1.4410995,0.62075764,20.37101962944317,0.0,16603.701171875
3.34,1.4667509,0.69460475,20.35776866870892,0.0,16574.26171875
3.36,1.5714611,0.81753457,20.299893102619784,0.0,16544.822265625
3.38,1.4461057,1.0693768,20.35439273621978,0.0,16515.3828125
3.4,1.745856,0.95497584,20.339217963457568,0.0,16485.943359375
3.42,1.6243742,0.95854557,20.318973441364406,0.0,16456.50390625
3.44,1.5310044,0.8197043,20.31065811324284,0.0,16459.25412326389
3.46,1.5722471,0.6999843,20.329517303149665,0.0,16462.004340277777
3.48,1.550423,0.714547,20.30868524728367,0.0,16464.754557291668
3.5,1.5629075,0.6347218,20.305119053740924,0.0,16467.504774305555
3.52,1.6255493,0.67525375,20.36835312465591,0.0,16470.254991319445
3.54,1.5019418,0.7869184,20.349635014619032,0.0,16473.005208333332
3.56,1.5936081,0.7161412,20.362892697923385,0.0,16475.755425347223
3.58,1.6316192,0.5405276,20.376201884733256,0.0,16478.50564236111
3.6,1.6459684,0.9272032,20.29375737934256,0.0,16481.255859375
3.62,1.7134916,0.98022586,20.21190559730538,0.0,16454.57790798611
3.64,1.7136444,0.9699995,20.32051489915331,0.0,16427.899956597223
3.66,1.6530738,0.9857639,20.301469831704946,0.0,16401.222005208332
3.68,1.495571,0.88769436,20.334648504609483,0.0,16374.544053819445
3.7,1.6411613,1.0318632,20.293098821337697,0.0,16347.866102430555
3.72,1.7190332,0.85702056,20.21579261531929,0.0,16321.188151041666
3.74,1.3861085,0.9772316,20.262467135262142,0.0,16294.510199652777
3.76,1.5307844,0.9491137,20.27462464273983,0.0,16267.832248263889
3.78,1.5878644,0.93188405,20.18528825552067,0.25,16241.154296875
3.8,1.80242,0.99390125,20.302631385053207,0.5,16213.632703993055
3.82,1.6174899,0.93801486,20.162799181005468,0.75,16186.111111111111
3.84,1.5525228,1.0086643,20.254165630520507,1.0,16158.589518229166
3.86,1.6456726,1.1441542,20.237296407794787,0.75,16131.067925347223
3.88,1.5791625,0.96119094,20.18369740045881,0.5,16103.546332465277
3.9,1.7393236,1.0095738,20.298021560162233,0.25,16076.024739583334
3.92,1.7116767,1.0700641,20.269359121333498,0.0,16048.503146701389
3.94,1.6431223,0.9645646,20.241231672667,0.0,16020.981553819445
3.96,1.8064873,1.0500015,20.190622473720126,0.0,15993.4599609375
3.98,1.7548836,0.8658334,20.312590200142008,0.0,16041.685546875
4.0,1.6134801,0.97092897,20.259405063452114,0.0,16089.9111328125
4.02,1.6742532,1.0563006,20.22709307259264,0.0,16138.13671875
4.04,1.5361564,1.1027267,20.242664723799685,0.0,16186.3623046875
4.06,1.4701933,1.0139002,20.332695890915833,0.0,16234.587890625
4.08,1.5440339,1.1287062,20.32099719701836,0.0,16282.8134765625
4.1,1.6335917,0.9906536,20.293866228370145,0.0,16331.0390625
4.12,1.5261787,0.9617818,20.286099800281164,0.0,16379.2646484375
4.14,1.6175593,0.9792078,20.28168469599548,0.0,16427.490234375
4.16,1.4845895,0.92201585,20.197650662333263,0.0,16446.550130208332
4.18,1.5556068,0.80743766,20.18324515942476,0.0,16465.610026041668
4.2,1.6023017,0.86968684,20.287451768476018,0.0,16484.669921875
4.22,1.6800581,0.8215613,20.300578207973423,0.0,16503.729817708332
4.24,1.7318804,0.8426354,20.231330509736274,0.0,16522.789713541668
4.26,1.6852431,1.0142646,20.290456625235368,0.0,16541.849609375
4.28,1.7692279,0.8668517,20.301119608420997,0.0,16560.909505208332
4.3,1.6400428,0.94155383,20.293490222605676,0.0,16579.969401041668
4.32,1.7817552,0.995579,20.31478602646663,0.0,16599.029296875
4.34,1.8066118,0.93360305,20.290881982777975,0.0,16594.935980902777
4.36,1.8221109,0.89596176,20.275769243047755,0.0,16590.842664930555
4.38,1.7277026,1.0278523,20.233872094620274,0.0,16586.749348958332
4.4,1.664856,0.9008822,20.299472927738925,0.0,16582.65603298611
4.42,1.6922941,1.0129532,20.26322748960731,0.25,16578.56271701389
4.44,1.5544993,0.96134377,20.25815451698259,0.5,16574.469401041668
4.46,1.7402062,0.9862435,20.2284044338357,0.75,16570.376085069445
4.48,1.7451911,1.0369033,20.310068927487812,1.0,16566.282769097223
4.5,1.703893,0.93405414,20.32628984370115,1.0,16562.189453125
4.52,1.6819514,0.9941531,20.348305220881308,1.0,16510.365776909723
4.54,1.7891376,0.9644863,20.352092835835233,1.0,16458.542100694445
4.56,1.6602161,1.0375699,20.307287895650994,1.0,16406.718424479168
4.58,1.6635959,1.0625682,20.242547423140177,1.0,16354.894748263889
4.6,1.6344625,0.9661349,20.168188570847704,1.0,16303.071072048611
4.62,1.6559254,0.9197073,20.244584071763914,1.0,16251.247395833334
4.64,1.7520435,1.0482043,20.316777381319575,1.0,16199.423719618055
4.66,1.5752928,0.8721506,20.264359208043103,1.0,16147.600043402777
4.68,1.6474236,1.0095798,20.268598847524657,1.0,16095.7763671875
4.7,1.6990293,0.9704869,20.232242663678974,1.0,16131.811848958334
4.72,1.6036099,0.86072636,20.177332378898964,1.0,16167.847330729166
4.74,1.7135352,0.9027835,20.281005715449677,0.75,16203.8828125
4.76,1.7415397,0.8197043,20.252138031849807,0.5,16239.918294270834
4.78,1.6656429,0.9178389,20.301296889143778,0.25,16275.953776041666
4.8,1.7683388,0.82901233,20.275271727406775,0.0,16311.9892578125
4.82,1.7180527,0.83556986,20.208395416984573,0.0,16348.024739583334
4.84,1.7200567,0.9916639,20.26522985930066,0.0,16384.060221354168
4.86,1.8821956,0.89083123,20.31887134850502,0.0,16420.095703125
4.88,1.6367977,0.82589567,20.310904920882344,0.0,16409.172743055555
4.9,1.6459001,1.0440431,20.269333768003182,0.0,16398.24978298611
4.92,1.6765553,0.98355854,20.275526956710983,0.0,16387.326822916668
4.94,1.7414321,0.9096786,20.275976872047003,0.0,16376.403862847223
4.96,1.7455986,0.94111276,20.258078820231784,0.0,16365.480902777777
4.98,1.7159592,0.99910307,20.27989143394702,0.25,16354.557942708334
5.0,1.6141529,0.9559678,20.265770561325844,0.5,16343.634982638889
5.02,1.7262064,1.1032401,20.274707102311133,0.75,16332.712022569445
5.04,1.8927497,0.95900977,20.301564753908302,1.0,16321.7890625
5.06,1.5800632,0.9231529,20.30839802198896,0.75,16327.818250868055
5.08,1.6351725,1.22954,20.291021485773353,0.5,16333.847439236111
5.1,1.7183578,1.0291157,20.2902160450269,0.25,16339.876627604166
5.12,1.614872,1.1302366,20.180348283381075,0.0,16345.905815972223
5.14,1.6563774,1.0367692,20.18275873176453,0.0,16351.935004340277
5.16,1.7629521,0.96922904,20.263925834840673,0.0,16357.964192708334
5.18,1.8026484,0.9703845,20.24915625774262,0.0,16363.993381076389
5.2,1.6589527,0.8982407,20.295711702973023,0.0,16370.022569444445
5.22,1.7868757,0.81769496,20.225414768977004,0.25,16376.0517578125
5.24,1.7257509,0.7128572,20.276653010484786,0.5,16359.468315972223
5.26,1.8123437,0.8328285,20.20546062962569,0.75,16342.884874131945
5.28,1.841774,0.8487413,20.236641009538076,1.0,16326.301432291666
5.3,1.9422917,0.8514385,20.265325672769578,1.0,16309.717990451389
5.32,1.9391661,0.81235385,20.388685503822565,1.0,16293.134548611111
5.34,1.7952384,0.6984157,20.333495538816088,1.0,16276.551106770834
5.36,1.7609968,0.66998994,20.248509540887348,1.0,16259.967664930555
5.38,1.6727316,0.6966954,20.317411814928164,0.75,16243.384223090277
5.4,1.834032,0.9667825,20.204051226782912,0.5,16226.80078125
5.42,2.134793,0.7810134,20.27636579258891,0.25,16256.924696180555
5.44,1.8581086,0.7873298,20.27980498760008,0.0,16287.048611111111
5.46,1.9191544,0.856675,20.230095765035657,0.25,16317.172526041666
5.48,1.6923163,0.81122553,20.29854544117107,0.5,16347.296440972223
5.5,1.6383069,0.7716543,20.295083907381763,0.75,16377.420355902777
5.52,1.6200807,0.7462055,20.27009947154294,1.0,16407.544270833332
5.54,1.6445801,0.84577495,20.25138375776376,1.0,16437.66818576389
5.56,1.612087,0.8521662,20.222675774109295,1.0,16467.792100694445
5.58,1.6739177,0.7621777,20.28635872272242,1.0,16497.916015625
5.6,1.6478329,0.96936435,20.230822474321315,1.0,16450.1630859375
5.62,1.7360914,0.8255419,20.254988557221516,1.0,16402.41015625
5.64,1.6195259,1.0045846,20.255126880987984,1.0,16354.6572265625
5.66,1.6715449,1.0244136,20.258237518348793,1.0,16306.904296875
5.68,1.5686946,1.0607641,20.152102550219524,1.0,16259.1513671875
5.7,1.8307829,1.2165097,20.28330281748993,1.0,16211.3984375
5.72,1.7303879,1.1676288,20.17740774602104,1.0,16163.6455078125
5.74,1.7004173,0.94509864,20.178934421651242,1.0,16115.892578125
5.76,1.6812835,1.2201024,20.182150025144544,1.0,16068.1396484375
5.78,1.602442,1.0187248,20.204858371766164,1.0,16054.416775173611
5.8,1.6898584,0.9277729,20.188954768269163,1.0,16040.693901909723
5.82,1.8503541,0.9544493,20.27881128080818,1.0,16026.971028645834
5.84,1.6621096,1.1759605,20.17533379056615,1.0,16013.248155381945
5.86,1.6019278,1.0034012,20.267676622529066,0.75,15999.525282118055
5.88,1.7689527,1.018206,20.30970863280659,0.5,15985.802408854166
5.9,1.7104293,0.9379746,20.177987759060013,0.25,15972.079535590277
5.92,1.7759876,1.0238063,20.265555703047102,0.0,15958.356662326389
5.94,1.7894096,0.9563667,20.20748728742488,0.25,15944.6337890625
5.96,1.726033,0.9550196,20.170621140708356,0.5,15967.476671006945
5.98,1.6520541,0.8895523,20.159837371890312,0.75,15990.319552951389
6.0,1.5126736,0.91866755,20.221010531503808,1.0,16013.162434895834
6.02,1.577834,0.9428781,20.119450312287338,1.0,16036.005316840277
6.04,1.6749017,0.90018284,20.16508961178228,1.0,16058.848198784723
6.06,1.6250653,0.93818426,20.15232573627571,1.0,16081.691080729166
6.08,1.6271609,0.92834663,20.187055696726866,1.0,16104.533962673611
6.1,1.7325289,0.8976919,20.146083730549908,1.0,16127.376844618055
6.12,1.612505,0.92466044,20.223163858247013,1.0,16150.2197265625
6.14,1.8214737,0.9616042,20.141041858937392,1.0,16156.325412326389
6.16,1.7174642,1.027425,20.18423742554315,1.0,16162.431098090277
6.18,1.6580496,0.9721396,20.326795063124532,1.0,16168.536783854166
6.2,1.4715681,0.9683944,20.181147476364252,1.0,16174.642469618055
6.22,1.6581173,0.9648859,20.156743267806473,1.0,16180.748155381945
6.24,1.753304,0.9991229,20.163570186513866,1.0,16186.853841145834
6.26,1.7577618,0.9054469,20.188048454329355,1.0,16192.959526909723
6.28,1.7054746,0.9506177,20.255435742574246,1.0,16199.065212673611
6.3,1.7931514,0.96952826,20.177679880467213,1.0,16205.1708984375
6.32,1.7232103,0.85070544,20.22702991694885,1.0,16206.850911458334
6.34,1.7378161,0.8938926,20.278437869605504,1.0,16208.530924479166
6.36,1.6988752,0.9009418,20.273312943637603,1.0,16210.2109375
6.38,1.7222322,0.9786477,20.24111622442428,1.0,16211.890950520834
6.4,1.5044577,0.96884775,20.1096202477131,1.0,16213.570963541666
6.42,1.6457409,0.96393406,20.208985209472885,1.0,16215.2509765625
6.44,1.544543,0.8936614,20.20521113399722,1.0,16216.930989583334
6.46,1.6995802,1.0377499,20.260649270411243,1.0,16218.611002604166
6.48,1.7665167,0.9371693,20.231683821882807,1.0,16220.291015625
6.5,1.83344,0.9183085,20.200412056725952,1.25,16206.6396484375
6.52,1.6630781,0.88299066,20.16429390531881,1.5,16192.98828125
6.54,1.5307109,0.7059957,20.201180289970793,1.75,16179.3369140625
6.56,1.6990293,0.83440155,20.079767616543656,2.0,16165.685546875
6.58,1.6756617,0.94610506,20.122950859006355,1.75,16152.0341796875
6.6,1.7714276,0.91092265,20.221850848742132,1.5,16138.3828125
6.62,1.7803886,0.98186827,20.262327853895098,1.25,16124.7314453125
6.64,1.5719852,0.8369099,20.242882767506085,1.0,16111.080078125
6.66,1.4458727,0.8075681,20.20104535016353,1.0,16097.4287109375
6.68,1.6243048,0.9546013,20.213071761724194,1.0,16121.176323784723
6.7,1.5133667,0.8913663,20.20146661530211,1.0,16144.923936631945
6.72,1.5404404,0.89422154,20.165678423878013,1.0,16168.671549479166
6.74,1.4141363,0.7837535,20.146897643040106,1.0,16192.419162326389
6.76,1.577573,0.8699038,20.25028957137433,1.0,16216.166775173611
6.78,1.5226907,0.9370994,20.14577270062128,1.0,16239.914388020834
6.8,1.5048063,0.7871708,20.15840473963395,1.0,16263.662000868055
6.82,1.4447587,0.84533787,20.200638323039897,1.0,16287.409613715277
6.84,1.5069447,0.8867785,20.21401369350044,1.0,16311.1572265625
6.86,1.4384729,0.8938726,20.19029433966327,1.0,16316.653428819445
6.88,1.4080595,0.97341204,20.203041958999904,1.0,16322.149631076389
6.9,1.4887453,0.90942955,20.28218163620317,1.0,16327.645833333334
6.92,1.507541,0.89912283,20.268263740507514,1.0,16333.142035590277
6.94,1.2899227,0.8702052,20.091858714830245,1.0,16338.638237847223
6.96,1.4049447,0.87489814,20.155146614575422,1.0,16344.134440104166
6.98,1.3565917,0.91528964,20.229522364492446,1.0,16349.630642361111
7.0,1.4439032,0.94959927,20.185473726740927,1.0,16355.126844618055
7.02,1.2824697,0.98128134,20.188232590448013,1.0,16360.623046875
7.04,1.3552939,0.9921906,20.17064435128493,1.0,16309.436631944445
7.06,1.3800441,0.94364476,20.172480137701587,1.0,16258.250217013889
7.08,1.3622934,0.9442153,20.170419445163596,1.0,16207.063802083334
7.1,1.3629804,0.9551963,20.136118973007964,1.0,16155.877387152777
7.12,1.3347481,0.8642992,20.10251412777571,1.0,16104.690972222223
7.14,1.2433922,0.91098595,20.147049939629866,1.0,16053.504557291666
7.16,1.379257,0.94487995,20.20046919935026,1.0,16002.318142361111
7.18,1.4551916,0.9222141,20.16696272856589,1.0,15951.131727430555
7.2,1.3534138,0.9510962,20.185290882806,1.0,15899.9453125
7.22,1.3132825,0.9738528,20.084531835285894,1.0,15871.831488715277
7.24,1.2350222,0.90247977,20.132856893575916,1.0,15843.717664930555
7.26,1.1770878,1.0536679,20.06807106308137,1.0,15815.603841145834
7.28,1.2841623,0.90759254,20.177211477686967,1.0,15787.490017361111
7.3,1.3975425,0.85894716,20.07276879168011,1.0,15759.376193576389
7.32,1.4305114,0.8999289,20.18336963315214,1.0,15731.262369791666
7.34,1.3041267,0.7801404,20.161412046017947,1.0,15703.148546006945
7.36,1.3829713,0.9624716,20.02407175041697,1.0,15675.034722222223
7.38,1.5128717,0.90267783,20.129196519724598,1.0,15646.9208984375
7.4,1.5933496,0.81738627,20.130142044189494,1.0,15685.153645833334
7.42,1.4972224,0.9463381,20.10530322427103,1.0,15723.386393229166
7.44,1.5150483,0.8892909,20.124156639648866,1.0,15761.619140625
7.46,1.5587809,0.86203885,20.074572493124265,0.75,15799.851888020834
7.48,1.4384729,0.81395674,20.137951453257507,0.5,15838.084635416666
7.5,1.4603033,0.886709,20.0626214393536,0.25,15876.3173828125
7.52,1.4515847,0.80590814,20.073073837903323,0.0,15914.550130208334
7.54,1.4896255,0.9603554,20.082935173963705,0.25,15952.782877604166
7.56,1.5328622,0.94691104,20.100376076178943,0.5,15991.015625
7.58,1.4428914,1.0818065,20.132843943379942,0.75,15993.070855034723
7.6,1.4692761,0.9322954,20.04196582729395,1.0,15995.126085069445
7.62,1.3791754,0.95999956,20.134175577479958,1.25,15997.181315104166
7.64,1.5151966,0.8696937,20.12180194269125,1.5,15999.236545138889
7.66,1.50841,1.0155585,20.067759774510144,1.75,16001.291775173611
7.68,1.4361542,0.7370945,20.060091589234254,2.0,16003.347005208334
7.7,1.3841892,1.0367366,20.062625090512928,1.75,16005.402235243055
7.72,1.4607136,1.0038643,20.10745180082875,1.5,16007.457465277777
7.74,1.5228875,0.8396119,20.099780420164038,1.25,16009.5126953125
7.76,1.5298055,0.7768507,20.138394571032038,1.0,16010.909722222223
7.78,1.6018343,0.7621386,20.058034084662907,1.0,16012.306749131945
7.8,1.4951704,0.7433244,20.167055692891882,1.0,16013.703776041666
7.82,1.3316586,0.8403168,20.087123242007777,1.0,16015.100802951389
7.84,1.352445,0.82505083,20.050031630817344,1.0,16016.497829861111
7.86,1.5247304,0.8122805,20.08683104463782,1.0,16017.894856770834
7.88,1.4920115,0.78858805,20.11127630349478,1.0,16019.291883680555
7.9,1.5340586,0.8113848,20.112557681638314,1.0,16020.688910590277
7.92,1.4117247,0.7859508,20.02503992828441,1.0,16022.0859375
7.94,1.4009678,0.77597046,20.069056611555848,1.0,16066.765625
7.96,1.5082362,0.79835105,20.130168120256666,1.0,16111.4453125
7.98,1.4422165,0.7814001,20.061822406039397,1.0,16156.125
8.0,1.4711354,0.7473761,20.139440724676145,1.0,16200.8046875
8.02,1.5044577,0.8307265,20.113265818344317,1.0,16245.484375
8.04,1.3644081,0.9160448,20.15647343179546,1.0,16290.1640625
8.06,1.4774848,0.8920704,20.143486366644872,1.0,16334.84375
8.08,1.4776876,0.8084238,20.134094405120408,1.0,16379.5234375
8.1,1.5206975,0.97431785,20.159288094588156,1.0,16424.203125
8.12,1.6034231,1.0114437,20.139885400803106,1.0,16410.46755642361
8.14,1.6282421,0.8526114,20.207494469635808,1.0,16396.731987847223
8.16,1.6191791,0.79754436,20.109873942380922,1.0,16382.996419270834
8.18,1.599612,0.9738937,20.205871593093935,1.0,16369.260850694445
8.2,1.6840206,0.8903917,20.13146511747906,1.0,16355.525282118055
8.22,1.6028625,0.8237518,20.169807377252585,1.0,16341.789713541666
8.24,1.4851946,0.8375933,20.1409822608221,1.0,16328.054144965277
8.26,1.4931153,0.88407457,20.182018513102147,1.0,16314.318576388889
8.28,1.4101853,0.51263326,20.257714692760324,1.0,16300.5830078125
8.3,1.437353,0.5992745,20.14098999377431,1.0,16304.741536458334
8.32,1.6016239,0.7962229,20.189296836980958,1.0,16308.900065104166
8.34,1.6164016,0.92310125,20.2111939663071,1.0,16313.05859375
8.36,1.6447623,0.7783607,20.188116827155227,1.0,16317.217122395834
8.38,1.6479464,0.839361,20.15852027851419,1.0,16321.375651041666
8.4,1.7087429,0.96438533,20.164071523754327,1.0,16325.5341796875
8.42,1.6946821,0.9799583,20.16125132719184,1.0,16329.692708333334
8.44,1.6670586,0.84885836,20.138725683424962,1.0,16333.851236979166
8.46,1.7429798,1.0279355,20.16009146202467,1.0,16338.009765625
8.48,1.6812612,0.8835485,20.143689038905976,1.0,16333.004557291666
8.5,1.7220149,0.88071513,20.17160687947844,1.0,16327.999348958334
8.52,1.7043326,0.87912095,20.235175182092465,1.0,16322.994140625
8.54,1.6430082,0.9209615,20.239681433700735,1.0,16317.988932291666
8.56,1.6290928,0.92546153,20.221214064947777,1.0,16312.983723958334
8.58,1.669079,0.8768603,20.221318675504172,1.5,16307.978515625
8.6,1.6786755,0.85340333,20.172058058098685,2.0,16302.973307291666
8.62,1.8283678,0.88605225,20.262617889889434,2.5,16297.968098958334
8.64,1.6034931,0.9410748,20.230546614439167,3.0,16292.962890625
8.66,1.7674493,0.80815583,20.163459848196673,2.5,16291.674153645834
8.68,1.609274,0.8459252,20.125969446390293,2.0,16290.385416666666
8.7,1.6112506,0.83017385,20.10012307681809,1.5,16289.0966796875
8.72,1.6952786,0.9339988,20.145100675349696,1.0,16287.807942708334
8.74,1.7928381,0.91567385,20.274234942955445,1.5,16286.519205729166
8.76,1.7555237,0.86034083,20.128505196029845,2.0,16285.23046875
8.78,1.9762342,0.86803806,20.216498367386173,2.5,16283.941731770834
8.8,1.7826797,0.8772681,20.151081119454055,3.0,16282.652994791666
8.82,1.8586527,0.9578758,20.21909659372476,2.75,16281.3642578125
8.84,1.9918609,0.8956046,20.349999137460458,2.5,16266.932183159723
8.86,1.7878394,0.9221237,20.24561838287495,2.25,16252.500108506945
8.88,1.840025,0.9146296,20.217324213108988,2.0,16238.068033854166
8.9,1.6774037,1.1004469,20.172477672284344,2.0,16223.635959201389
8.92,1.665553,0.9161619,20.21600052986767,2.0,16209.203884548611
8.94,1.6295524,0.8889491,20.192109993541287,2.0,16194.771809895834
8.96,1.5827626,0.95382047,20.185989705673858,2.0,16180.339735243055
8.98,1.6907225,0.8977649,20.26213773418169,2.0,16165.907660590277
9.0,1.6231749,0.93955135,20.311647995731267,2.0,16151.4755859375
9.02,1.5909743,1.165493,20.20344834199367,2.0,16144.484809027777
9.04,1.6201962,0.94566816,20.194313745515405,2.0,16137.494032118055
9.06,1.6922941,0.95953166,20.175563129753442,1.75,16130.503255208334
9.08,1.6397462,1.0858377,20.178675083733808,1.5,16123.512478298611
9.1,1.578285,1.037725,20.138942885025614,1.25,16116.521701388889
9.12,1.5757204,0.91576064,20.17006044803052,1.0,16109.530924479166
9.14,1.7919189,0.98067373,20.291543681394344,1.0,16102.540147569445
9.16,1.701694,1.0641694,20.18318412665241,1.0,16095.549370659723
9.18,1.7106483,0.9171134,20.154387739627126,1.0,16088.55859375
9.2,1.7355738,0.8876138,20.249900376323204,1.0,16105.723741319445
9.22,1.6428261,0.91435796,20.203608658990294,0.75,16122.888888888889
9.24,1.5597656,0.94773114,20.195212388268953,0.5,16140.054036458334
9.26,1.4846652,0.9959481,20.282976606687594,0.25,16157.219184027777
9.28,1.4455618,0.98604614,20.174122922079086,0.0,16174.384331597223
9.3,1.5376182,1.0490607,20.21189561347494,0.25,16191.549479166666
9.32,1.6718361,0.8647749,20.248058807675942,0.5,16208.714626736111
9.34,1.594712,0.80037177,20.17125891708744,0.75,16225.879774305555
9.36,1.7844012,0.8877033,20.180263291416928,1.0,16243.044921875
9.38,1.6782517,0.8812586,20.290408592091058,1.0,16213.334418402777
9.4,1.664136,0.91164875,20.316443443766325,1.0,16183.623914930555
9.42,1.6538436,0.81200653,20.163277784339037,1.0,16153.913411458334
9.44,1.8229532,0.8923154,20.31549983561019,1.0,16124.202907986111
9.46,1.7925248,0.7914852,20.27662771042246,0.75,16094.492404513889
9.48,1.8283474,0.9449409,20.204595877878848,0.5,16064.781901041666
9.5,1.7716601,0.72814775,20.199475499936185,0.25,16035.071397569445
9.52,1.6119244,0.92835736,20.078824053435923,0.0,16005.360894097223
9.54,1.5909271,0.83006376,20.132986506339627,0.25,15975.650390625
9.56,1.5234036,0.83922136,20.162059291065614,0.5,15994.308268229166
9.58,1.4896756,1.0378724,20.14515879996717,0.75,16012.966145833334
9.6,1.4343541,1.0192747,20.22119077793224,1.0,16031.6240234375
9.62,1.457737,1.0223674,20.02632174519325,0.75,16050.281901041666
9.64,1.3726168,1.0054939,20.093726178839283,0.5,16068.939778645834
9.66,1.490329,1.0879965,20.085194934911875,0.25,16087.59765625
9.68,1.5276501,1.0582532,20.117916284525606,0.0,16106.255533854166
9.7,1.3725895,1.1111126,20.0710164945389,0.0,16124.913411458334
9.72,1.3589358,0.9399298,20.116001426105036,0.0,16143.5712890625
9.74,1.4309824,1.0335042,20.150511188625494,0.0,16124.940104166666
9.76,1.4122285,1.0256327,20.093933327663912,0.0,16106.308919270834
9.78,1.4351369,0.94035876,20.19185973725241,0.25,16087.677734375
9.8,1.4681289,0.94884366,20.168936174414718,0.5,16069.046549479166
9.82,1.4919864,1.0730066,20.05812419044495,0.75,16050.415364583334
9.84,1.2636453,0.97092694,20.139926571729895,1.0,16031.7841796875
9.86,1.3483967,0.8286,20.165243237539926,0.75,16013.152994791666
9.88,1.3906126,0.80253595,20.1038484219347,0.5,15994.521809895834
9.9,1.3721528,0.8411911,20.145116160169213,0.25,15975.890625
9.92,1.3353652,0.8586048,20.09214384202448,0.0,15984.737196180555
9.94,1.2975638,0.8664436,20.059588495460147,0.0,15993.583767361111
9.96,1.4086976,0.96985817,20.083047958669113,0.0,16002.430338541666
9.98,1.3559015,0.82224065,20.15590437413111,0.0,16011.276909722223
10.0,1.3347481,0.97507006,20.047590868417686,0.0,16020.123480902777
10.02,1.3449489,0.82603997,20.064944625737855,0.25,16028.970052083334
10.04,1.3415759,0.83421344,20.116171516592804,0.5,16037.816623263889
10.06,1.4281536,0.82038033,20.061507583800427,0.75,16046.663194444445
10.08,1.4215046,0.69832474,20.133355588738606,1.0,16055.509765625
10.1,1.5576756,0.88590866,20.123557446936196,1.0,16026.903645833334
10.12,1.4662403,0.84760755,20.1569848001844,1.0,15998.297526041666
10.14,1.4231107,0.8514898,20.035096364255054,1.0,15969.69140625
10.16,1.4219524,0.91795355,20.107073080707167,1.0,15941.085286458334
10.18,1.3561776,0.8577945,20.102257693841175,0.75,15912.479166666666
10.2,1.3523619,0.853685,20.039568549088578,0.5,15883.873046875
10.22,1.4951203,0.7065949,20.123534482407134,0.25,15855.266927083334
10.24,1.4959966,0.8420198,20.101978849513856,0.0,15826.660807291666
10.26,1.4178121,0.7738706,20.05837489143758,0.25,15798.0546875
10.28,1.5061245,0.8479614,20.075872918954406,0.5,15833.727864583334
10.3,1.3849194,0.86961365,20.074676539950218,0.75,15869.401041666666
10.32,1.3485633,0.8667806,20.00753429527641,1.0,15905.07421875
10.34,1.3918775,0.92913175,20.091899346593287,1.0,15940.747395833334
10.36,1.4662912,0.9352063,20.09622336315081,1.0,15976.420572916666
10.38,1.4387591,0.7058747,20.148820076829775,1.0,16012.09375
10.4,1.4256082,0.88165987,20.093504780393783,1.0,16047.766927083334
10.42,1.3659441,0.93750846,20.135400314958687,0.75,16083.440104166666
10.44,1.284483,0.8414273,20.10765164928497,0.5,16119.11328125
10.46,1.3576401,0.8242389,20.131531250876243,0.25,16120.459092881945
10.48,1.3166143,0.8563897,20.08510344263188,0.0,16121.804904513889
10.5,1.2853572,0.8510066,20.065536433335694,0.25,16123.150716145834
10.52,1.423742,0.8074131,20.07192885807862,0.5,16124.496527777777
10.54,1.3758863,0.81507874,20.114531962294887,0.75,16125.842339409723
10.56,1.3065363,0.82039964,20.105673687301334,1.0,16127.188151041666
10.58,1.406676,0.8146057,20.1113713576826,1.0,16128.533962673611
10.6,1.50769,0.7539374,20.175365737857028,1.0,16129.879774305555
10.62,1.4387852,0.8923131,20.105546694581385,1.0,16131.2255859375
10.64,1.5351079,0.8605994,20.077478564032663,1.0,16132.775824652777
10.66,1.5115843,0.9225135,20.185423025317814,0.75,16134.326063368055
10.68,1.4644259,0.9851974,20.128536122770846,0.5,16135.876302083334
10.7,1.5048312,0.7863122,20.151745992714524,0.25,16137.426540798611
10.72,1.4464164,1.0024185,20.08461587106758,0.0,16138.976779513889
10.74,1.5921742,0.7972204,20.10757390809857,0.0,16140.527018229166
10.76,1.6530964,0.88073766,20.184885106907466,0.0,16142.077256944445
10.78,1.6835092,0.92597014,20.1846715912929,0.0,16143.627495659723
10.8,1.6499221,0.90643376,20.164700252147696,0.0,16145.177734375
10.82,1.5515819,0.8908468,20.10575115447879,0.25,16128.018446180555
10.84,1.6117384,1.003423,20.14129463360932,0.5,16110.859157986111
10.86,1.7435167,0.8269078,20.209947980553984,0.75,16093.699869791666
10.88,1.5646553,0.8149496,20.110959757657692,1.0,16076.540581597223
10.9,1.513713,0.78251034,20.124553072554342,0.75,16059.381293402777
10.92,1.599097,0.8521942,20.12398787723353,0.5,16042.222005208334
10.94,1.6349207,0.9366095,20.10126662107623,0.25,16025.062717013889
10.96,1.5994482,1.0065506,20.153483984550896,0.0,16007.903428819445
10.98,1.6045437,1.0463375,20.05878531551934,0.25,15990.744140625
11.0,1.40046,1.1482122,20.16975875704302,0.5,16001.026475694445
11.02,1.5692436,1.0374186,20.138820255853588,0.75,16011.308810763889
11.04,1.5898913,0.86314213,20.188323113543333,1.0,16021.591145833334
11.06,1.6847098,1.0344766,20.11391927985162,1.0,16031.873480902777
11.08,1.627345,0.9974512,20.090203369919163,1.0,16042.155815972223
11.1,1.5726758,0.92896706,20.210305124897054,1.0,16052.438151041666
11.12,1.638901,0.9076189,20.119797842173245,1.0,16062.720486111111
11.14,1.5972226,0.96370727,20.199208990958258,1.0,16073.002821180555
11.16,1.8182638,0.9845519,20.16287081376509,1.0,16083.28515625
11.18,1.7272041,1.0511758,20.16673552996255,1.0,16111.992078993055
11.2,1.675371,1.0288241,20.163857849320912,1.0,16140.699001736111
11.22,1.5826917,0.9742445,20.136754987596298,1.0,16169.405924479166
11.24,1.5331553,0.87444156,20.076202676252972,1.0,16198.112847222223
11.26,1.5953459,0.79780585,20.144640958688164,1.0,16226.819769965277
11.28,1.4771047,0.8586233,20.153696255175543,1.0,16255.526692708334
11.3,1.5235512,0.77642345,20.092407361314365,1.0,16284.233615451389
11.32,1.4286779,0.79301745,20.12553161061128,1.0,16312.940538194445
11.34,1.4599956,0.7655071,20.170826027847472,1.0,16341.6474609375
11.36,1.4687408,0.74304366,20.12693552323562,1.0,16307.308376736111
11.38,1.5448339,0.7820939,20.154233293507748,1.0,16272.969292534723
11.4,1.5509784,0.8090674,20.09717554991887,1.0,16238.630208333334
11.42,1.5406349,0.9206573,20.09130576781603,1.0,16204.291124131945
11.44,1.54965,0.9730773,20.14074208646639,1.0,16169.952039930555
11.46,1.6124818,1.0240082,20.157035414199356,0.75,16135.612955729166
11.48,1.6344625,0.9372902,20.092588881337434,0.5,16101.273871527777
11.5,1.6446257,0.919435,20.099092649839868,0.25,16066.934787326389
11.52,1.6998446,0.8035182,20.122680275222553,0.0,16032.595703125
11.54,1.6323993,0.9062343,20.078073502773634,0.25,16055.268880208334
11.56,1.7054527,0.803073,20.15485034510226,0.5,16077.942057291666
11.58,1.8348689,0.86152244,20.127538715049212,0.75,16100.615234375
11.6,1.6451719,0.96478903,20.14708272142062,1.0,16123.288411458334
11.62,1.6361798,0.81000257,20.119192672733814,1.0,16145.961588541666
11.64,1.5132678,0.927261,20.102986766319315,1.0,16168.634765625
11.66,1.5250005,0.8338013,20.123066928654087,1.0,16191.307942708334
11.68,1.5825497,0.85492456,20.144879842992594,1.0,16213.981119791666
11.7,1.5238461,0.8915268,20.217785408590373,1.0,16236.654296875
11.72,1.4682565,0.83520836,20.172590547341215,1.0,16217.788411458334
11.74,1.554162,0.9404961,20.091571613058022,1.0,16198.922526041666
11.76,1.5064973,0.84553295,20.15015234613404,1.0,16180.056640625
11.78,1.5606775,1.0718746,20.158747067780986,1.0,16161.190755208334
11.8,1.4569919,0.93146825,20.169390437911513,1.0,16142.324869791666
11.82,1.4840091,0.92248553,20.13538820263596,1.0,16123.458984375
11.84,1.5802293,0.9192383,20.156697172960932,1.0,16104.593098958334
11.86,1.6049869,0.9827299,20.10827011832734,1.0,16085.727213541666
11.88,1.6750805,0.8823986,20.21277472674668,1.0,16066.861328125
11.9,1.5051545,0.90410954,20.155620396385228,1.0,16070.470160590277
11.92,1.6193409,0.88289833,20.191345710056403,1.0,16074.078993055555
11.94,1.5292914,1.1213543,20.19838379430466,1.0,16077.687825520834
11.96,1.5474012,1.0541956,20.057607977173664,1.0,16081.296657986111
11.98,1.7896607,1.0049622,20.09720969335401,1.0,16084.905490451389
12.0,1.571604,1.024177,20.16272664900243,1.0,16088.514322916666
12.02,1.6495588,0.9221107,20.099063232072886,1.0,16092.123155381945
12.04,1.6049869,0.9813522,20.186544782983052,1.0,16095.731987847223
12.06,1.4233737,1.041383,20.127262441274905,1.0,16099.3408203125
12.08,1.4856737,0.97192097,20.10772831027593,1.0,16060.716796875
12.1,1.525467,0.79893064,20.162418906899795,1.0,16022.0927734375
12.12,1.4804726,0.87320924,20.134641319059035,1.0,15983.46875
12.14,1.4775102,0.7526556,20.137910973119908,1.0,15944.8447265625
12.16,1.5108656,1.0134139,20.141457222250992,1.0,15906.220703125
12.18,1.4724329,0.8093915,20.124254285920472,1.0,15867.5966796875
12.2,1.3812102,0.8836092,20.168796195039857,1.0,15828.97265625
12.22,1.3551832,0.7209083,20.158719769238584,1.0,15790.3486328125
12.24,1.4421127,0.9374237,20.048828810758252,1.0,15751.724609375
12.26,1.4791312,0.82294345,20.07221994934738,1.0,15790.342230902777
12.28,1.4411515,0.84102577,20.1535657130435,1.0,15828.959852430555
12.3,1.4483826,0.87890625,20.088104228258157,1.0,15867.577473958334
12.32,1.3529986,1.0609384,20.111436021637058,1.0,15906.195095486111
12.34,1.4109287,0.9834595,20.088655968187883,1.0,15944.812717013889
12.36,1.4252403,0.79861975,20.060720680992432,1.0,15983.430338541666
12.38,1.424452,0.9890759,20.157625948562277,1.0,16022.047960069445
12.4,1.419686,0.9332986,20.084489302766244,1.0,16060.665581597223
12.42,1.4725091,0.871419,20.12504055731586,1.0,16099.283203125
12.44,1.353967,1.0555668,20.155342563208706,1.0,16073.018880208334
12.46,1.3064218,0.877216,20.13448810376704,1.0,16046.754557291666
12.48,1.3115993,0.9353061,20.145360170374556,1.0,16020.490234375
12.5,1.321667,1.0785159,20.163169196119593,0.75,15994.225911458334
12.52,1.4682307,0.84508866,20.231359307330795,0.5,15967.961588541666
12.54,1.5142077,0.9317092,20.227347455245642,0.25,15941.697265625
12.56,1.4096011,0.7868149,20.133256864688992,0.0,15915.432942708334
12.58,1.3406824,0.8043263,20.16952994780319,0.5,15889.168619791666
12.6,1.3648473,0.8528188,20.117675205492972,1.0,15862.904296875
12.62,1.3886456,0.7772931,20.133138749562676,1.5,15929.261935763889
12.64,1.3419106,0.82984835,20.207479163824935,2.0,15995.619574652777
12.66,1.3056476,0.78759223,20.22805782415311,1.75,16061.977213541666
12.68,1.3729713,0.7952566,20.173861461124094,1.5,16128.334852430555
12.7,1.3375225,0.90459514,20.139204025856678,1.25,16194.692491319445
12.72,1.5069695,0.7969786,20.211832563280435,1.0,16261.050130208334
12.74,1.5149246,0.90603477,20.212458756811134,1.0,16327.407769097223
12.76,1.657417,0.8579404,20.286418562222224,1.0,16393.76540798611
12.78,1.529267,1.0152415,20.1353567250419,1.0,16460.123046875
12.8,1.619549,0.97126865,20.182118334537925,1.0,16444.340711805555
12.82,1.4135801,0.8186202,20.136141615359513,1.25,16428.55837673611
12.84,1.4864296,0.96147406,20.13805816008275,1.5,16412.776041666668
12.86,1.4553204,0.99695706,20.203524803813792,1.75,16396.993706597223
12.88,1.4828732,0.7808633,20.225712812065954,2.0,16381.211371527777
12.9,1.3451993,0.79816437,20.14412720357337,1.5,16365.429036458334
12.92,1.4586871,0.8879718,20.122843051628845,1.0,16349.646701388889
12.94,1.4755576,0.79684645,20.128828908834304,0.5,16333.864366319445
12.96,1.4556549,0.87518203,20.171781017669762,0.0,16318.08203125
12.98,1.4880912,1.0360522,20.166840582274528,0.0,16298.923068576389
13.0,1.4778903,0.8059254,20.176527474770552,0.0,16279.764105902777
13.02,1.448124,0.9145644,20.17531963206741,0.0,16260.605143229166
13.04,1.5506647,0.772128,20.189431040720017,0.0,16241.446180555555
13.06,1.4037981,0.6995868,20.142879053182394,0.25,16222.287217881945
13.08,1.5896792,0.75768864,20.15639087058529,0.5,16203.128255208334
13.1,1.6026522,0.90702105,20.18511715517462,0.75,16183.969292534723
13.12,1.5115843,0.72885144,20.143462420793025,1.0,16164.810329861111
13.14,1.5847958,0.7942792,20.127732278411685,0.75,16145.6513671875
13.16,1.5379834,0.84181917,20.139949596232974,0.5,16160.816840277777
13.18,1.6317798,0.84840184,20.12467831427866,0.25,16175.982313368055
13.2,1.5885483,0.8550315,20.198962933538308,0.0,16191.147786458334
13.22,1.525467,0.8936392,20.22634310591752,0.0,16206.313259548611
13.24,1.5597416,0.8968483,20.233673014439326,0.0,16221.478732638889
13.26,1.4839334,0.83040833,20.19797122194881,0.0,16236.644205729166
13.28,1.5519439,0.90506065,20.135469537349838,0.0,16251.809678819445
13.3,1.6341646,0.96786493,20.19289006187888,0.0,16266.975151909723
13.32,1.7558436,0.8112868,20.19797717512215,0.0,16282.140625
13.34,1.628771,0.858621,20.12975328585903,0.0,16266.410264756945
13.36,1.5033125,0.96934587,20.100681167985584,0.0,16250.679904513889
13.38,1.5760531,0.8288733,20.140254901108875,0.0,16234.949544270834
13.4,1.5831648,0.98097754,20.182683921856544,0.0,16219.219184027777
13.42,1.4492356,0.7002482,20.083004834413,0.0,16203.488823784723
13.44,1.4836559,0.7291839,20.204681778933185,0.0,16187.758463541666
13.46,1.4310871,0.7550171,20.11749027437017,0.0,16172.028103298611
13.48,1.3593767,1.002028,20.086055385150377,0.0,16156.297743055555
13.5,1.3442804,0.76567054,20.1348982660282,0.0,16140.5673828125
13.52,1.3747973,1.0226588,20.17565984355724,0.0,16140.088216145834
13.54,1.4259495,0.96505463,20.129272909840452,0.0,16139.609049479166
13.56,1.5366194,0.7774132,20.168178094481902,0.0,16139.1298828125
13.58,1.4588153,0.74060374,20.15428424875151,0.0,16138.650716145834
13.6,1.3821046,0.7489535,20.143863933457133,0.0,16138.171549479166
13.62,1.4646816,1.0857407,20.163421074947912,0.25,16137.6923828125
13.64,1.590268,0.959337,20.192472858278137,0.5,16137.213216145834
13.66,1.6842875,0.8404326,20.21233907893769,0.75,16136.734049479166
13.68,1.7943413,0.892805,20.198355684607954,1.0,16136.2548828125
13.7,1.7022879,0.847087,20.22101583849488,1.0,16171.697265625
13.72,1.7685081,0.9303648,20.281088818261203,1.0,16207.1396484375
13.74,1.6674179,1.0596547,20.185822560288646,1.0,16242.58203125
13.76,1.8985965,1.1172948,20.302001729861733,1.0,16278.0244140625
13.78,1.5580602,1.1819954,20.26148542086515,1.0,16313.466796875
13.8,1.6407049,0.9659108,20.203049774499174,1.0,16348.9091796875
13.82,1.5315914,1.1677172,20.258181540483832,1.0,16384.3515625
13.84,1.6838205,1.1855049,20.354584891845672,1.0,16419.7939453125
13.86,1.6486734,1.0484374,20.254066531216587,1.0,16455.236328125
13.88,1.5543547,1.2692307,20.22233079850747,1.0,16447.776258680555
13.9,1.7252517,1.020317,20.317775724063615,1.0,16440.31618923611
13.92,1.6975521,0.9388956,20.252401325744213,1.0,16432.856119791668
13.94,1.8522553,1.0844626,20.335948346771517,1.0,16425.396050347223
13.96,1.8402486,0.8642072,20.353935665258113,1.0,16417.935980902777
13.98,1.6968019,0.9512925,20.35351200691649,1.0,16410.475911458332
14.0,1.7170498,1.1082711,20.30758054145009,1.0,16403.01584201389
14.02,1.802877,0.8216678,20.302877287356335,1.0,16395.555772569445
14.04,1.7930471,0.8080994,20.33672664666205,1.0,16388.095703125
14.06,1.8803842,0.80946755,20.256678938750024,1.0,16367.926866319445
14.08,1.5936315,0.8743553,20.19567666393419,1.0,16347.758029513889
14.1,1.8353587,1.0078859,20.26400476558502,1.0,16327.589192708334
14.12,1.7380099,1.1578376,20.297631001655,1.0,16307.420355902777
14.14,1.7648202,0.92003554,20.35520637361531,1.0,16287.251519097223
14.16,1.7638652,1.0126804,20.227561119703243,1.0,16267.082682291666
14.18,1.673403,0.8781736,20.331103570704716,0.75,16246.913845486111
14.2,1.649786,0.85655904,20.27538501916741,0.5,16226.745008680555
14.22,1.4785743,0.7793709,20.208985743024854,0.25,16206.576171875
14.24,1.4888961,0.84362745,20.23891133908195,0.0,16245.409722222223
14.26,1.6778502,0.91440797,20.243398587307357,0.25,16284.243272569445
14.28,1.4817871,0.9661308,20.20204933225489,0.5,16323.076822916666
14.3,1.5104194,0.80307794,20.231574507018518,0.75,16361.910373263889
14.32,1.4083786,0.81549054,20.16847184053209,1.0,16400.74392361111
14.34,1.3973548,0.88355297,20.181669639780683,1.0,16439.577473958332
14.36,1.3882141,0.9257041,20.254202290845843,1.0,16478.411024305555
14.38,1.4180232,0.9112454,20.27118014636377,1.0,16517.244574652777
14.4,1.5364976,0.9648282,20.326698743522854,1.0,16556.078125
14.42,1.4570946,0.9189227,20.263023246405396,1.0,16484.667317708332
14.44,1.6023952,0.9869725,20.251436537829036,1.0,16413.256510416668
14.46,1.5149,0.9520942,20.231835124258076,1.0,16341.845703125
14.48,1.4470376,0.8878353,20.274421487516776,1.0,16270.434895833334
14.5,1.4520748,0.9747114,20.188418072484858,1.0,16199.024088541666
14.52,1.3019428,0.99212456,20.178184178622132,1.0,16127.61328125
14.54,1.2986022,0.8431869,20.132965497294677,1.0,16056.202473958334
14.56,1.4262909,0.8899565,20.213627934683736,1.0,15984.791666666666
14.58,1.4128911,0.8979398,20.090223587870742,1.0,15913.380859375
14.6,1.396792,0.99291325,20.194992826902286,1.0,15960.737521701389
14.62,1.4913085,1.0000889,20.274240157682915,1.0,16008.094184027777
14.64,1.586685,0.8337727,20.183961450608923,1.0,16055.450846354166
14.66,1.6408418,0.90589225,20.224986779640155,1.25,16102.807508680555
14.68,1.6027925,0.96302056,20.28647952344148,1.5,16150.164171006945
14.7,1.5476674,1.0694307,20.163988451341485,1.75,16197.520833333334
14.72,1.4820902,1.0493182,20.121756329224723,2.0,16244.877495659723
14.74,1.4480982,0.93801486,20.16404019115634,1.75,16292.234157986111
14.76,1.6587269,0.880327,20.242821485582994,1.5,16339.5908203125
14.78,1.5399542,0.94380486,20.261410773101467,1.25,16284.419379340277
14.8,1.7059137,0.9706363,20.315433394130025,1.0,16229.247938368055
14.82,1.700219,1.0632485,20.204937745745333,1.0,16174.076497395834
14.84,1.6865535,1.1071681,20.193302615146912,1.0,16118.905056423611
14.86,1.5472801,0.9474481,20.153802175613453,1.0,16063.733615451389
14.88,1.6196645,0.82427025,20.139867290088382,1.0,16008.562174479166
14.9,1.6301498,0.83248496,20.14916203022823,0.75,15953.390733506945
14.92,1.5109648,0.8295825,20.18120060149765,0.5,15898.219292534723
14.94,1.3983996,0.82900757,20.089671025720023,0.25,15843.0478515625
14.96,1.4527194,0.87537265,20.135101823312777,0.0,15877.504448784723
14.98,1.4394356,1.123581,20.08145869386038,0.25,15911.961046006945
15.0,1.4970725,0.8057627,20.15067207323447,0.5,15946.417643229166
15.02,1.499172,1.0081638,20.240145150718586,0.75,15980.874240451389
15.04,1.4561434,0.90601945,20.231827898059596,1.0,16015.330837673611
15.06,1.5097747,0.8480552,20.20068126836971,1.0,16049.787434895834
15.08,1.3443639,0.8502382,20.17138257185909,1.0,16084.244032118055
15.1,1.5277727,0.9362084,20.179111373031013,1.0,16118.700629340277
15.12,1.3762674,0.8230811,20.148105338501896,1.0,16153.1572265625
15.14,1.4787517,0.8211332,20.16646063174702,1.0,16118.753038194445
15.16,1.4697093,1.1003766,20.167404676138148,1.0,16084.348849826389
15.18,1.4195805,0.8288853,20.151427014586165,1.0,16049.944661458334
15.2,1.4548314,0.88913906,20.196596197294983,1.0,16015.540473090277
15.22,1.5839922,1.0004226,20.222130846859816,1.0,15981.136284722223
15.24,1.4679502,1.1606467,20.269092090275976,1.0,15946.732096354166
15.26,1.538373,0.9596642,20.190062264928557,1.0,15912.327907986111
15.28,1.5596457,1.2389762,20.15972990991766,1.0,15877.923719618055
15.3,1.4172838,0.8958974,20.150532169332468,1.0,15843.51953125
15.32,1.4363887,0.8690903,20.16267691133434,1.0,15903.632378472223
15.34,1.4731956,1.0426967,20.100361853961324,1.0,15963.745225694445
15.36,1.6241896,0.8951098,20.221839059367724,1.0,16023.858072916666
15.38,1.5668795,0.9022596,20.179278122580392,1.25,16083.970920138889
15.4,1.6637534,1.0980756,20.176808358870662,1.5,16144.083767361111
15.42,1.5625,1.0240412,20.22908342051645,1.75,16204.196614583334
15.44,1.5227891,0.9368682,20.16839472458326,2.0,16264.309461805555
15.46,1.4936168,0.93449855,20.219055233648472,1.75,16324.422309027777
15.48,1.4127852,0.88886863,20.204175168429703,1.5,16384.53515625
15.5,1.4499587,1.3302999,20.1606461353407,1.25,16357.266493055555
15.52,1.6246045,0.91062164,20.16343918390563,1.0,16329.997829861111
15.54,1.5045822,0.8701961,20.205438502906695,1.0,16302.729166666666
15.56,1.5699353,0.9274088,20.129188724922074,1.0,16275.460503472223
15.58,1.5577477,0.9050189,20.14451060810154,1.0,16248.191840277777
15.6,1.4036648,0.87287927,20.16576978580113,1.0,16220.923177083334
15.62,1.4712626,1.0704594,20.321300271051143,1.0,16193.654513888889
15.64,1.4414893,0.97807497,20.2588925627426,1.0,16166.385850694445
15.66,1.557267,1.0007423,20.195242092721152,1.0,16139.1171875
15.68,1.5911155,0.96196777,20.294426075393126,1.0,16133.578776041666
15.7,1.4437215,1.1425052,20.193773543565502,1.25,16128.040364583334
15.72,1.5528121,0.9569586,20.20185999363376,1.5,16122.501953125
15.74,1.4770794,1.0359467,20.218509608622597,1.75,16116.963541666666
15.76,1.5091298,1.0628486,20.177865865542415,2.0,16111.425130208334
15.78,1.6010393,1.1014179,20.25158808698237,2.0,16105.88671875
15.8,1.5599335,1.0770836,20.22025913814573,2.0,16100.348307291666
15.82,1.4626093,0.97768897,20.19297153763086,2.0,16094.809895833334
15.84,1.5537764,0.9933514,20.155762914921063,2.0,16089.271484375
15.86,1.5141088,1.1651127,20.230393639377816,1.5,16113.940212673611
15.88,1.4736022,0.95934325,20.218204297529226,1.0,16138.608940972223
15.9,1.4150627,0.99481833,20.221271273427675,0.5,16163.277669270834
15.92,1.4122815,1.0180713,20.221242213225224,0.0,16187.946397569445
15.94,1.4374833,0.94613445,20.249505346636955,0.25,16212.615125868055
15.96,1.3764035,0.9909704,20.243087551533833,0.5,16237.283854166666
15.98,1.4058771,1.0517635,20.262183914050045,0.75,16261.952582465277
16.0,1.3986943,1.0199139,20.16573248967274,1.0,16286.621310763889
16.02,1.4071285,1.0105731,20.220976034055546,0.75,16311.2900390625
16.04,1.4315319,1.0616665,20.22908935123644,0.5,16316.010091145834
16.06,1.4656272,1.031817,20.28241225466076,0.25,16320.730143229166
16.08,1.5777391,0.8291537,20.218729856508908,0.0,16325.4501953125
16.1,1.5570745,0.91323173,20.164163915185046,0.5,16330.170247395834
16.12,1.5449309,0.850584,20.227468013101365,1.0,16334.890299479166
16.14,1.4729668,0.8982075,20.205433632632786,1.5,16339.6103515625
16.16,1.3953437,0.92383707,20.2922069167754,2.0,16344.330403645834
16.18,1.5103699,0.88420933,20.228392452868906,2.0,16349.050455729166
16.2,1.4316888,0.9211945,20.307484334034093,2.0,16353.7705078125
16.22,1.4567604,0.9054096,20.341114032720423,2.0,16380.821614583334
16.24,1.416253,0.84731925,20.21783178480828,2.0,16407.872721354168
16.26,1.4691486,0.94578993,20.163928072904408,1.5,16434.923828125
16.28,1.3704599,0.8264344,20.224341674587933,1.0,16461.974934895832
16.3,1.4295686,0.9315941,20.178935738786826,0.5,16489.026041666668
16.32,1.4140303,0.9054271,20.197498736033133,0.0,16516.0771484375
16.34,1.3522512,0.82442933,20.18621240523121,0.0,16543.128255208332
16.36,1.2971885,0.87364376,20.193315148276575,0.0,16570.179361979168
16.38,1.4056374,0.9280855,20.28484692732889,0.0,16597.23046875
16.4,1.3752058,0.769473,20.23805814810512,0.0,16566.258355034723
16.42,1.4034246,0.84986424,20.254353101267736,0.5,16535.286241319445
16.44,1.4994467,0.7948368,20.274815137074587,1.0,16504.314127604168
16.46,1.4916098,0.84672576,20.23778360566598,1.5,16473.34201388889
16.48,1.4662658,0.81794524,20.213538211117417,2.0,16442.36990017361
16.5,1.3935177,0.8909873,20.179616148112522,1.75,16411.397786458332
16.52,1.306479,0.85030365,20.29387339328284,1.5,16380.425672743055
16.54,1.2649189,0.820683,20.22710187209644,1.25,16349.453559027777
16.56,1.3677523,0.810836,20.204944751000383,1.0,16318.4814453125
16.58,1.457814,0.93964225,20.244906496995746,0.75,16324.168619791666
16.6,1.6284721,0.82137513,20.25839916781155,0.5,16329.855794270834
16.62,1.4248986,0.87914133,20.24369685679972,0.25,16335.54296875
16.64,1.7237535,0.9296684,20.424171870154204,0.0,16341.230143229166
16.66,1.5979257,0.83645874,20.255189318300758,0.5,16346.917317708334
16.68,1.5736042,0.86157316,20.237395785272607,1.0,16352.6044921875
16.7,1.6022784,0.8986321,20.291593530470664,1.5,16358.291666666666
16.72,1.5964487,0.81218266,20.24418888166395,2.0,16363.978841145834
16.74,1.4873863,0.7946393,20.244472358026293,1.75,16369.666015625
16.76,1.3570608,0.8801171,20.245235917536476,1.5,16326.534505208334
16.78,1.435737,0.90301895,20.20414632256543,1.25,16283.402994791666
16.8,1.4780171,0.8021992,20.18019881977694,1.0,16240.271484375
16.82,1.530026,0.8371282,20.166125520995074,1.0,16197.139973958334
16.84,1.4862531,0.8630201,20.1303221034269,1.0,16154.008463541666
16.86,1.4629164,0.90922856,20.1674657440523,1.0,16110.876953125
16.88,1.4278651,0.8493731,20.076961178619918,1.0,16067.745442708334
16.9,1.4252403,0.8897466,20.078204469985884,1.25,16024.613932291666
16.92,1.4514558,0.88085943,20.122134107966435,1.5,15981.482421875
16.94,1.6035165,0.885294,20.19233305510076,1.75,16004.107204861111
16.96,1.6383069,0.88055944,20.236013986795935,2.0,16026.731987847223
16.98,1.4617131,0.952211,20.178546815702862,2.0,16049.356770833334
17.0,1.4569919,0.88383406,20.250159497531214,2.0,16071.981553819445
17.02,1.4000053,0.92352086,20.112534659287068,2.0,16094.606336805555
17.04,1.465065,1.0470209,20.15599263550174,2.0,16117.231119791666
17.06,1.4366235,1.0276706,20.17733786295934,1.75,16139.855902777777
17.08,1.3233659,0.9284537,20.09312823852452,1.5,16162.480685763889
17.1,1.3899124,0.8536943,20.140776527176044,1.25,16185.10546875
17.12,1.4077138,1.1646727,20.17882385744336,1.0,16163.643337673611
17.14,1.4101057,0.8946813,20.232180393609166,1.0,16142.181206597223
17.16,1.2974193,0.8942903,20.203678435246974,1.0,16120.719075520834
17.18,1.3764305,0.9182869,20.18508141211656,1.0,16099.256944444445
17.2,1.4213467,1.0099084,20.142251178771346,1.0,16077.794813368055
17.22,1.4411515,0.9322592,20.142104831789354,1.25,16056.332682291666
17.24,1.2965534,0.8269775,20.139946615712528,1.5,16034.870551215277
17.26,1.3601754,1.0271311,20.081457797771044,1.75,16013.408420138889
17.28,1.4306161,0.8299632,20.158097425683735,2.0,15991.9462890625
17.3,1.4880408,0.7170007,20.168631373570406,1.75,16030.981987847223
17.32,1.4744658,0.8427226,20.11340580446135,1.5,16070.017686631945
17.34,1.3909626,0.82304966,20.106971995077107,1.25,16109.053385416666
17.36,1.4304066,0.9854938,20.09028458914674,1.0,16148.089084201389
17.38,1.4836811,0.8505046,20.125684680692476,1.0,16187.124782986111
17.4,1.4101057,0.8079641,20.07646403809495,1.0,16226.160481770834
17.42,1.4266322,0.77922815,20.08344833497485,1.0,16265.196180555555
17.44,1.4892985,0.76075566,20.235276818597963,1.0,16304.231879340277
17.46,1.4264221,0.7994428,20.236415492833682,1.0,16343.267578125
17.48,1.4652183,0.7384006,20.173028084499848,1.0,16331.1171875
17.5,1.381644,0.89783794,20.117850915243388,1.0,16318.966796875
17.52,1.5284832,0.6958935,20.096983929357606,1.0,16306.81640625
17.54,1.3868378,0.84334946,20.120705688196917,1.0,16294.666015625
17.56,1.3616335,0.8011707,20.098712241210887,1.0,16282.515625
17.58,1.4197387,0.8386458,20.177202872493424,1.0,16270.365234375
17.6,1.5240672,0.933305,20.204890200417122,1.0,16258.21484375
17.62,1.4402938,0.87224627,20.18264498713269,1.0,16246.064453125
17.64,1.5639851,0.9333178,20.16016028399273,1.0,16233.9140625
17.66,1.4575571,0.8751389,20.216022079994993,1.0,16260.084201388889
17.68,1.6058033,0.7949892,20.230122622030112,1.0,16286.254340277777
17.7,1.4301449,0.7380777,20.16933861528735,1.0,16312.424479166666
17.72,1.3985871,0.88369244,20.192225964775655,1.0,16338.594618055555
17.74,1.3461175,0.8010045,20.127291825388586,1.0,16364.764756944445
17.76,1.376621,0.9240693,20.160930141428533,1.0,16390.934895833332
17.78,1.3962021,0.8269247,20.23368699192369,1.0,16417.105034722223
17.8,1.3892926,0.8738143,20.13244363613048,1.0,16443.27517361111
17.82,1.4300925,0.94781506,20.225256706534005,1.0,16469.4453125
17.84,1.3494515,0.91502696,20.220298092396682,1.0,16414.040907118055
17.86,1.4371448,0.7692122,20.186267953972866,1.0,16358.636501736111
17.88,1.5476916,0.8710679,20.182567882654816,1.0,16303.232096354166
17.9,1.5321779,0.85117704,20.16838483318136,1.0,16247.827690972223
17.92,1.5321535,0.7944992,20.207165017929476,1.0,16192.423285590277
17.94,1.5363758,0.8823086,20.275454251181934,1.25,16137.018880208334
17.96,1.534376,0.91767,20.23471238231915,1.5,16081.614474826389
17.98,1.3722348,0.7978083,20.202581863929396,1.75,16026.210069444445
18.0,1.3738983,0.90890944,20.13907766894188,2.0,15970.8056640625
18.02,1.2737098,0.744889,20.110189875585455,1.5,15985.193359375
18.04,1.4308255,0.8358457,20.101431271620402,1.0,15999.5810546875
18.06,1.4635563,0.7478119,20.212174552519542,0.5,16013.96875
18.08,1.4434881,0.88177925,20.111221466300428,0.0,16028.3564453125
18.1,1.3884029,0.8376526,20.23729699797284,0.25,16042.744140625
18.12,1.3722348,0.8192922,20.172070834966792,0.5,16057.1318359375
18.14,1.3656701,0.8543689,20.1934356504262,0.75,16071.51953125
18.16,1.511708,0.8899855,20.177145520318106,1.0,16085.9072265625
18.18,1.477865,0.9994232,20.14156971402803,1.0,16100.294921875
18.2,1.4943185,0.8949033,20.16347943017916,1.0,16140.841145833334
18.22,1.524141,0.8615501,20.19534462941784,1.0,16181.387369791666
18.24,1.5173943,0.7302567,20.14366778446789,1.0,16221.93359375
18.26,1.5551735,0.8448183,20.198316493384688,1.0,16262.479817708334
18.28,1.5519197,0.78044343,20.295550564662285,1.0,16303.026041666666
18.3,1.5669034,0.8778001,20.209843135284046,1.0,16343.572265625
18.32,1.5842288,0.52442706,20.288230379978028,1.0,16384.118489583332
18.34,1.4449658,0.5091722,20.167616543262792,1.0,16424.664713541668
18.36,1.4229791,0.83128357,20.20985140649609,1.0,16465.2109375
18.38,1.4004867,0.81607515,20.260726750783547,1.0,16477.351996527777
18.4,1.5954633,0.9329197,20.325997295533877,1.0,16489.493055555555
18.42,1.4926387,0.93399453,20.338051739674388,1.0,16501.634114583332
18.44,1.4397738,0.85845894,20.232822066627335,1.0,16513.77517361111
18.46,1.4216101,0.8594836,20.257317210475833,1.0,16525.91623263889
18.48,1.5561123,0.74262375,20.273646112393404,1.0,16538.057291666668
18.5,1.5387868,0.8361902,20.277477712282703,1.0,16550.198350694445
18.52,1.4811046,0.81051004,20.202813966238867,1.0,16562.339409722223
18.54,1.4774342,0.96928847,20.289051651264742,1.0,16574.48046875
18.56,1.4972475,0.87531596,20.209892258645542,1.0,16496.031575520832
18.58,1.6079472,0.9113849,20.222308746106297,1.0,16417.582682291668
18.6,1.456195,0.9487599,20.257053470967268,1.0,16339.1337890625
18.62,1.4924381,1.0174232,20.173505645375865,1.0,16260.684895833334
18.64,1.4716444,0.9171741,20.153883540258732,1.0,16182.236002604166
18.66,1.5147023,0.7789885,20.097499232183726,1.0,16103.787109375
18.68,1.4967972,0.8283818,20.10446645558991,1.0,16025.338216145834
18.7,1.4620204,0.9706732,20.06988419521551,1.0,15946.889322916666
18.72,1.5397598,0.85928255,20.064998187543168,1.0,15868.4404296875
18.74,1.4535697,0.74839354,20.06117323227906,1.0,15907.102647569445
18.76,1.4380043,0.8211428,20.079412168807703,1.0,15945.764865451389
18.78,1.50057,0.8396592,20.14864221580947,1.0,15984.427083333334
18.8,1.5229858,0.8154199,20.11778514592885,1.0,16023.089301215277
18.82,1.5512198,0.84465134,20.154242228817395,1.0,16061.751519097223
18.84,1.6192253,0.7949543,20.19973294651556,1.0,16100.413736979166
18.86,1.4376135,0.90827966,20.091024799249773,1.0,16139.075954861111
18.88,1.417548,0.8610588,20.09121791184824,1.0,16177.738172743055
18.9,1.4801942,0.85677016,20.092194249058586,0.75,16216.400390625
18.92,1.4564264,0.7513822,20.1299514770372,0.5,16211.057291666666
18.94,1.4226896,0.7662231,20.15941037636612,0.25,16205.714192708334
18.96,1.3518357,0.81082135,20.177971261034244,0.0,16200.37109375
18.98,1.3864057,0.7921827,20.14341251367645,0.25,16195.027994791666
19.0,1.3298297,0.8783771,20.23848225768105,0.5,16189.684895833334
19.02,1.4405279,0.8710542,20.196072008682574,0.75,16184.341796875
19.04,1.5124013,0.83871454,20.088784760787327,1.0,16178.998697916666
19.06,1.519244,0.81306034,20.179811132015388,0.75,16173.655598958334
19.08,1.695897,0.8929051,20.23948751333804,0.5,16168.3125
19.1,1.7242314,0.8745847,20.22094497422716,0.25,16189.1923828125
19.12,1.5865905,0.8223928,20.233434214908126,0.0,16210.072265625
19.14,1.4569404,0.76170313,20.197519497161554,0.5,16230.9521484375
19.16,1.5139852,0.8012153,20.1793813790973,1.0,16251.83203125
19.18,1.5923858,0.8699906,20.267165433243868,1.5,16272.7119140625
19.2,1.4841857,0.9337435,20.19665382349961,2.0,16293.591796875
19.22,1.7044424,0.8133242,20.199468872055416,1.75,16314.4716796875
19.24,1.6419826,0.8154224,20.244273175528736,1.5,16335.3515625
19.26,1.5425782,0.8133242,20.11239329498441,1.25,16356.2314453125
19.28,1.4906555,0.72768927,20.144138636680708,1.0,16312.890625
19.3,1.4987972,0.75812113,20.076942827247333,1.0,16269.5498046875
19.32,1.4791566,0.80370855,20.066460991275463,1.0,16226.208984375
19.34,1.4470117,0.81082135,20.151093532888073,1.0,16182.8681640625
19.36,1.4881164,0.81813943,20.104534668835154,1.0,16139.52734375
19.38,1.5118319,0.8617669,20.136795310455252,1.0,16096.1865234375
19.4,1.3909358,0.86858034,20.080549097946623,1.0,16052.845703125
19.42,1.466419,0.89593065,20.05400492455785,1.0,16009.5048828125
19.44,1.4215838,0.83918107,20.099015935274384,1.0,15966.1640625
19.46,1.4170458,0.8018697,20.154655418557518,1.0,15958.419813368055
19.48,1.4146923,0.91464907,20.142183863161854,1.0,15950.675564236111
19.5,1.3590736,0.7697931,20.09709238120233,1.0,15942.931315104166
19.52,1.4179969,0.79136723,20.09955236748981,1.0,15935.187065972223
19.54,1.6163784,0.73802114,20.12396522972599,1.0,15927.442816840277
19.56,1.4323686,0.8760964,20.160843244656466,1.0,15919.698567708334
19.58,1.4223211,0.90613127,20.056217485539868,1.0,15911.954318576389
19.6,1.4610724,0.82631415,20.178295385786882,1.0,15904.210069444445
19.62,1.4689448,0.77895784,20.119670824340442,1.0,15896.4658203125
19.64,1.4347718,0.6959307,20.20086682610817,1.0,15914.983615451389
19.66,1.4807,0.883517,20.18856107018307,1.0,15933.501410590277
19.68,1.5184058,0.79752195,20.221108335089962,1.0,15952.019205729166
19.7,1.5806557,0.9984307,20.235398552966597,1.0,15970.537000868055
19.72,1.4412035,0.99609375,20.24753984083318,1.0,15989.054796006945
19.74,1.52333,0.80673367,20.204534270514497,1.0,16007.572591145834
19.76,1.4569919,0.80049837,20.197714557718243,1.0,16026.090386284723
19.78,1.4339362,0.84359455,20.148236258511112,1.0,16044.608181423611
19.8,1.4684348,0.8670625,20.179088137458272,1.0,16063.1259765625
19.82,1.4630188,0.8316707,20.155950262991162,1.0,16079.925889756945
19.84,1.5605576,0.7809854,20.172384923540033,1.0,16096.725802951389
19.86,1.4696074,0.93498105,20.082565609352855,1.0,16113.525716145834
19.88,1.5259578,0.84523916,20.10819933816565,1.0,16130.325629340277
19.9,1.5209438,0.8033377,20.17739769076639,1.0,16147.125542534723
19.92,1.5396382,0.78427553,20.119125573789752,1.0,16163.925455729166
19.94,1.5675246,0.7894795,20.12325859200278,1.0,16180.725368923611
19.96,1.6049637,0.7597077,20.125962550283795,1.0,16197.525282118055
19.98,1.6504214,0.7729689,20.132186293612836,1.0,16214.3251953125
20.0,1.4396697,0.7958335,20.140961319207157,1.0,16217.568142361111
20.02,1.5394193,0.83413005,20.15009725720937,1.0,16220.811089409723
20.04,1.5551977,0.87274045,20.150914691892886,1.0,16224.054036458334
20.06,1.5314202,0.819234,20.19003695961413,1.0,16227.296983506945
20.08,1.4761664,0.9164936,20.13803170699881,1.0,16230.539930555555
20.1,1.5345955,0.9329537,20.19157773131257,1.0,16233.782877604166
20.12,1.5383973,0.91148305,20.22280896835939,1.0,16237.025824652777
20.14,1.6192021,1.0311447,20.17042096826339,1.0,16240.268771701389
20.16,1.6074581,0.8175734,20.211114361021902,1.0,16243.51171875
20.18,1.6526659,0.83411336,20.23443660962232,1.25,16231.119900173611
20.2,1.5314447,0.92170334,20.216318216502394,1.5,16218.728081597223
20.22,1.5636259,0.8367009,20.19859382796222,1.75,16206.336263020834
20.24,1.587086,0.9116116,20.195063649602226,2.0,16193.944444444445
20.26,1.5237969,0.81689763,20.16897921915199,1.75,16181.552625868055
20.28,1.5782374,0.9145579,20.1863329738881,1.5,16169.160807291666
20.3,1.5670228,0.7918892,20.197485174884665,1.25,16156.768988715277
20.32,1.3933564,0.7981071,20.1588638559286,1.0,16144.377170138889
20.34,1.451791,0.89435923,20.17918840434268,0.75,16131.9853515625
20.36,1.3542435,0.72601086,20.185740449785396,0.5,16101.2763671875
20.38,1.4945441,0.79558134,20.16546642454388,0.25,16070.5673828125
20.4,1.5596216,0.83015233,20.18996877027742,0.0,16039.8583984375
20.42,1.3934371,0.90071017,20.19785055727622,0.5,16009.1494140625
20.44,1.4941431,0.91652185,20.187535481347794,1.0,15978.4404296875
20.46,1.5570023,0.7335928,20.211294492361752,1.5,15947.7314453125
20.48,1.4512494,0.825874,20.23714938101342,2.0,15917.0224609375
20.5,1.5479093,0.7799825,20.23041503043125,1.75,15886.3134765625
20.52,1.5466993,0.977559,20.170851365459434,1.5,15855.6044921875
20.54,1.5781188,0.7878924,20.216595026660357,1.25,15866.967339409723
20.56,1.4714663,0.9170289,20.15921590638811,1.0,15878.330186631945
20.58,1.4963219,0.8707119,20.12641821023934,1.0,15889.693033854166
20.6,1.5922211,0.8200872,20.05644928527731,1.0,15901.055881076389
20.62,1.3775183,0.7899625,20.122025079617405,1.0,15912.418728298611
20.64,1.4113266,0.9207544,20.136501632420135,1.0,15923.781575520834
20.66,1.5713419,0.8060856,20.146978639458894,1.0,15935.144422743055
20.68,1.5425782,0.7821625,20.164722371615223,1.0,15946.507269965277
20.7,1.442476,0.8107993,20.087251335060863,1.0,15957.8701171875
20.72,1.4900777,0.7640106,20.156123836750368,1.0,15962.079861111111
20.74,1.5445187,0.8850987,20.267483286839877,1.0,15966.289605034723
20.76,1.6433729,1.0750748,20.13254612411378,1.0,15970.499348958334
20.78,1.6074814,0.80711037,20.20125437789295,1.0,15974.709092881945
20.8,1.4524357,0.86733973,20.12055310780213,1.0,15978.918836805555
20.82,1.4249251,0.77631086,20.155294195475143,1.5,15983.128580729166
20.84,1.5595256,0.8123685,20.17445666440225,2.0,15987.338324652777
20.86,1.6154283,0.9358731,20.185375556679386,2.5,15991.548068576389
20.88,1.5045075,0.89727134,20.10232382096442,3.0,15995.7578125
20.9,1.5129955,0.7818169,20.187820830158078,2.75,16015.17578125
20.92,1.6390836,0.7199127,20.17047973382459,2.5,16034.59375
20.94,1.6763096,0.82252324,20.220061874220473,2.25,16054.01171875
20.96,1.6240742,0.7775537,20.25943714502723,2.0,16073.4296875
20.98,1.5123272,0.83339846,20.309451974326024,2.0,16092.84765625
21.0,1.4877892,0.87187946,20.21280659316609,2.0,16112.265625
21.02,1.6068989,0.8064503,20.20638991255645,2.0,16131.68359375
21.04,1.598488,0.77700925,20.17715344700551,2.0,16151.1015625
21.06,1.5982771,0.8251207,20.206800760584308,2.0,16170.51953125
21.08,1.6050802,0.8326663,20.175376697113506,2.0,16164.496419270834
21.1,1.4698112,0.9013099,20.207048206135816,2.0,16158.473307291666
21.12,1.5867794,0.88960814,20.15576104791494,2.0,16152.4501953125
21.14,1.5183319,0.92190593,20.190348672161136,2.0,16146.427083333334
21.16,1.4596366,0.7382795,20.17924738741805,2.0,16140.403971354166
21.18,1.5613014,0.94040954,20.24140375969557,2.0,16134.380859375
21.2,1.6479464,0.9390014,20.271638381101585,2.0,16128.357747395834
21.22,1.5378617,0.8521662,20.1801498838972,2.0,16122.334635416666
21.24,1.4617643,0.7776253,20.173260936801952,2.0,16116.3115234375
21.26,1.4995716,0.84295833,20.21689392069488,2.0,16157.3203125
21.28,1.3796098,0.8950765,20.185175041818432,2.0,16198.3291015625
21.3,1.4023036,0.80891025,20.279759379782426,2.0,16239.337890625
21.32,1.449597,0.8282522,20.239049373509552,2.0,16280.3466796875
21.34,1.4873362,0.81522256,20.27418747209994,2.0,16321.35546875
21.36,1.5982537,0.9689605,20.188997571733896,2.0,16362.3642578125
21.38,1.6209126,0.79885113,20.214291550432662,1.75,16403.373046875
21.4,1.5574112,0.9065784,20.248969944222956,1.5,16444.3818359375
21.42,1.5178385,0.92783284,20.267639221729045,1.25,16485.390625
21.44,1.5524986,0.743196,20.161894385048228,1.0,16418.454427083332
21.46,1.5978085,0.87344134,20.162583975847546,1.0,16351.518229166666
21.48,1.5446401,0.8321818,20.18375837407822,1.0,16284.58203125
21.5,1.5590693,0.92213005,20.231717558927418,1.0,16217.645833333334
21.52,1.5692674,0.8476263,20.20099823706012,1.0,16150.709635416666
21.54,1.6176751,0.75557476,20.152655540535026,1.25,16083.7734375
21.56,1.5349127,0.84203863,20.147018345444067,1.5,16016.837239583334
21.58,1.6042635,0.8576509,20.143843621170173,1.75,15949.901041666666
21.6,1.4863287,0.998751,20.154572500142365,2.0,15882.96484375
21.62,1.5531015,0.91325784,20.205160001359275,2.0,15882.187065972223
21.64,1.46243,0.8597009,20.13121336952308,2.0,15881.409288194445
21.66,1.4836054,0.75728726,20.083710617547364,2.0,15880.631510416666
21.68,1.388322,0.8232235,20.104584617812638,2.0,15879.853732638889
21.7,1.4885188,0.9408573,20.18480912346417,2.0,15879.075954861111
21.72,1.4342235,0.91991895,20.052149987680735,2.0,15878.298177083334
21.74,1.4136596,0.9560363,20.037808232285347,2.0,15877.520399305555
21.76,1.3400958,1.0123076,19.95840498379486,2.0,15876.742621527777
21.78,1.4574287,0.8996132,20.088363935113996,1.75,15875.96484375
21.8,1.4811552,0.8270712,20.113505646291756,1.5,15878.076280381945
21.82,1.336122,0.7803059,20.052800171078687,1.25,15880.187717013889
21.84,1.316529,0.751324,20.13490478327606,1.0,15882.299153645834
21.86,1.3114852,0.83258516,19.98817396949099,1.0,15884.410590277777
21.88,1.275502,0.890443,20.07700233277194,1.0,15886.522026909723
21.9,1.221946,0.7915605,20.03489641904137,1.0,15888.633463541666
21.92,1.2578834,0.79174626,20.080237983094786,1.0,15890.744900173611
21.94,1.3553214,0.7742864,20.102227678940427,0.75,15892.856336805555
21.96,1.3429148,0.80184746,20.096267673907377,0.5,15894.9677734375
21.98,1.3705692,0.7549987,20.10176693411969,0.25,15902.495442708334
22.0,1.4857744,0.7723106,20.148392018214448,0.0,15910.023111979166
22.02,1.4270257,0.7616744,20.152861380222117,0.25,15917.55078125
22.04,1.3499786,0.9292814,20.098193005411904,0.5,15925.078450520834
22.06,1.3816981,0.78572834,20.208141366491752,0.75,15932.606119791666
22.08,1.4440587,0.8617669,20.132242387952715,1.0,15940.1337890625
22.1,1.2336571,0.75906664,20.114858889176354,0.75,15947.661458333334
22.12,1.2475111,0.7810771,20.09965697757089,0.5,15955.189127604166
22.14,1.3966848,0.73905414,20.121207930653323,0.25,15962.716796875
22.16,1.3244405,0.8600983,20.068731160098828,0.0,15965.824110243055
22.18,1.372944,0.8555634,20.13619679782412,0.25,15968.931423611111
22.2,1.2993517,0.84478307,20.116072895562045,0.5,15972.038736979166
22.22,1.3955314,0.850612,20.14741265715928,0.75,15975.146050347223
22.24,1.2853862,0.8068124,20.06682737994516,1.0,15978.253363715277
22.26,1.3638318,0.79572374,20.134429339057487,1.0,15981.360677083334
22.28,1.3277161,0.7795774,20.068810901729112,1.0,15984.467990451389
22.3,1.1959283,0.7437999,20.11990447916817,1.0,15987.575303819445
22.32,1.2463701,0.67997444,20.17605794434417,1.0,15990.6826171875
22.34,1.209131,0.7587577,20.144004485652527,1.0,15989.924479166666
22.36,1.3986673,0.79834604,20.23570670269507,1.0,15989.166341145834
22.38,1.3516141,0.84495,20.21688056883127,1.0,15988.408203125
22.4,1.3116564,0.8558258,20.124274814308105,1.0,15987.650065104166
22.42,1.4311395,0.7938237,20.16421879470624,1.0,15986.891927083334
22.44,1.3296044,0.8469627,20.215225773326612,1.0,15986.1337890625
22.46,1.4177328,0.79292226,20.20086761394973,1.0,15985.375651041666
22.48,1.458533,0.81331444,20.135456540044817,1.0,15984.617513020834
22.5,1.5058758,0.81389815,20.188545062429814,1.0,15983.859375
22.52,1.4753544,0.9831807,20.134956106437233,1.0,15982.621853298611
22.54,1.5126985,0.8467375,20.125426910870317,1.0,15981.384331597223
22.56,1.5643921,0.90321475,20.19912025589803,1.0,15980.146809895834
22.58,1.5175672,0.8533149,20.149764358057002,1.0,15978.909288194445
22.6,1.5367413,0.7344428,20.149698384101274,1.0,15977.671766493055
22.62,1.6573042,0.6888776,20.1946196229378,1.0,15976.434244791666
22.64,1.5134656,0.77885324,20.126878917594166,1.0,15975.196723090277
22.66,1.6336145,0.81289417,20.09141646486764,1.0,15973.959201388889
22.68,1.4366496,0.80059516,20.14137999495565,1.0,15972.7216796875
22.7,1.4677972,0.84309506,20.17040521685508,1.0,15994.199327256945
22.72,1.4058238,0.78919256,20.1752023108962,1.0,16015.676974826389
22.74,1.5959795,0.8445407,20.099323783149707,0.75,16037.154622395834
22.76,1.4538015,0.86094105,20.201302625302375,0.5,16058.632269965277
22.78,1.4925635,0.8187221,20.19223851496414,0.25,16080.109917534723
22.8,1.4364148,0.96496,20.10591989675905,0.0,16101.587565104166
22.82,1.446934,0.8079075,20.166497749257864,0.25,16123.065212673611
22.84,1.5026896,0.8527628,20.109115707097406,0.5,16144.542860243055
22.86,1.5737231,0.7996813,20.19709048862839,0.75,16166.0205078125
22.88,1.4331527,0.8406477,20.156750353520675,1.0,16163.379123263889
22.9,1.4549087,0.76644087,20.145953100012377,1.0,16160.737738715277
22.92,1.4062233,0.84651923,20.20896231625152,1.0,16158.096354166666
22.94,1.4243994,0.7751199,20.173382887828897,1.0,16155.454969618055
22.96,1.4492613,0.85153645,20.161285345243943,1.0,16152.813585069445
22.98,1.4283109,0.81188905,20.17471735576475,1.0,16150.172200520834
23.0,1.3795012,0.84576786,20.106294229537596,1.0,16147.530815972223
23.02,1.4103978,0.8842318,20.163576860196475,1.0,16144.889431423611
23.04,1.5477157,0.9132469,20.169002469035764,1.0,16142.248046875
23.06,1.5410724,0.79098046,20.22100108484905,1.0,16097.913845486111
23.08,1.5336192,0.7746353,20.169265190968417,1.0,16053.579644097223
23.1,1.4845138,0.9168166,20.243776048902355,1.0,16009.245442708334
23.12,1.5329843,0.84903157,20.12180336927498,1.0,15964.911241319445
23.14,1.5166539,0.9619719,20.180714978959173,1.0,15920.577039930555
23.16,1.4555004,0.83409905,20.09939941258628,1.0,15876.242838541666
23.18,1.4840343,0.8361,20.130953257387652,1.0,15831.908637152777
23.2,1.4501394,0.85415727,20.06359357735649,1.0,15787.574435763889
23.22,1.3881061,0.938432,20.044857981878387,1.0,15743.240234375
23.24,1.4576085,0.92588216,20.112897213103004,1.0,15778.373589409723
23.26,1.4173366,0.9052581,20.15969512426125,1.0,15813.506944444445
23.28,1.4175743,1.0426606,20.149648314675876,1.0,15848.640299479166
23.3,1.3652313,0.8583108,20.19858049802786,1.25,15883.773654513889
23.32,1.536327,1.0058278,20.21748661283859,1.5,15918.907009548611
23.34,1.4347194,0.90022033,20.15791076682222,1.75,15954.040364583334
23.36,1.4745421,1.0091586,20.19939513903488,2.0,15989.173719618055
23.38,1.5830936,1.0143878,20.232147269375965,1.75,16024.307074652777
23.4,1.6061296,1.0252821,20.225265935532807,1.5,16059.4404296875
23.42,1.6383296,0.9939792,20.249879457586964,1.25,16069.143229166666
23.44,1.5758394,1.0350027,20.29359596510636,1.0,16078.846028645834
23.46,1.5540173,0.976184,20.178911341952514,1.0,16088.548828125
23.48,1.5858115,1.0036962,20.170303872477042,1.0,16098.251627604166
23.5,1.5316647,0.99885046,20.179527714715746,1.0,16107.954427083334
23.52,1.5070689,0.9346176,20.122727525923118,1.0,16117.6572265625
23.54,1.4662912,0.78965306,20.114873873034437,1.0,16127.360026041666
23.56,1.5365463,0.9277065,20.18431298381561,1.0,16137.062825520834
23.58,1.5250005,1.049481,20.184259532119487,1.0,16146.765625
23.6,1.5386407,0.87453246,20.256054800338475,1.0,16138.295572916666
23.62,1.5333261,0.927608,20.189995935215617,1.25,16129.825520833334
23.64,1.472916,0.6864506,20.2073472183532,1.5,16121.35546875
23.66,1.4231633,0.92254794,20.215327805676626,1.75,16112.885416666666
23.68,1.3892117,0.80022526,20.150068429880523,2.0,16104.415364583334
23.7,1.4395657,0.7923833,20.15798923540373,1.75,16095.9453125
23.72,1.4420606,0.8095462,20.126592545967263,1.5,16087.475260416666
23.74,1.3718526,0.915472,20.121429697313594,1.25,16079.005208333334
23.76,1.3275187,0.89696574,20.161654297480837,1.0,16070.53515625
23.78,1.297506,0.9006903,20.15604633360631,1.0,16106.438151041666
23.8,1.2775552,0.8912348,20.12628341577217,1.0,16142.341145833334
23.82,1.2883543,0.7344022,20.041198485143454,1.0,16178.244140625
23.84,1.3867568,0.8802367,20.18108931959499,1.0,16214.147135416666
23.86,1.2684958,0.7978656,20.157392723555173,1.0,16250.050130208334
23.88,1.3067657,0.87436205,20.10189391510962,1.0,16285.953125
23.9,1.4491321,0.87869596,20.140222504177892,1.0,16321.856119791666
23.92,1.3692571,0.7991097,20.179452135231827,1.0,16357.759114583334
23.94,1.3834857,0.8145228,20.114669847821034,1.25,16393.662109375
23.96,1.4657294,0.784273,20.177549814049488,1.5,16382.754340277777
23.98,1.5808926,0.9624716,20.19851658033502,1.75,16371.846571180555
24.0,1.5634103,1.0827262,20.20184067397572,2.0,16360.938802083334
24.02,1.6464007,0.8742234,20.181783686524355,2.0,16350.031032986111
24.04,1.5901031,1.0745479,20.155340087803705,2.0,16339.123263888889
24.06,1.5126736,0.92185426,20.25677527318034,2.0,16328.215494791666
24.08,1.5025401,1.1187183,20.169814723328024,2.0,16317.307725694445
24.1,1.3943774,0.7554197,20.182552922296537,2.0,16306.399956597223
24.12,1.4288614,0.82373255,20.154398032075015,2.0,16295.4921875
24.14,1.371252,0.7685584,20.275768234120694,2.0,16304.147026909723
24.16,1.4123609,0.9544015,20.25275002981831,2.0,16312.801866319445
24.18,1.4414372,0.8704883,20.246377168813126,1.75,16321.456705729166
24.2,1.4533637,0.8162017,20.25721421670292,1.5,16330.111545138889
24.22,1.394807,0.87974,20.233221211484356,1.25,16338.766384548611
24.24,1.4796629,0.92098093,20.24262317159145,1.0,16347.421223958334
24.26,1.5038604,0.91760725,20.24891052526741,1.0,16356.076063368055
24.28,1.4619179,0.8391929,20.174843397327585,1.0,16364.730902777777
24.3,1.4083519,0.88296586,20.19953744594033,1.0,16373.3857421875
24.32,1.463326,0.895558,20.1293619665223,1.0,16361.144639756945
24.34,1.437822,0.94455606,20.195549290762255,1.0,16348.903537326389
24.36,1.4135271,0.9760395,20.166212564477437,1.0,16336.662434895834
24.38,1.4422165,0.88888204,20.15831363869003,1.0,16324.421332465277
24.4,1.4645027,0.7580059,20.158626062070837,1.0,16312.180230034723
24.42,1.4315319,0.826218,20.13360717440165,1.0,16299.939127604166
24.44,1.461175,0.8026052,20.106405388494032,1.0,16287.698025173611
24.46,1.3772465,0.96713793,20.072624391046283,1.0,16275.456922743055
24.48,1.4501394,0.79135215,20.17541691259465,1.0,16263.2158203125
24.5,1.5081866,0.8128673,20.157294058864355,1.0,16265.041558159723
24.52,1.4810288,0.7164546,20.206994959512883,1.0,16266.867296006945
24.54,1.4038248,0.9513781,20.13637043837958,1.0,16268.693033854166
24.56,1.3605882,0.8037407,20.132988516347528,1.0,16270.518771701389
24.58,1.4712881,0.896691,20.260819949853012,1.0,16272.344509548611
24.6,1.4987724,0.8623776,20.180714233925933,1.0,16274.170247395834
24.62,1.6167258,0.83341277,20.321610922406187,1.0,16275.995985243055
24.64,1.4423722,0.95240295,20.2775166566324,1.0,16277.821723090277
24.66,1.4544195,0.78443515,20.25928012169908,1.25,16279.6474609375
24.68,1.4733481,0.72564137,20.23539648557268,1.5,16281.083333333334
24.7,1.4868325,0.7598045,20.317774065652863,1.75,16282.519205729166
24.72,1.375451,0.97846293,20.18247652417806,2.0,16283.955078125
24.74,1.4885188,0.8112574,20.20779406082071,1.75,16285.390950520834
24.76,1.4329697,0.73187643,20.236712408952975,1.5,16286.826822916666
24.78,1.4862783,0.8617899,20.22729490640208,1.25,16288.2626953125
24.8,1.4734497,0.8455353,20.229464490091136,1.0,16289.698567708334
24.82,1.4342496,0.81503487,20.21855974282527,1.0,16291.134440104166
24.84,1.4014221,0.7234723,20.179942859360025,1.0,16292.5703125
24.86,1.4998711,0.7294291,20.28549707141025,1.0,16285.038302951389
24.88,1.4986724,0.77364975,20.21427321952888,1.0,16277.506293402777
24.9,1.4215574,0.8516321,20.121513406516414,1.25,16269.974283854166
24.92,1.3748246,0.8597171,20.28181370710783,1.5,16262.442274305555
24.94,1.3939476,0.8882626,20.12450864175971,1.75,16254.910264756945
24.96,1.3433051,0.8474106,20.211748089587264,2.0,16247.378255208334
24.98,1.3316869,0.9045709,20.21462794426536,1.75,16239.846245659723
25.0,1.2907352,0.8166081,20.148532435325272,1.5,16232.314236111111
25.02,1.3386419,0.81550527,20.199753274556386,1.25,16224.7822265625
25.04,1.2150316,0.77411956,20.136854919239696,1.0,16212.886284722223
25.06,1.3292099,0.80219424,20.254445494115878,1.25,16200.990342881945
25.08,1.3539116,0.8895367,20.257954059706705,1.5,16189.094401041666
25.1,1.2702657,0.89340127,20.200592974069103,1.75,16177.198459201389
25.12,1.3296607,0.9247592,20.11992715168956,2.0,16165.302517361111
25.14,1.3780619,0.74666595,20.10958153555695,2.0,16153.406575520834
25.16,1.4241891,0.92601305,20.21076310107547,2.0,16141.510633680555
25.18,1.3337097,0.7650008,20.106262182831536,2.0,16129.614691840277
25.2,1.4842615,0.8625734,20.130664919337555,2.0,16117.71875
25.22,1.4552946,0.83912665,20.09374114245248,1.75,16143.659505208334
25.24,1.2660136,0.85002315,20.074946220192388,1.5,16169.600260416666
25.26,1.2528127,0.80034196,20.124354349687515,1.25,16195.541015625
25.28,1.2581514,0.8737097,20.132727097481805,1.0,16221.481770833334
25.3,1.5302216,0.9837484,20.208964507966773,1.0,16247.422526041666
25.32,1.4453028,0.8563944,20.172650207932158,1.0,16273.36328125
25.34,1.3255144,0.9649682,20.097905372815003,1.0,16299.304036458334
25.36,1.5471834,0.8959418,20.072710778267968,1.0,16325.244791666666
25.38,1.3781978,1.1016506,20.144237452218405,1.0,16351.185546875
25.4,1.3747429,0.9574734,20.20503200280947,1.0,16316.596137152777
25.42,1.3000431,0.8577597,20.114439562297164,1.0,16282.006727430555
25.44,1.3018277,0.8764433,20.108635566841862,1.0,16247.417317708334
25.46,1.3000143,0.9245293,20.146765854206457,1.0,16212.827907986111
25.48,1.3715796,0.8068395,20.120234449937445,1.0,16178.238498263889
25.5,1.3407941,0.94343215,20.086481731333347,1.0,16143.649088541666
25.52,1.452307,0.9588419,20.10247372821018,1.0,16109.059678819445
25.54,1.3742254,1.0314106,20.120347169149007,1.0,16074.470269097223
25.56,1.362788,0.85971946,20.176799832086193,1.0,16039.880859375
25.58,1.4446031,0.8898694,20.210315791941248,1.0,16058.482096354166
25.6,1.3923348,0.9238651,20.21924577685197,1.0,16077.083333333334
25.62,1.3476744,0.8949988,20.135512833673626,1.0,16095.6845703125
25.64,1.3164722,0.84870154,20.096573744360455,1.0,16114.285807291666
25.66,1.3487576,0.92920876,20.10261072749074,1.0,16132.887044270834
25.68,1.333822,0.83487284,20.12572732333801,1.0,16151.48828125
25.7,1.4052911,0.8050868,20.224156508103274,1.0,16170.089518229166
25.72,1.2545748,0.8463573,20.13833240210266,1.0,16188.690755208334
25.74,1.3363743,0.81214106,20.19239574635895,1.0,16207.2919921875
25.76,1.384703,0.845446,20.164707811042263,1.0,16228.063802083334
25.78,1.2885576,0.7797303,20.17359338068177,1.25,16248.835611979166
25.8,1.388241,0.85876673,20.11787897457621,1.5,16269.607421875
25.82,1.3465626,0.7942492,20.12605277787293,1.75,16290.379231770834
25.84,1.3605605,0.7432201,20.178175929353305,2.0,16311.151041666666
25.86,1.3944042,0.85103464,20.365612043175577,1.75,16331.9228515625
25.88,1.4084052,0.88908315,20.24168228935766,1.5,16352.694661458334
25.9,1.3859464,1.0356321,20.243397296403806,1.25,16373.466471354166
25.92,1.3307303,0.87216884,20.227139278310197,1.0,16394.23828125
25.94,1.3535798,0.9530974,20.144434674874866,1.0,16334.974283854166
25.96,1.2966399,0.8993592,20.178850859580137,1.0,16275.710286458334
25.98,1.4418529,1.0648022,20.241727098083693,1.0,16216.4462890625
26.0,1.4127587,0.95769334,20.274625777321937,1.0,16157.182291666666
26.02,1.3729713,0.84180975,20.28457419710488,0.75,16097.918294270834
26.04,1.4349805,0.8045289,20.14431874955173,0.5,16038.654296875
26.06,1.383215,0.7956762,20.06973880766823,0.25,15979.390299479166
26.08,1.3214971,0.9556019,20.126769085965034,0.0,15920.126302083334
26.1,1.2550821,0.8054075,20.05905258133028,0.25,15860.8623046875
26.12,1.3788496,0.8772069,20.180392142602845,0.5,15879.086480034723
26.14,1.24634,0.81856436,20.089603273141332,0.75,15897.310655381945
26.16,1.3772192,0.86041474,20.143442644713755,1.0,15915.534830729166
26.18,1.33253,0.7939264,20.14733060563756,1.0,15933.759006076389
26.2,1.4090962,0.78967327,20.016537826124118,1.0,15951.983181423611
26.22,1.3824027,0.85093194,20.115580114341945,1.0,15970.207356770834
26.24,1.306737,0.7752737,20.18419789747121,1.0,15988.431532118055
26.26,1.3653135,0.89604825,20.170965627905076,1.0,16006.655707465277
26.28,1.3696399,0.8277291,20.13994890303823,1.0,16024.8798828125
26.3,1.416068,0.78427553,20.228206117025806,1.0,16033.220811631945
26.32,1.39255,0.8371829,20.18105255168042,1.0,16041.561740451389
26.34,1.5280423,0.88290966,20.199701302051757,1.0,16049.902669270834
26.36,1.4654994,0.7979179,20.173959439603045,1.0,16058.243598090277
26.38,1.4150362,0.75713253,20.179723198599415,1.0,16066.584526909723
26.4,1.3524173,0.7764644,20.2316625539914,1.0,16074.925455729166
26.42,1.3920659,0.8842273,20.191855521256024,0.75,16083.266384548611
26.44,1.3494239,0.79357594,20.207380912136436,0.5,16091.607313368055
26.46,1.3279417,0.81529564,20.15749189012066,0.25,16099.9482421875
26.48,1.3815084,0.8236457,20.164219359535025,0.0,16118.723849826389
26.5,1.3151631,0.9737039,20.15966014089515,0.25,16137.499457465277
26.52,1.3626506,0.7627327,20.069986487342963,0.5,16156.275065104166
26.54,1.3241296,0.8334986,20.125202094419055,0.75,16175.050672743055
26.56,1.3978908,0.76306874,20.17616728175044,1.0,16193.826280381945
26.58,1.3034949,0.8829411,20.20820216214034,1.0,16212.601888020834
26.6,1.3773824,0.9333625,20.172369777364217,1.0,16231.377495659723
26.62,1.4443698,0.9469992,20.313982807192424,1.0,16250.153103298611
26.64,1.4486152,1.1475995,20.252653416823524,1.0,16268.9287109375
26.66,1.3838105,1.0491933,20.184658077804485,1.0,16248.112847222223
26.68,1.4402158,0.8576509,20.233365538908448,1.0,16227.296983506945
26.7,1.4515073,0.9145209,20.229302967706523,1.0,16206.481119791666
26.72,1.4795363,0.76517737,20.207370459209777,1.0,16185.665256076389
26.74,1.4670062,0.8200581,20.26140660262095,1.0,16164.849392361111
26.76,1.4919112,0.7808328,20.194123794454285,1.0,16144.033528645834
26.78,1.6717017,0.98970646,20.20818563885723,1.0,16123.217664930555
26.8,1.4834287,0.75958735,20.187173673476156,1.0,16102.401801215277
26.82,1.3772192,0.70661175,20.173960103058484,1.0,16081.5859375
26.84,1.353469,0.74927974,20.103822974445062,1.0,16094.962782118055
26.86,1.4383948,0.72745985,20.150116899176744,1.0,16108.339626736111
26.88,1.4435918,0.8109071,20.153533945537752,1.0,16121.716471354166
26.9,1.4396958,0.76290977,20.205964028626987,1.25,16135.093315972223
26.92,1.4294116,0.72162175,20.12502122985289,1.5,16148.470160590277
26.94,1.3348603,0.81358796,20.173810658300546,1.75,16161.847005208334
26.96,1.3505887,0.8314915,20.0923373718815,2.0,16175.223849826389
26.98,1.5140841,0.73416406,20.089333972879526,1.75,16188.600694444445
27.0,1.4289923,0.87706196,20.16483748259605,1.5,16201.9775390625
27.02,1.5316159,0.72079253,20.147870375738105,1.25,16195.389756944445
27.04,1.5550531,0.72197133,20.15327747018347,1.0,16188.801974826389
27.06,1.4593287,0.8880054,20.166649811906385,1.0,16182.214192708334
27.08,1.4993718,0.8360572,20.13466086979401,1.0,16175.626410590277
27.1,1.4869835,0.76584697,20.186666915734172,1.0,16169.038628472223
27.12,1.5657557,0.7880411,20.21645792567614,1.0,16162.450846354166
27.14,1.4709573,0.86386234,20.210012042227245,1.25,16155.863064236111
27.16,1.4540076,0.7918165,20.256996692757458,1.5,16149.275282118055
27.18,1.3744433,0.9178129,20.240599134861252,1.75,16142.6875
27.2,1.5276991,0.92470115,20.2677666058008,2.0,16147.958333333334
27.22,1.5100474,0.8601676,20.205704281405026,1.5,16153.229166666666
27.24,1.3169556,0.86008906,20.165707066099785,1.0,16158.5
27.26,1.4376135,0.93770766,20.172700145220993,0.5,16163.770833333334
27.28,1.438629,0.8757471,20.212666817499333,0.0,16169.041666666666
27.3,1.3487022,0.77879965,20.149861527376565,0.5,16174.3125
27.32,1.318064,0.7597469,20.13873178731131,1.0,16179.583333333334
27.34,1.3579987,0.8343873,20.21025788375342,1.5,16184.854166666666
27.36,1.3853519,0.8732388,20.169955033491476,2.0,16190.125
27.38,1.416068,0.98147774,20.19048212155085,2.0,16184.112955729166
27.4,1.4321595,0.7886762,20.191239039979635,2.0,16178.100911458334
27.42,1.3588257,0.74612826,20.195266546529712,2.0,16172.0888671875
27.44,1.3746612,0.74141616,20.156304879658343,2.0,16166.076822916666
27.46,1.4907562,0.7494149,20.205970673073217,1.75,16160.064778645834
27.48,1.3921735,0.7606042,20.173388905935052,1.5,16154.052734375
27.5,1.4882673,0.8446583,20.188262693498146,1.25,16148.040690104166
27.52,1.3858924,0.7198989,20.195848934057338,1.0,16142.028645833334
27.54,1.4686133,0.7731283,20.188266166252138,1.25,16136.0166015625
27.56,1.5538969,0.93724144,20.20886984596072,1.5,16152.594075520834
27.58,1.4944439,0.7785037,20.16268142517928,1.75,16169.171549479166
27.6,1.3549068,0.73118657,20.14476574250629,2.0,16185.7490234375
27.62,1.3946996,0.51944804,20.205442083428512,2.25,16202.326497395834
27.64,1.4327085,0.4829338,20.152355687446757,2.5,16218.903971354166
27.66,1.4321072,0.5037941,20.128599738566596,2.75,16235.4814453125
27.68,1.500021,0.7210461,20.238247953284926,3.0,16252.058919270834
27.7,1.4580965,0.74845994,20.23517673380942,2.25,16268.636393229166
27.72,1.3933833,0.77200705,20.203047523899983,1.5,16285.2138671875
27.74,1.4437734,0.8243353,20.226805319401528,0.75,16271.776041666666
27.76,1.332783,0.7868957,20.114821625594796,0.0,16258.338216145834
27.78,1.392765,0.8260063,20.20035658835235,0.5,16244.900390625
27.8,1.2530518,0.8050572,20.16129324298852,1.0,16231.462565104166
27.82,1.3209869,0.88911664,20.13871212583103,1.5,16218.024739583334
27.84,1.3147645,0.88396883,20.147479747810696,2.0,16204.5869140625
27.86,1.2473911,0.75652087,20.132889802971338,2.0,16191.149088541666
27.88,1.359652,0.7816365,20.13276496735799,2.0,16177.711263020834
27.9,1.3296607,0.955134,20.172673242771936,2.0,16164.2734375
27.92,1.3946996,0.8625734,20.11909115356131,2.0,16169.785373263889
27.94,1.4156184,1.0430778,20.182431915058746,1.75,16175.297309027777
27.96,1.4166231,0.81163204,20.165257933887112,1.5,16180.809244791666
27.98,1.4609187,0.8530471,20.13403082815926,1.25,16186.321180555555
28.0,1.3380544,0.74817055,20.116725482481005,1.0,16191.833116319445
28.02,1.3281955,0.8274362,20.116451868663653,1.0,16197.345052083334
28.04,1.3059057,0.8321794,20.17733620692422,1.0,16202.856987847223
28.06,1.3941624,0.7566207,20.1168366208614,1.0,16208.368923611111
28.08,1.2459193,0.85150844,20.138699592163047,1.0,16213.880859375
28.1,1.1869084,0.9631773,20.126507489448105,1.0,16220.671549479166
28.12,1.2581514,0.8954294,20.064804295452614,1.0,16227.462239583334
28.14,1.3555424,0.8200339,20.23346699568492,1.0,16234.2529296875
28.16,1.3679165,0.7801455,20.142519297151033,1.0,16241.043619791666
28.18,1.3985335,0.7995,20.14331788381243,1.0,16247.834309895834
28.2,1.3595419,0.88641536,20.19284466959609,1.0,16254.625
28.22,1.4078734,0.75708795,20.258645935581097,1.0,16261.415690104166
28.24,1.3336537,0.82309794,20.218721994099646,1.0,16268.206380208334
28.26,1.2640305,0.8024616,20.208765434076223,1.0,16274.9970703125
28.28,1.3382502,0.9132339,20.196677663606877,1.0,16249.883138020834
28.3,1.4346411,0.8103875,20.21067472011054,1.0,16224.769205729166
28.32,1.3719891,0.8554891,20.138719029060827,1.0,16199.6552734375
28.34,1.454162,0.74967736,20.17815189442697,1.0,16174.541341145834
28.36,1.4356327,0.826218,20.206725120930162,1.0,16149.427408854166
28.38,1.49299,0.80519044,20.28514607250807,1.0,16124.3134765625
28.4,1.2576454,0.8248895,20.270152759762624,1.0,16099.199544270834
28.42,1.3892657,0.8918899,20.239818781896282,1.0,16074.085611979166
28.44,1.4078201,0.8056542,20.207350799927575,1.0,16048.9716796875
28.46,1.3704872,0.852905,20.255265721068703,1.0,16071.169487847223
28.48,1.3613034,0.8500933,20.22407216538879,1.0,16093.367296006945
28.5,1.376757,0.8840251,20.150468468399218,1.0,16115.565104166666
28.52,1.2740039,0.8423548,20.17159563440689,1.0,16137.762912326389
28.54,1.5823131,0.9037557,20.280160636209953,1.0,16159.960720486111
28.56,1.4231633,0.7971232,20.208201211622992,1.0,16182.158528645834
28.58,1.2580025,0.87972647,20.21651781200207,0.75,16204.356336805555
28.6,1.3638043,1.0155449,20.229605265830777,0.5,16226.554144965277
28.62,1.4907562,0.8575721,20.24755979398439,0.25,16248.751953125
28.64,1.5593095,0.8833259,20.193765388386193,0.0,16228.815104166666
28.66,1.3566469,0.88733166,20.17406786492234,0.25,16208.878255208334
28.68,1.403051,0.86652154,20.22473637257333,0.5,16188.94140625
28.7,1.3345237,0.935905,20.21472855154002,0.75,16169.004557291666
28.72,1.552185,0.9242907,20.207002783385555,1.0,16149.067708333334
28.74,1.5526193,0.9034303,20.194652369351136,1.0,16129.130859375
28.76,1.4430212,1.0163016,20.26309546919252,1.0,16109.194010416666
28.78,1.3961484,0.8540457,20.197356862049386,1.0,16089.257161458334
28.8,1.3406544,0.7964225,20.231066487157015,1.0,16069.3203125
28.82,1.3808849,0.7800131,20.24484738103341,1.0,16064.640299479166
28.84,1.3968457,0.802276,20.237459707484216,1.0,16059.960286458334
28.86,1.45063,0.89423263,20.21965920590404,1.0,16055.2802734375
28.88,1.3627331,1.0485795,20.207906676110237,1.0,16050.600260416666
28.9,1.3978105,1.0086013,20.27086486871608,1.0,16045.920247395834
28.92,1.4995966,1.0285228,20.217407429280236,1.0,16041.240234375
28.94,1.3708423,1.1331247,20.206030670549943,1.0,16036.560221354166
28.96,1.2890226,1.146477,20.179726945452046,1.0,16031.880208333334
28.98,1.3045,0.88615984,20.200763224504765,1.0,16027.2001953125
29.0,1.2437234,0.8266915,20.172799692627894,1.0,16006.850260416666
29.02,1.3044713,0.88076925,20.222517938965932,1.0,15986.500325520834
29.04,1.2973328,1.0107167,20.210560668250785,1.0,15966.150390625
29.06,1.3905318,0.83024806,20.122412968395267,1.0,15945.800455729166
29.08,1.3413246,0.89564013,20.20668044768812,1.0,15925.450520833334
29.1,1.3276598,0.8357411,20.276472918475474,1.0,15905.1005859375
29.12,1.3744706,0.80895936,20.196370634007227,1.0,15884.750651041666
29.14,1.3420223,0.83800364,20.12470227128711,0.75,15864.400716145834
29.16,1.352639,0.89950496,20.138061879214643,0.5,15844.05078125
29.18,1.458533,0.9090668,20.193359240134328,0.25,15885.743381076389
29.2,1.4252665,0.8587598,20.263901783104174,0.0,15927.435980902777
29.22,1.4144803,0.74180996,20.206191975498193,0.25,15969.128580729166
29.24,1.334692,0.8772206,20.251838124531435,0.5,16010.821180555555
29.26,1.3864057,0.8656475,20.226233422092754,0.75,16052.513780381945
29.28,1.4567863,0.93034136,20.182292765426418,1.0,16094.206380208334
29.3,1.4297521,0.94023204,20.250034203715337,1.0,16135.898980034723
29.32,1.5253197,0.7807158,20.247613596607977,1.0,16177.591579861111
29.34,1.4572488,0.7934808,20.2230675997399,1.0,16219.2841796875
29.36,1.4175215,0.7548619,20.250029566393188,1.0,16216.877712673611
29.38,1.375451,0.8773383,20.217844927056202,1.0,16214.471245659723
29.4,1.3777901,0.9232261,20.251143035689587,1.0,16212.064778645834
29.42,1.3116277,0.88055944,20.23993370631259,1.0,16209.658311631945
29.44,1.3736258,0.82939327,20.290839981034672,1.0,16207.251844618055
29.46,1.4436178,0.87902373,20.303931493958913,1.0,16204.845377604166
29.48,1.3884838,1.0418676,20.312034057920595,1.0,16202.438910590277
29.5,1.3789855,0.9021186,20.320237384229152,1.0,16200.032443576389
29.52,1.4638121,0.8527279,20.264022632308848,1.0,16197.6259765625
29.54,1.3532753,0.82289755,20.26215129746602,1.0,16225.911024305555
29.56,1.3136817,0.82932144,20.198957450991927,1.0,16254.196072048611
29.58,1.4069688,0.8387809,20.2130392062028,1.0,16282.481119791666
29.6,1.3051887,0.77731097,20.19316039772162,1.0,16310.766167534723
29.62,1.3553767,0.76505274,20.217439049024666,1.0,16339.051215277777
29.64,1.3557634,0.7428458,20.21656133881629,1.0,16367.336263020834
29.66,1.4009411,0.79812455,20.31083001431544,1.0,16395.62131076389
29.68,1.3183198,0.7113366,20.214857029223086,1.0,16423.906358506945
29.7,1.4174159,0.83422774,20.256070120936922,1.25,16452.19140625
29.72,1.4249513,0.8341253,20.285789084931892,1.5,16387.34494357639
29.74,1.3606708,1.013014,20.19395493660676,1.75,16322.498480902777
29.76,1.3326424,0.87844044,20.23357422407826,2.0,16257.652018229166
29.78,1.3103139,0.8496398,20.234342504086072,1.75,16192.805555555555
29.8,1.4027574,0.99384725,20.261206654584115,1.5,16127.959092881945
29.82,1.3135391,0.9100717,20.20299313769631,1.25,16063.112630208334
29.84,1.2977369,0.9237683,20.1042063498523,1.0,15998.266167534723
29.86,1.2904161,0.87192506,20.140597298385483,1.0,15933.419704861111
29.88,1.3790668,0.9532204,20.132064770754695,1.0,15868.5732421875
29.9,1.4672614,0.91078305,20.131771938464965,1.0,15890.204427083334
29.92,1.348952,0.9215546,20.197609353323728,1.0,15911.835611979166
29.94,1.4946693,0.8591345,20.229311409765426,0.75,15933.466796875
29.96,1.5250005,0.90555435,20.152529803744024,0.5,15955.097981770834
29.98,1.456452,0.9315237,20.09018098491754,0.25,15976.729166666666
30.0,1.4271569,0.8920882,20.093792034463117,0.0,15998.3603515625
30.02,1.4334662,0.7481971,20.149553835510265,0.25,16019.991536458334
30.04,1.4632237,0.87274045,20.14099054742188,0.5,16041.622721354166
30.06,1.4341974,0.9309561,20.17168564185999,0.75,16063.25390625
30.08,1.2677281,0.8064848,20.136235369863034,1.0,16065.909071180555
30.1,1.3236771,0.89698565,20.157898463092934,1.0,16068.564236111111
30.12,1.3714979,1.0389553,20.109994563367586,1.0,16071.219401041666
30.14,1.3879173,1.0857791,20.033932847464246,1.0,16073.874565972223
30.16,1.3655604,1.0278175,20.035538900314037,1.0,16076.529730902777
30.18,1.3009357,1.0298163,20.078450531101417,1.0,16079.184895833334
30.2,1.4323425,1.2435732,20.033914961968428,1.0,16081.840060763889
30.22,1.4675165,0.9584315,20.06430277980644,1.0,16084.495225694445
30.24,1.3973818,0.98854136,20.0480401007933,1.0,16087.150390625
30.26,1.393652,0.9316068,19.98054215128913,1.0,16098.811197916666
30.28,1.5855755,0.983013,20.1135127492373,1.0,16110.472005208334
30.3,1.5782613,1.0745442,20.059989325439787,1.0,16122.1328125
30.32,1.538738,0.8044696,20.060080011546333,1.0,16133.793619791666
30.34,1.7263582,1.121636,20.13583173569824,1.0,16145.454427083334
30.36,1.5100724,0.8960948,20.169654688831052,1.0,16157.115234375
30.38,1.5031879,0.8848563,20.033015420894085,1.0,16168.776041666666
30.4,1.4360238,0.84100217,20.110343548047517,1.0,16180.436848958334
30.42,1.5756493,1.0580841,20.125918846837536,1.0,16192.09765625
30.44,1.6801696,1.082974,20.16069907410911,1.0,16166.560329861111
30.46,1.5706983,0.84962106,20.054347131848253,1.0,16141.023003472223
30.48,1.7083484,1.1385752,20.034573571471537,1.0,16115.485677083334
30.5,1.6221596,0.9454118,20.069187528169074,1.0,16089.948350694445
30.52,1.5921035,0.94995284,20.035929345391853,1.0,16064.411024305555
30.54,1.6758627,0.951946,20.024847162000423,1.0,16038.873697916666
30.56,1.615521,0.9813866,20.063673077043234,1.0,16013.336371527777
30.58,1.6854653,1.0149028,19.98358867316728,0.75,15987.799045138889
30.6,1.6497405,0.9401306,20.026093214032944,0.5,15962.26171875
30.62,1.6750805,0.8496468,20.052391219878032,0.25,15965.521375868055
30.64,1.7352068,0.9260538,20.130930991879495,0.0,15968.781032986111
30.66,1.7287426,0.9464893,20.11857861999687,0.0,15972.040690104166
30.68,1.6450355,0.78606457,20.114883776295976,0.0,15975.300347222223
30.7,1.7271607,0.89889073,20.14997016067227,0.0,15978.560004340277
30.72,1.6681364,0.8213775,20.01659317253889,0.0,15981.819661458334
30.74,1.7326154,0.70678884,20.05065211633656,0.0,15985.079318576389
30.76,1.5972693,0.8169341,20.071522154956956,0.0,15988.338975694445
30.78,1.6474464,0.77994174,20.12401488417183,0.0,15991.5986328125
30.8,1.6274141,0.8234889,20.0764479122862,0.0,15975.818793402777
30.82,1.5954163,0.89454806,20.11204327448705,0.0,15960.038953993055
30.84,1.632101,0.8786304,20.053335214104095,0.0,15944.259114583334
30.86,1.5637218,0.9194631,20.096771616412056,0.0,15928.479275173611
30.88,1.5103947,0.8451169,20.146796098207783,0.0,15912.699435763889
30.9,1.4438772,0.88094974,20.075165971772158,0.0,15896.919596354166
30.92,1.4585843,1.0069885,20.111973544246343,0.0,15881.139756944445
30.94,1.5016676,0.85637116,20.13643859756244,0.0,15865.359917534723
30.96,1.5643921,0.7882076,20.1502819606142,0.0,15849.580078125
30.98,1.5580844,0.88931555,20.156838064586346,0.0,15888.902126736111
31.0,1.6134105,0.8252747,20.125570374934853,0.0,15928.224175347223
31.02,1.5907624,0.865069,20.181881773261438,0.0,15967.546223958334
31.04,1.5628834,0.7425809,20.139300716875915,0.0,16006.868272569445
31.06,1.5855281,0.8412195,20.18397543412904,0.0,16046.190321180555
31.08,1.5729616,0.76241744,20.198609559786004,0.0,16085.512369791666
31.1,1.5384704,0.8669777,20.26835681166554,0.0,16124.834418402777
31.12,1.5059505,0.846585,20.16556721930624,0.0,16164.156467013889
31.14,1.5746509,0.85294694,20.213219062421516,0.0,16203.478515625
31.16,1.4591234,0.88212395,20.24251791303748,0.0,16191.423394097223
31.18,1.4072348,0.82077014,20.169093501672457,0.0,16179.368272569445
31.2,1.3986406,0.793601,20.238812131355843,0.0,16167.313151041666
31.22,1.5063978,0.8296328,20.221955918924106,0.0,16155.258029513889
31.24,1.4888208,0.7793149,20.187764593473347,0.0,16143.202907986111
31.26,1.4915597,0.82024467,20.248681822545972,0.0,16131.147786458334
31.28,1.4790554,0.8949921,20.225958539951506,0.0,16119.092664930555
31.3,1.3559015,0.79791296,20.142354423201787,0.0,16107.037543402777
31.32,1.512352,0.81753457,20.17778542840599,0.0,16094.982421875
31.34,1.5403919,0.54402286,20.22057408129442,0.0,16109.495659722223
31.36,1.6237746,0.58474267,20.274790830532847,0.0,16124.008897569445
31.38,1.6712985,0.84366274,20.245543242915794,0.0,16138.522135416666
31.4,1.6821073,1.0180361,20.17656155336003,0.0,16153.035373263889
31.42,1.6303564,0.9099908,20.18916873268672,0.0,16167.548611111111
31.44,1.6651707,0.7715178,20.269515433258793,0.0,16182.061848958334
31.46,1.7223845,0.92077816,20.289742564731654,0.0,16196.575086805555
31.48,1.561661,0.83646107,20.200343213008804,0.0,16211.088324652777
31.5,1.4764454,0.9302238,20.23512855073763,0.0,16225.6015625
31.52,1.6183232,0.92537993,20.211520785077298,0.0,16223.971028645834
31.54,1.6544774,0.89899683,20.269884752506428,0.25,16222.340494791666
31.56,1.46307,0.86829436,20.172308730910746,0.5,16220.7099609375
31.58,1.5258597,0.9241661,20.293939983767885,0.75,16219.079427083334
31.6,1.4789288,1.0322175,20.174516453022584,1.0,16217.448893229166
31.62,1.6348062,1.0029873,20.241825161364545,1.0,16215.818359375
31.64,1.6143384,1.0033299,20.159856127307986,1.0,16214.187825520834
31.66,1.5642245,0.92299795,20.184576858532367,1.0,16212.557291666666
31.68,1.4845138,0.9893451,20.11794878021945,1.0,16210.9267578125
31.7,1.481231,0.87676287,20.089314869019272,1.0,16208.891927083334
31.72,1.444318,1.0063511,20.05183560448009,1.0,16206.857096354166
31.74,1.3285338,0.90580887,20.100920861039526,1.0,16204.822265625
31.76,1.2671076,0.825708,20.112910020346618,1.0,16202.787434895834
31.78,1.3002735,1.0507789,20.134075758764226,1.0,16200.752604166666
31.8,1.3636396,0.80139637,20.151138399169156,1.0,16198.7177734375
31.82,1.3661087,0.81055176,20.183538793166985,1.0,16196.682942708334
31.84,1.462891,0.98230124,20.133815162279603,1.0,16194.648111979166
31.86,1.5504472,1.0601627,20.08011219452174,1.0,16192.61328125
31.88,1.7380531,1.0658205,20.07110996481766,1.0,16239.327039930555
31.9,1.4799665,1.0873754,20.080641212635065,1.0,16286.040798611111
31.92,1.5684797,1.0675657,20.087192053628883,1.0,16332.754557291666
31.94,1.5584688,1.2112541,20.161153867097397,1.0,16379.468315972223
31.96,1.3496457,1.1559038,20.0985039270671,1.0,16426.182074652777
31.98,1.3276315,1.0283141,20.11367254723436,1.0,16472.895833333332
32.0,1.2761476,1.0852869,20.102122299833653,1.0,16519.60959201389
32.02,1.325571,1.0146581,20.22375312015049,1.0,16566.323350694445
32.04,1.3646278,1.1352144,20.130029738773267,1.0,16613.037109375
32.06,1.3702959,1.1323441,20.157292298756275,1.0,16626.899956597223
32.08,1.3829713,1.061861,20.28621377590379,1.0,16640.762803819445
32.1,1.3650668,1.1055447,20.188643603034716,1.0,16654.625651041668
32.12,1.374525,0.9136058,20.072277813803336,1.0,16668.48849826389
32.14,1.4614056,1.0345957,20.231800513428947,1.0,16682.35134548611
32.16,1.3763762,1.0039237,20.187232387088354,1.0,16696.214192708332
32.18,1.375723,1.0353904,20.218927918578192,1.0,16710.077039930555
32.2,1.5326667,1.1392747,20.201111715642845,1.0,16723.939887152777
32.22,1.533082,0.9493482,20.26329479086037,1.0,16737.802734375
32.24,1.434093,1.0126766,20.141336257417972,1.0,16695.12109375
32.26,1.4256344,1.093283,20.134171751467452,1.0,16652.439453125
32.28,1.4051845,0.97304666,20.19933573917591,1.0,16609.7578125
32.3,1.4877388,0.9973018,20.14832490746327,1.0,16567.076171875
32.32,1.4868073,1.1569054,20.200519559457526,1.0,16524.39453125
32.34,1.4912332,1.0325811,20.170665261056033,1.0,16481.712890625
32.36,1.3857573,0.98297054,20.15793007586869,1.0,16439.03125
32.38,1.4416711,1.0361078,20.157670807712723,1.0,16396.349609375
32.4,1.5469413,1.0239266,20.164419978510484,1.0,16353.66796875
32.42,1.6222519,0.81441545,20.212342647866084,1.25,16312.696831597223
32.44,1.5205498,1.1000967,20.122243635210978,1.5,16271.725694444445
32.46,1.5605097,0.8689714,20.14004742086508,1.75,16230.754557291666
32.48,1.4894493,1.0245552,20.12217576114656,2.0,16189.783420138889
32.5,1.3932221,0.9650259,20.16919104575027,1.75,16148.812282986111
32.52,1.3371307,0.922985,20.168696468270806,1.5,16107.841145833334
32.54,1.3194836,0.9743628,20.233978858044136,1.25,16066.870008680555
32.56,1.3575851,0.89548934,20.175965777766002,1.0,16025.898871527777
32.58,1.4062233,1.222848,20.116415291146794,0.75,15984.927734375
32.6,1.4361281,0.98491704,20.1396674041036,0.5,16020.296549479166
32.62,1.4179969,1.0750563,20.1442099752167,0.25,16055.665364583334
32.64,1.3728076,1.0048139,20.137719960035433,0.0,16091.0341796875
32.66,1.5263749,1.0151906,20.183169592609836,0.25,16126.402994791666
32.68,1.4768766,1.01109,20.21566264056426,0.5,16161.771809895834
32.7,1.4350066,0.9559428,20.210973426922557,0.75,16197.140625
32.72,1.4041715,0.8252772,20.12825642165504,1.0,16232.509440104166
32.74,1.2572582,0.7955314,20.12302955855308,1.0,16267.878255208334
32.76,1.3071667,0.81734014,20.1418685510823,1.0,16303.2470703125
32.78,1.3495903,0.87540895,20.1375509348598,1.0,16261.3232421875
32.8,1.3682997,0.88878584,20.087846701260027,1.0,16219.3994140625
32.82,1.4088039,0.8223421,20.09867453961951,0.75,16177.4755859375
32.84,1.3142802,0.8680084,20.20614757914499,0.5,16135.5517578125
32.86,1.3446425,0.78760237,20.107275263422668,0.25,16093.6279296875
32.88,1.4889214,0.8749368,20.19761184454297,0.0,16051.7041015625
32.9,1.345589,0.86200655,20.076262152739616,0.25,16009.7802734375
32.92,1.3562605,0.8887054,20.111368316043595,0.5,15967.8564453125
32.94,1.3656701,0.9254401,20.070051086943277,0.75,15925.9326171875
32.96,1.4788276,0.8281131,20.162726756684247,1.0,15946.094401041666
32.98,1.459226,0.83653235,20.203674401225808,1.0,15966.256184895834
33.0,1.5069447,0.8003792,20.13494569569577,1.0,15986.41796875
33.02,1.5429423,0.79966396,20.181911251024193,1.0,16006.579752604166
33.04,1.5152954,0.96935,20.13695984563645,1.0,16026.741536458334
33.06,1.5439612,0.92063785,20.219137559206292,1.0,16046.9033203125
33.08,1.486228,1.0082762,20.259940773901896,1.0,16067.065104166666
33.1,1.469378,0.7823936,20.11420356837914,1.0,16087.226888020834
33.12,1.4079533,0.7874131,20.171338394708744,1.0,16107.388671875
33.14,1.4111675,0.85755354,20.16356945647395,1.0,16123.867838541666
33.16,1.4562206,0.81046104,20.205431203809688,1.0,16140.347005208334
33.18,1.4914844,0.828938,20.181308742917913,1.0,16156.826171875
33.2,1.499172,0.9225738,20.217046499004073,1.0,16173.305338541666
33.22,1.5830702,0.9321931,20.222771367560387,1.0,16189.784505208334
33.24,1.4435141,0.90787923,20.192405001651377,1.0,16206.263671875
33.26,1.3989618,0.85029894,20.153486796650984,1.0,16222.742838541666
33.28,1.5095267,0.85314953,20.178797881579925,1.0,16239.222005208334
33.3,1.4454582,0.85389674,20.148137619393477,0.75,16255.701171875
33.32,1.5104443,0.82558525,20.194361076426528,0.5,16247.405056423611
33.34,1.593232,0.83147955,20.23995886918763,0.25,16239.108940972223
33.36,1.5753164,0.88751745,20.18323317086982,0.0,16230.812825520834
33.38,1.4599444,0.80653906,20.149406111783993,0.0,16222.516710069445
33.4,1.4556806,0.886068,20.25742063582479,0.0,16214.220594618055
33.42,1.5168513,0.92200077,20.2129225731162,0.0,16205.924479166666
33.44,1.53601,0.89422154,20.25749738063615,0.0,16197.628363715277
33.46,1.4430989,0.94954073,20.15127967579577,0.0,16189.332248263889
33.48,1.5206237,0.9752983,20.159962954756313,0.0,16181.0361328125
33.5,1.4739834,0.98389983,20.104275433675195,0.0,16210.875651041666
33.52,1.4170988,0.8397799,20.10469902265597,0.0,16240.715169270834
33.54,1.4827722,0.8234985,20.183573203267223,0.25,16270.5546875
33.56,1.4052112,0.8856979,20.20259850286175,0.5,16300.394205729166
33.58,1.4997214,1.0218115,20.22608647798886,0.75,16330.233723958334
33.6,1.572509,0.8890407,20.326007013458568,1.0,16360.0732421875
33.62,1.6524847,0.92129797,20.274943354941072,1.0,16389.912760416668
33.64,1.7063307,0.87449163,20.198380777445063,1.0,16419.752278645832
33.66,1.5693867,0.9436112,20.300534454679806,1.0,16449.591796875
33.68,1.506721,0.8988863,20.313877926293475,1.0,16431.060980902777
33.7,1.5701499,0.96494967,20.274017039658503,1.0,16412.530164930555
33.72,1.4974725,0.9374004,20.240149732534753,1.0,16393.999348958332
33.74,1.5522093,0.7983983,20.22280048327257,1.0,16375.468532986111
33.76,1.5968006,0.9072357,20.227025310808386,1.0,16356.937717013889
33.78,1.651238,0.94695514,20.155535158353942,0.75,16338.406901041666
33.8,1.6784303,0.9226363,20.220303215544885,0.5,16319.876085069445
33.82,1.7884468,0.8877145,20.24381278160603,0.25,16301.345269097223
33.84,1.7560995,0.88742566,20.287040521667045,0.0,16282.814453125
33.86,1.6240742,0.7910257,20.262404951141335,0.0,16281.1259765625
33.88,1.6495135,0.98601174,20.296054139426232,0.0,16279.4375
33.9,1.6769125,0.96256447,20.298373395482287,0.0,16277.7490234375
33.92,1.9618192,0.90123945,20.30527052580782,0.0,16276.060546875
33.94,1.8100283,0.8023131,20.336858768855222,0.0,16274.3720703125
33.96,1.7259027,0.888493,20.381103539401757,0.0,16272.68359375
33.98,1.745234,0.8286575,20.310309991998878,0.0,16270.9951171875
34.0,1.6300349,0.8210557,20.30001271942576,0.0,16269.306640625
34.02,1.6711192,0.8935925,20.20234006539692,0.0,16267.6181640625
34.04,1.6065726,0.94178385,20.215250800858286,0.0,16239.531141493055
34.06,1.6574849,0.8708146,20.27084052345917,0.0,16211.444118923611
34.08,1.5715802,1.1301329,20.173613920734418,0.0,16183.357096354166
34.1,1.5957683,0.9257041,20.22334720840214,0.25,16155.270073784723
34.12,1.5219774,0.838198,20.237609500794274,0.5,16127.183051215277
34.14,1.547014,0.8829231,20.211078328219184,0.75,16099.096028645834
34.16,1.5478851,0.96720576,20.23049645337709,1.0,16071.009006076389
34.18,1.5056521,0.8134879,20.185871449617462,1.0,16042.921983506945
34.2,1.5072428,0.8341825,20.132405469319522,1.0,16014.8349609375
34.22,1.5696253,0.84134936,20.236204216566676,1.0,16025.229926215277
34.24,1.4565549,0.8381387,20.18240264354922,1.0,16035.624891493055
34.26,1.4896002,0.90414035,20.151573744595993,1.0,16046.019856770834
34.28,1.5309556,0.796662,20.110245325960207,1.0,16056.414822048611
34.3,1.6549753,0.87947345,20.27020972977926,1.0,16066.809787326389
34.32,1.6143384,0.83117604,20.164009274729757,1.0,16077.204752604166
34.34,1.5312002,1.1810368,20.18654739199257,0.75,16087.599717881945
34.36,1.5755067,0.9731896,20.185886634166486,0.5,16097.994683159723
34.38,1.6017641,0.92293555,20.200676685947407,0.25,16108.3896484375
34.4,1.609088,0.76785237,20.24013903840413,0.0,16078.768880208334
34.42,1.5892552,1.0045569,20.179979407845394,0.25,16049.148111979166
34.44,1.5780951,0.9408805,20.190195104441557,0.5,16019.52734375
34.46,1.6651707,1.055228,20.249437894972733,0.75,15989.906575520834
34.48,1.477637,0.99398524,20.113921588279844,1.0,15960.285807291666
34.5,1.4749992,0.9684806,20.215835440859035,1.0,15930.6650390625
34.52,1.375451,1.0489584,20.17486020835331,1.0,15901.044270833334
34.54,1.4635563,0.8680656,20.186884488514572,1.0,15871.423502604166
34.56,1.416068,0.8742439,20.17633659812455,1.0,15841.802734375
34.58,1.4597136,0.9534913,20.268418870738518,1.0,15834.584201388889
34.6,1.3758593,1.0027257,20.1082073493262,1.0,15827.365668402777
34.62,1.4777889,1.1169161,20.093809921869674,1.0,15820.147135416666
34.64,1.4205296,0.9282032,20.200637825452773,1.0,15812.928602430555
34.66,1.3292663,0.8037679,20.176666971202508,1.0,15805.710069444445
34.68,1.3666294,1.1168164,20.145137925661043,1.0,15798.491536458334
34.7,1.4064629,1.0297912,20.146735425745696,1.0,15791.273003472223
34.72,1.3169272,1.1844889,20.21168088844837,1.0,15784.054470486111
34.74,1.3425244,1.0245843,20.090424464847988,1.0,15776.8359375
34.76,1.3570057,1.0883269,20.09188268474668,1.0,15838.832899305555
34.78,1.4041449,0.9301299,20.069671528768144,1.0,15900.829861111111
34.8,1.4070752,1.0237792,20.132179002428558,1.0,15962.826822916666
34.82,1.4466493,0.8514781,20.08732562823015,1.0,16024.823784722223
34.84,1.5614451,0.793308,20.178631566157787,1.0,16086.820746527777
34.86,1.4752784,0.8802796,20.078839481255862,1.0,16148.817708333334
34.88,1.5045822,0.86213106,20.189461081226586,1.0,16210.814670138889
34.9,1.5291935,1.0222799,20.170239356001325,1.0,16272.811631944445
34.92,1.3973283,0.96506906,20.12801466900433,1.0,16334.80859375
34.94,1.3590461,1.2278972,20.187539724316437,1.0,16316.74609375
34.96,1.4371186,1.0395882,20.129543828269515,1.0,16298.68359375
34.98,1.3236203,1.2050031,20.208673016453673,0.75,16280.62109375
35.0,1.3450044,0.9658038,20.125402763817043,0.5,16262.55859375
35.02,1.3188591,0.9274345,20.21183798043093,0.25,16244.49609375
35.04,1.321922,1.1023393,20.19446242655167,0.0,16226.43359375
35.06,1.4249251,0.8161116,20.06934581373328,0.25,16208.37109375
35.08,1.5464814,0.84749746,20.18217451710974,0.5,16190.30859375
35.1,1.4082191,0.8992708,20.151254141803573,0.75,16172.24609375
35.12,1.3286183,0.8590628,20.18493576942976,1.0,16167.615993923611
35.14,1.562524,0.8625504,20.175476417687534,1.0,16162.985894097223
35.16,1.517123,0.8930365,20.149171068144646,1.0,16158.355794270834
35.18,1.5335215,0.8830514,20.15453904489651,1.0,16153.725694444445
35.2,1.5377886,0.8599782,20.1930303713082,1.0,16149.095594618055
35.22,1.4215046,0.859627,20.058428345349967,1.25,16144.465494791666
35.24,1.3859464,0.8983712,20.190838961640782,1.5,16139.835394965277
35.26,1.452874,0.7966869,20.153559574652526,1.75,16135.205295138889
35.28,1.4510689,0.85005826,20.11856633153897,2.0,16130.5751953125
35.3,1.4055575,0.8047116,20.17490178921917,1.75,16110.695746527777
35.32,1.4473999,0.76612973,20.118821120054342,1.5,16090.816297743055
35.34,1.4836559,0.75054085,20.23390258180186,1.25,16070.936848958334
35.36,1.60818,0.8679328,20.254049941415193,1.0,16051.057400173611
35.38,1.526841,0.8431893,20.212443367628804,1.0,16031.177951388889
35.4,1.5471834,0.89381254,20.250416640091533,1.0,16011.298502604166
35.42,1.3747157,0.76941615,20.17183179405307,1.0,15991.419053819445
35.44,1.5400758,0.6856456,20.211307089735765,1.0,15971.539605034723
35.46,1.4621997,0.6967182,20.18022053146154,1.0,15951.66015625
35.48,1.493391,0.76831794,20.203403817085178,1.0,15965.4052734375
35.5,1.5015678,0.8106719,20.166927937173217,1.0,15979.150390625
35.52,1.5024405,0.74747974,20.13144291794613,1.0,15992.8955078125
35.54,1.5005201,0.8902556,20.17440506051385,1.0,16006.640625
35.56,1.5392977,0.81935525,20.198729829868938,1.0,16020.3857421875
35.58,1.4876382,0.7648475,20.16215003662438,1.0,16034.130859375
35.6,1.5606296,0.8008755,20.15710367586926,1.0,16047.8759765625
35.62,1.6060598,0.77611893,20.154059020400975,1.0,16061.62109375
35.64,1.5456094,0.7579849,20.115088351159752,1.0,16075.3662109375
35.66,1.6482872,0.8109145,20.149864444410156,1.0,16065.313693576389
35.68,1.5394436,0.8626333,20.142167084112153,1.0,16055.261176215277
35.7,1.6089947,0.81229025,20.19399815569802,1.0,16045.208658854166
35.72,1.6097627,0.74749833,20.226265527487854,1.0,16035.156141493055
35.74,1.5723425,0.7645124,20.164579759552797,1.0,16025.103624131945
35.76,1.4100527,0.9236693,20.09873040554098,1.0,16015.051106770834
35.78,1.424452,0.8873227,20.149236413705196,1.25,16004.998589409723
35.8,1.4105306,0.80984557,20.049829315162594,1.5,15994.946072048611
35.82,1.4225316,1.0238316,20.089950493938915,1.75,15984.8935546875
35.84,1.4886194,0.94010305,20.118542781963903,2.0,15966.987413194445
35.86,1.4258444,0.92887944,20.099860110350136,1.75,15949.081271701389
35.88,1.4406317,0.88233113,20.06043418221978,1.5,15931.175130208334
35.9,1.5113859,0.8803112,20.14877745955839,1.25,15913.268988715277
35.92,1.4765215,1.0021648,20.074811597752166,1.0,15895.362847222223
35.94,1.4391755,0.9049333,20.023878441305406,0.75,15877.456705729166
35.96,1.3659716,0.8937859,20.120354402654304,0.5,15859.550564236111
35.98,1.4195013,0.9525177,20.084014769212754,0.25,15841.644422743055
36.0,1.450501,0.9289564,20.134951380877972,0.0,15823.73828125
36.02,1.5700068,0.8376953,20.064324568482135,0.5,15835.075520833334
36.04,1.4528224,0.96731055,20.160637350779723,1.0,15846.412760416666
36.06,1.3510046,0.83905566,20.111786634688148,1.5,15857.75
36.08,1.574936,0.9168296,20.17447464151958,2.0,15869.087239583334
36.1,1.4493388,0.83282137,20.138616509345944,1.75,15880.424479166666
36.12,1.4679502,0.7997286,20.11978729119347,1.5,15891.76171875
36.14,1.4829743,0.75318336,20.17338801796495,1.25,15903.098958333334
36.16,1.5603417,0.75518554,20.16214524731887,1.0,15914.436197916666
36.18,1.5503747,0.8683562,20.17105092642958,1.0,15925.7734375
36.2,1.587039,0.95170385,20.168081892713317,1.0,15958.355360243055
36.22,1.5755303,0.98390394,20.16264919867259,1.0,15990.937282986111
36.24,1.5267183,0.86692274,20.244099605669867,1.0,16023.519205729166
36.26,1.6520088,0.83433723,20.173143893881512,1.0,16056.101128472223
36.28,1.5524745,0.7962104,20.219780039199563,1.0,16088.683051215277
36.3,1.5328866,0.8531309,20.13183303411494,1.0,16121.264973958334
36.32,1.6023718,0.8213243,20.063788745543796,1.0,16153.846896701389
36.34,1.5053784,0.7936811,20.14126682966495,1.0,16186.428819444445
36.36,1.5554867,0.75310165,20.211615775305482,1.0,16219.0107421875
36.38,1.5581083,0.8355176,20.131448393474063,1.0,16182.447157118055
36.4,1.5948999,0.771353,20.189600863391377,1.0,16145.883572048611
36.42,1.6588397,0.8003768,20.16538312936121,1.0,16109.319986979166
36.44,1.5780002,0.7246056,20.189213839167856,1.0,16072.756401909723
36.46,1.5834249,0.83160377,20.137959715393045,1.0,16036.192816840277
36.48,1.55368,0.8101546,20.128011043372492,1.0,15999.629231770834
36.5,1.7217975,0.7414135,20.156298375106836,1.0,15963.065646701389
36.52,1.628748,0.775891,20.112148817138767,1.0,15926.502061631945
36.54,1.5661384,0.76489437,20.03930825226479,1.0,15889.9384765625
36.56,1.6841763,0.7785113,20.214851633740324,1.0,15932.015082465277
36.58,1.6063395,0.7990948,20.068756202856402,0.75,15974.091688368055
36.6,1.5775256,0.7954914,20.158216514650306,0.5,16016.168294270834
36.62,1.6307929,0.8558536,20.107316676505373,0.25,16058.244900173611
36.64,1.6460366,0.8285904,20.176253560019116,0.0,16100.321506076389
36.66,1.7662836,0.81186706,20.195939233677827,0.0,16142.398111979166
36.68,1.6436236,0.88813514,20.12245585022299,0.0,16184.474717881945
36.7,1.6750805,0.7953116,20.172261930324673,0.0,16226.551323784723
36.72,1.700263,0.86464167,20.13475703665449,0.0,16268.6279296875
36.74,1.7265968,0.7559402,20.174383345264644,0.0,16268.8955078125
36.76,1.5785933,0.79398894,20.12939229430987,0.0,16269.1630859375
36.78,1.6054301,0.778769,20.136242643396134,0.0,16269.4306640625
36.8,1.6525526,0.7857486,20.136290634266807,0.0,16269.6982421875
36.82,1.6143154,0.7872617,20.183447175161703,0.0,16269.9658203125
36.84,1.6871308,0.88870096,20.160911728295886,0.0,16270.2333984375
36.86,1.6613435,0.96822405,20.0878359795411,0.0,16270.5009765625
36.88,1.7330692,0.9220805,20.147283735806102,0.0,16270.7685546875
36.9,1.5645597,0.84518975,20.14728996218792,0.25,16271.0361328125
36.92,1.7746589,0.91409063,20.057947379347404,0.5,16262.183268229166
36.94,1.6939749,0.83124053,20.032381996501588,0.75,16253.330403645834
36.96,1.6065027,1.0753057,20.09883930462529,1.0,16244.4775390625
36.98,1.6034697,0.83466107,20.02526669039717,0.75,16235.624674479166
37.0,1.5544993,0.9938893,20.123664113022816,0.5,16226.771809895834
37.02,1.6382153,0.8193577,20.12378553969226,0.25,16217.9189453125
37.04,1.7176821,0.86170685,20.128412257648737,0.0,16209.066080729166
37.06,1.7449121,0.7719607,20.103123851753356,0.25,16200.213216145834
37.08,1.7303014,0.8202641,20.14849528125183,0.5,16191.3603515625
37.1,1.7045082,0.87316835,20.055809502002127,0.75,16176.820963541666
37.12,1.7209924,0.9921486,20.040572018871604,1.0,16162.281575520834
37.14,1.7274858,0.9357946,20.104178338653227,1.0,16147.7421875
37.16,1.6382611,0.9233487,20.072330975216044,1.0,16133.202799479166
37.18,1.694638,1.0531925,20.079336693007768,1.0,16118.663411458334
37.2,1.6476283,1.0306532,20.128160233700036,1.0,16104.1240234375
37.22,1.5647511,0.9542973,20.023822754587233,1.0,16089.584635416666
37.24,1.6157529,0.9126311,20.054841068772504,1.0,16075.045247395834
37.26,1.6841763,0.90969825,20.05700745694595,1.0,16060.505859375
37.28,1.6817956,0.9142189,20.102232750186456,1.0,16059.708333333334
37.3,1.7911665,0.96265113,20.115059498715926,1.0,16058.910807291666
37.32,1.6832645,0.9175098,20.017791483823434,1.0,16058.11328125
37.34,1.6111809,0.9399932,20.02727610652513,1.0,16057.315755208334
37.36,1.7647566,0.95135725,20.034547954844903,1.0,16056.518229166666
37.38,1.5704598,0.89918023,19.96964326575233,1.0,16055.720703125
37.4,1.6864203,0.91062164,20.136618746480785,1.0,16054.923177083334
37.42,1.5789254,0.92115784,20.048644925077504,1.0,16054.125651041666
37.44,1.616054,0.9943289,20.065581938861484,1.0,16053.328125
37.46,1.6042168,0.92348003,20.038909452832996,0.75,16044.827907986111
37.48,1.5810347,0.9836232,20.025225404747093,0.5,16036.327690972223
37.5,1.6429855,1.015584,20.079971145667265,0.25,16027.827473958334
37.52,1.6593589,0.88507855,20.069404070039475,0.0,16019.327256944445
37.54,1.5444703,0.78189063,20.057763301343105,0.25,16010.827039930555
37.56,1.635287,1.0986907,20.133847806881818,0.5,16002.326822916666
37.58,1.7133385,0.89500993,20.087640172628014,0.75,15993.826605902777
37.6,1.6291387,0.89518523,19.964109689371433,1.0,15985.326388888889
37.62,1.6059198,0.9461743,20.110989926550698,1.0,15976.826171875
37.64,1.6768903,0.85432005,20.065115405971984,1.0,15986.777018229166
37.66,1.6330874,0.7709872,20.10710481575543,1.0,15996.727864583334
37.68,1.6853764,0.8920369,20.02451198895239,1.0,16006.6787109375
37.7,1.6952122,0.91417325,20.084645240168598,1.0,16016.629557291666
37.72,1.6341418,0.83700955,20.049091013831752,1.0,16026.580403645834
37.74,1.6147327,0.82956815,20.13697118289439,1.0,16036.53125
37.76,1.6198497,0.80548894,20.15130056270504,1.0,16046.482096354166
37.78,1.6365917,0.8109267,20.059174453053245,1.25,16056.432942708334
37.8,1.6343249,0.76656014,20.109767150388098,1.5,16066.3837890625
37.82,1.7219279,0.8057923,20.051220301038832,1.75,16061.76171875
37.84,1.6107392,0.84910405,20.065122800575118,2.0,16057.1396484375
37.86,1.7062428,0.89206153,20.086636841802765,1.75,16052.517578125
37.88,1.6915637,0.8300901,20.1118511577738,1.5,16047.8955078125
37.9,1.627391,0.89103407,20.039336673585943,1.25,16043.2734375
37.92,1.4764962,0.91004324,20.044659545520314,1.0,16038.6513671875
37.94,1.6243048,0.8449429,20.099759114049434,1.0,16034.029296875
37.96,1.5218298,1.048064,20.080319841669777,1.0,16029.4072265625
37.98,1.7465423,0.83450866,20.103145249646804,1.0,16024.78515625
38.0,1.5650382,0.8457491,19.993397775226125,1.0,16036.595920138889
38.02,1.7156535,0.8253807,20.030254902708265,1.0,16048.406684027777
38.04,1.5308088,0.8879472,20.083287588941047,1.0,16060.217447916666
38.06,1.6201732,0.89509654,20.135394725684126,1.0,16072.028211805555
38.08,1.5576035,0.8362591,20.094169822289338,1.0,16083.838975694445
38.1,1.5937256,0.84208816,20.125007834754292,1.0,16095.649739583334
38.12,1.4808012,0.77377045,20.20871795542133,1.0,16107.460503472223
38.14,1.5010442,0.71299374,20.0465417340926,1.0,16119.271267361111
38.16,1.4338319,0.8771548,20.129953924990637,1.0,16131.08203125
38.18,1.5540898,0.8312023,20.139360996698578,1.0,16136.646375868055
38.2,1.525737,0.80879974,20.16638739848922,1.0,16142.210720486111
38.22,1.5243865,0.84624225,20.03719575884363,1.0,16147.775065104166
38.24,1.6128534,0.81746405,20.130321478357928,1.0,16153.339409722223
38.26,1.627989,0.7958236,20.082392967933952,1.0,16158.903754340277
38.28,1.6343708,0.85011435,20.127812499058244,1.0,16164.468098958334
38.3,1.6540021,0.8172599,20.08653344310209,1.0,16170.032443576389
38.32,1.7311453,0.9316218,20.10188440178959,1.0,16175.596788194445
38.34,1.6872194,1.0245765,20.141382435809522,0.75,16181.1611328125
38.36,1.6155906,1.0060825,20.160794967712683,0.5,16134.754774305555
38.38,1.6678221,0.9361363,20.169689354170114,0.25,16088.348415798611
38.4,1.6598101,0.7601521,20.16757530154271,0.0,16041.942057291666
38.42,1.5755541,0.8836002,20.146370864288503,0.0,15995.535698784723
38.44,1.6139905,0.98785377,20.11904561071082,0.0,15949.129340277777
38.46,1.6156833,0.8677428,20.169860438310714,0.0,15902.722981770834
38.48,1.7201437,0.8774492,20.116986768431335,0.0,15856.316623263889
38.5,1.6976182,0.80971307,20.155236038683086,0.25,15809.910264756945
38.52,1.5738897,0.80044127,20.08486264385844,0.5,15763.50390625
38.54,1.5167032,0.8013492,20.128801803609036,0.75,15767.157009548611
38.56,1.5823604,0.87244666,20.11797671143835,1.0,15770.810112847223
38.58,1.6530056,0.8059846,20.154664268636484,1.0,15774.463216145834
38.6,1.6571234,1.0794384,20.078915309165577,1.0,15778.116319444445
38.62,1.5477157,0.79123914,20.024238778280562,1.0,15781.769422743055
38.64,1.5414125,0.79765886,20.064989466316298,1.0,15785.422526041666
38.66,1.4562464,0.7992539,19.971679453987882,1.0,15789.075629340277
38.68,1.5838032,0.8019093,19.9743540569687,1.0,15792.728732638889
38.7,1.5867558,0.78017104,19.98882770468488,1.0,15796.3818359375
38.72,1.5869445,0.91489667,20.030203416904087,1.0,15801.128580729166
38.74,1.5756017,0.7494441,20.07297845660122,1.0,15805.875325520834
38.76,1.5289975,0.96706396,20.036476166193214,1.0,15810.6220703125
38.78,1.7232103,0.8432977,20.037843157887178,1.0,15815.368815104166
38.8,1.7616559,0.8567237,19.96591574546282,1.0,15820.115559895834
38.82,1.6643384,0.9544369,19.921991911005243,1.0,15824.8623046875
38.84,1.8245342,0.86481625,19.986569437438256,1.0,15829.609049479166
38.86,1.6234286,0.9949522,20.0050287527408,1.0,15834.355794270834
38.88,1.74255,0.8895635,20.072611584451717,1.0,15839.1025390625
38.9,1.8507588,0.9227159,19.998417522701473,1.0,15857.817057291666
38.92,1.611483,1.01098,20.040736594452312,1.0,15876.531575520834
38.94,1.6471283,0.9602272,19.991604405894325,1.0,15895.24609375
38.96,1.6005714,1.0959023,20.034535863799658,1.0,15913.960611979166
38.98,1.7270088,0.9971264,19.98471462255624,1.0,15932.675130208334
39.0,1.7167227,0.90027773,20.04932804276143,1.0,15951.3896484375
39.02,1.5474254,1.0275545,20.01436019985711,1.0,15970.104166666666
39.04,1.490932,0.95935357,20.086826966240036,1.0,15988.818684895834
39.06,1.5279442,1.0037358,20.012822727875434,1.25,16007.533203125
39.08,1.5156907,0.9197763,20.040231294166166,1.5,16028.937934027777
39.1,1.3656427,0.9741568,20.049594925004577,1.75,16050.342664930555
39.12,1.3726712,0.9813866,20.00346963348448,2.0,16071.747395833334
39.14,1.3963363,0.9972321,20.04712428581474,1.75,16093.152126736111
39.16,1.4285992,1.0602639,20.102336843828713,1.5,16114.556857638889
39.18,1.5066464,1.0418923,20.058745756821942,1.25,16135.961588541666
39.2,1.4814839,0.96268624,20.026018797448653,1.0,16157.366319444445
39.22,1.4442402,0.95993745,20.029897268533055,1.0,16178.771050347223
39.24,1.4826965,1.0130512,20.068964097998894,1.0,16200.17578125
39.26,1.4648094,1.0101779,20.06779567795558,1.0,16163.4853515625
39.28,1.5204268,1.0065761,20.062754943391905,1.0,16126.794921875
39.3,1.5577959,0.9902143,20.053125167786256,1.25,16090.1044921875
39.32,1.512946,0.95492595,20.090544175624498,1.5,16053.4140625
39.34,1.5798026,1.1004055,20.054552123416478,1.75,16016.7236328125
39.36,1.6394264,0.7948018,20.018480428998174,2.0,15980.033203125
39.38,1.5536559,0.9563792,20.06387187239747,1.75,15943.3427734375
39.4,1.6465598,0.9337583,19.989386065885622,1.5,15906.65234375
39.42,1.4842868,1.0916262,20.04000490715496,1.25,15869.9619140625
39.44,1.3430264,0.99736154,20.065786179307924,1.0,15857.027018229166
39.46,1.4807254,1.029052,20.05952387213818,1.0,15844.092122395834
39.48,1.5203035,1.0186352,19.99249854602783,1.0,15831.1572265625
39.5,1.4988222,1.0311389,20.05112578116065,1.0,15818.222330729166
39.52,1.6119709,0.96040094,19.988399833480152,1.0,15805.287434895834
39.54,1.3807223,0.96644545,20.07833388275349,1.25,15792.3525390625
39.56,1.3694758,0.8885646,20.014260827493207,1.5,15779.417643229166
39.58,1.4566576,0.9301854,19.99042077494468,1.75,15766.482747395834
39.6,1.4939678,0.86875427,20.010190034419075,2.0,15753.5478515625
39.62,1.4861273,0.97827005,20.068205799887913,1.75,15762.216037326389
39.64,1.4774089,1.0010222,20.062187060413365,1.5,15770.884223090277
39.66,1.3889961,1.0070833,20.001722346651473,1.25,15779.552408854166
39.68,1.5395166,1.0102389,19.96760553620485,1.0,15788.220594618055
39.7,1.3793927,1.0552167,20.030468090638532,1.0,15796.888780381945
39.72,1.4819386,1.0321578,20.094458221675524,1.0,15805.556966145834
39.74,1.4585588,1.1284615,19.99600123287394,1.0,15814.225151909723
39.76,1.4739071,1.0553787,20.038501219712288,1.0,15822.893337673611
39.78,1.3471465,0.99007577,19.989375804909393,1.0,15831.5615234375
39.8,1.5196631,1.000921,20.015966724883654,1.0,15859.598958333334
39.82,1.4308777,1.0630168,20.016305264395513,1.0,15887.636393229166
39.84,1.4540076,0.9858687,20.022404462052886,1.0,15915.673828125
39.86,1.4089899,1.0590602,19.998225000534852,1.0,15943.711263020834
39.88,1.4640934,1.0117893,20.01442256542675,1.0,15971.748697916666
39.9,1.525516,1.0759301,20.015530877803393,1.0,15999.7861328125
39.92,1.4598417,1.067841,20.04089344592815,1.0,16027.823567708334
39.94,1.475456,1.0792341,20.019799834110113,1.0,16055.861002604166
39.96,1.5944538,1.0222332,20.057241182283434,1.0,16083.8984375
39.98,1.5061493,0.97086966,20.066928175941953,1.0,16059.433268229166
40.0,1.5493841,1.0152454,20.02059244077349,1.0,16034.968098958334
40.02,1.4460021,1.052249,20.005652554638523,1.0,16010.5029296875
40.04,1.5283117,0.9929173,20.07042005527485,1.0,15986.037760416666
40.06,1.4945191,0.9975966,20.0374217006016,1.0,15961.572591145834
40.08,1.4984475,1.047368,20.0355881289273,1.0,15937.107421875
40.1,1.4420347,1.0589364,20.026953638911028,1.25,15912.642252604166
40.12,1.4689958,0.9827118,20.07078391695262,1.5,15888.177083333334
40.14,1.5034868,1.0611535,20.041907894167544,1.75,15863.7119140625
40.16,1.4813068,0.9567198,20.074875039446965,2.0,15898.825086805555
40.18,1.4226896,1.0866059,20.0363242212339,1.75,15933.938259548611
40.2,1.4363627,1.0478346,20.06876422615182,1.5,15969.051432291666
40.22,1.399925,1.0627122,20.086366619737966,1.25,16004.164605034723
40.24,1.3888342,0.99894994,20.043526819097558,1.0,16039.277777777777
40.26,1.4304328,1.0519015,20.051026059801057,0.75,16074.390950520834
40.28,1.4491837,1.0360829,20.040730071298718,0.5,16109.504123263889
40.3,1.3821858,0.9536663,19.97370262208297,0.25,16144.617296006945
40.32,1.4301972,1.0099615,20.087841487987845,0.0,16179.73046875
40.34,1.3665472,1.037298,20.067705281779613,0.25,16140.904947916666
40.36,1.3781434,1.035822,19.994223016993384,0.5,16102.079427083334
40.38,1.4104774,0.96523994,19.979023418586753,0.75,16063.25390625
40.4,1.4413075,1.0103745,19.963675492523915,1.0,16024.428385416666
40.42,1.4179705,0.9837807,19.949526685400517,1.0,15985.602864583334
40.44,1.5226169,1.0639267,20.01245618048687,1.0,15946.77734375
40.46,1.4374573,1.034659,20.068411908354303,1.0,15907.951822916666
40.48,1.4163322,1.1015044,19.972514020156662,1.0,15869.126302083334
40.5,1.4627373,1.1795017,19.999499808875576,1.0,15830.30078125
40.52,1.3797456,1.0366216,20.04426715882039,1.0,15862.382921006945
40.54,1.4511977,0.92247254,20.1266000914203,1.0,15894.465060763889
40.56,1.3912587,1.1150876,19.998710362544983,1.0,15926.547200520834
40.58,1.4158827,1.1412785,19.989169184569317,1.0,15958.629340277777
40.6,1.5030884,0.9687554,20.041877267312476,1.0,15990.711480034723
40.62,1.5176165,0.9909243,20.09200217948311,1.0,16022.793619791666
40.64,1.3992026,1.0981805,20.075551136608656,1.0,16054.875759548611
40.66,1.3963363,1.016974,20.03367811045127,1.0,16086.957899305555
40.68,1.372071,1.0594934,20.054798513150345,1.0,16119.0400390625
40.7,1.4153273,1.1376814,19.936453154734977,1.0,16092.031792534723
40.72,1.3614135,1.0278852,20.004651771105397,1.0,16065.023546006945
40.74,1.3848382,0.9432931,19.971705992755883,1.0,16038.015299479166
40.76,1.4510946,0.8810827,20.027985886044792,1.0,16011.007052951389
40.78,1.3498123,0.9154568,19.976005885151423,1.0,15983.998806423611
40.8,1.3804781,0.9401834,20.03135200503252,1.0,15956.990559895834
40.82,1.451301,0.9587984,19.959363449115095,0.75,15929.982313368055
40.84,1.4341713,0.94734955,19.987565161541664,0.5,15902.974066840277
40.86,1.3780891,1.0831189,20.080840529636408,0.25,15875.9658203125
40.88,1.4780931,1.0039852,20.022057885046838,0.0,15856.771809895834
40.9,1.4131297,0.8619766,19.954552517165816,0.25,15837.577799479166
40.92,1.4186041,0.98439646,20.013351658156253,0.5,15818.3837890625
40.94,1.3470353,0.85597664,19.9692035800971,0.75,15799.189778645834
40.96,1.2965534,0.79855263,19.939267558335324,1.0,15779.995768229166
40.98,1.3932221,0.91512686,19.981535153677545,1.0,15760.8017578125
41.0,1.3776815,0.9299696,19.976896050402285,1.0,15741.607747395834
41.02,1.3831879,0.90783775,20.04389011863187,1.0,15722.413736979166
41.04,1.3873237,0.83457536,20.045779629578966,1.0,15703.2197265625
41.06,1.3993633,0.87393934,20.054419896774164,1.0,15748.243706597223
41.08,1.3271801,0.964476,19.948655213915394,1.0,15793.267686631945
41.1,1.3842163,0.93480676,20.05447510186894,1.0,15838.291666666666
41.12,1.4175743,0.9252082,19.99866453133685,1.0,15883.315646701389
41.14,1.4151156,0.8209928,19.991113041987767,1.0,15928.339626736111
41.16,1.3237619,0.9398431,20.06524788595101,1.0,15973.363606770834
41.18,1.4413853,0.82173055,20.14096136809105,1.0,16018.387586805555
41.2,1.4745421,0.9639175,20.101997281264808,1.0,16063.411566840277
41.22,1.4693271,0.8601722,20.077028528558426,0.75,16108.435546875
41.24,1.4431767,0.82147664,20.138494283970132,0.5,16106.999782986111
41.26,1.400754,0.7886032,20.116377103859797,0.25,16105.564019097223
41.28,1.4846146,0.93458146,20.14825276011883,0.0,16104.128255208334
41.3,1.5077891,0.88523114,20.05869937549159,0.25,16102.692491319445
41.32,1.4612006,0.82203037,20.116969282069583,0.5,16101.256727430555
41.34,1.4454064,0.7992738,20.129922003093768,0.75,16099.820963541666
41.36,1.4719497,0.86557865,20.201820032707502,1.0,16098.385199652777
41.38,1.496597,0.7952367,20.067825200468498,1.0,16096.949435763889
41.4,1.4987724,0.73760104,20.106807345245397,1.0,16095.513671875
41.42,1.4936168,0.7894342,20.12588193853013,1.0,16104.790364583334
41.44,1.4674654,0.7040117,20.23199792392369,1.0,16114.067057291666
41.46,1.5264486,0.8313864,20.199843069297003,1.25,16123.34375
41.48,1.4756845,0.724951,20.209937972176636,1.5,16132.620442708334
41.5,1.4535954,0.8055531,20.1118327535622,1.75,16141.897135416666
41.52,1.4147451,0.78478456,20.055756641094217,2.0,16151.173828125
41.54,1.4106632,0.76550186,20.116502726269445,2.0,16160.450520833334
41.56,1.4108756,0.86910176,20.10598386928661,2.0,16169.727213541666
41.58,1.4796375,0.77339804,20.129376566185133,2.0,16179.00390625
41.6,1.4375615,0.8596916,20.10389602139049,2.0,16194.361002604166
41.62,1.4670317,0.9334647,20.088572493323372,1.75,16209.718098958334
41.64,1.3596246,0.9563563,20.143002455054027,1.5,16225.0751953125
41.66,1.4615082,0.7417912,20.170434627747788,1.25,16240.432291666666
41.68,1.4479947,0.89185655,20.106018065826348,1.0,16255.789388020834
41.7,1.4142952,0.8624835,20.05545287155128,1.0,16271.146484375
41.72,1.4395657,0.8281731,20.11540751629546,1.0,16286.503580729166
41.74,1.4822419,0.871663,20.11331792485709,1.0,16301.860677083334
41.76,1.4678992,0.88368565,20.144989097613543,1.0,16317.2177734375
41.78,1.4704989,0.75936764,20.130978992955598,1.0,16314.738389756945
41.8,1.4129176,0.8182852,20.119053735055363,1.0,16312.259006076389
41.82,1.4228475,0.7780978,20.117402325690538,1.0,16309.779622395834
41.84,1.3912857,0.9733856,20.13569021757202,1.0,16307.300238715277
41.86,1.45861,0.9070539,20.14068109453277,1.25,16304.820855034723
41.88,1.4462352,0.7839107,20.18876593605858,1.5,16302.341471354166
41.9,1.3364303,0.8961635,20.165690129554342,1.75,16299.862087673611
41.92,1.4106898,0.92040473,20.134941089085597,2.0,16297.382703993055
41.94,1.3802884,0.7944092,20.126149493686714,1.75,16294.9033203125
41.96,1.4814585,0.86992437,20.057192112292775,1.5,16264.186848958334
41.98,1.4467788,0.9174664,20.035131608510074,1.25,16233.470377604166
42.0,1.4755068,0.86725265,20.193291985705173,1.0,16202.75390625
42.02,1.4231633,0.86666137,20.025460671401433,1.0,16172.037434895834
42.04,1.5250497,0.8562435,20.109073212080425,1.0,16141.320963541666
42.06,1.4981475,0.84824955,20.061394343257454,1.0,16110.6044921875
42.08,1.4959716,0.833005,20.068818818389037,1.0,16079.888020833334
42.1,1.4688938,0.8741666,20.021861402798713,1.0,16049.171549479166
42.12,1.3552108,0.866189,20.106566031344823,1.0,16018.455078125
42.14,1.390424,0.8717085,20.13342169938071,1.0,16037.217664930555
42.16,1.3928995,0.8204312,20.076744155456115,1.0,16055.980251736111
42.18,1.52274,0.8785513,20.019096763183768,1.0,16074.742838541666
42.2,1.4399039,0.9326023,20.061910232669927,1.0,16093.505425347223
42.22,1.412467,0.9221322,20.079211049273972,1.0,16112.268012152777
42.24,1.4874871,0.9866765,20.06530291709184,1.0,16131.030598958334
42.26,1.3994168,0.8357886,20.106254621780394,1.0,16149.793185763889
42.28,1.5009942,0.9001497,20.02949294673067,1.0,16168.555772569445
42.3,1.3749609,0.8525508,20.03191913020516,1.0,16187.318359375
42.32,1.3516141,0.92328846,20.11649348206353,1.0,16171.9814453125
42.34,1.4344846,0.92670584,20.107335325675074,1.0,16156.64453125
42.36,1.4473999,0.8907621,20.032719785191148,1.0,16141.3076171875
42.38,1.4820145,0.8521569,20.060228255508576,1.0,16125.970703125
42.4,1.3847572,0.84580547,20.15236933820781,1.0,16110.6337890625
42.42,1.3574195,0.9246819,20.100685174033593,0.75,16095.296875
42.44,1.3802611,0.83671993,20.07276277607251,0.5,16079.9599609375
42.46,1.426002,0.81068903,20.137230808080616,0.25,16064.623046875
42.48,1.4869835,0.8235082,20.165125034837963,0.0,16049.2861328125
42.5,1.4891477,0.9730507,20.087733878899815,0.0,16034.055447048611
42.52,1.3747429,0.8834248,20.154287819514053,0.0,16018.824761284723
42.54,1.6145937,0.9590077,20.12239531407377,0.0,16003.594075520834
42.56,1.4829996,0.8047882,20.098441036692506,0.0,15988.363389756945
42.58,1.5466751,0.88485396,20.11578648011245,0.25,15973.132703993055
42.6,1.4098667,0.9233207,20.085925041004607,0.5,15957.902018229166
42.62,1.463326,0.9156608,20.092138549245,0.75,15942.671332465277
42.64,1.5510509,0.9065741,20.15096466477393,1.0,15927.440646701389
42.66,1.5785933,0.9156651,20.081617974659075,1.0,15912.2099609375
42.68,1.5803478,0.85190505,20.054963986524456,1.0,15882.479383680555
42.7,1.4409436,0.88375753,20.015533735089036,1.0,15852.748806423611
42.72,1.35045,0.8495977,20.098568588599548,1.0,15823.018229166666
42.74,1.3498955,0.908857,20.046409786456447,1.0,15793.287651909723
42.76,1.3533307,1.0008714,20.125804057773756,1.0,15763.557074652777
42.78,1.4507332,0.8694834,19.977652383726678,1.0,15733.826497395834
42.8,1.3859464,0.84269434,20.00205495299644,1.0,15704.095920138889
42.82,1.3281392,0.87056816,20.02041599087685,1.0,15674.365342881945
42.84,1.3385861,0.9009418,20.001988202738733,1.0,15644.634765625
42.86,1.3490908,0.8475185,20.02865696291782,1.0,15683.237955729166
42.88,1.3967652,0.92394245,20.032266607707243,1.0,15721.841145833334
42.9,1.3920659,0.8889625,20.084376812004066,1.0,15760.4443359375
42.92,1.4048647,0.9260496,20.103995724550124,1.0,15799.047526041666
42.94,1.4484344,1.1030151,20.07196729039689,1.0,15837.650716145834
42.96,1.3355614,0.87559736,20.02349897557724,1.0,15876.25390625
42.98,1.3948338,0.8783522,20.040778035595302,1.0,15914.857096354166
43.0,1.4412814,0.9044721,20.07746364824659,1.0,15953.460286458334
43.02,1.4553976,0.9875883,20.088714068469564,1.0,15992.0634765625
43.04,1.6513286,1.0626729,20.090413157843283,1.0,15998.132269965277
43.06,1.5021911,1.0885186,20.063988222457102,1.0,16004.201063368055
43.08,1.4001657,0.9188665,20.049703727105065,1.0,16010.269856770834
43.1,1.3684092,0.85547745,20.089088570977125,1.0,16016.338650173611
43.12,1.4267896,0.9734999,20.01054170167106,1.0,16022.407443576389
43.14,1.3865676,0.80334014,19.94397627453936,1.0,16028.476236979166
43.16,1.4301187,0.9196079,20.078386805104927,1.0,16034.545030381945
43.18,1.4161208,0.81761235,20.046179972110178,1.0,16040.613823784723
43.2,1.4952956,0.8234262,20.0175926592105,1.0,16046.6826171875
43.22,1.4138715,0.920722,20.064949939155166,1.0,16042.690538194445
43.24,1.5196877,1.10029,20.048606994495866,1.0,16038.698459201389
43.26,1.5875579,1.0249177,20.076633941040107,1.0,16034.706380208334
43.28,1.4842362,1.0009845,19.983258387982236,1.0,16030.714301215277
43.3,1.4453545,1.0392517,19.976410599295317,1.0,16026.722222222223
43.32,1.5249269,0.9277129,20.126694259106877,1.0,16022.730143229166
43.34,1.4398258,1.1052356,19.99498805450553,1.0,16018.738064236111
43.36,1.4690722,1.0649607,20.028221288087124,1.0,16014.745985243055
43.38,1.4071285,1.1096956,20.047269564225726,0.75,16010.75390625
43.4,1.3954778,0.9400904,20.117031671276745,0.5,16011.2724609375
43.42,1.3536627,0.8432199,20.065951643117753,0.25,16011.791015625
43.44,1.3389497,1.0216656,20.003856627253622,0.0,16012.3095703125
43.46,1.4129442,0.91708094,20.035103792906245,0.0,16012.828125
43.48,1.3730258,1.0899706,19.976680932115727,0.0,16013.3466796875
43.5,1.3735712,0.8836632,19.961848035356493,0.0,16013.865234375
43.52,1.4697348,1.006892,19.996119198807023,0.0,16014.3837890625
43.54,1.3910164,1.0694567,19.98364151410356,0.25,16014.90234375
43.56,1.3343554,1.1605765,20.00605867095661,0.5,16015.4208984375
43.58,1.4950452,0.9945088,19.982946765652642,0.75,16021.465928819445
43.6,1.4275242,0.951873,20.029041780296804,1.0,16027.510959201389
43.62,1.421004,1.1341552,20.033837080047302,1.0,16033.555989583334
43.64,1.4331527,0.89506096,19.963261231376354,1.0,16039.601019965277
43.66,1.3953437,0.9868538,20.056922284135375,1.0,16045.646050347223
43.68,1.4193166,0.93586886,20.003010918361763,1.0,16051.691080729166
43.7,1.39639,0.91681445,20.060465486769864,0.75,16057.736111111111
43.72,1.4475033,0.9484604,20.03305640786159,0.5,16063.781141493055
43.74,1.5509784,1.0805256,19.95327901322801,0.25,16069.826171875
43.76,1.4387852,0.8736051,19.97821033726076,0.0,16081.286675347223
43.78,1.4724075,0.9569606,19.92226768265108,0.25,16092.747178819445
43.8,1.4113266,0.89435256,19.988314550266463,0.5,16104.207682291666
43.82,1.3962021,0.9944768,20.02458948014796,0.75,16115.668185763889
43.84,1.3828088,0.9068611,19.935337886601964,1.0,16127.128689236111
43.86,1.3571713,0.8899319,20.059640789025572,1.0,16138.589192708334
43.88,1.4068356,0.8400401,19.905705406816388,1.0,16150.049696180555
43.9,1.3871076,0.8702029,19.961960548979107,1.0,16161.510199652777
43.92,1.4275242,0.81473255,20.029762061653535,1.0,16172.970703125
43.94,1.3640238,0.9086799,20.021971698938792,1.0,16150.152018229166
43.96,1.422479,0.79492927,19.949918712530355,1.0,16127.333333333334
43.98,1.376621,0.8731637,19.966892981992547,1.0,16104.5146484375
44.0,1.3199092,0.91333616,20.02942064448301,1.0,16081.695963541666
44.02,1.391797,0.70591974,20.00804577427592,1.0,16058.877278645834
44.04,1.3989618,0.8226827,20.103082056210386,1.0,16036.05859375
44.06,1.4145069,0.90085137,20.021677867577527,1.0,16013.239908854166
44.08,1.2859689,0.88413966,20.045545718645563,1.0,15990.421223958334
44.1,1.3534415,0.7796997,20.051242592120964,1.0,15967.6025390625
44.12,1.3377745,0.8670762,20.01065393196754,1.0,15981.629123263889
44.14,1.3719618,0.76077396,20.048137381987683,1.0,15995.655707465277
44.16,1.3111424,0.8045956,19.99611567875389,1.0,16009.682291666666
44.18,1.3950753,0.80137646,20.038310476652402,1.0,16023.708875868055
44.2,1.2990346,0.79139984,20.068438116440916,1.0,16037.735460069445
44.22,1.3723712,0.7670161,20.033220674647907,1.0,16051.762044270834
44.24,1.3734894,0.8636944,19.964171372313253,1.0,16065.788628472223
44.26,1.4689194,0.88716817,19.96002555509179,1.0,16079.815212673611
44.28,1.4492356,0.8202108,19.97916727495889,1.0,16093.841796875
44.3,1.5367169,0.8274435,20.00630603941807,1.0,16079.3720703125
44.32,1.4105306,0.8678756,19.90683196125051,1.0,16064.90234375
44.34,1.4238472,0.89973027,20.029626361906836,0.75,16050.4326171875
44.36,1.3996842,0.89882004,19.98241300494756,0.5,16035.962890625
44.38,1.2920982,0.85135216,19.987129703371835,0.25,16021.4931640625
44.4,1.415142,0.78032124,20.003499479088603,0.0,16007.0234375
44.42,1.4072615,0.7345158,19.970006289256506,0.25,15992.5537109375
44.44,1.385406,0.7837028,20.091637453803838,0.5,15978.083984375
44.46,1.4177328,0.93124634,20.023594156624608,0.75,15963.6142578125
44.48,1.3802884,0.9282782,20.048932679255806,1.0,15961.972873263889
44.5,1.3878903,0.81992245,20.038999693217207,1.0,15960.331488715277
44.52,1.3855411,0.8715057,20.043641500908237,1.0,15958.690104166666
44.54,1.3971673,0.8078042,20.10974546900741,1.0,15957.048719618055
44.56,1.366465,0.89544266,20.054150970225525,1.0,15955.407335069445
44.58,1.3912319,0.81969225,20.08356312219059,1.25,15953.765950520834
44.6,1.3776815,0.852877,20.123399965149954,1.5,15952.124565972223
44.62,1.3710063,0.9517623,20.056106891334068,1.75,15950.483181423611
44.64,1.36001,0.8901641,20.085168204855343,2.0,15948.841796875
44.66,1.4152479,0.87258565,20.061929695011976,2.0,15939.337782118055
44.68,1.444318,0.744929,20.11526217289626,2.0,15929.833767361111
44.7,1.3766482,0.8828061,20.08285845816701,2.0,15920.329752604166
44.72,1.3926845,0.89456135,20.052050610216696,2.0,15910.825737847223
44.74,1.3125981,0.8662739,20.02131706053758,1.75,15901.321723090277
44.76,1.2297963,0.82325965,20.000677304110734,1.5,15891.817708333334
44.78,1.3169839,0.8729703,20.046068158801567,1.25,15882.313693576389
44.8,1.3241578,0.8101252,20.050375581390835,1.0,15872.809678819445
44.82,1.3047583,0.8213001,19.997243885594887,1.25,15863.3056640625
44.84,1.2849784,0.85765314,19.980705999577427,1.5,15899.15234375
44.86,1.1988991,0.8457608,20.012898120224655,1.75,15934.9990234375
44.88,1.2797517,0.7883285,20.031664186074604,2.0,15970.845703125
44.9,1.3069088,0.8184478,20.05035728229929,1.75,16006.6923828125
44.92,1.2976792,0.78727686,20.022360619270497,1.5,16042.5390625
44.94,1.3466738,0.8126497,19.979441105588485,1.25,16078.3857421875
44.96,1.2990057,0.78323364,20.0125962951272,1.0,16114.232421875
44.98,1.3889961,0.7667078,20.052007939437544,1.0,16150.0791015625
45.0,1.4270257,0.7941015,20.10666879339224,1.0,16185.92578125
45.02,1.3605056,0.8111399,20.101886253664354,1.0,16202.038302951389
45.04,1.3121701,0.88168687,20.08217139036472,1.0,16218.150824652777
45.06,1.2624002,0.85042274,20.090688823196636,1.0,16234.263346354166
45.08,1.2979388,0.763303,20.018254131113117,1.0,16250.375868055555
45.1,1.3475356,0.913297,20.011687023587132,1.0,16266.488389756945
45.12,1.3497013,0.89237547,19.973699478467537,1.0,16282.600911458334
45.14,1.2598169,0.81222916,20.035301590759627,1.0,16298.713433159723
45.16,1.436858,0.98738307,19.965698579942632,1.0,16314.825954861111
45.18,1.4524101,0.8022091,20.10132613431979,1.0,16330.9384765625
45.2,1.3321365,0.83733,19.994608881681778,1.0,16297.402886284723
45.22,1.3477023,0.7947418,20.064177772423676,1.0,16263.867296006945
45.24,1.332249,0.7301234,20.039159461180635,1.0,16230.331705729166
45.26,1.3439183,0.8529795,20.025404166371672,1.0,16196.796115451389
45.28,1.2929672,0.81177646,20.082733893548905,1.0,16163.260525173611
45.3,1.3313773,0.74148047,20.044217389688427,1.25,16129.724934895834
45.32,1.3200228,0.7957637,19.969444544208695,1.5,16096.189344618055
45.34,1.290097,0.8443831,20.059892142193117,1.75,16062.653754340277
45.36,1.3133967,0.87408483,20.06525156462617,2.0,16029.1181640625
45.38,1.3181776,0.78222597,20.029656693778076,2.0,16043.078125
45.4,1.2747091,0.8595507,20.008899877328066,2.0,16057.0380859375
45.42,1.3335974,0.9414821,19.986790392321524,2.0,16070.998046875
45.44,1.2147235,0.9515118,20.03195743053825,2.0,16084.9580078125
45.46,1.2781413,0.876398,19.97865260844548,1.75,16098.91796875
45.48,1.253231,0.8522618,20.058888638469085,1.5,16112.8779296875
45.5,1.2239362,0.9313359,20.06805177877527,1.25,16126.837890625
45.52,1.2533505,0.9205019,20.063416666384168,1.0,16140.7978515625
45.54,1.3594593,0.91737556,20.10009106583718,1.25,16154.7578125
45.56,1.2014264,0.91407543,20.01551678317574,1.5,16175.378689236111
45.58,1.2166946,0.8686696,20.023517741344907,1.75,16195.999565972223
45.6,1.2771449,0.90817034,20.06722144168538,2.0,16216.620442708334
45.62,1.2685843,0.8818964,20.105132939848254,1.75,16237.241319444445
45.64,1.2144768,1.1408257,20.073491598537345,1.5,16257.862196180555
45.66,1.2506588,0.9391474,20.092364692364516,1.25,16278.483072916666
45.68,1.2222217,0.9205451,20.128463501037213,1.0,16299.103949652777
45.7,1.2707962,0.92847514,20.18190913792697,1.0,16319.724826388889
45.72,1.286551,0.9340116,20.112004865958475,1.0,16340.345703125
45.74,1.2969865,0.93494064,20.141167426033345,1.0,16317.941731770834
45.76,1.1784549,0.89274496,20.007566110799857,1.0,16295.537760416666
45.78,1.227114,0.97238076,20.065881685229886,1.0,16273.1337890625
45.8,1.2569008,0.9981003,20.063746665778513,1.0,16250.729817708334
45.82,1.332783,1.0048811,20.126997378901205,1.0,16228.325846354166
45.84,1.3521682,1.0243089,20.000138019333207,1.0,16205.921875
45.86,1.3436396,0.9384955,20.0930526981027,1.0,16183.517903645834
45.88,1.3369346,0.8194401,20.02610390207981,1.0,16161.113932291666
45.9,1.3759409,0.81982315,20.04804050470475,1.0,16138.7099609375
45.92,1.3265874,0.87049747,20.02864834985101,1.0,16113.761501736111
45.94,1.285794,0.834342,19.988011606058972,1.0,16088.813042534723
45.96,1.3511431,0.7787334,20.03595173676714,1.0,16063.864583333334
45.98,1.3284211,0.8323823,19.95116770707719,1.0,16038.916124131945
46.0,1.3231677,0.79734993,19.959932625377085,1.0,16013.967664930555
46.02,1.3036385,0.84330475,19.974314578346615,1.25,15989.019205729166
46.04,1.3142517,0.79324293,20.015110082075886,1.5,15964.070746527777
46.06,1.3849194,0.88670224,19.989460722982127,1.75,15939.122287326389
46.08,1.3209584,0.790483,20.064413588647575,2.0,15914.173828125
46.1,1.372071,0.86473817,20.040302391534134,1.75,15909.328342013889
46.12,1.2961489,0.71112424,20.05025794105145,1.5,15904.482855902777
46.14,1.3113425,0.8823356,20.146379871314146,1.25,15899.637369791666
46.16,1.4081126,0.77255493,20.187968135695723,1.0,15894.791883680555
46.18,1.5016177,0.7976938,20.16385267837443,0.75,15889.946397569445
46.2,1.383242,0.93140846,20.101907751433977,0.5,15885.100911458334
46.22,1.39427,0.98655576,20.088284380516008,0.25,15880.255425347223
46.24,1.4099197,1.0097451,20.080617525045476,0.0,15875.409939236111
46.26,1.4225843,0.8909471,20.080869160859862,0.25,15870.564453125
46.28,1.2924168,0.9562171,20.07497002381694,0.5,15891.001736111111
46.3,1.3646002,0.7230136,20.155822672871928,0.75,15911.439019097223
46.32,1.4312441,0.8624398,20.15032121902199,1.0,15931.876302083334
46.34,1.5035117,0.8464395,20.09640292259068,1.25,15952.313585069445
46.36,1.3246667,0.8965159,20.118500738654355,1.5,15972.750868055555
46.38,1.3671772,0.80649227,20.139591807563768,1.75,15993.188151041666
46.4,1.3935983,0.89599496,20.087899716263948,2.0,16013.625434027777
46.42,1.3022016,0.8569069,20.12094332649736,1.75,16034.062717013889
46.44,1.3039544,0.9404686,20.1822105934514,1.5,16054.5
46.46,1.3902626,0.9077349,20.224921721095356,1.25,16048.837782118055
46.48,1.3296044,0.7789629,20.12886504169053,1.0,16043.175564236111
46.5,1.335954,0.75886774,20.166759713933523,1.0,16037.513346354166
46.52,1.2943566,0.85420847,20.174427725273226,1.0,16031.851128472223
46.54,1.3525834,0.7955364,20.16831717100292,1.0,16026.188910590277
46.56,1.2332321,0.7479687,20.163443138420725,1.0,16020.526692708334
46.58,1.2628747,0.8319286,20.09881895544501,1.0,16014.864474826389
46.6,1.3367105,0.7154334,20.15454207805245,1.0,16009.202256944445
46.62,1.3449489,0.7988088,20.125336285555953,1.0,16003.5400390625
46.64,1.2884996,0.8661431,20.09613299125536,1.0,16033.257052951389
46.66,1.4116449,0.92063355,20.223433290240934,1.0,16062.974066840277
46.68,1.4122815,0.77028334,20.124935753007517,1.0,16092.691080729166
46.7,1.4371448,1.0174739,20.152015447239474,1.0,16122.408094618055
46.72,1.4040916,0.77553505,20.190327724197815,1.0,16152.125108506945
46.74,1.3067657,0.9132469,20.106587974898492,1.0,16181.842122395834
46.76,1.2758248,0.8455658,20.144488556744445,1.0,16211.559136284723
46.78,1.3644081,0.86953825,20.151520054108765,1.0,16241.276150173611
46.8,1.2860852,0.90546006,20.09645494201521,1.0,16270.9931640625
46.82,1.2712969,0.8990255,20.113494239598573,1.0,16277.772786458334
46.84,1.3698859,1.120147,20.086848552458903,1.0,16284.552408854166
46.86,1.3153054,1.0605955,20.147095219557492,1.0,16291.33203125
46.88,1.3680806,1.0629944,20.145551301674,1.0,16298.111653645834
46.9,1.4079797,1.0292683,20.09132184369235,1.0,16304.891276041666
46.92,1.3457003,1.0929778,20.13625833262457,1.0,16311.6708984375
46.94,1.3474522,0.98530424,20.12421642413132,1.0,16318.450520833334
46.96,1.4594569,1.0837717,20.093281126162555,1.0,16325.230143229166
46.98,1.3743888,1.1198615,20.07662700212436,1.0,16332.009765625
47.0,1.4618669,1.0397544,20.024393848117295,1.0,16307.003363715277
47.02,1.3540499,0.9051945,20.048642727284363,1.0,16281.996961805555
47.04,1.4058771,0.9686754,20.072981142613116,1.0,16256.990559895834
47.06,1.5010691,1.0104452,20.06808061602691,0.75,16231.984157986111
47.08,1.3782792,0.9649806,20.0453162564164,0.5,16206.977756076389
47.1,1.4913588,1.0448515,20.06668091880335,0.25,16181.971354166666
47.12,1.3281108,1.0597315,20.02945963818291,0.0,16156.964952256945
47.14,1.4841353,1.1253991,20.118831346226564,0.0,16131.958550347223
47.16,1.5620686,0.90815717,20.15141356970822,0.0,16106.9521484375
47.18,1.4466752,1.009444,20.10757885441366,0.0,16092.218967013889
47.2,1.3432215,1.0324175,20.09859866677688,0.0,16077.485785590277
47.22,1.4187624,0.95081204,20.086969082338584,0.25,16062.752604166666
47.24,1.5125252,0.9291618,20.11271972796848,0.5,16048.019422743055
47.26,1.4682307,0.9593867,20.06918683146204,0.75,16033.286241319445
47.28,1.3930608,0.9759235,20.07264673052878,1.0,16018.553059895834
47.3,1.5438884,0.9594344,20.151788093483958,1.0,16003.819878472223
47.32,1.4220841,1.0603669,20.145001757531045,1.0,15989.086697048611
47.34,1.4525905,1.0792377,20.077418718734677,1.0,15974.353515625
47.36,1.4072881,0.92450786,20.134834461944706,1.0,15974.606553819445
47.38,1.4055309,0.9398114,20.080126283089697,0.75,15974.859592013889
47.4,1.3376625,1.0334446,20.094986821195878,0.5,15975.112630208334
47.42,1.3992295,1.1136006,20.080195507145323,0.25,15975.365668402777
47.44,1.4211358,0.99793905,20.083242402544972,0.0,15975.618706597223
47.46,1.4153008,1.0149537,20.099277794515956,0.5,15975.871744791666
47.48,1.3800441,1.0716336,20.0646628195228,1.0,15976.124782986111
47.5,1.4924632,0.910794,20.056268069444055,1.5,15976.377821180555
47.52,1.4001657,1.0577893,20.050455004195502,2.0,15976.630859375
47.54,1.4259495,0.98073655,20.10405027480488,1.5,15985.320095486111
47.56,1.6428488,0.91553277,20.056350715895622,1.0,15994.009331597223
47.58,1.5715325,0.95250726,20.107115170821977,0.5,16002.698567708334
47.6,1.4599956,1.0211637,20.024727111425925,0.0,16011.387803819445
47.62,1.5844415,0.9958005,20.03702563139626,0.25,16020.077039930555
47.64,1.5957917,0.935236,20.04133129193583,0.5,16028.766276041666
47.66,1.5846777,1.0157306,20.107432610955065,0.75,16037.455512152777
47.68,1.4325255,0.9364482,19.99478150614148,1.0,16046.144748263889
47.7,1.4419049,0.958388,20.04950939682256,1.0,16054.833984375
47.72,1.4813827,0.96267796,20.006638556587276,1.0,16058.452039930555
47.74,1.5411453,1.1855351,20.0203074768011,1.0,16062.070095486111
47.76,1.3752875,1.0032744,20.0506274520031,1.0,16065.688151041666
47.78,1.3295763,1.0145936,20.017273920792732,1.0,16069.306206597223
47.8,1.3568125,0.98361915,20.08798535237443,1.0,16072.924262152777
47.82,1.3508937,0.9771483,20.036530480825753,1.0,16076.542317708334
47.84,1.3296607,0.8995646,20.011845776321408,1.0,16080.160373263889
47.86,1.3670403,0.900591,20.084453229099775,1.0,16083.778428819445
47.88,1.3978908,1.0256774,20.12538604956483,1.0,16087.396484375
47.9,1.3416595,0.8704746,20.07857539690439,1.0,16046.005859375
47.92,1.3689837,0.9335775,20.0872292602716,1.0,16004.615234375
47.94,1.4670062,0.95753974,20.123151868906305,1.0,15963.224609375
47.96,1.3698587,0.77926636,20.024186350902692,1.0,15921.833984375
47.98,1.3124269,1.0246017,20.034448804631214,1.0,15880.443359375
48.0,1.3032364,0.94716704,20.108871920702033,1.0,15839.052734375
48.02,1.3786867,0.92056876,20.06080513189952,1.0,15797.662109375
48.04,1.3543818,0.9283253,20.097333736866396,1.0,15756.271484375
48.06,1.4340669,0.9584813,19.97577650880388,1.0,15714.880859375
48.08,1.3945116,1.0107461,20.027629518845245,1.0,15804.874348958334
48.1,1.3640513,0.8669617,20.03897749580636,1.0,15894.867838541666
48.12,1.3531648,0.798463,20.073409985411026,1.0,15984.861328125
48.14,1.432421,0.7644578,20.055498101705993,1.0,16074.854817708334
48.16,1.34984,0.8191952,20.108755451534194,1.0,16164.848307291666
48.18,1.4752276,0.9493294,20.090972968814643,1.0,16254.841796875
48.2,1.3573368,0.81827545,20.074022152903094,1.0,16344.835286458334
48.22,1.4413594,0.7524365,20.091847957722937,1.0,16434.828776041668
48.24,1.3066511,0.88320667,20.06125618178354,1.0,16524.822265625
48.26,1.3537734,0.8730045,20.153800141556633,1.0,16500.767903645832
48.28,1.4258708,0.86529166,20.10787395249814,1.0,16476.713541666668
48.3,1.4659593,0.84254336,20.137150563474894,1.0,16452.6591796875
48.32,1.4190792,0.7833402,20.007835264757606,1.0,16428.604817708332
48.34,1.4633005,0.854978,20.06737832988633,1.0,16404.550455729168
48.36,1.4490546,0.93333274,20.076541822190165,1.0,16380.49609375
48.38,1.48955,0.85616934,20.190947916826264,1.0,16356.441731770834
48.4,1.4393055,0.75405335,20.10993543127053,1.0,16332.387369791666
48.42,1.4731448,0.869785,20.198472028363383,1.0,16308.3330078125
48.44,1.3702414,0.873737,20.00263530215466,1.0,16312.613064236111
48.46,1.4312179,0.75379515,20.068822929873452,1.0,16316.893120659723
48.48,1.4681289,0.85177904,20.1738812043814,1.0,16321.173177083334
48.5,1.4773328,0.87683314,20.119642899324855,1.0,16325.453233506945
48.52,1.5000708,0.94186616,20.122446198248323,1.0,16329.733289930555
48.54,1.5077891,0.81155366,20.087349265153062,1.0,16334.013346354166
48.56,1.4316626,0.8856126,20.179350789650933,1.0,16338.293402777777
48.58,1.4236104,1.0256542,20.127699782495334,0.75,16342.573459201389
48.6,1.5284587,0.95502996,20.148689626030574,0.5,16346.853515625
48.62,1.4390194,0.8819663,20.042721478745587,0.25,16296.974609375
48.64,1.5452944,0.821392,20.041127720942967,0.0,16247.095703125
48.66,1.4603546,0.908916,20.013575852764326,0.25,16197.216796875
48.68,1.3634747,0.851968,20.035132584022037,0.5,16147.337890625
48.7,1.3720436,0.79993224,20.08594013725915,0.75,16097.458984375
48.72,1.4688938,0.7722951,19.996032028292056,1.0,16047.580078125
48.74,1.5157402,0.76558757,20.042352889264357,1.0,15997.701171875
48.76,1.4535954,0.70445466,20.083767059055,1.0,15947.822265625
48.78,1.4702442,0.8567887,20.055931669313164,1.0,15897.943359375
48.8,1.3890231,0.8365941,20.070677644806075,1.0,15908.8935546875
48.82,1.3202213,0.9176224,20.11880853458724,0.75,15919.84375
48.84,1.3181776,0.78902376,20.045435806686037,0.5,15930.7939453125
48.86,1.3367105,0.8441807,20.001407543710975,0.25,15941.744140625
48.88,1.4234263,0.8273258,19.996500332836145,0.0,15952.6943359375
48.9,1.4524872,0.8423477,20.003007755245278,0.25,15963.64453125
48.92,1.4848669,0.7408559,20.035954456828403,0.5,15974.5947265625
48.94,1.4268683,0.8196729,19.990921376215532,0.75,15985.544921875
48.96,1.4728397,0.95750654,19.96208346189215,1.0,15996.4951171875
48.98,1.4023036,0.9229743,20.014870225704758,1.0,16002.970052083334
49.0,1.4500104,0.8354414,19.99594036608722,1.0,16009.444986979166
49.02,1.4381343,0.9763977,19.975245456307842,1.0,16015.919921875
49.04,1.4287827,0.92009175,20.05242088284178,1.0,16022.394856770834
49.06,1.4614569,0.7529987,20.072571370105155,1.0,16028.869791666666
49.08,1.3677249,0.86976445,20.06563286147624,1.0,16035.3447265625
49.1,1.3982658,0.7341397,20.065400531745592,1.0,16041.819661458334
49.12,1.3909895,0.7735419,20.065122899903663,1.0,16048.294596354166
49.14,1.416491,0.83689326,20.026992896144748,0.75,16054.76953125
49.16,1.4035581,0.858894,19.98778376195586,0.5,16065.301540798611
49.18,1.4991469,0.8486781,19.906380086343923,0.25,16075.833550347223
49.2,1.5090305,0.82780117,19.977700593808848,0.0,16086.365559895834
49.22,1.3487022,0.76023054,20.021125663972054,0.0,16096.897569444445
49.24,1.4364932,0.83459914,19.96449857097831,0.0,16107.429578993055
49.26,1.4312702,0.7686567,20.034240818452854,0.0,16117.961588541666
49.28,1.4044116,0.97811365,20.0439873918493,0.0,16128.493598090277
49.3,1.4466236,0.8913418,20.062699721244353,0.25,16139.025607638889
49.32,1.3886995,0.8175904,20.013076267488216,0.5,16149.5576171875
49.34,1.4293592,0.7969786,20.079946588664455,0.75,16164.134874131945
49.36,1.3827004,0.7729355,20.08786098474286,1.0,16178.712131076389
49.38,1.4067824,0.9870953,20.02475021561105,1.0,16193.289388020834
49.4,1.3713886,1.0156797,19.983850452362184,1.0,16207.866644965277
49.42,1.4206088,0.95632726,20.03810341957973,1.0,16222.443901909723
49.44,1.4693016,0.9752249,20.10521657945285,1.0,16237.021158854166
49.46,1.5948294,0.752043,20.113221279699047,1.0,16251.598415798611
49.48,1.5572189,0.8221439,20.034334858992054,1.0,16266.175672743055
49.5,1.4124936,0.82066363,20.06218271980565,1.0,16280.7529296875
49.52,1.4988972,0.82144284,20.01741303935773,1.0,16278.867621527777
49.54,1.4123346,0.81188905,20.0741233756022,0.75,16276.982313368055
49.56,1.4538789,0.9658552,20.00426797127882,0.5,16275.097005208334
49.58,1.4631724,0.7955039,20.046691295047072,0.25,16273.211697048611
49.6,1.4816859,0.77614963,20.037895073073475,0.0,16271.326388888889
49.62,1.519392,0.9007763,20.04241554116977,0.25,16269.441080729166
49.64,1.5094028,0.8360976,20.034902356886732,0.5,16267.555772569445
49.66,1.4540333,0.7767254,19.976284774607457,0.75,16265.670464409723
49.68,1.3928459,0.91509867,20.086763916197548,1.0,16263.78515625
49.7,1.3723166,0.8116125,20.10685170021231,1.0,16266.918402777777
49.72,1.4487185,0.84316576,20.1585019717114,1.0,16270.051649305555
49.74,1.3502837,0.9613769,20.126948637805476,1.0,16273.184895833334
49.76,1.3569779,1.0324906,20.072658652659015,1.0,16276.318142361111
49.78,1.4736277,0.9448358,20.12759152529441,0.75,16279.451388888889
49.8,1.3103139,0.7539585,20.089909596351113,0.5,16282.584635416666
49.82,1.4637098,0.8084926,20.15292944800589,0.25,16285.717881944445
49.84,1.5716517,0.92752874,20.0776993100439,0.0,16288.851128472223
49.86,1.5249023,0.84307617,20.102303574297476,0.25,16291.984375
49.88,1.6411155,0.8646301,20.0553223139957,0.5,16287.755208333334
49.9,1.4614313,0.84081316,20.025128545849867,0.75,16283.526041666666
49.92,1.4269732,0.95759577,20.02585608893904,1.0,16279.296875
49.94,1.4903543,0.9229226,19.99227023599085,1.0,16275.067708333334
49.96,1.4346151,0.96414435,20.157164183406735,1.0,16270.838541666666
49.98,1.5416555,0.8187852,20.055197140290005,1.0,16266.609375
50.0,1.5370336,0.8151835,20.020258115367362,1.0,16262.380208333334
50.02,1.7492844,0.88836324,20.06571868920294,1.25,16258.151041666666
50.04,1.6618619,0.8669411,20.014732392200454,1.5,16253.921875
50.06,1.6469235,0.78244936,20.04937456821683,1.75,16257.368923611111
50.08,1.7277676,0.7412205,20.10615536147872,2.0,16260.815972222223
50.1,1.750119,0.77945244,20.092556090086717,1.75,16264.263020833334
50.12,1.7187283,0.8581697,19.98849158206953,1.5,16267.710069444445
50.14,1.7235146,0.86406004,20.10274348309055,1.25,16271.157118055555
50.16,1.7343003,0.80296904,20.10600637990833,1.0,16274.604166666666
50.18,1.7338684,0.8017706,20.11237455834609,1.0,16278.051215277777
50.2,1.627391,0.83955276,20.079950998276406,1.0,16281.498263888889
50.22,1.6523033,0.8797829,20.07395538211293,1.0,16284.9453125
50.24,1.60818,0.8476732,20.033017538205694,1.0,16277.919487847223
50.26,1.6350121,0.90392053,20.060378455910623,1.25,16270.893663194445
50.28,1.6037966,0.8042547,20.0990956694905,1.5,16263.867838541666
50.3,1.6161237,0.8674863,20.080251527033255,1.75,16256.842013888889
50.32,1.5732472,0.97480106,20.026503659476024,2.0,16249.816189236111
50.34,1.6539342,0.9556102,20.083601008881963,2.0,16242.790364583334
50.36,1.6305172,0.845077,20.026107286323853,2.0,16235.764539930555
50.38,1.6046137,0.8251062,20.01321611688361,2.0,16228.738715277777
50.4,1.7808093,0.74469423,20.10214716238012,2.0,16221.712890625
50.42,1.7054746,0.9073276,20.03728437217987,2.0,16202.338216145834
50.44,1.6922499,0.78589016,20.133807811559862,2.0,16182.963541666666
50.46,1.6121103,0.8424845,20.060800316874506,2.0,16163.5888671875
50.48,1.4880408,0.77431715,20.169615545245627,2.0,16144.214192708334
50.5,1.6469918,0.66323924,20.064256316763313,2.0,16124.839518229166
50.52,1.5567858,0.79199207,19.98394187649468,2.0,16105.46484375
50.54,1.6084361,0.79294735,19.952320051783897,2.0,16086.090169270834
50.56,1.5403919,0.7683981,20.067846944617926,2.0,16066.715494791666
50.58,1.5492151,0.8428994,19.98550019776658,2.25,16047.3408203125
50.6,1.4392016,0.8805752,19.95873537352684,2.5,16038.568793402777
50.62,1.5767182,0.81819534,20.03485586984979,2.75,16029.796766493055
50.64,1.5337901,0.76107156,19.964684735407644,3.0,16021.024739583334
50.66,1.5281157,1.2184403,20.023859081614063,2.75,16012.252712673611
50.68,1.6336833,1.0129807,19.93526217562668,2.5,16003.480685763889
50.7,1.5739133,0.95522964,20.01035761101499,2.25,15994.708658854166
50.72,1.496372,0.8241907,19.95257386571027,2.0,15985.936631944445
50.74,1.4978976,0.8107797,19.96391367078457,1.75,15977.164605034723
50.76,1.5291691,0.90693563,19.94936597142889,1.5,15968.392578125
50.78,1.5020666,0.84090763,20.045594718619274,1.25,15978.999131944445
50.8,1.5156907,0.96980083,20.03760525700931,1.0,15989.605685763889
50.82,1.5627875,0.93376905,19.968288542220996,1.0,16000.212239583334
50.84,1.6447849,0.9430909,20.00720433350442,1.0,16010.818793402777
50.86,1.6068757,0.9287617,20.0584839298468,1.0,16021.425347222223
50.88,1.6947926,0.90605015,20.023260555921407,1.0,16032.031901041666
50.9,1.6512833,0.94680405,20.013651123071806,1.25,16042.638454861111
50.92,1.5451248,0.91277254,20.018912553792564,1.5,16053.245008680555
50.94,1.5731995,1.060039,20.07341290156781,1.75,16063.8515625
50.96,1.6619068,0.83484435,20.00230350663296,2.0,16063.2529296875
50.98,1.5493841,0.9028495,19.988711746205393,1.5,16062.654296875
51.0,1.6057568,0.8286744,20.00903184765175,1.0,16062.0556640625
51.02,1.625434,0.9151855,19.982971771677423,0.5,16061.45703125
51.04,1.5929265,1.1257751,19.98911137786165,0.0,16060.8583984375
51.06,1.6489232,0.91822195,20.07798292902439,0.25,16060.259765625
51.08,1.65692,1.0386933,19.98571125012492,0.5,16059.6611328125
51.1,1.6467872,1.0428702,20.05364441482858,0.75,16059.0625
51.12,1.5276501,0.7833427,20.046694941059478,1.0,16058.4638671875
51.14,1.4884183,0.94348264,19.996501297481846,1.25,16057.717230902777
51.16,1.4704734,0.8254601,19.960664319623298,1.5,16056.970594618055
51.18,1.624397,0.8798439,20.088397170702066,1.75,16056.223958333334
51.2,1.6524847,1.0140157,20.04148454123118,2.0,16055.477322048611
51.22,1.5594535,0.86475885,20.023674016806773,1.75,16054.730685763889
51.24,1.4307469,0.76311815,20.095985494451494,1.5,16053.984049479166
51.26,1.4538531,0.8345039,20.08917500871334,1.25,16053.237413194445
51.28,1.490128,0.80145335,20.148999571280143,1.0,16052.490776909723
51.3,1.449287,0.80259037,20.020145696658975,1.0,16051.744140625
51.32,1.5137377,0.80777967,20.053916219965693,1.0,16066.998046875
51.34,1.6023017,0.8802503,20.086414260379893,1.0,16082.251953125
51.36,1.6604867,0.8375127,20.126855668800946,1.0,16097.505859375
51.38,1.6788318,0.86912006,20.110267308266494,1.0,16112.759765625
51.4,1.8031055,0.87563586,20.141927498745588,1.0,16128.013671875
51.42,1.6863983,0.7555932,20.184370612823667,1.0,16143.267578125
51.44,1.7131854,0.8335773,20.120568330907204,1.0,16158.521484375
51.46,1.6462642,0.91114515,20.143661732177915,1.25,16173.775390625
51.48,1.6505347,0.7952416,20.19186975861779,1.5,16189.029296875
51.5,1.6210973,0.876602,20.187209652596717,1.75,16160.07421875
51.52,1.6012497,0.8152518,20.120856974870453,2.0,16131.119140625
51.54,1.5808926,0.80698967,20.12913094480549,1.75,16102.1640625
51.56,1.5617329,0.74002945,20.152945536083408,1.5,16073.208984375
51.58,1.6309077,0.7435649,20.1310498426511,1.25,16044.25390625
51.6,1.643487,0.89424586,20.121868921083518,1.0,16015.298828125
51.62,1.5763621,0.9262855,20.13786136647656,1.0,15986.34375
51.64,1.4588411,0.8944814,20.101031954440536,1.0,15957.388671875
51.66,1.5208453,0.86104953,20.043194660988497,1.0,15928.43359375
51.68,1.431061,0.7349458,20.130215215066784,1.0,15970.883463541666
51.7,1.35322,0.7332406,20.081320327843212,1.0,16013.333333333334
51.72,1.5368874,0.8662394,20.066739416456684,1.0,16055.783203125
51.74,1.4432286,0.8763209,20.066371851809702,1.0,16098.233072916666
51.76,1.5128222,0.7933832,20.027850232063855,1.0,16140.682942708334
51.78,1.444629,0.8572593,20.084895621177093,1.25,16183.1328125
51.8,1.579684,0.86778855,20.06401483477206,1.5,16225.582682291666
51.82,1.5186524,0.7107582,20.056414217527458,1.75,16268.032552083334
51.84,1.5334971,0.85220814,20.0935999358763,2.0,16310.482421875
51.86,1.4929397,0.85875285,20.05164983764302,1.75,16298.229275173611
51.88,1.553439,0.86332625,20.02575018735741,1.5,16285.976128472223
51.9,1.5694344,0.87932885,20.071800324193187,1.25,16273.722981770834
51.92,1.5006698,0.79012597,20.115347685834767,1.0,16261.469835069445
51.94,1.4397217,0.85565394,20.06975172657089,1.0,16249.216688368055
51.96,1.5987692,0.95636874,20.13009451118254,1.0,16236.963541666666
51.98,1.643487,0.982641,20.110645948223038,1.0,16224.710394965277
52.0,1.5388597,0.8019886,20.050569280946227,1.0,16212.457248263889
52.02,1.7519367,0.8168222,20.12790659340084,1.0,16200.2041015625
52.04,1.716788,0.7565104,20.09645713257416,1.0,16201.004014756945
52.06,1.7612308,0.88464963,20.219910774330025,1.0,16201.803927951389
52.08,1.5878644,0.78955495,20.099164382828146,1.0,16202.603841145834
52.1,1.4215046,0.87162876,20.104759568682965,1.0,16203.403754340277
52.12,1.7428507,0.8215347,20.10518965161814,1.0,16204.203667534723
52.14,1.653821,0.8339728,20.11000482087791,1.0,16205.003580729166
52.16,1.7451053,1.0105083,20.04126443751446,1.0,16205.803493923611
52.18,1.7832888,0.7828455,20.046293565340967,1.0,16206.603407118055
52.2,1.6567618,0.971645,20.121518079813878,1.0,16207.4033203125
52.22,1.7272257,0.7849694,20.10230907074267,1.0,16185.084201388889
52.24,1.6997786,0.8441572,20.116195929179167,1.0,16162.765082465277
52.26,1.8185728,0.7713813,20.12910083941737,1.25,16140.445963541666
52.28,1.7809355,0.773118,20.14314267058694,1.5,16118.126844618055
52.3,1.8273641,0.7325548,20.126079745033444,1.75,16095.807725694445
52.32,1.8017344,0.7636881,20.087461627348414,2.0,16073.488606770834
52.34,1.8558705,0.7569068,20.10716408046989,1.75,16051.169487847223
52.36,1.7423565,0.74509436,20.096222200086345,1.5,16028.850368923611
52.38,1.8819569,0.82924956,20.102540316702907,1.25,16006.53125
52.4,1.914779,0.7899776,20.134414000219362,1.0,16014.809787326389
52.42,2.0305126,0.7656524,20.168540896958305,1.25,16023.088324652777
52.44,1.87502,0.82320654,20.031252631168908,1.5,16031.366861979166
52.46,1.9319887,0.82207626,20.034362667511875,1.75,16039.645399305555
52.48,1.6584109,0.80433375,20.063192487127914,2.0,16047.923936631945
52.5,1.5612293,0.9262297,20.029189088954805,2.0,16056.202473958334
52.52,1.6601937,0.76509947,20.10400343026193,2.0,16064.481011284723
52.54,1.7319237,0.7560322,20.047268804966386,2.0,16072.759548611111
52.56,1.675885,0.8137785,20.01646633017173,2.0,16081.0380859375
52.58,1.7001749,0.7212968,20.078495672486333,2.0,16082.386284722223
52.6,1.5711274,0.86709684,20.00107164655482,2.0,16083.734483506945
52.62,1.5324712,0.9732222,19.973520803520497,2.0,16085.082682291666
52.64,1.6348519,0.9096065,19.964849940855405,2.0,16086.430881076389
52.66,1.5896792,0.8019985,20.009261234413188,1.75,16087.779079861111
52.68,1.6947263,0.83884245,19.935054033261935,1.5,16089.127278645834
52.7,1.6089947,0.8349538,19.978282456990073,1.25,16090.475477430555
52.72,1.4754814,0.9121803,20.012361993492775,1.0,16091.823676215277
52.74,1.4865555,0.7895902,20.00409313368957,1.0,16093.171875
52.76,1.5912331,0.83686477,19.99217174265609,1.0,16086.609917534723
52.78,1.6323305,0.86361617,20.01907834550666,1.0,16080.047960069445
52.8,1.6275291,0.8337322,19.94565217325334,1.0,16073.486002604166
52.82,1.697508,0.75074464,19.979988425806795,1.0,16066.924045138889
52.84,1.6672158,0.9633217,20.052261487542125,1.0,16060.362087673611
52.86,1.7595505,0.8713529,20.016607710271558,1.0,16053.800130208334
52.88,1.8820763,0.7281996,20.051256771186495,1.0,16047.238172743055
52.9,1.7587203,0.830181,20.040944705098042,1.0,16040.676215277777
52.92,1.8590758,0.80706847,20.08268116702729,1.0,16034.1142578125
52.94,1.8164301,0.85049754,20.0342581746464,1.0,16049.835394965277
52.96,1.8553863,0.81499827,20.077869447989727,1.0,16065.556532118055
52.98,1.7245572,0.9199772,20.121129813022108,1.0,16081.277669270834
53.0,1.664136,0.8969391,20.056200434508426,1.0,16096.998806423611
53.02,1.7359836,0.9631547,20.09057360017983,1.0,16112.719943576389
53.04,1.6450126,0.8466976,20.02456260772146,1.0,16128.441080729166
53.06,1.5374477,0.82359505,20.040357823160363,1.0,16144.162217881945
53.08,1.6238668,0.84100455,20.031315623827346,1.0,16159.883355034723
53.1,1.5859768,0.88760924,20.06729176470031,1.0,16175.6044921875
53.12,1.6090415,0.7605049,20.0412597350148,1.0,16187.626736111111
53.14,1.7260112,0.94784015,20.09867622455451,1.0,16199.648980034723
53.16,1.6906781,0.8524949,20.044932881137804,1.0,16211.671223958334
53.18,1.7149769,0.6862712,20.049646168615247,1.0,16223.693467881945
53.2,1.6947484,0.8446019,19.976280526848694,1.0,16235.715711805555
53.22,1.7424641,0.90400404,19.98805702979507,1.0,16247.737955729166
53.24,1.632101,0.8166373,20.071568342953018,1.0,16259.760199652777
53.26,1.624835,0.8386482,20.054568233540643,1.0,16271.782443576389
53.28,1.6730899,0.81968975,20.056282615030796,1.0,16283.8046875
53.3,1.6587721,0.8128649,20.07798014457777,1.25,16262.579861111111
53.32,1.6142689,0.81568307,20.101534275139684,1.5,16241.355034722223
53.34,1.5614691,0.74885005,20.08258962923437,1.75,16220.130208333334
53.36,1.7156972,0.7943667,20.066725515544185,2.0,16198.905381944445
53.38,1.7622722,0.8820586,20.042471787938037,2.0,16177.680555555555
53.4,1.6222287,0.73864275,20.0654948569789,2.0,16156.455729166666
53.42,1.639883,0.7747943,20.05723505788941,2.0,16135.230902777777
53.44,1.701474,0.8019292,20.03136924126713,2.0,16114.006076388889
53.46,1.6759968,0.90820086,20.06609688540387,2.0,16092.78125
53.48,1.6195259,0.7055819,20.046362495585104,2.0,16081.586588541666
53.5,1.872282,0.76637083,20.057389588009478,2.0,16070.391927083334
53.52,1.769122,0.8521918,20.051011079471763,2.0,16059.197265625
53.54,1.8394549,0.7354889,20.104563712078566,2.0,16048.002604166666
53.56,1.6884841,0.7681214,20.03882538448517,2.0,16036.807942708334
53.58,1.5852684,0.7418019,20.106737676545446,2.0,16025.61328125
53.6,1.7238187,0.8068839,20.035949882537302,2.0,16014.418619791666
53.62,1.8116825,0.8188046,20.036664430166596,2.0,16003.223958333334
53.64,1.7489419,0.97161835,20.098953122734105,2.0,15992.029296875
53.66,1.7668558,0.8752274,20.05993985805358,2.0,15992.279839409723
53.68,1.8482888,0.89322114,20.106985592514427,2.0,15992.530381944445
53.7,1.8546392,0.9650958,20.114863621447384,2.0,15992.780924479166
53.72,1.864506,0.9967398,20.08413300343056,2.0,15993.031467013889
53.74,2.0934718,1.210327,20.01937982738952,2.0,15993.282009548611
53.76,1.9410766,0.9368873,20.074403557905892,2.0,15993.532552083334
53.78,1.7049475,1.0129218,20.0771270926304,1.75,15993.783094618055
53.8,1.8293507,0.97496814,19.972208064875762,1.5,15994.033637152777
53.82,1.7073398,0.80090034,20.059209757096568,1.25,15994.2841796875
53.84,1.6934222,0.9117272,20.0017499684921,1.0,15988.822374131945
53.86,1.7958432,0.79524666,20.068228646454504,1.0,15983.360568576389
53.88,1.9251543,0.7704845,20.063759462242395,1.0,15977.898763020834
53.9,1.8863689,0.9053372,20.074129842780515,1.0,15972.436957465277
53.92,1.6688545,0.90432274,19.972341350660137,1.0,15966.975151909723
53.94,1.6699536,0.85429454,19.95977308635507,1.0,15961.513346354166
53.96,1.615521,0.9018719,20.02912401123567,1.0,15956.051540798611
53.98,1.6590203,0.7778603,19.963483811592244,1.0,15950.589735243055
54.0,1.5806084,0.88830066,19.910811922299676,1.0,15945.1279296875
54.02,1.6696845,1.0566711,19.990351247835328,1.0,15969.367513020834
54.04,1.733242,0.98467296,20.024615711301543,1.0,15993.607096354166
54.06,1.7683388,1.0950444,20.070868767003752,1.0,16017.8466796875
54.08,1.7344946,1.0506977,20.09115917193742,1.0,16042.086263020834
54.1,1.7406795,1.0770191,20.010116156378356,1.0,16066.325846354166
54.12,1.5613014,1.0873936,20.03417595819519,1.0,16090.5654296875
54.14,1.5345712,1.1146617,19.999160329298928,1.0,16114.805013020834
54.16,1.459226,1.1342762,20.002332205047683,1.0,16139.044596354166
54.18,1.5448098,0.98462456,20.06116833777922,1.0,16163.2841796875
54.2,1.4229791,0.84948075,20.029473461482134,1.0,16146.422526041666
54.22,1.4316888,0.9017882,20.069618761668245,1.0,16129.560872395834
54.24,1.5213131,0.90422606,20.018206737147793,1.0,16112.69921875
54.26,1.4857492,0.96661186,20.021286691140304,1.0,16095.837565104166
54.28,1.6712536,1.3242328,20.019869494215353,1.0,16078.975911458334
54.3,1.4427875,0.89856136,19.989621405449892,1.0,16062.1142578125
54.32,1.4466752,1.01739,20.013757456811728,1.0,16045.252604166666
54.34,1.4355022,0.9405214,20.030682137282845,1.0,16028.390950520834
54.36,1.5956042,0.9603534,20.037869609124236,1.0,16011.529296875
54.38,1.5708413,1.0424013,19.995614904596923,1.0,16031.890950520834
54.4,1.6830419,1.1724496,19.969643355132764,1.0,16052.252604166666
54.42,1.5833304,0.8595368,19.996403640049326,0.75,16072.6142578125
54.44,1.5615411,1.0283046,19.961164308972638,0.5,16092.975911458334
54.46,1.5737706,1.0197209,19.972220556385892,0.25,16113.337565104166
54.48,1.4616106,0.9603348,20.0820879238394,0.0,16133.69921875
54.5,1.5701976,1.0131689,20.044265259198877,0.0,16154.060872395834
54.52,1.455732,1.1471752,20.07764471926389,0.0,16174.422526041666
54.54,1.4732718,0.98621535,20.06814223064625,0.0,16194.7841796875
54.56,1.4365973,0.9581703,19.99236613543215,0.0,16205.326714409723
54.58,1.5598617,1.0150614,20.02501298345329,0.0,16215.869249131945
54.6,1.5084596,0.92113197,20.038874674357455,0.0,16226.411783854166
54.62,1.5972226,1.1396582,20.099665308060626,0.0,16236.954318576389
54.64,1.5960264,0.997228,20.034855163814424,0.0,16247.496853298611
54.66,1.622875,1.0006113,20.06167353144855,0.25,16258.039388020834
54.68,1.5867321,0.9105649,20.06064033085135,0.5,16268.581922743055
54.7,1.7421846,0.8638692,20.016705555961863,0.75,16279.124457465277
54.72,1.5542102,0.95675933,20.00500851123992,1.0,16289.6669921875
54.74,1.7087648,0.9414927,20.103481456816553,1.0,16246.604275173611
54.76,1.7556943,1.1020509,20.05987387636398,1.0,16203.541558159723
54.78,1.6002907,1.1008838,20.028023443052373,1.0,16160.478841145834
54.8,1.5531256,1.0105692,20.049505914404374,1.0,16117.416124131945
54.82,1.6422333,1.030954,20.038579607973553,1.25,16074.353407118055
54.84,1.6955657,1.1343654,20.062834553174902,1.5,16031.290690104166
54.86,1.6293457,0.95292854,20.000959344805818,1.75,15988.227973090277
54.88,1.6773145,1.0077085,19.988102131122677,2.0,15945.165256076389
54.9,1.6028159,0.98542523,19.98951065578528,2.0,15902.1025390625
54.92,1.605197,1.1168075,19.951582055100804,2.0,15909.607313368055
54.94,1.6191096,0.9703067,19.946814373626175,2.0,15917.112087673611
54.96,1.5435972,1.0681443,19.999855196792186,2.0,15924.616861979166
54.98,1.6560385,0.8672733,20.01419880753439,2.0,15932.121636284723
55.0,1.7098601,1.0458912,19.948461003122212,2.0,15939.626410590277
55.02,1.7144965,1.0637716,19.987774110036533,2.0,15947.131184895834
55.04,1.6462185,1.0114672,19.955963336044622,2.0,15954.635959201389
55.06,1.7808723,0.9695795,19.99319165797865,1.75,15962.140733506945
55.08,1.7413461,0.90409863,20.042296051687103,1.5,15969.6455078125
55.1,1.8374794,1.0721378,20.012781650100266,1.25,15987.494032118055
55.12,1.9035798,0.96296483,20.048177526055966,1.0,16005.342556423611
55.14,1.848228,0.9098009,20.001541104021356,1.0,16023.191080729166
55.16,1.720122,0.8934257,20.046871784372215,1.0,16041.039605034723
55.18,1.5735804,0.6132224,19.931373244430386,1.0,16058.888129340277
55.2,1.5536077,0.63002473,20.003774229055775,1.0,16076.736653645834
55.22,1.5313958,0.7719195,19.971677304381984,0.75,16094.585177951389
55.24,1.7216016,0.78188807,20.085246014181585,0.5,16112.433702256945
55.26,1.6365459,0.8159071,20.054840308397264,0.25,16130.2822265625
55.28,1.596214,0.7079068,20.036222524771617,0.0,16138.075954861111
55.3,1.6674852,0.7809854,20.061148114538607,0.5,16145.869683159723
55.32,1.5649903,0.6274778,20.018873205679164,1.0,16153.663411458334
55.34,1.6017407,0.7396105,20.025134938525404,1.5,16161.457139756945
55.36,1.4938926,0.8092639,20.074751177784165,2.0,16169.250868055555
55.38,1.4720768,0.7609776,19.995231057299204,1.5,16177.044596354166
55.4,1.6852431,0.83927816,20.092617558134553,1.0,16184.838324652777
55.42,1.6270919,0.7742197,20.041831911534572,0.5,16192.632052951389
55.44,1.5741038,0.6329853,20.03924672031718,0.0,16200.42578125
55.46,1.4359977,0.7702627,20.033090526110968,0.25,16243.491319444445
55.48,1.5080128,1.0681034,20.039097805854947,0.5,16286.556857638889
55.5,1.5728663,0.8118572,20.06209388139506,0.75,16329.622395833334
55.52,1.6533003,0.8148277,20.141966769339167,1.0,16372.687934027777
55.54,1.7204485,0.8383259,20.059687026659038,0.75,16415.753472222223
55.56,1.7080634,0.77281725,20.17957857039176,0.5,16458.819010416668
55.58,1.6931348,0.8194571,20.093431451909375,0.25,16501.88454861111
55.6,1.6533227,1.1061141,20.17945107889914,0.0,16544.950086805555
55.62,1.7585713,0.7647202,20.178901522975718,0.0,16588.015625
55.64,1.8628585,0.83328164,20.227203148317518,0.0,16569.09592013889
55.66,1.7196213,0.9234499,20.11773045316641,0.0,16550.176215277777
55.68,1.661614,0.9185248,20.145632427478027,0.0,16531.256510416668
55.7,1.802337,0.914723,20.155501614526273,0.0,16512.336805555555
55.72,1.820795,0.8803202,20.19987825226393,0.0,16493.417100694445
55.74,1.7796524,1.1102808,20.236010680477037,0.0,16474.497395833332
55.76,1.88132,1.0911529,20.24831128899354,0.0,16455.577690972223
55.78,1.7850306,0.6995982,20.146241732647326,0.0,16436.65798611111
55.8,1.6752146,0.8735004,20.17077405457551,0.0,16417.73828125
55.82,1.6004311,0.87258786,20.187168129133756,0.0,16397.896050347223
55.84,1.5398569,0.84886545,20.125031487727853,0.0,16378.053819444445
55.86,1.4487703,0.9210953,20.11766706643046,0.25,16358.211588541666
55.88,1.5445673,0.83567923,20.13871298217917,0.5,16338.369357638889
55.9,1.5576516,0.9940492,20.23411037883005,0.75,16318.527126736111
55.92,1.5149,0.9365904,20.13022871853641,1.0,16298.684895833334
55.94,1.4987972,0.86653763,20.125597149431535,1.0,16278.842664930555
55.96,1.4945942,0.7937587,20.135462857123873,1.0,16259.000434027777
55.98,1.466419,0.9054886,20.192580595933304,1.0,16239.158203125
56.0,1.5119804,1.017636,20.130308938489236,1.0,16244.366427951389
56.02,1.5535355,0.9011865,20.112318298545517,1.0,16249.574652777777
56.04,1.4995966,0.927443,20.18433410262407,1.0,16254.782877604166
56.06,1.6092275,1.107744,20.13206067255578,1.0,16259.991102430555
56.08,1.5280176,0.84582186,20.15923193056696,1.0,16265.199327256945
56.1,1.6430995,0.8080108,20.15674065206426,1.0,16270.407552083334
56.12,1.4947696,0.88088876,20.07739018509032,1.0,16275.615776909723
56.14,1.6387867,0.8990675,20.15504441775967,1.0,16280.824001736111
56.16,1.4283895,0.8032956,20.176300610446432,1.0,16286.0322265625
56.18,1.5401732,0.7696434,20.120112120588626,1.0,16294.350802951389
56.2,1.5324467,0.89274275,20.097315178316535,1.0,16302.669379340277
56.22,1.5221496,1.1161349,20.01201445255875,1.0,16310.987955729166
56.24,1.724644,0.95540434,20.066558598875645,1.0,16319.306532118055
56.26,1.515246,0.90267783,20.061534153983864,1.25,16327.625108506945
56.28,1.5997993,0.9478548,20.155484625483766,1.5,16335.943684895834
56.3,1.5595975,1.0658,20.027535343305445,1.75,16344.262261284723
56.32,1.5652536,1.010984,20.075889013705236,2.0,16352.580837673611
56.34,1.4756083,1.0332947,20.10968826993329,2.0,16360.8994140625
56.36,1.4531575,0.9544722,20.03418496157193,2.0,16329.244357638889
56.38,1.3134537,0.8787299,20.049609238361718,2.0,16297.589301215277
56.4,1.3362342,0.89798844,19.999140002867737,2.0,16265.934244791666
56.42,1.4920868,0.9115463,20.129050595688078,1.75,16234.279188368055
56.44,1.5084349,0.97380996,20.08793338664391,1.5,16202.624131944445
56.46,1.456889,0.95327866,20.030974282998848,1.25,16170.969075520834
56.48,1.5236496,0.8485166,20.110461692921653,1.0,16139.314019097223
56.5,1.4359195,0.87736773,20.051269245929532,1.0,16107.658962673611
56.52,1.4172573,0.90086675,20.04659811826128,1.0,16076.00390625
56.54,1.4776117,0.9404116,20.05206575754368,1.0,16056.383680555555
56.56,1.5070441,0.84136117,20.06314277400705,1.0,16036.763454861111
56.58,1.6038667,0.875561,20.012525246432766,1.25,16017.143229166666
56.6,1.5293648,0.98008806,20.02672713170616,1.5,15997.523003472223
56.62,1.5678351,0.99586636,20.083151293540233,1.75,15977.902777777777
56.64,1.4867318,0.8968948,20.089693136972684,2.0,15958.282552083334
56.66,1.4499844,0.89500993,19.998997380784406,1.75,15938.662326388889
56.68,1.427288,0.9511254,20.00683354471688,1.5,15919.042100694445
56.7,1.4535439,0.935015,20.01468310430978,1.25,15899.421875
56.72,1.4376917,0.9038612,20.041352327114485,1.0,15924.487955729166
56.74,1.5641767,0.84161377,20.099482550320072,1.0,15949.554036458334
56.76,1.4939176,0.95681536,20.00575088537144,1.0,15974.6201171875
56.78,1.5303195,0.9751067,20.064502647975466,1.0,15999.686197916666
56.8,1.6302646,0.9040832,20.063489199523307,1.0,16024.752278645834
56.82,1.4840848,0.8973643,20.019021570439698,1.25,16049.818359375
56.84,1.4912332,0.998371,20.054468220808786,1.5,16074.884440104166
56.86,1.4902034,1.0224762,20.089118782470585,1.75,16099.950520833334
56.88,1.5417039,0.89011496,20.09781531099618,2.0,16125.0166015625
56.9,1.4487444,0.9032389,20.034739865813034,2.0,16128.601128472223
56.92,1.5144302,0.8966002,20.03305123639489,2.0,16132.185655381945
56.94,1.518825,0.8896439,19.989960915806787,2.0,16135.770182291666
56.96,1.4465458,0.83422774,20.04037657816554,2.0,16139.354709201389
56.98,1.533375,0.8534825,19.993175234238254,2.0,16142.939236111111
57.0,1.4720514,0.873903,20.038801396679414,2.0,16146.523763020834
57.02,1.5532702,0.9680682,20.039038438128753,2.0,16150.108289930555
57.04,1.4646816,0.96911836,20.122303258531545,2.0,16153.692816840277
57.06,1.39255,0.90641403,20.072593531926337,2.0,16157.27734375
57.08,1.3171262,0.90454245,20.074394720386316,2.0,16135.101996527777
57.1,1.4476585,1.0083983,20.061874638429146,2.0,16112.926649305555
57.12,1.3421339,0.93147033,20.05847981773727,2.0,16090.751302083334
57.14,1.377763,1.0491477,20.011854894769595,1.75,16068.575954861111
57.16,1.2831997,1.0272762,20.005222573348686,1.5,16046.400607638889
57.18,1.3777901,0.9110296,19.944678962411658,1.25,16024.225260416666
57.2,1.3193418,1.0316436,20.02260922794698,1.0,16002.049913194445
57.22,1.2671666,1.0331255,19.976392859003962,1.0,15979.874565972223
57.24,1.3771106,1.0221478,20.012681096863957,1.0,15957.69921875
57.26,1.3258252,1.143614,20.064326974613703,1.0,15967.356553819445
57.28,1.5187016,0.91942203,20.0446871618399,1.0,15977.013888888889
57.3,1.4680268,1.1999903,20.047620214656927,1.0,15986.671223958334
57.32,1.4860263,0.9603223,20.05147146988158,1.0,15996.328559027777
57.34,1.5195398,1.0950099,20.08514856341527,1.0,16005.985894097223
57.36,1.563099,0.93687034,20.013368349419387,1.0,16015.643229166666
57.38,1.4882421,0.9740956,20.132304402196574,1.0,16025.300564236111
57.4,1.5039848,0.8990277,20.074850679132872,1.0,16034.957899305555
57.42,1.5023159,0.9726545,20.030049271723488,1.0,16044.615234375
57.44,1.5532944,1.05722,20.067361021136513,1.0,16053.511284722223
57.46,1.5345955,1.0272471,20.053785630423235,1.25,16062.407335069445
57.48,1.4929647,0.9665482,20.03086621171413,1.5,16071.303385416666
57.5,1.2949061,1.0127727,20.04010313063647,1.75,16080.199435763889
57.52,1.3196824,0.86693877,20.043933644107025,2.0,16089.095486111111
57.54,1.3162161,0.9781197,20.07426034691101,2.0,16097.991536458334
57.56,1.355128,0.8821464,20.112585261350098,2.0,16106.887586805555
57.58,1.3440298,0.90147084,20.113115055762016,2.0,16115.783637152777
57.6,1.3445312,0.8792995,20.104116422527945,2.0,16124.6796875
57.62,1.3379425,1.120406,20.11754247476578,2.0,16086.212239583334
57.64,1.3244405,0.8530564,20.021650671950752,2.0,16047.744791666666
57.66,1.2738862,1.0010659,20.053049714279553,2.0,16009.27734375
57.68,1.2917502,0.9421572,20.034136219334513,2.0,15970.809895833334
57.7,1.3069088,0.90188956,20.069385379566967,2.0,15932.342447916666
57.72,1.2663982,1.0134944,20.07159185190744,2.0,15893.875
57.74,1.2700298,0.8634252,20.06386406592145,2.0,15855.407552083334
57.76,1.3563709,1.0199723,20.111494311490176,2.0,15816.940104166666
57.78,1.2741507,0.904404,20.025823816639917,1.75,15778.47265625
57.8,1.4155655,0.9316559,20.088214249605393,1.5,15800.104926215277
57.82,1.3291254,0.95658064,20.104661520721372,1.25,15821.737196180555
57.84,1.3152769,0.895558,20.08393092138956,1.0,15843.369466145834
57.86,1.2221911,0.94787157,19.989410266965848,1.25,15865.001736111111
57.88,1.2226813,0.98314834,20.008198969586815,1.5,15886.634006076389
57.9,1.355432,1.0262525,19.99803280808181,1.75,15908.266276041666
57.92,1.312912,1.0643187,19.993543404064226,2.0,15929.898546006945
57.94,1.2208424,1.0356283,20.014050406319154,2.0,15951.530815972223
57.96,1.2489212,1.0748955,20.014458706837587,2.0,15973.1630859375
57.98,1.1834962,1.026417,20.12529958877969,2.0,15965.7978515625
58.0,1.2032328,0.996018,20.002037750215578,2.0,15958.4326171875
58.02,1.241373,0.9746074,20.110394635184218,2.0,15951.0673828125
58.04,1.2123475,0.875645,20.043117503772958,2.0,15943.7021484375
58.06,1.2052848,0.95992917,20.08292784475119,2.0,15936.3369140625
58.08,1.2443556,1.0447698,20.12004140288831,2.0,15928.9716796875
58.1,1.2684071,1.0342345,20.008405392248676,1.75,15921.6064453125
58.12,1.234628,1.0188419,20.06250610961811,1.5,15914.2412109375
58.14,1.2643859,1.044258,20.0915128656681,1.25,15906.8759765625
58.16,1.2647116,1.0957391,20.103274005975138,1.0,15949.339301215277
58.18,1.2626967,1.1557268,20.013309252628552,1.25,15991.802625868055
58.2,1.2242116,1.103638,20.072700505754447,1.5,16034.265950520834
58.22,1.2923299,1.0534077,20.046034681577677,1.75,16076.729275173611
58.24,1.2016445,1.0444616,20.015991534990665,2.0,16119.192599826389
58.26,1.2014887,1.0027832,20.09521939353244,1.75,16161.655924479166
58.28,1.2144768,1.012027,20.091715217018645,1.5,16204.119249131945
58.3,1.2659545,0.90168023,20.07377052368988,1.25,16246.582573784723
58.32,1.2245173,1.124797,20.087844600123574,1.0,16289.0458984375
58.34,1.2998991,1.0146307,20.07249255240759,1.0,16280.0302734375
58.36,1.2700298,0.9440511,20.12072433830062,1.0,16271.0146484375
58.38,1.2702067,1.013412,20.029974419107695,1.0,16261.9990234375
58.4,1.2928803,1.0448858,20.077547401567916,1.0,16252.9833984375
58.42,1.2846286,1.0094401,20.083149829928068,1.0,16243.9677734375
58.44,1.2824405,1.0162547,20.091594452692743,1.0,16234.9521484375
58.46,1.3223184,0.9926871,20.127309642392404,1.0,16225.9365234375
58.48,1.2735043,1.0415833,19.998710728784673,1.0,16216.9208984375
58.5,1.306737,0.9683595,20.089214077328602,1.25,16207.9052734375
58.52,1.3283646,0.9909964,20.073706999189696,1.5,16207.979709201389
58.54,1.3016838,0.92102623,20.11165918645178,1.75,16208.054144965277
58.56,1.288761,1.0655967,20.039176258901247,2.0,16208.128580729166
58.58,1.3879712,0.97473794,20.118167889270357,2.0,16208.203016493055
58.6,1.3894273,1.0038129,20.109468280398595,2.0,16208.277452256945
58.62,1.3114566,0.95914435,20.0848376299823,2.0,16208.351888020834
58.64,1.3300266,1.0605487,20.134002309763854,2.0,16208.426323784723
58.66,1.3114566,0.99387527,20.108997796750202,2.0,16208.500759548611
58.68,1.2348706,1.0468823,20.103003493484422,2.0,16208.5751953125
58.7,1.2338392,0.90704954,20.08364429710067,2.0,16204.656901041666
58.72,1.3368225,1.0350373,20.151875575117842,2.0,16200.738606770834
58.74,1.2911414,1.1117704,20.108916286727982,1.75,16196.8203125
58.76,1.3355054,0.94238913,20.12789552228218,1.5,16192.902018229166
58.78,1.2467906,1.0312006,20.065210225817353,1.25,16188.983723958334
58.8,1.3126266,1.0484544,20.05556858169048,1.0,16185.0654296875
58.82,1.375968,0.9964228,20.103003910603956,0.75,16181.147135416666
58.84,1.3830255,1.0861176,20.11512139041201,0.5,16177.228841145834
58.86,1.3949411,0.98800665,20.167154016419012,0.25,16173.310546875
58.88,1.4473999,1.0993559,20.15200575210095,0.0,16153.652886284723
58.9,1.3590186,1.0705596,20.112303827779833,0.5,16133.995225694445
58.92,1.3463957,1.0839679,20.097775588134677,1.0,16114.337565104166
58.94,1.3695853,0.9838513,20.11644373059873,1.5,16094.679904513889
58.96,1.4358935,1.0504858,20.12838842446401,2.0,16075.022243923611
58.98,1.3687922,1.1075574,20.174299147704634,2.0,16055.364583333334
59.0,1.4690213,1.0185435,20.111362003493802,2.0,16035.706922743055
59.02,1.4627886,1.0698487,20.238906752992296,2.0,16016.049262152777
59.04,1.3580813,0.9975507,20.144931250037903,2.0,15996.3916015625
59.06,1.3778989,0.9060392,20.22888671030431,1.75,15988.454644097223
59.08,1.3374104,1.0072746,20.17766318487297,1.5,15980.517686631945
59.1,1.3515587,0.9700876,20.220705093947927,1.25,15972.580729166666
59.12,1.3196255,1.0301925,20.10690863161254,1.0,15964.643771701389
59.14,1.30338,1.0046617,20.10519616165089,1.0,15956.706814236111
59.16,1.3570883,0.92579424,20.093302270218132,1.0,15948.769856770834
59.18,1.4654739,0.9513071,19.97621931617618,1.0,15940.832899305555
59.2,1.4833024,1.0947378,20.05406844162944,1.0,15932.895941840277
59.22,1.502615,0.96466136,20.024705137493886,0.75,15924.958984375
59.24,1.5064477,1.0408373,20.028577617612267,0.5,15935.929470486111
59.26,1.4994217,0.9274924,20.042150935704942,0.25,15946.899956597223
59.28,1.4541106,1.0874869,20.11352358444509,0.0,15957.870442708334
59.3,1.4277865,1.0373018,20.091038777367185,0.25,15968.840928819445
59.32,1.4294376,1.0677797,20.117376571167153,0.5,15979.811414930555
59.34,1.4226105,1.0038922,20.11126239903817,0.75,15990.781901041666
59.36,1.5366194,1.0938861,20.049059704653303,1.0,16001.752387152777
59.38,1.6288171,0.9819877,20.061270206508564,1.25,16012.722873263889
59.4,1.5104194,1.0410224,20.105357914949806,1.5,16023.693359375
59.42,1.5349371,0.99241084,20.162000603104193,1.75,16032.505208333334
59.44,1.5728188,0.8975813,20.067955841844153,2.0,16041.317057291666
59.46,1.5466751,1.0249119,20.04540804088402,2.0,16050.12890625
59.48,1.4845138,1.015081,20.08109482670996,2.0,16058.940755208334
59.5,1.5403676,0.99230677,20.09685153083175,2.0,16067.752604166666
59.52,1.5588531,1.020827,20.199800886233582,2.0,16076.564453125
59.54,1.4816607,1.0141999,20.12455876230891,2.0,16085.376302083334
59.56,1.6077609,0.9149835,20.034824394198733,2.0,16094.188151041666
59.58,1.5400758,1.0166261,20.02629531018123,2.0,16103.0
59.6,1.6427349,0.98328775,20.07484156720977,2.0,16123.416558159723
59.62,1.5807266,0.9986018,19.97059333923998,2.0,16143.833116319445
59.64,1.5702453,1.0427425,20.05654551905873,2.0,16164.249674479166
59.66,1.6533227,1.0295982,20.089988031741903,2.0,16184.666232638889
59.68,1.5538247,1.0495851,20.142138939272645,2.0,16205.082790798611
59.7,1.4633515,0.9989738,20.055717402765797,1.75,16225.499348958334
59.72,1.5886425,0.9088832,20.008994411289883,1.5,16245.915907118055
59.74,1.7394099,0.9854435,20.129567004099723,1.25,16266.332465277777
59.76,1.7177039,1.028237,20.081246254566338,1.0,16286.7490234375
59.78,1.590009,0.9874072,20.023162817182666,1.0,16273.854817708334
59.8,1.6305861,0.96548283,19.98146849988003,1.0,16260.960611979166
59.82,1.551799,1.039418,20.029068034508086,1.0,16248.06640625
59.84,1.5903387,1.0014231,20.099238993509996,1.0,16235.172200520834
59.86,1.5272579,1.0276319,20.067982457613027,1.0,16222.277994791666
59.88,1.4861019,0.8838903,20.037129972103507,1.0,16209.3837890625
59.9,1.455732,1.0111489,20.024120068429802,1.0,16196.489583333334
59.92,1.4708298,0.93320715,20.045573121247674,1.0,16183.595377604166
59.94,1.6366832,0.9764445,20.04632533905664,1.25,16170.701171875
59.96,1.5131439,0.98724425,20.032085767400613,1.5,16179.605251736111
59.98,1.4617897,1.114405,19.939926243158855,1.75,16188.509331597223
60.0,1.5006199,0.9962932,20.067744107964344,2.0,16197.413411458334
60.02,1.4584817,0.9910747,20.038335654299733,1.5,16206.317491319445
60.04,1.4837315,0.9842249,20.064080231309408,1.0,16215.221571180555
60.06,1.4360499,0.99632317,20.0039159619433,0.5,16224.125651041666
60.08,1.4721023,1.0169582,20.049726466613134,0.0,16233.029730902777
60.1,1.5226169,1.0132513,20.17242502161703,0.25,16241.933810763889
60.12,1.5083604,1.0124253,20.1216848422051,0.5,16250.837890625
60.14,1.5598617,0.9783492,20.136140896164374,0.75,16261.616970486111
60.16,1.5307599,1.0359161,20.091834789904226,1.0,16272.396050347223
60.18,1.5219774,1.0359583,19.986319608151987,1.0,16283.175130208334
60.2,1.4588667,0.99774,20.027265372161068,1.0,16293.954210069445
60.22,1.4428134,1.0249255,20.03857397344586,1.0,16304.733289930555
60.24,1.4132621,1.0187327,20.108961809982915,1.0,16315.512369791666
60.26,1.4168345,1.0269202,20.076237593928255,1.0,16326.291449652777
60.28,1.3010798,0.89657575,20.04749421222194,1.0,16337.070529513889
60.3,1.3436396,0.96583873,20.116547697010787,1.0,16347.849609375
60.32,1.3635845,1.0816909,20.156057465689972,1.0,16297.119466145834
60.34,1.3257687,0.9514847,20.019117688786775,1.25,16246.389322916666
60.36,1.3723712,0.94163406,20.103241739401433,1.5,16195.6591796875
60.38,1.3886456,1.0271137,20.22429197045558,1.75,16144.929036458334
60.4,1.3591838,0.99229074,20.205997306921432,2.0,16094.198893229166
60.42,1.3278853,0.9789542,20.18253749729123,2.0,16043.46875
60.44,1.3663005,1.035542,20.068399358198224,2.0,15992.738606770834
60.46,1.3933027,1.007943,19.999850481310595,2.0,15942.008463541666
60.48,1.3152769,1.0794476,20.009648289784813,2.0,15891.2783203125
60.5,1.4225054,0.89681065,20.000398878626022,1.75,15905.562934027777
60.52,1.3762403,0.94583404,20.05700859382602,1.5,15919.847547743055
60.54,1.3568677,1.0464153,20.025440560357545,1.25,15934.132161458334
60.56,1.3255992,1.003017,20.02996050448325,1.0,15948.416775173611
60.58,1.2947326,1.0213077,20.135885887454034,1.25,15962.701388888889
60.6,1.3250059,1.0844278,20.082259635475452,1.5,15976.986002604166
60.62,1.345088,1.2768484,20.0129837233694,1.75,15991.270616319445
60.64,1.2790492,0.8572245,20.05675099189089,2.0,16005.555230034723
60.66,1.363255,1.0253519,20.019686229096457,1.75,16019.83984375
60.68,1.4345629,0.9645749,20.14224066420291,1.5,16026.452907986111
60.7,1.3934639,1.0496173,20.065151653469492,1.25,16033.065972222223
60.72,1.3850815,1.0765226,20.060034398526607,1.0,16039.679036458334
60.74,1.3113708,0.94375014,20.047390740049416,1.25,16046.292100694445
60.76,1.3565917,1.0414498,20.081172727221634,1.5,16052.905164930555
60.78,1.3721256,1.0318227,20.029650300834838,1.75,16059.518229166666
60.8,1.3197958,0.946042,20.023806769832106,2.0,16066.131293402777
60.82,1.4103181,0.9400883,20.06994725706319,2.0,16072.744357638889
60.84,1.2964089,1.0519128,19.995603785708546,2.0,16079.357421875
60.86,1.3357017,0.9591672,20.062066711012196,2.0,16081.938259548611
60.88,1.3693392,0.95598227,20.122819538863595,2.0,16084.519097222223
60.9,1.2644452,0.9687287,20.047517430165623,1.75,16087.099934895834
60.92,1.3953705,0.99854016,20.057108134299114,1.5,16089.680772569445
60.94,1.3092277,0.94227105,20.09707832566836,1.25,16092.261610243055
60.96,1.3020577,0.9380784,20.144758794230878,1.0,16094.842447916666
60.98,1.248981,0.9539788,20.064194079062023,1.25,16097.423285590277
61.0,1.2650669,0.94203913,20.11193700442856,1.5,16100.004123263889
61.02,1.2629932,1.0201008,20.082400839090695,1.75,16102.5849609375
61.04,1.2642378,1.0497706,20.103948382255908,2.0,16073.397894965277
61.06,1.3379425,0.93886805,20.140930145790445,1.5,16044.210828993055
61.08,1.2653924,0.974483,20.121748803550492,1.0,16015.023763020834
61.1,1.3834585,1.0029911,20.123345066209968,0.5,15985.836697048611
61.12,1.4154066,1.0765337,20.075745107624012,0.0,15956.649631076389
61.14,1.3998716,0.93586034,20.11016036589004,0.0,15927.462565104166
61.16,1.3414084,1.0439194,20.097561246809796,0.0,15898.275499131945
61.18,1.336066,0.90918267,20.11000580894407,0.0,15869.088433159723
61.2,1.3692845,0.9208752,20.023503540254218,0.0,15839.9013671875
61.22,1.3229979,0.9074262,20.0738148045677,0.0,15865.350911458334
61.24,1.3070523,0.89635634,20.096402583630606,0.0,15890.800455729166
61.26,1.3369906,0.89539826,20.09344727674251,0.0,15916.25
61.28,1.2570498,0.879173,20.07411063367421,0.0,15941.699544270834
61.3,1.2288824,0.84519446,20.082356875526813,0.0,15967.149088541666
61.32,1.3786867,0.9174773,20.042337450138223,0.0,15992.5986328125
61.34,1.309485,0.8693326,19.98357747170089,0.0,16018.048177083334
61.36,1.4072348,0.90328074,20.127215581678687,0.0,16043.497721354166
61.38,1.3738165,0.9237015,20.12817389676449,0.0,16068.947265625
61.4,1.4034514,0.9770405,20.130741230126393,0.0,16055.312282986111
61.42,1.3035524,1.0560054,20.0744804493247,0.0,16041.677300347223
61.44,1.3623483,0.89170504,20.13373967622965,0.0,16028.042317708334
61.46,1.3022591,0.97420573,20.021848746740837,0.25,16014.407335069445
61.48,1.3599,0.976894,20.192795831518893,0.5,16000.772352430555
61.5,1.4021701,1.0099281,20.10246268435614,0.75,15987.137369791666
61.52,1.3299142,0.9015942,20.08591696130661,1.0,15973.502387152777
61.54,1.413315,0.9582719,20.1200417200325,1.0,15959.867404513889
61.56,1.4064364,0.8818288,20.080223368243292,1.0,15946.232421875
61.58,1.34773,0.8816621,20.043593173711013,1.0,15916.152126736111
61.6,1.262578,0.878601,20.112322073383602,1.0,15886.071831597223
61.62,1.3051887,0.9467957,20.07348820914153,1.0,15855.991536458334
61.64,1.2772915,0.92431223,20.090628728228573,1.0,15825.911241319445
61.66,1.2642378,0.9561069,20.046594907197473,1.0,15795.830946180555
61.68,1.2803953,1.0357703,20.01938733375018,1.0,15765.750651041666
61.7,1.4053442,1.165827,20.089584456184607,1.0,15735.670355902777
61.72,1.3427197,0.9595006,20.05082011719207,1.0,15705.590060763889
61.74,1.4120959,1.1534536,20.087816666888855,1.0,15675.509765625
61.76,1.3419665,0.89757687,20.063890724796973,1.0,15704.231336805555
61.78,1.2699709,0.9186157,20.06934789380757,1.0,15732.952907986111
61.8,1.3497291,0.8869263,20.046786220772894,1.0,15761.674479166666
61.82,1.2960334,0.9950859,20.034751025550722,1.0,15790.396050347223
61.84,1.35557,0.8383615,20.156949249499426,1.0,15819.117621527777
61.86,1.3702686,0.9127334,20.13803188140382,0.75,15847.839192708334
61.88,1.2927644,0.94167835,20.10172650129323,0.5,15876.560763888889
61.9,1.3193986,0.95709145,20.10447097309519,0.25,15905.282335069445
61.92,1.2821195,0.98566115,20.04361785635327,0.0,15934.00390625
61.94,1.2607677,1.0690776,20.058584266415917,0.75,15948.6474609375
61.96,1.3363463,1.05885,20.05624739626013,1.5,15963.291015625
61.98,1.2989193,0.9432026,20.076260659325765,2.25,15977.9345703125
62.0,1.3362062,1.0407304,20.133309728109875,3.0,15992.578125
62.02,1.2113278,1.0335388,20.103143827203787,2.75,16007.2216796875
62.04,1.2962067,0.9894495,20.120655505881043,2.5,16021.865234375
62.06,1.2492809,0.95853513,20.1143523045192,2.25,16036.5087890625
62.08,1.2022053,0.88762724,20.126201491249418,2.0,16051.15234375
62.1,1.3201362,0.9076691,20.14668578332119,2.0,16065.7958984375
62.12,1.2179558,0.9102419,20.07996887334606,2.0,16067.035915798611
62.14,1.2443255,0.9732815,20.12240578979686,2.0,16068.275933159723
62.16,1.2147851,0.8467305,20.142172521082564,2.0,16069.515950520834
62.18,1.2821486,0.94535714,20.160113415133026,2.0,16070.755967881945
62.2,1.269263,1.0246987,20.13720115812575,2.0,16071.995985243055
62.22,1.2585084,0.8481301,20.107715341951934,2.0,16073.236002604166
62.24,1.2348403,1.0173763,20.081722254204145,2.0,16074.476019965277
62.26,1.3713341,0.89899683,20.035448786221174,1.75,16075.716037326389
62.28,1.2439041,0.8837621,20.123476535431276,1.5,16076.9560546875
62.3,1.3306742,1.0867686,20.0405822602467,1.25,16091.206380208334
62.32,1.3532753,0.8222792,20.198406281482676,1.0,16105.456705729166
62.34,1.2488612,0.9718003,20.141402640342356,0.75,16119.70703125
62.36,1.2890806,0.9252533,20.154136957430776,0.5,16133.957356770834
62.38,1.3981318,0.9890458,20.269354473993076,0.25,16148.207682291666
62.4,1.3548517,0.8685506,20.186373158772323,0.0,16162.4580078125
62.42,1.3372986,1.1196396,20.191644372725346,0.25,16176.708333333334
62.44,1.2631415,0.9513134,20.11357445181683,0.5,16190.958658854166
62.46,1.2855611,0.8199927,20.142106886824344,0.75,16205.208984375
62.48,1.3104569,0.78407794,20.124658205873462,1.0,16203.337673611111
62.5,1.3085983,0.84090054,20.141117350399327,1.0,16201.466362847223
62.52,1.2370518,0.7695918,20.1543515570807,1.0,16199.595052083334
62.54,1.242368,0.84954154,20.064655647659862,1.0,16197.723741319445
62.56,1.2088523,0.8483175,20.097530297267177,1.0,16195.852430555555
62.58,1.3114566,0.9603637,20.089558856377398,1.0,16193.981119791666
62.6,1.3076537,0.7599979,20.094911751903442,1.0,16192.109809027777
62.62,1.2698234,0.8157439,20.120245843434695,1.0,16190.238498263889
62.64,1.3691478,0.8360263,20.148869940156203,1.0,16188.3671875
62.66,1.3025465,0.97187394,20.22523968232479,1.25,16167.498480902777
62.68,1.2492809,0.71405184,20.068307843585167,1.5,16146.629774305555
62.7,1.3696399,0.8446536,20.11702328964263,1.75,16125.761067708334
62.72,1.3761857,1.0968428,20.141293934166818,2.0,16104.892361111111
62.74,1.3703506,0.9922808,20.09713989952394,2.0,16084.023654513889
62.76,1.4211886,0.8254024,20.226114859311956,2.0,16063.154947916666
62.78,1.3287311,0.9433711,20.139029132129433,2.0,16042.286241319445
62.8,1.3776815,0.87983716,20.115861665987637,2.0,16021.417534722223
62.82,1.2716799,0.91866106,20.067384905138116,1.75,16000.548828125
62.84,1.2934594,0.96555066,20.06365787521141,1.5,16019.4814453125
62.86,1.2644749,0.92159986,20.09974645661716,1.25,16038.4140625
62.88,1.2271444,1.0448515,19.97997488054938,1.0,16057.3466796875
62.9,1.2996974,1.0822381,20.103849813518913,0.75,16076.279296875
62.92,1.1965544,0.77619827,20.16018290987318,0.5,16095.2119140625
62.94,1.3570333,0.8776462,20.141943260677735,0.25,16114.14453125
62.96,1.2559173,0.80059516,20.167818568875976,0.0,16133.0771484375
62.98,1.2014264,0.899125,20.069285502020854,0.25,16152.009765625
63.0,1.1994612,0.98627174,20.11670006473061,0.5,16170.9423828125
63.02,1.2239668,0.9297731,20.08827880528657,0.75,16159.175672743055
63.04,1.3485633,0.8645612,20.074450500303996,1.0,16147.408962673611
63.06,1.279576,0.9125832,20.112111510612408,1.0,16135.642252604166
63.08,1.3443083,0.99440885,20.098614010724805,1.0,16123.875542534723
63.1,1.2994382,0.9356629,20.090339923283995,1.0,16112.108832465277
63.12,1.2725041,0.9886801,20.078974043372973,1.0,16100.342122395834
63.14,1.3579435,0.943628,20.01000883211614,1.5,16088.575412326389
63.16,1.266339,0.8637473,20.109648154946107,2.0,16076.808702256945
63.18,1.2895453,0.8868479,20.118600692281202,2.5,16065.0419921875
63.2,1.4051312,0.9019314,20.089448317505692,3.0,16067.063585069445
63.22,1.2530817,0.96969223,20.002206493531453,2.5,16069.085177951389
63.24,1.4910324,0.9508538,20.062720397089322,2.0,16071.106770833334
63.26,1.377328,0.954903,20.016484771167544,1.5,16073.128363715277
63.28,1.2702951,0.814335,20.074387572287108,1.0,16075.149956597223
63.3,1.3224034,0.95101887,20.07099902903269,0.75,16077.171549479166
63.32,1.2441148,0.8149057,20.083947354044884,0.5,16079.193142361111
63.34,1.3072813,0.76808,20.01961124682493,0.25,16081.214735243055
63.36,1.3128834,0.92073494,20.079045097183613,0.0,16083.236328125
63.38,1.3415759,0.9178735,20.09443578011215,0.25,16084.801215277777
63.4,1.3014824,0.77910066,20.117938971679934,0.5,16086.366102430555
63.42,1.2971885,1.0296503,20.15188857343917,0.75,16087.930989583334
63.44,1.2742977,0.91557616,20.07611393366416,1.0,16089.495876736111
63.46,1.1778827,0.904885,20.090131602214957,1.0,16091.060763888889
63.48,1.2618958,0.896722,20.210259651402733,1.0,16092.625651041666
63.5,1.2784636,0.87507755,20.148377446005405,1.0,16094.190538194445
63.52,1.3003311,0.86531466,20.23434547230007,1.0,16095.755425347223
63.54,1.3625957,0.9594737,20.12327256692753,1.0,16097.3203125
63.56,1.3428591,0.8104979,20.1474573046932,1.0,16122.857313368055
63.58,1.4216363,1.0061339,20.139918808509236,1.0,16148.394314236111
63.6,1.3285619,0.84103525,20.09331390138015,1.0,16173.931315104166
63.62,1.3237336,0.9294909,20.126455849969467,1.0,16199.468315972223
63.64,1.3993365,0.9471041,20.1249873905383,1.0,16225.005316840277
63.66,1.3339343,0.95632726,20.11462642245865,1.0,16250.542317708334
63.68,1.3906395,0.9608063,20.095658417545007,1.0,16276.079318576389
63.7,1.2979388,0.87512755,20.146478265132743,1.25,16301.616319444445
63.72,1.3863516,0.8544619,20.146562095017618,1.5,16327.1533203125
63.74,1.3810204,0.9332241,20.093082752835674,1.75,16350.740234375
63.76,1.3734348,0.88903844,20.169932637947923,2.0,16374.3271484375
63.78,1.3915815,0.9080062,20.158603747768034,1.75,16397.9140625
63.8,1.3800712,1.0951461,20.120078892742356,1.5,16421.5009765625
63.82,1.4068623,0.85705304,20.3152107323061,1.25,16445.087890625
63.84,1.3864596,0.8960304,20.24480495016837,1.0,16468.6748046875
63.86,1.3376625,0.8559395,20.20103035996414,1.0,16492.26171875
63.88,1.2714148,0.83831644,20.150402618571416,1.0,16515.8486328125
63.9,1.2265645,0.8821127,20.25105593567251,1.0,16539.435546875
63.92,1.2820611,0.9989817,20.242754654097865,1.0,16537.295572916668
63.94,1.2893711,1.048606,20.266561377286983,1.0,16535.155598958332
63.96,1.249071,1.0739375,20.21713820231355,1.0,16533.015625
63.98,1.2525736,0.98436826,20.20588517133531,1.0,16530.875651041668
64.0,1.4057707,1.0375239,20.296202311298792,1.0,16528.735677083332
64.02,1.3458672,0.8971561,20.26837626890255,1.0,16526.595703125
64.04,1.3989618,0.98631,20.280827967421736,1.0,16524.455729166668
64.06,1.4663678,0.9110012,20.218638021713954,1.0,16522.315755208332
64.08,1.3914202,0.9016362,20.271817517062175,1.0,16520.17578125
64.1,1.3665746,0.899041,20.234124568897037,1.0,16471.000542534723
64.12,1.379257,0.89018196,20.283113303330612,1.0,16421.825303819445
64.14,1.2986312,1.0235307,20.295146804580458,1.0,16372.650065104166
64.16,1.3623483,0.8947546,20.333832558048584,1.0,16323.474826388889
64.18,1.4759381,0.9719271,20.327833783859766,1.0,16274.299587673611
64.2,1.34085,1.0429368,20.23917411158952,1.0,16225.124348958334
64.22,1.2316521,0.9342391,20.18404314516627,1.0,16175.949110243055
64.24,1.2903,0.9905693,20.228217322303035,1.0,16126.773871527777
64.26,1.2369914,0.89648044,20.172663123922842,1.0,16077.5986328125
64.28,1.2894871,0.9903567,20.163910085841156,1.0,16071.098198784723
64.3,1.300763,0.90948635,20.182413329694967,1.0,16064.597764756945
64.32,1.331293,0.96311337,20.1901108870036,1.0,16058.097330729166
64.34,1.2041348,0.88867414,20.2405523870628,1.0,16051.596896701389
64.36,1.1547023,1.0710199,20.155041176198324,1.0,16045.096462673611
64.38,1.3234789,1.004092,20.180944582551177,1.0,16038.596028645834
64.4,1.2745916,0.9837686,20.074843925142837,1.0,16032.095594618055
64.42,1.2407393,1.0662435,20.138218509058188,1.0,16025.595160590277
64.44,1.1739023,0.91122144,20.187167184170804,1.0,16019.0947265625
64.46,1.2601142,0.8999819,20.184853962075028,1.0,16003.646592881945
64.48,1.2755901,0.99020827,20.083389955326147,1.0,15988.198459201389
64.5,1.3091419,1.0975744,20.107152845884176,1.0,15972.750325520834
64.52,1.3099995,1.0333428,20.111965583168555,1.0,15957.302191840277
64.54,1.3859464,1.1832235,20.01685117021349,1.0,15941.854058159723
64.56,1.4301972,0.9704193,20.071878621142787,1.0,15926.405924479166
64.58,1.361606,1.0909708,20.09270334201065,1.25,15910.957790798611
64.6,1.4004332,0.8993238,20.179740044716553,1.5,15895.509657118055
64.62,1.3097708,0.9402658,20.11176400042909,1.75,15880.0615234375
64.64,1.3159885,0.9811315,20.066709382904317,2.0,15895.364366319445
64.66,1.3735439,1.0439974,20.107748796170192,1.75,15910.667209201389
64.68,1.3201929,1.0188712,20.146407547584108,1.5,15925.970052083334
64.7,1.3471187,0.9962932,20.19479722846991,1.25,15941.272894965277
64.72,1.2603519,0.9218844,20.129146668082335,1.0,15956.575737847223
64.74,1.3396485,1.1268141,20.13552006186729,0.75,15971.878580729166
64.76,1.3615786,0.87529546,20.110223420462642,0.5,15987.181423611111
64.78,1.3038683,0.86856896,20.155275505665962,0.25,16002.484266493055
64.8,1.2269307,1.0028565,20.1537566841938,0.0,16017.787109375
64.82,1.3304771,0.88183784,20.13378802175177,0.5,16000.155056423611
64.84,1.4205561,0.94288445,20.125069660468235,1.0,15982.523003472223
64.86,1.2511976,0.81369305,20.13353133468685,1.5,15964.890950520834
64.88,1.2752963,0.9043864,20.125995723318375,2.0,15947.258897569445
64.9,1.2598467,0.94202435,20.143497181672068,2.0,15929.626844618055
64.92,1.406543,0.9643091,20.135736036841735,2.0,15911.994791666666
64.94,1.3121415,0.99037075,20.047732714469163,2.0,15894.362738715277
64.96,1.3281392,0.9179601,20.12909196012528,2.0,15876.730685763889
64.98,1.2486513,0.98229116,20.08388043685697,1.75,15859.0986328125
65.0,1.4224527,1.0740393,20.06470260536261,1.5,15879.166449652777
65.02,1.2940961,0.9460127,20.066459563385738,1.25,15899.234266493055
65.04,1.2678462,0.9902122,20.030087689966287,1.0,15919.302083333334
65.06,1.3655055,0.8998296,20.123269417079165,1.0,15939.369900173611
65.08,1.3153054,1.0470738,20.11852443506672,1.0,15959.437717013889
65.1,1.2976215,1.0680271,20.11737465046384,1.0,15979.505533854166
65.12,1.3770833,0.9544618,20.189695102416415,1.0,15999.573350694445
65.14,1.22748,1.0209594,20.154382204558324,1.0,16019.641167534723
65.16,1.3383901,0.90156347,20.17003287476555,1.0,16039.708984375
65.18,1.3800983,0.9252919,20.115370761808208,1.0,16060.520290798611
65.2,1.2756488,0.91952145,20.141183996147106,1.0,16081.331597222223
65.22,1.3125695,0.89386153,20.127725214486777,1.0,16102.142903645834
65.24,1.2894583,0.92251563,20.198914546650784,1.0,16122.954210069445
65.26,1.404918,0.9472782,20.214886758303244,1.0,16143.765516493055
65.28,1.3032364,0.88873893,20.186207854159214,1.0,16164.576822916666
65.3,1.2942408,0.90235204,20.13072898183828,1.0,16185.388129340277
65.32,1.3485911,0.9854192,20.170374718930088,1.0,16206.199435763889
65.34,1.3522512,0.9463591,20.133396270971634,1.0,16227.0107421875
65.36,1.3311243,0.89562464,20.147149109187087,1.0,16207.261176215277
65.38,1.3764578,1.0166886,20.149217775052787,1.0,16187.511610243055
65.4,1.3114566,0.9993914,20.16467244217036,1.0,16167.762044270834
65.42,1.3804239,0.965958,20.175515423948546,1.0,16148.012478298611
65.44,1.3994969,0.885386,20.189865741236012,1.0,16128.262912326389
65.46,1.4111941,0.9394879,20.15129316443089,0.75,16108.513346354166
65.48,1.3994703,1.0820287,20.13695835160792,0.5,16088.763780381945
65.5,1.4797134,1.0209886,20.157629444749894,0.25,16069.014214409723
65.52,1.4763187,0.8360097,20.14935845053046,0.0,16049.2646484375
65.54,1.4387852,0.9549571,20.105890490981757,0.25,16041.385850694445
65.56,1.4457172,0.9957326,20.053539310411722,0.5,16033.507052951389
65.58,1.1917255,0.7982415,20.09541070043483,0.75,16025.628255208334
65.6,1.2749441,0.99616355,20.07911579925052,1.0,16017.749457465277
65.62,1.3985068,0.963897,20.0005218806945,1.0,16009.870659722223
65.64,1.5036113,1.0996361,20.157402376754074,1.0,16001.991861979166
65.66,1.4401379,1.0350814,20.109893096194753,1.0,15994.113064236111
65.68,1.3894004,1.0252045,20.09912670376664,1.0,15986.234266493055
65.7,1.3345237,0.93715024,20.078986517976617,1.0,15978.35546875
65.72,1.3695033,1.094411,20.05246669979136,1.0,15987.416015625
65.74,1.3813187,0.88247526,20.100928378937155,1.0,15996.4765625
65.76,1.2768518,0.9309156,20.069809187806204,1.0,16005.537109375
65.78,1.3530816,0.89230645,20.13562299515465,1.0,16014.59765625
65.8,1.445795,0.907297,20.1461124667729,1.0,16023.658203125
65.82,1.3653135,0.9779247,20.056665974645483,1.0,16032.71875
65.84,1.3843244,0.94501245,20.069684588559156,1.0,16041.779296875
65.86,1.3799626,1.0017028,20.17439785465514,1.25,16050.83984375
65.88,1.375723,0.9981242,20.119627343706913,1.5,16059.900390625
65.9,1.3992295,0.9639299,20.184635027244006,1.75,16068.514214409723
65.92,1.3966045,1.0027058,20.12813942693963,2.0,16077.128038194445
65.94,1.3787138,1.063908,20.13768835517878,1.75,16085.741861979166
65.96,1.3888612,0.9191325,20.09512634701164,1.5,16094.355685763889
65.98,1.4685624,0.99952054,20.08950965579958,1.25,16102.969509548611
66.0,1.4879403,1.0753409,20.11304664283269,1.0,16111.583333333334
66.02,1.4671593,1.0788751,20.065545466437463,1.0,16120.197157118055
66.04,1.4268945,0.8549199,20.07762145484108,1.0,16128.810980902777
66.06,1.4475292,1.0561333,20.08702731390744,1.0,16137.4248046875
66.08,1.2823532,1.056406,20.005613538599498,1.0,16131.189453125
66.1,1.5557995,1.092214,19.9944523986832,1.0,16124.9541015625
66.12,1.3301675,0.9384045,20.051726821458317,1.0,16118.71875
66.14,1.3141662,0.90028656,20.110393671988746,1.0,16112.4833984375
66.16,1.2594007,0.8670808,20.05988569999547,1.0,16106.248046875
66.18,1.360065,1.1405505,20.140863598072706,1.0,16100.0126953125
66.2,1.2981408,1.0076139,20.159505022040193,1.0,16093.77734375
66.22,1.2945302,0.9929652,20.125615138042917,1.0,16087.5419921875
66.24,1.3392012,0.90787923,20.12011372909892,1.0,16081.306640625
66.26,1.3289001,1.018994,20.146281931886744,1.0,16105.655056423611
66.28,1.3606431,0.84570444,20.162052770673586,1.0,16130.003472222223
66.3,1.318348,1.04957,20.162028492152054,1.0,16154.351888020834
66.32,1.428442,1.0427997,20.158845096311207,1.0,16178.700303819445
66.34,1.3553767,0.9664701,20.125635938035575,1.0,16203.048719618055
66.36,1.3348323,0.9508204,20.04920970263906,1.0,16227.397135416666
66.38,1.3352811,0.8987249,20.13888839139259,1.0,16251.745551215277
66.4,1.305791,1.0869696,20.14963276167417,1.0,16276.093967013889
66.42,1.3282237,1.0827428,20.174325331439412,1.0,16300.4423828125
66.44,1.3059343,0.9976841,20.11271561499254,1.0,16249.080295138889
66.46,1.2864928,1.0095109,20.103413234872693,1.0,16197.718207465277
66.48,1.3223184,1.0526246,20.039339960324707,1.0,16146.356119791666
66.5,1.3634473,0.8784065,20.07894319981851,1.0,16094.994032118055
66.52,1.3516695,0.96715033,20.13085907124681,1.0,16043.631944444445
66.54,1.2583895,0.96226305,20.07593231301825,1.0,15992.269856770834
66.56,1.3213837,1.0380523,20.092303834849197,1.0,15940.907769097223
66.58,1.4097605,0.98408353,20.111771412642785,1.0,15889.545681423611
66.6,1.4155389,1.1632901,20.128320278568943,1.0,15838.18359375
66.62,1.4198178,0.88383853,20.091584073098772,1.0,15844.972005208334
66.64,1.3402914,0.8830604,20.138750790931695,1.0,15851.760416666666
66.66,1.4026508,0.9611558,20.091841455420628,1.0,15858.548828125
66.68,1.4298307,1.1188498,20.141418607242834,1.0,15865.337239583334
66.7,1.4635307,0.8154199,20.152312973111343,1.0,15872.125651041666
66.72,1.3935177,0.709163,20.128590488158274,1.0,15878.9140625
66.74,1.2638824,0.81061304,20.098937354229292,1.0,15885.702473958334
66.76,1.2687025,0.6365161,20.064223065595364,1.0,15892.490885416666
66.78,1.2621034,0.49599215,20.126871764281873,1.0,15899.279296875
66.8,1.3057337,0.68031615,20.14485812768829,1.0,15901.109700520834
66.82,1.2783465,0.7009968,20.132024478491026,1.0,15902.940104166666
66.84,1.4379262,0.591059,20.14632096773417,1.0,15904.7705078125
66.86,1.3280545,0.6761593,20.095836713102912,1.0,15906.600911458334
66.88,1.3882141,0.73263884,20.123753751646923,1.0,15908.431315104166
66.9,1.4751006,0.7845238,20.13452923537228,1.0,15910.26171875
66.92,1.345422,0.7324463,20.08876967084488,1.0,15912.092122395834
66.94,1.4033712,0.7526319,20.055684855761847,1.0,15913.922526041666
66.96,1.3589909,0.55061156,20.08238963587828,1.0,15915.7529296875
66.98,1.3219502,0.5954863,20.064822637623916,1.0,15914.349826388889
67.0,1.4079797,0.6522988,20.13277146906265,1.0,15912.946723090277
67.02,1.2784343,0.6374985,20.15295500575838,1.0,15911.543619791666
67.04,1.3211286,0.4969646,20.232697490065338,1.0,15910.140516493055
67.06,1.306135,0.5950658,20.13729101891102,1.0,15908.737413194445
67.08,1.3109996,0.6053244,20.08100042690296,1.0,15907.334309895834
67.1,1.2654812,0.61504704,20.081095348244556,1.0,15905.931206597223
67.12,1.3912857,0.5504816,20.137787344633526,1.0,15904.528103298611
67.14,1.4592004,0.69754183,20.123785643213292,1.0,15903.125
67.16,1.4071018,0.73308074,19.959387459805573,1.0,15897.564995659723
67.18,1.344754,0.6157896,20.014833688908837,1.0,15892.004991319445
67.2,1.2915183,0.7393687,20.086911310870743,1.0,15886.444986979166
67.22,1.2674326,0.6192034,20.010383219584153,1.0,15880.884982638889
67.24,1.2707372,0.7412285,20.106167233995244,1.0,15875.324978298611
67.26,1.2130578,0.80282557,20.076683620882008,1.0,15869.764973958334
67.28,1.2404375,0.59834546,20.05273464639862,1.0,15864.204969618055
67.3,1.2752082,0.599354,20.074059967638366,1.0,15858.644965277777
67.32,1.2845122,0.6973481,20.043995758779513,1.0,15853.0849609375
67.34,1.2149391,0.7662464,20.12379337048245,1.0,15834.209201388889
67.36,1.2759422,0.7516465,20.085975734618337,1.0,15815.333441840277
67.38,1.2618661,0.5658096,20.08773245740308,1.0,15796.457682291666
67.4,1.3182061,1.0664485,20.096281858132677,1.0,15777.581922743055
67.42,1.3153054,0.9773272,20.1418395840452,1.0,15758.706163194445
67.44,1.2250676,0.9622672,20.087975300895717,1.0,15739.830403645834
67.46,1.3523896,1.0009766,20.02292765029845,1.0,15720.954644097223
67.48,1.3249211,1.1331948,20.099103795572542,1.0,15702.078884548611
67.5,1.3461454,1.1011364,20.018834127210457,1.0,15683.203125
67.52,1.2796931,0.949007,20.106996024593244,1.0,15713.7607421875
67.54,1.2157403,0.8870809,20.14080682792759,1.0,15744.318359375
67.56,1.2533805,0.8879114,20.102613599858575,1.0,15774.8759765625
67.58,1.2927935,0.92472696,20.010273530938008,1.0,15805.43359375
67.6,1.2439342,0.9410325,20.079512648888365,1.0,15835.9912109375
67.62,1.3194269,1.0189238,20.069879958612383,1.0,15866.548828125
67.64,1.3658345,0.90561366,20.151009315803222,1.0,15897.1064453125
67.66,1.3409616,0.9044457,20.138229475749554,1.0,15927.6640625
67.68,1.4295424,0.9847718,20.151156460574285,1.0,15958.2216796875
67.7,1.4198706,0.86035466,20.12713439210303,1.25,15930.997721354166
67.72,1.4129176,1.0157834,20.062121885721815,1.5,15903.773763020834
67.74,1.4259757,0.88676727,20.166162195084926,1.75,15876.5498046875
67.76,1.2727689,0.9651288,20.08434168614244,2.0,15849.325846354166
67.78,1.3107711,0.9285606,20.1324684974453,1.75,15822.101888020834
67.8,1.2694106,0.96271306,20.063907474716217,1.5,15794.8779296875
67.82,1.1905622,1.0518844,20.08679513511071,1.25,15767.653971354166
67.84,1.3172967,0.991249,20.06716016328861,1.0,15740.430013020834
67.86,1.2613319,0.97251767,20.0905676701722,1.25,15713.2060546875
67.88,1.2399544,0.94390583,20.115694119652513,1.5,15717.311848958334
67.9,1.3011659,0.9135515,20.126158581147262,1.75,15721.417643229166
67.92,1.372071,1.0178995,20.09008076441756,2.0,15725.5234375
67.94,1.3901817,1.0036981,20.136264384972403,1.75,15729.629231770834
67.96,1.1968048,0.88722193,20.095264141170396,1.5,15733.735026041666
67.98,1.2095954,0.9167255,20.10980301894861,1.25,15737.8408203125
68.0,1.2548137,0.9649929,20.08581067531615,1.0,15741.946614583334
68.02,1.3216387,0.9102965,20.086356539172492,1.0,15746.052408854166
68.04,1.3818337,1.1370717,20.144289171770172,1.0,15750.158203125
68.06,1.2831705,0.9883927,20.107930112549234,1.0,15728.406684027777
68.08,1.2936621,0.93442833,20.113794550745165,1.0,15706.655164930555
68.1,1.3811018,0.9056663,20.089567603428385,1.0,15684.903645833334
68.12,1.2523642,1.0357914,20.089582227752633,1.0,15663.152126736111
68.14,1.2496104,0.940287,20.124133613568134,1.0,15641.400607638889
68.16,1.2937778,0.97252584,20.072467548810632,1.0,15619.649088541666
68.18,1.2549628,1.0802057,20.053559430678018,1.25,15597.897569444445
68.2,1.296871,1.1245302,20.11146814197021,1.5,15576.146050347223
68.22,1.2211491,1.0090364,20.065388916549075,1.75,15554.39453125
68.24,1.372944,0.87776613,20.117533334225723,2.0,15589.388346354166
68.26,1.3386978,0.89988923,20.059038880407766,1.75,15624.382161458334
68.28,1.2550821,0.8915803,20.097144491491676,1.5,15659.3759765625
68.3,1.3824569,0.90475106,20.14861226292922,1.25,15694.369791666666
68.32,1.4055841,1.0403026,20.048577984341918,1.0,15729.363606770834
68.34,1.2905322,0.94609034,20.08044846179814,1.0,15764.357421875
68.36,1.2883543,1.0190232,20.10968113962641,1.0,15799.351236979166
68.38,1.3387258,0.9388384,20.05534843476276,1.0,15834.345052083334
68.4,1.3158177,1.0812848,20.13530316834612,1.0,15869.3388671875
68.42,1.3134537,0.92565686,20.112456506509528,1.25,15861.879665798611
68.44,1.309056,0.9688271,20.129224391281664,1.5,15854.420464409723
68.46,1.2324424,0.8891681,20.039026456631927,1.75,15846.961263020834
68.48,1.3081975,1.0756124,20.084191083119816,2.0,15839.502061631945
68.5,1.3243276,0.88317287,20.12672826240438,2.0,15832.042860243055
68.52,1.3829983,1.0416235,20.182954197024927,2.0,15824.583658854166
68.54,1.2273885,0.9183366,20.07384346441912,2.0,15817.124457465277
68.56,1.3275187,1.1068684,20.14355595891743,2.0,15809.665256076389
68.58,1.381129,0.92750084,20.168559001042556,1.75,15802.2060546875
68.6,1.287453,1.0002896,20.141494716568896,1.5,15830.535915798611
68.62,1.3697493,0.968144,20.095493478464135,1.25,15858.865776909723
68.64,1.43093,0.8448982,20.08125855910764,1.0,15887.195638020834
68.66,1.4712881,0.9332241,20.06262277552358,1.25,15915.525499131945
68.68,1.4843876,0.9134383,20.15757186951211,1.5,15943.855360243055
68.7,1.4487444,0.8723624,20.140892841621884,1.75,15972.185221354166
68.72,1.3468684,0.9547241,20.069613123481997,2.0,16000.515082465277
68.74,1.3040406,0.8431351,20.025240722266023,1.5,16028.844943576389
68.76,1.317439,1.0507278,20.105492282814062,1.0,16057.1748046875
68.78,1.2663982,0.9862577,20.090813986636064,0.5,16073.469835069445
68.8,1.3037822,1.0333582,20.036426030615445,0.0,16089.764865451389
68.82,1.2983716,0.9614244,20.14110948077989,0.75,16106.059895833334
68.84,1.3992295,0.8824414,20.15039462196882,1.5,16122.354926215277
68.86,1.3863246,1.0715817,20.11503724355463,2.25,16138.649956597223
68.88,1.361991,0.9191584,20.160859825156944,3.0,16154.944986979166
68.9,1.4284945,0.9766581,20.1094817497566,2.75,16171.240017361111
68.92,1.3768659,0.95941985,20.093545489519336,2.5,16187.535047743055
68.94,1.319881,0.9745871,20.104915800964456,2.25,16203.830078125
68.96,1.3196824,1.0824656,20.080803308288722,2.0,16149.625759548611
68.98,1.4044648,0.8755701,20.067304866849195,2.0,16095.421440972223
69.0,1.343556,0.9262491,20.049111396803383,2.0,16041.217122395834
69.02,1.429202,1.0744777,20.047692035761692,2.0,15987.012803819445
69.04,1.34152,1.0283065,20.11925433771864,2.0,15932.808485243055
69.06,1.4206088,1.1318439,19.96499474575665,1.75,15878.604166666666
69.08,1.3354212,0.9107525,20.088877478729174,1.5,15824.399848090277
69.1,1.4220052,1.0271562,20.091534472734843,1.25,15770.195529513889
69.12,1.3895351,1.123581,20.110101391294393,1.0,15715.9912109375
69.14,1.3996576,0.86551434,20.087634728757408,1.25,15711.040907118055
69.16,1.3338782,0.91691196,20.057696780181512,1.5,15706.090603298611
69.18,1.3805053,0.97595805,20.084126703256928,1.75,15701.140299479166
69.2,1.5500848,1.0628523,20.093205090766546,2.0,15696.189995659723
69.22,1.4317672,0.96399176,20.16917611161993,1.5,15691.239691840277
69.24,1.4783716,0.9626388,20.088242046913486,1.0,15686.289388020834
69.26,1.4990721,0.9375763,20.106495968642495,0.5,15681.339084201389
69.28,1.4897761,0.79690385,20.141438125540944,0.0,15676.388780381945
69.3,1.3589634,0.7714483,20.086210046865173,0.25,15671.4384765625
69.32,1.3749063,1.1038774,20.12674039201285,0.5,15687.326931423611
69.34,1.3826193,0.9465606,20.091397328876774,0.75,15703.215386284723
69.36,1.4684858,1.0745109,20.05570486039183,1.0,15719.103841145834
69.38,1.4642467,0.94037354,20.042945580127245,1.25,15734.992296006945
69.4,1.4300925,1.0319806,20.12123903966937,1.5,15750.880750868055
69.42,1.5487558,1.0784901,20.08372476798158,1.75,15766.769205729166
69.44,1.4811804,0.9554771,20.16224667802497,2.0,15782.657660590277
69.46,1.4460797,1.0790039,20.14099848129849,2.0,15798.546115451389
69.48,1.4323949,1.1319159,20.07333040683145,2.0,15814.4345703125
69.5,1.354354,1.0599678,20.04938566566361,2.0,15860.733181423611
69.52,1.385379,1.0462823,20.090393225165123,2.0,15907.031792534723
69.54,1.4400078,1.0002478,20.034368134647984,2.0,15953.330403645834
69.56,1.4029176,0.95935357,20.111400801622366,2.0,15999.629014756945
69.58,1.5935376,1.001556,20.12546843074869,2.0,16045.927625868055
69.6,1.4617643,1.0107619,20.08750275851403,2.0,16092.226236979166
69.62,1.3730258,1.0493182,20.036476330400212,2.0,16138.524848090277
69.64,1.4420867,0.9043711,20.134418500878297,2.0,16184.823459201389
69.66,1.3738165,1.0774672,20.05618304793831,2.0,16231.1220703125
69.68,1.3740073,1.0860773,20.06778178183959,2.0,16199.857855902777
69.7,1.4469081,0.94418156,20.076621820835435,1.75,16168.593641493055
69.72,1.3912048,0.8540107,20.086374298167794,1.5,16137.329427083334
69.74,1.2465203,1.0036962,20.110815735657162,1.25,16106.065212673611
69.76,1.3194554,0.8424467,20.090400049477584,1.0,16074.800998263889
69.78,1.4308517,0.7874384,20.0617798582075,1.0,16043.536783854166
69.8,1.3433609,0.9868255,20.065174551275554,1.0,16012.272569444445
69.82,1.4857996,1.1922481,20.053412849758075,1.0,15981.008355034723
69.84,1.3074816,0.9445224,20.008895362966772,1.0,15949.744140625
69.86,1.3630627,0.7677489,20.10032742079109,1.0,15930.888997395834
69.88,1.3546858,0.93619156,20.069316468683983,1.0,15912.033854166666
69.9,1.3790668,0.9423617,20.075309129135196,1.0,15893.1787109375
69.92,1.3750153,0.9199859,20.048090177652963,1.0,15874.323567708334
69.94,1.4101057,0.93895906,20.07960214236637,1.0,15855.468424479166
69.96,1.2852407,0.87952316,20.06166835866946,1.0,15836.61328125
69.98,1.4114327,0.91101205,20.025628618229213,1.0,15817.758138020834
70.0,1.3982658,0.9330219,20.094236449499977,1.0,15798.902994791666
70.02,1.372644,0.9371227,20.067213252531783,1.0,15780.0478515625
70.04,1.4531575,0.8501891,20.047282310337028,1.0,15777.391493055555
70.06,1.3131971,0.8794102,20.06901839627446,1.0,15774.735134548611
70.08,1.3233942,0.8871257,20.051526876248392,1.0,15772.078776041666
70.1,1.2699413,0.9303221,20.06926394709732,1.0,15769.422417534723
70.12,1.3513094,1.0086406,20.065499046282305,1.0,15766.766059027777
70.14,1.3105426,0.8397207,20.062756805817827,1.0,15764.109700520834
70.16,1.4086444,1.0195534,20.07746423158272,1.0,15761.453342013889
70.18,1.3477578,0.9609717,20.05305084156894,0.75,15758.796983506945
70.2,1.3927114,0.82190704,20.094682879745747,0.5,15756.140625
70.22,1.4729923,0.9190719,20.01762049978626,0.25,15771.299696180555
70.24,1.361661,0.8665789,20.027191236302,0.0,15786.458767361111
70.26,1.3559843,1.0243244,20.00174772848264,0.25,15801.617838541666
70.28,1.4189472,0.9784223,20.03476228791348,0.5,15816.776909722223
70.3,1.419554,1.0797808,20.022751348467395,0.75,15831.935980902777
70.32,1.2865801,1.0145328,20.06843733890651,1.0,15847.095052083334
70.34,1.3804781,1.0245475,19.997913609323806,1.0,15862.254123263889
70.36,1.3805324,1.0139021,20.02026356011239,1.0,15877.413194444445
70.38,1.332277,0.9546596,20.067093194953646,1.0,15892.572265625
70.4,1.2906773,1.0882832,20.12028541995662,1.0,15923.119140625
70.42,1.3713613,1.0464551,20.014642457845664,1.0,15953.666015625
70.44,1.3544645,1.0133688,20.059202480534232,1.0,15984.212890625
70.46,1.389616,0.97019005,20.113053816971423,1.0,16014.759765625
70.48,1.318064,0.9965744,20.078862575173076,1.0,16045.306640625
70.5,1.2908803,0.83123577,20.1338189512922,0.75,16075.853515625
70.52,1.3293228,0.9724339,20.120226381963104,0.5,16106.400390625
70.54,1.3702414,1.0014131,20.160043919542204,0.25,16136.947265625
70.56,1.4438254,0.9827906,20.173713178461988,0.0,16167.494140625
70.58,1.3422177,0.87645006,20.065881491508414,0.25,16178.463975694445
70.6,1.4064364,1.0461096,20.03756424914978,0.5,16189.433810763889
70.62,1.4179442,0.92952085,19.990333774706645,0.75,16200.403645833334
70.64,1.4218471,0.99019414,20.05433616661838,1.0,16211.373480902777
70.66,1.2420061,1.1089898,20.16750389925274,1.25,16222.343315972223
70.68,1.3608084,1.009991,20.164820459926208,1.5,16233.313151041666
70.7,1.3578607,1.1622547,20.179282480213857,1.75,16244.282986111111
70.72,1.374988,1.0326369,20.215261698670798,2.0,16255.252821180555
70.74,1.3450323,0.92672086,20.13041753552813,1.75,16266.22265625
70.76,1.2961489,1.0529794,20.15917722062212,1.5,16265.131510416666
70.78,1.3618261,0.9464326,20.193897206402923,1.25,16264.040364583334
70.8,1.3811018,1.0552336,20.22143026832465,1.0,16262.94921875
70.82,1.4429432,0.9677479,20.192941061682657,1.0,16261.858072916666
70.84,1.3201647,0.96618223,20.178136043045036,1.0,16260.766927083334
70.86,1.4482015,0.95538145,20.21092888611343,1.0,16259.67578125
70.88,1.437874,0.89230204,20.166301653759184,1.0,16258.584635416666
70.9,1.4543681,0.959219,20.119365111550664,1.0,16257.493489583334
70.92,1.5091794,0.85005826,20.186252540000748,1.0,16256.40234375
70.94,1.4760904,1.0503477,20.183254970817085,1.0,16256.090060763889
70.96,1.4763694,0.8943325,20.180063627473658,1.0,16255.777777777777
70.98,1.511039,1.0085757,20.200149179700837,1.0,16255.465494791666
71.0,1.6067824,1.4647366,20.267704889132048,1.0,16255.153211805555
71.02,1.4443439,1.320287,20.232175061808206,1.0,16254.840928819445
71.04,1.280746,1.0572538,20.23331233803439,1.0,16254.528645833334
71.06,1.3729167,1.0407475,20.1613624599553,1.5,16254.216362847223
71.08,1.3021153,1.224118,20.173971020768725,2.0,16253.904079861111
71.1,1.5060996,1.0145152,20.204788431355084,2.5,16253.591796875
71.12,1.4002727,1.0290153,20.180806995258944,3.0,16251.969835069445
71.14,1.2707962,0.9550362,20.186223470081153,2.75,16250.347873263889
71.16,1.3376067,0.8030928,20.206039559327476,2.5,16248.725911458334
71.18,1.4063299,0.6928979,20.226424232771333,2.25,16247.103949652777
71.2,1.2415841,0.7315859,20.08162413368368,2.0,16245.481987847223
71.22,1.39427,0.8654363,20.184478243750927,1.75,16243.860026041666
71.24,1.3590461,0.62379086,20.150087122209662,1.5,16242.238064236111
71.26,1.391151,0.6192162,20.192831925289255,1.25,16240.616102430555
71.28,1.3801526,0.7061955,20.210653781220316,1.0,16238.994140625
71.3,1.57408,0.7455555,20.14886970346445,1.0,16259.682942708334
71.32,1.5694582,0.7478172,20.203737458226094,1.0,16280.371744791666
71.34,1.4273405,0.6009332,20.228518614048877,1.0,16301.060546875
71.36,1.4200552,0.71162426,20.240940904901418,1.0,16321.749348958334
71.38,1.3037534,0.55953497,20.158241357438843,1.0,16342.438151041666
71.4,1.3851628,0.8701664,20.12144922619401,1.0,16363.126953125
71.42,1.3530264,0.8246751,20.161776862661075,1.0,16383.815755208334
71.44,1.3631177,0.72442186,20.17305851111161,1.0,16404.504557291668
71.46,1.2784051,0.8132705,20.211632506134826,1.25,16425.193359375
71.48,1.2960334,0.6676074,20.105884806365587,1.5,16415.1162109375
71.5,1.2890226,0.71681786,20.079497134214957,1.75,16405.0390625
71.52,1.3508382,0.7255565,20.134444751274646,2.0,16394.9619140625
71.54,1.3594868,0.4718214,20.20860583851753,1.75,16384.884765625
71.56,1.3402914,0.56181705,20.142844569680413,1.5,16374.8076171875
71.58,1.1628132,0.7018891,20.17962295537653,1.25,16364.73046875
71.6,1.3770833,0.71976924,20.198479484472827,1.0,16354.6533203125
71.62,1.2878311,0.71725285,20.22025079087712,1.0,16344.576171875
71.64,1.2581216,0.5919995,20.182155163575814,1.0,16334.4990234375
71.66,1.3555977,0.48086408,20.26571252264141,1.0,16345.035807291666
71.68,1.3837022,0.7110321,20.195279374279806,1.0,16355.572591145834
71.7,1.431898,0.6698951,20.291915869102517,1.25,16366.109375
71.72,1.3205333,0.63816196,20.2403018486083,1.5,16376.646158854166
71.74,1.2903291,0.7191644,20.178401396470175,1.75,16387.182942708332
71.76,1.4085381,0.67235225,20.213954798730448,2.0,16397.7197265625
71.78,1.3951827,0.87026465,20.263487188625678,1.75,16408.256510416668
71.8,1.4423981,0.94311833,20.260570583071654,1.5,16418.793294270832
71.82,1.5132926,0.80855656,20.27503234975653,1.25,16429.330078125
71.84,1.6175132,0.6080588,20.30957901536794,1.0,16414.72287326389
71.86,1.469378,0.6096774,20.27767136823542,1.0,16400.115668402777
71.88,1.3671498,0.6149857,20.219156532564504,1.0,16385.508463541668
71.9,1.4175743,0.62992066,20.156346931837543,1.0,16370.901258680555
71.92,1.2741214,0.823472,20.14816885085953,1.0,16356.294053819445
71.94,1.3424687,0.8384729,20.06742661148815,1.25,16341.686848958334
71.96,1.3362622,0.6813434,20.153748650399695,1.5,16327.079644097223
71.98,1.447762,0.8033104,20.1910938837421,1.75,16312.472439236111
72.0,1.352279,0.9244562,20.132899616658236,2.0,16297.865234375
72.02,1.4429173,0.68374777,20.12542017319888,1.75,16274.659505208334
72.04,1.2924747,0.76960987,20.112590017261056,1.5,16251.453776041666
72.06,1.2596387,0.7482183,20.093015530461912,1.25,16228.248046875
72.08,1.2275105,0.73194975,20.142100194796384,1.0,16205.042317708334
72.1,1.3102853,0.86334234,20.099554352932717,1.0,16181.836588541666
72.12,1.3188024,0.6519789,20.098852411336694,1.0,16158.630859375
72.14,1.235295,0.7537108,20.076402458764054,1.0,16135.425130208334
72.16,1.1999918,0.61276215,20.106490603450318,1.0,16112.219401041666
72.18,1.2972175,0.6486304,20.14861300622449,1.0,16089.013671875
72.2,1.3212137,0.7681007,20.08105628536437,1.0,16068.738606770834
72.22,1.351254,0.594284,20.1268638487037,1.0,16048.463541666666
72.24,1.2847161,0.7373316,20.097281118280968,1.0,16028.1884765625
72.26,1.3444755,0.65475523,20.167366338572172,1.0,16007.913411458334
72.28,1.3171262,0.7451424,20.171883454611365,1.0,15987.638346354166
72.3,1.3212137,0.67543024,20.198732937841303,1.0,15967.36328125
72.32,1.4347718,0.5952026,20.158497450178533,1.0,15947.088216145834
72.34,1.2171562,0.67518604,20.10104095475019,1.0,15926.813151041666
72.36,1.2726218,0.6402942,20.071514186860092,1.0,15906.5380859375
72.38,1.4339362,0.7563764,20.249680402017923,1.0,15904.164171006945
72.4,1.3434725,0.7904654,20.12502983671576,1.0,15901.790256076389
72.42,1.3538287,0.726949,20.067342067201515,1.0,15899.416341145834
72.44,1.3896699,0.77978885,20.06954069727026,1.0,15897.042426215277
72.46,1.3313494,0.655571,20.164426478156003,1.0,15894.668511284723
72.48,1.2950796,0.7273424,20.08360583086414,1.0,15892.294596354166
72.5,1.3040693,0.81249326,20.02736235467537,1.25,15889.920681423611
72.52,1.3776,0.75163066,20.1078416303179,1.5,15887.546766493055
72.54,1.3456446,0.48462582,20.07210858395592,1.75,15885.1728515625
72.56,1.312541,0.5660308,20.035296207425453,2.0,15889.625542534723
72.58,1.272298,0.769331,20.066551076009283,1.75,15894.078233506945
72.6,1.38905,0.625178,20.099500955478483,1.5,15898.530924479166
72.62,1.3797183,0.6167954,20.103199299589868,1.25,15902.983615451389
72.64,1.4131563,0.7809091,20.143302367208747,1.0,15907.436306423611
72.66,1.2744446,0.82820183,20.11964467816457,1.25,15911.888997395834
72.68,1.4047581,0.7103387,20.174671613687465,1.5,15916.341688368055
72.7,1.384622,0.7382822,20.046084442883156,1.75,15920.794379340277
72.72,1.231561,0.62293345,20.026077721337092,2.0,15925.2470703125
72.74,1.3505609,0.66958064,20.054873178122957,1.75,15940.346137152777
72.76,1.3824838,0.7544538,20.048040828018348,1.5,15955.445203993055
72.78,1.4847912,0.7304933,20.092807802640035,1.25,15970.544270833334
72.8,1.47538,0.7283333,20.134598378771397,1.0,15985.643337673611
72.82,1.4923376,0.80782145,20.089004892249047,1.0,16000.742404513889
72.84,1.3679439,0.81443256,20.09576146239546,1.0,16015.841471354166
72.86,1.3850546,0.80224127,20.17177168904254,1.0,16030.940538194445
72.88,1.4248986,0.78792775,20.15017293986258,1.0,16046.039605034723
72.9,1.2788736,0.59295183,20.047174494404306,1.0,16061.138671875
72.92,1.3245536,0.8626977,20.121418827705586,1.0,16092.240342881945
72.94,1.4846399,0.7839385,20.118726549082986,1.0,16123.342013888889
72.96,1.353718,0.7839284,20.159579848802988,1.0,16154.443684895834
72.98,1.247211,0.70440954,20.130715125788242,1.0,16185.545355902777
73.0,1.332277,0.60674715,20.06903014471204,1.0,16216.647026909723
73.02,1.4873362,0.747889,20.16466546553794,1.0,16247.748697916666
73.04,1.3834585,0.745337,20.15639835984439,1.0,16278.850368923611
73.06,1.3959072,0.8447877,20.16090568162763,1.0,16309.952039930555
73.08,1.3958266,0.7881823,20.184617870621153,1.0,16341.0537109375
73.1,1.3032651,0.9012108,20.115716491992536,1.0,16336.192816840277
73.12,1.3885107,0.8311474,20.178883138114408,1.0,16331.331922743055
73.14,1.3294636,0.80731463,20.17499576868737,0.75,16326.471028645834
73.16,1.276617,0.5563943,20.163293582534394,0.5,16321.610134548611
73.18,1.451301,0.9333732,20.10953926310783,0.25,16316.749240451389
73.2,1.3269262,0.68354726,20.112780950210357,0.0,16311.888346354166
73.22,1.4349022,0.72151434,20.073472049899618,0.0,16307.027452256945
73.24,1.3329797,0.758108,20.172315897800477,0.0,16302.166558159723
73.26,1.3202213,0.81287706,20.142093663683465,0.0,16297.3056640625
73.28,1.4038248,0.87536585,20.107350629413098,0.0,16321.018880208334
73.3,1.4112471,0.6727629,20.158033543405733,0.25,16344.732096354166
73.32,1.4567863,0.80152774,20.097786422569257,0.5,16368.4453125
73.34,1.3195405,0.81160754,20.018054298645648,0.75,16392.158528645832
73.36,1.3885916,0.7333761,20.12206802237348,1.0,16415.871744791668
73.38,1.421452,1.0389572,20.10444996465465,1.25,16439.5849609375
73.4,1.4218998,0.85516155,20.139752822852067,1.5,16463.298177083332
73.42,1.5502539,0.6343993,20.061875962927488,1.75,16487.011393229168
73.44,1.5711036,0.608441,20.123585010665018,2.0,16510.724609375
73.46,1.4879403,0.8392545,20.057753353574455,1.75,16455.6005859375
73.48,1.5644639,0.84033096,20.135754807169164,1.5,16400.4765625
73.5,1.5203528,0.53827333,20.115861500180138,1.25,16345.3525390625
73.52,1.5175425,0.62737334,20.149281722168414,1.0,16290.228515625
73.54,1.4005936,0.63364094,20.06544595849475,1.0,16235.1044921875
73.56,1.5320069,0.5173055,20.023182008100854,1.0,16179.98046875
73.58,1.5344737,0.9131991,20.019179637374553,1.0,16124.8564453125
73.6,1.5678113,0.626283,19.973541816444424,1.0,16069.732421875
73.62,1.5195644,0.5596273,20.012411268016482,1.5,16014.6083984375
73.64,1.449623,0.626413,20.09058384089045,2.0,16052.729275173611
73.66,1.496597,0.86120415,19.992370725852513,2.5,16090.850151909723
73.68,1.4618922,0.88464963,19.989280137356907,3.0,16128.971028645834
73.7,1.4671593,0.7289796,19.98832248448093,2.75,16167.091905381945
73.72,1.4388372,0.5767027,20.02910434366811,2.5,16205.212782118055
73.74,1.3685459,0.5889746,20.056129783273796,2.25,16243.333658854166
73.76,1.4848669,0.7281314,20.06474961121436,2.0,16281.454535590277
73.78,1.5489249,0.7551935,20.095611655193313,1.75,16319.575412326389
73.8,1.4782956,0.6051405,20.090831896900063,1.5,16357.6962890625
73.82,1.5617089,0.5874512,20.05706051376505,1.25,16339.481336805555
73.84,1.4199233,0.7180972,20.144940797293337,1.0,16321.266384548611
73.86,1.4787517,0.48819986,20.106307568713085,1.0,16303.051432291666
73.88,1.4768512,0.78451365,20.110658421199798,1.0,16284.836480034723
73.9,1.5044329,0.6799568,20.080286780349084,1.0,16266.621527777777
73.92,1.5455853,0.7469932,20.032003434820417,1.0,16248.406575520834
73.94,1.5248041,0.8043807,20.094865614336808,1.0,16230.191623263889
73.96,1.3721256,0.8024889,20.08312820165108,1.0,16211.976671006945
73.98,1.357392,0.71264535,20.130840008816833,1.0,16193.76171875
74.0,1.3351688,0.522594,20.10391298183244,1.0,16200.808159722223
74.02,1.5451491,0.5543444,20.121538953538,1.0,16207.854600694445
74.04,1.4167024,0.66633546,20.076677064502633,1.0,16214.901041666666
74.06,1.443047,0.87957513,20.078864034413343,1.0,16221.947482638889
74.08,1.3856763,0.68903327,20.112933766551343,1.0,16228.993923611111
74.1,1.4172573,0.5330621,20.17905090460205,1.0,16236.040364583334
74.12,1.4109021,0.6669911,20.071839167244644,1.0,16243.086805555555
74.14,1.4162265,0.6412585,20.11965222206094,1.0,16250.133246527777
74.16,1.4562978,0.8042992,20.045726082700707,1.0,16257.1796875
74.18,1.5035117,0.48031837,20.11407075392706,1.25,16252.860894097223
74.2,1.4370143,0.6086434,20.06348098529083,1.5,16248.542100694445
74.22,1.5134904,0.52234685,20.10303143126292,1.75,16244.223307291666
74.24,1.5278461,0.63512236,20.054845445570955,2.0,16239.904513888889
74.26,1.4695054,0.58441985,20.085355714306793,1.75,16235.585720486111
74.28,1.5222234,0.7987491,20.077436567296658,1.5,16231.266927083334
74.3,1.4095213,0.8766088,20.09229385193105,1.25,16226.948133680555
74.32,1.522371,0.7458832,20.07658472399718,1.0,16222.629340277777
74.34,1.5521127,0.52964073,20.12642801331094,1.0,16218.310546875
74.36,1.5166539,0.79591095,20.07349118212941,1.0,16213.614691840277
74.38,1.490329,0.67336506,20.0929530682576,1.0,16208.918836805555
74.4,1.4535439,0.7455555,20.128872221342068,1.0,16204.222981770834
74.42,1.4937172,0.78591794,20.079186646165592,1.25,16199.527126736111
74.44,1.5019418,0.78060377,20.047616207040832,1.5,16194.831271701389
74.46,1.5350103,0.9916598,20.069104766685108,1.75,16190.135416666666
74.48,1.6043336,0.7012689,20.133683642582646,2.0,16185.439561631945
74.5,1.5841578,0.7497781,20.046685642336058,2.0,16180.743706597223
74.52,1.4191319,0.8299417,20.046423350226014,2.0,16176.0478515625
74.54,1.5252953,0.9222033,20.04753403175412,2.0,16174.827039930555
74.56,1.4556034,0.7905055,20.079109679668058,2.0,16173.606228298611
74.58,1.4352936,0.7148249,20.033613048115548,2.0,16172.385416666666
74.6,1.4865052,0.7099694,20.07159705360628,2.0,16171.164605034723
74.62,1.4623277,0.672754,20.145859764800917,2.0,16169.943793402777
74.64,1.4237156,0.7299355,20.210590395229026,2.0,16168.722981770834
74.66,1.4023303,0.72498393,20.108372235351567,1.75,16167.502170138889
74.68,1.3174105,0.91862214,20.040505249989437,1.5,16166.281358506945
74.7,1.4154595,0.8725014,20.096757770006537,1.25,16165.060546875
74.72,1.5130697,0.90337306,20.06838834425375,1.0,16162.15625
74.74,1.3872696,0.8514501,19.997898064563714,1.5,16159.251953125
74.76,1.4365191,0.8275035,20.036813281373135,2.0,16156.34765625
74.78,1.496397,0.7781718,19.996409757585266,2.5,16153.443359375
74.8,1.6227136,0.7312029,19.954100716372064,3.0,16150.5390625
74.82,1.7049915,0.8088366,19.972590182315106,3.0,16147.634765625
74.84,1.5454884,0.8493568,19.95840718118582,3.0,16144.73046875
74.86,1.6703571,0.7960806,19.981731160944424,3.0,16141.826171875
74.88,1.5723187,0.812926,19.98239308750953,3.0,16138.921875
74.9,1.4365714,1.0062287,19.929728580770263,2.75,16130.183376736111
74.92,1.4684093,0.8478209,20.001173326134545,2.5,16121.444878472223
74.94,1.485119,0.9132534,19.961355662899443,2.25,16112.706380208334
74.96,1.4585843,0.879069,20.042497947621534,2.0,16103.967881944445
74.98,1.557868,0.8602646,20.1137043599698,1.75,16095.229383680555
75.0,1.6837983,0.9448316,20.000847454748488,1.5,16086.490885416666
75.02,1.5406107,0.99482644,19.996689477798167,1.25,16077.752387152777
75.04,1.5580122,1.0757416,20.030048459668627,1.0,16069.013888888889
75.06,1.4656527,0.8998627,20.06178633338045,1.0,16060.275390625
75.08,1.4763949,0.94104314,20.014235327626196,1.0,16080.119900173611
75.1,1.512847,0.9109532,19.972710198838804,1.0,16099.964409722223
75.12,1.5503265,0.9772072,20.01331733437535,1.0,16119.808919270834
75.14,1.5181099,1.0306011,20.032870183712742,1.0,16139.653428819445
75.16,1.5581805,0.9286976,20.042625210662063,1.0,16159.497938368055
75.18,1.665373,0.9906455,19.99438442047262,1.0,16179.342447916666
75.2,1.6336606,0.98298067,20.109096156496324,1.0,16199.186957465277
75.22,1.6174668,1.096774,20.096455420287548,1.0,16219.031467013889
75.24,1.5550531,0.9456177,20.114197964332902,1.0,16238.8759765625
75.26,1.5364002,0.9910405,20.157371103257557,1.0,16240.395833333334
75.28,1.6025822,1.0386015,20.14167545514541,1.0,16241.915690104166
75.3,1.5989798,0.94192094,20.139568045999127,0.75,16243.435546875
75.32,1.5593815,1.0673833,20.05121208366574,0.5,16244.955403645834
75.34,1.5502539,1.0635419,20.07990232495663,0.25,16246.475260416666
75.36,1.5941249,1.0810201,20.0894587174165,0.0,16247.9951171875
75.38,1.678118,1.1751088,20.125127015893295,0.25,16249.514973958334
75.4,1.7003511,1.0438737,20.07649976153559,0.5,16251.034830729166
75.42,1.70143,0.9366158,20.084430804645752,0.75,16252.5546875
75.44,1.6349207,0.9552359,20.166330502341467,1.0,16284.877387152777
75.46,1.6149415,0.98625964,20.112973119529535,0.75,16317.200086805555
75.48,1.7130107,0.8878577,20.213039937476097,0.5,16349.522786458334
75.5,1.7643958,0.9582926,20.128143600787467,0.25,16381.845486111111
75.52,1.8745805,0.9556642,20.146035283933813,0.0,16414.16818576389
75.54,1.8978273,0.9116029,20.142395752854405,0.0,16446.490885416668
75.56,1.9454508,1.172858,20.18845173566016,0.0,16478.813585069445
75.58,2.0070488,0.932061,20.125951449278084,0.0,16511.136284722223
75.6,1.7402277,0.93617666,20.20262023165067,0.0,16543.458984375
75.62,1.5977616,0.8440372,20.15326685340082,0.5,16514.712890625
75.64,1.6289549,0.9720211,20.231880220201756,1.0,16485.966796875
75.66,1.6410471,0.85691154,20.152757292917247,1.5,16457.220703125
75.68,1.5230105,1.2080694,20.122033212466825,2.0,16428.474609375
75.7,1.4736785,0.96715033,20.061821992552918,2.0,16399.728515625
75.72,1.515839,0.9283959,20.076947299723273,2.0,16370.982421875
75.74,1.4744658,1.0152885,20.193864171368652,2.0,16342.236328125
75.76,1.4018228,1.0649028,20.10938676545787,2.0,16313.490234375
75.78,1.5135398,0.9833404,20.152007375223924,1.75,16284.744140625
75.8,1.384649,1.0021768,20.05858738939406,1.5,16272.566297743055
75.82,1.3809121,0.9387114,20.10184559861006,1.25,16260.388454861111
75.84,1.4193166,0.97123384,20.181682094227224,1.0,16248.210611979166
75.86,1.39427,0.9928032,20.06641203426938,1.0,16236.032769097223
75.88,1.3319678,0.95723677,20.02240656370711,1.0,16223.854926215277
75.9,1.3324457,0.92065084,20.039476298280356,1.0,16211.677083333334
75.92,1.3471465,0.73090667,20.069858818142414,1.0,16199.499240451389
75.94,1.4663935,0.84880924,20.063329442504582,1.25,16187.321397569445
75.96,1.4071018,0.9952038,20.0890984641981,1.5,16175.1435546875
75.98,1.490329,0.9325064,20.132970761022513,1.75,16190.018880208334
76.0,1.4159356,0.83361065,20.068533512372383,2.0,16204.894205729166
76.02,1.5138614,0.84884435,20.18183576634891,2.0,16219.76953125
76.04,1.4370925,0.8132827,20.025592543637764,2.0,16234.644856770834
76.06,1.4598674,0.77095103,20.141409822580254,2.0,16249.520182291666
76.08,1.4365714,0.68913704,20.090816518843752,2.0,16264.3955078125
76.1,1.4273405,0.92359835,20.133309921112197,1.75,16279.270833333334
76.12,1.5343516,0.768274,20.086525045884514,1.5,16294.146158854166
76.14,1.4146392,0.91804445,20.160977890360652,1.25,16309.021484375
76.16,1.4970474,0.8347682,20.05333123202529,1.0,16323.895399305555
76.18,1.3987477,0.679223,20.14395703236531,1.0,16338.769314236111
76.2,1.3299704,0.7102325,20.113793868017233,1.0,16353.643229166666
76.22,1.4220052,0.6750742,20.18164507643112,1.0,16368.517144097223
76.24,1.3877823,0.84363693,20.095125392738076,1.0,16383.391059027777
76.26,1.4787263,0.77840674,20.18421411293786,1.25,16398.264973958332
76.28,1.4639657,0.7971033,20.1187601107336,1.5,16413.13888888889
76.3,1.5102458,0.9335562,20.19241216127414,1.75,16428.012803819445
76.32,1.4415412,0.9360111,20.151518335944196,2.0,16442.88671875
76.34,1.504657,0.8718157,20.146780001432468,1.75,16404.522352430555
76.36,1.5269392,0.8180593,20.204699100611073,1.5,16366.157986111111
76.38,1.4352415,0.84998816,20.13633952661205,1.25,16327.793619791666
76.4,1.4470634,0.75752866,20.125948649482762,1.0,16289.429253472223
76.42,1.4978228,0.8563874,20.105794908733778,1.25,16251.064887152777
76.44,1.6056634,0.85483164,20.081680788263448,1.5,16212.700520833334
76.46,1.4976977,0.75256586,20.074840927772367,1.75,16174.336154513889
76.48,1.3724803,0.67312896,20.10734636077695,2.0,16135.971788194445
76.5,1.3776542,0.81751025,20.028336673498437,1.75,16097.607421875
76.52,1.3753147,0.94694257,20.160146267445946,1.5,16095.623589409723
76.54,1.3403192,0.9698049,20.162804988484563,1.25,16093.639756944445
76.56,1.375342,0.9289564,20.1188365857902,1.0,16091.655924479166
76.58,1.5019169,0.82265127,20.211262375034245,1.0,16089.672092013889
76.6,1.5595975,0.83907694,20.22067347288928,1.0,16087.688259548611
76.62,1.4819134,0.87695545,20.21494280746644,1.0,16085.704427083334
76.64,1.3270391,0.7194959,20.235711142224933,1.0,16083.720594618055
76.66,1.3451993,0.8143911,20.08406621045927,1.25,16081.736762152777
76.68,1.4256606,0.9917079,20.138731453743137,1.5,16079.7529296875
76.7,1.3909626,0.8776213,20.203820129680345,1.75,16094.951931423611
76.72,1.4420867,0.8781034,20.152383844417216,2.0,16110.150933159723
76.74,1.4305376,0.9049772,20.061430921832923,1.75,16125.349934895834
76.76,1.3763762,0.9629133,20.130669004418515,1.5,16140.548936631945
76.78,1.5220021,0.81108105,20.160173666022043,1.25,16155.747938368055
76.8,1.6477646,0.851016,20.139073311133675,1.0,16170.946940104166
76.82,1.6537077,0.79939556,20.062310946833904,1.0,16186.145941840277
76.84,1.5681217,1.0378399,20.14966287262524,1.0,16201.344943576389
76.86,1.5126489,0.8283914,20.10718785144021,1.0,16216.5439453125
76.88,1.512748,0.71809447,20.0785371722557,1.0,16202.416666666666
76.9,1.4966471,0.9352126,20.099535862004487,1.0,16188.289388020834
76.92,1.5162588,0.7929648,20.076231451628445,1.0,16174.162109375
76.94,1.4991969,0.68549484,20.025107701920682,1.0,16160.034830729166
76.96,1.5603178,0.7174301,20.0270301608559,1.0,16145.907552083334
76.98,1.5543066,0.68473506,20.00410901292119,1.0,16131.7802734375
77.0,1.5691004,0.69095397,20.029930563732048,1.0,16117.652994791666
77.02,1.7058258,0.7293746,20.134770708305624,1.0,16103.525716145834
77.04,1.6223671,0.771098,20.071302201214575,1.0,16089.3984375
77.06,1.7082387,0.70248044,20.086281405035553,1.25,16106.153537326389
77.08,1.6021147,0.7462028,19.986161734482195,1.5,16122.908637152777
77.1,1.5014182,0.82607365,19.956350030688274,1.75,16139.663736979166
77.12,1.4898515,1.0242449,20.029941247802228,2.0,16156.418836805555
77.14,1.5618289,0.83688617,20.083470658227192,1.75,16173.173936631945
77.16,1.6573493,0.9396613,20.029022743173186,1.5,16189.929036458334
77.18,1.4906054,1.0269763,20.048185552412207,1.25,16206.684136284723
77.2,1.5253935,0.93226343,20.088273246211497,1.0,16223.439236111111
77.22,1.530344,1.0184537,20.07157875670144,1.25,16240.1943359375
77.24,1.6536851,0.90419525,20.015242677910372,1.5,16220.327039930555
77.26,1.6424613,0.99513185,20.029651603157763,1.75,16200.459743923611
77.28,1.4697348,0.88622266,19.914132607075633,2.0,16180.592447916666
77.3,1.5629553,0.727621,20.007944536111587,1.75,16160.725151909723
77.32,1.4919612,0.7824266,20.016197639184323,1.5,16140.857855902777
77.34,1.4519717,0.7471501,20.03166473973762,1.25,16120.990559895834
77.36,1.4117777,0.8263767,20.101575894789757,1.0,16101.123263888889
77.38,1.5215838,0.731757,20.123093257320708,1.25,16081.255967881945
77.4,1.4413075,0.79753685,20.061545674455196,1.5,16061.388671875
77.42,1.4710591,0.8403853,20.059398908207363,1.75,16065.892469618055
77.44,1.5860476,0.81219244,20.107172875561638,2.0,16070.396267361111
77.46,1.6848209,0.8489379,20.06189409532666,1.75,16074.900065104166
77.48,1.6733807,0.8925936,20.063583688798396,1.5,16079.403862847223
77.5,1.6351955,1.0741299,20.058680841179736,1.25,16083.907660590277
77.52,1.6673505,0.99514186,20.136699528776816,1.0,16088.411458333334
77.54,1.7207967,0.89121926,20.1476050166761,1.0,16092.915256076389
77.56,1.7175732,0.8668952,20.14290492732252,1.0,16097.419053819445
77.58,1.3759409,0.9084897,20.031910598931184,1.0,16101.9228515625
77.6,1.4815091,0.9651926,20.113864253574057,1.0,16087.942057291666
77.62,1.4179705,0.9137602,20.124837720937396,1.0,16073.961263020834
77.64,1.5066464,1.1636624,20.188213377219945,1.0,16059.98046875
77.66,1.476344,1.007876,20.06022725047427,1.0,16045.999674479166
77.68,1.4624813,0.95425785,20.098371278756417,1.0,16032.018880208334
77.7,1.4905803,0.98803484,20.109950184272193,1.25,16018.0380859375
77.72,1.5418496,0.95918584,20.142661053075198,1.5,16004.057291666666
77.74,1.540246,0.9101873,20.090737709430332,1.75,15990.076497395834
77.76,1.3964167,0.9591237,20.08279513109706,2.0,15976.095703125
77.78,1.4831762,0.86568654,20.070774390640377,1.75,15939.093424479166
77.8,1.5347176,0.8568513,20.026726104656344,1.5,15902.091145833334
77.82,1.5206482,1.0193897,20.021648051310947,1.25,15865.0888671875
77.84,1.5755067,1.0488012,20.015493546372696,1.0,15828.086588541666
77.86,1.4852954,1.0122606,20.069645346237422,0.75,15791.084309895834
77.88,1.5120548,1.1706944,19.950965429408683,0.5,15754.08203125
77.9,1.7147367,1.2015357,20.00698394908019,0.25,15717.079752604166
77.92,1.7247958,0.9775243,19.982303105947523,0.0,15680.077473958334
77.94,1.5897734,1.1336838,19.909941198396258,0.5,15643.0751953125
77.96,1.5110142,0.98550195,19.99723061804146,1.0,15683.256184895834
77.98,1.5882182,0.9328259,19.965492163993503,1.5,15723.437174479166
78.0,1.5376426,1.0085068,19.924481661325256,2.0,15763.6181640625
78.02,1.594031,1.1213472,19.99452240498593,1.75,15803.799153645834
78.04,1.5793285,0.8782595,19.88898566959378,1.5,15843.980143229166
78.06,1.6063395,0.9116051,20.018828181926697,1.25,15884.1611328125
78.08,1.5323735,0.9653902,20.005632769742473,1.0,15924.342122395834
78.1,1.4432026,0.8720321,20.01174866268505,1.0,15964.523111979166
78.12,1.5204268,0.9111713,20.049588686377902,1.0,16004.7041015625
78.14,1.5117575,0.9918502,19.98664401795873,1.0,16000.777235243055
78.16,1.5863545,0.84745055,19.980542755216483,1.0,15996.850368923611
78.18,1.5974569,0.8632779,19.956369725915067,1.25,15992.923502604166
78.2,1.6099253,0.89856577,19.93985875235744,1.5,15988.996636284723
78.22,1.5477884,0.8740916,19.946671936282687,1.75,15985.069769965277
78.24,1.5634344,0.86022997,19.98121102667395,2.0,15981.142903645834
78.26,1.5179865,0.8183361,20.03699510885888,1.75,15977.216037326389
78.28,1.5537283,0.8805572,19.964193855077962,1.5,15973.289171006945
78.3,1.433623,0.9284836,20.027310558417092,1.25,15969.3623046875
78.32,1.5322268,0.8802683,20.041969997206145,1.0,15990.422309027777
78.34,1.4881415,0.880318,19.9880353047328,1.0,16011.482313368055
78.36,1.6568747,1.021403,20.01921804237625,1.0,16032.542317708334
78.38,1.5780714,0.8030012,20.000938210621698,1.0,16053.602322048611
78.4,1.6481736,0.85113275,19.943395678248933,1.0,16074.662326388889
78.42,1.6418456,0.80969095,19.984122810004866,1.0,16095.722330729166
78.44,1.6534815,0.8413541,20.031759548715634,1.0,16116.782335069445
78.46,1.6200345,0.8022115,20.097983761896366,1.0,16137.842339409723
78.48,1.6186239,0.92229813,20.054149777727872,1.0,16158.90234375
78.5,1.5553663,0.80288243,20.0347091832909,1.0,16155.292100694445
78.52,1.5561123,0.8024765,20.067381623322056,1.0,16151.681857638889
78.54,1.4852451,1.0024066,19.990302265051827,1.0,16148.071614583334
78.56,1.5513406,0.754596,20.00049549235197,1.0,16144.461371527777
78.58,1.5854101,0.84072804,20.045776653416823,1.25,16140.851128472223
78.6,1.5900326,0.8722303,20.020854618770755,1.5,16137.240885416666
78.62,1.5747935,0.8469275,20.037048102865388,1.75,16133.630642361111
78.64,1.55163,0.98476774,20.103329924334005,2.0,16130.020399305555
78.66,1.482646,0.85042274,20.05709047028408,1.75,16126.41015625
78.68,1.551075,0.96972704,20.007740406112575,1.5,16114.557400173611
78.7,1.5070689,1.0804559,20.061057830862104,1.25,16102.704644097223
78.72,1.4900024,0.88811725,20.06297822718139,1.0,16090.851888020834
78.74,1.4884686,1.0448172,20.026063087439518,1.0,16078.999131944445
78.76,1.424741,0.96236223,20.003047195310874,1.0,16067.146375868055
78.78,1.5268655,0.8221512,20.032706536185504,1.0,16055.293619791666
78.8,1.5599096,0.9222141,20.049787107774417,1.0,16043.440863715277
78.82,1.5377643,0.72309875,20.057944422083178,1.25,16031.588107638889
78.84,1.5492874,0.73591024,20.033804606823757,1.5,16019.7353515625
78.86,1.4848163,0.83889693,20.033143699147487,1.75,16032.715928819445
78.88,1.6138746,0.8554078,20.068223221697647,2.0,16045.696506076389
78.9,1.7227757,0.6676134,20.099835503119973,2.0,16058.677083333334
78.92,1.6534588,0.664233,20.089986845527324,2.0,16071.657660590277
78.94,1.6717241,0.74339116,20.0850193395385,2.0,16084.638237847223
78.96,1.5921035,0.6311401,20.060792074467972,2.0,16097.618815104166
78.98,1.7584221,0.6718615,20.15218074698233,1.75,16110.599392361111
79.0,1.6390152,0.6124054,20.07022846786358,1.5,16123.579969618055
79.02,1.6102742,0.7081032,20.146710513344942,1.25,16136.560546875
79.04,1.66955,0.639114,20.1725780788018,1.0,16107.347547743055
79.06,1.7148895,0.80181515,20.140883931878054,1.0,16078.134548611111
79.08,1.6126676,0.78433883,20.15655381399725,1.0,16048.921549479166
79.1,1.6041702,0.6145009,20.064963479699234,1.0,16019.708550347223
79.12,1.6145473,0.75525916,20.122102564546942,1.0,15990.495551215277
79.14,1.7164391,0.72560024,20.139304913966235,1.0,15961.282552083334
79.16,1.615382,0.6378319,20.137909193909774,1.0,15932.069552951389
79.18,1.6891713,0.75282985,20.14767084098104,1.0,15902.856553819445
79.2,1.6084129,0.7046605,20.09613649417924,1.0,15873.6435546875
79.22,1.7040468,0.8662853,20.06484266749475,1.25,15902.989366319445
79.24,1.4267372,0.87476647,20.037140547570175,1.5,15932.335177951389
79.26,1.5547401,0.7673451,20.09511515903654,1.75,15961.680989583334
79.28,1.3323615,0.80525213,20.055008260588632,2.0,15991.026801215277
79.3,1.4828732,0.81566846,20.115819432376988,2.0,16020.372612847223
79.32,1.4242153,0.71458036,20.0719200025259,2.0,16049.718424479166
79.34,1.2991211,0.6869367,20.06855731576691,2.0,16079.064236111111
79.36,1.3322209,0.76980084,20.115403045944884,2.0,16108.410047743055
79.38,1.4730177,0.7971257,20.173151680571124,2.0,16137.755859375
79.4,1.4476843,0.7693723,20.14269592092671,2.0,16112.086371527777
79.42,1.5791625,0.7726347,20.167817537600428,2.0,16086.416883680555
79.44,1.5940075,0.8759263,20.04124872632694,2.0,16060.747395833334
79.46,1.4216101,0.7437599,20.118618314836652,2.25,16035.077907986111
79.48,1.508559,0.88224775,20.07108074822325,2.5,16009.408420138889
79.5,1.4997964,0.71653783,20.051255815141552,2.75,15983.738932291666
79.52,1.4717461,0.87114763,20.042426486080785,3.0,15958.069444444445
79.54,1.3919582,0.81210434,20.040477001677264,2.75,15932.399956597223
79.56,1.464298,0.85422707,20.00053488198297,2.5,15906.73046875
79.58,1.4658315,0.80422014,20.01920445528728,2.25,15899.322048611111
79.6,1.5075659,0.62891686,20.122786879736584,2.0,15891.913628472223
79.62,1.4402678,0.66227686,20.110416076329795,2.0,15884.505208333334
79.64,1.5716279,0.86266553,20.156688000762287,2.0,15877.096788194445
79.66,1.6338668,0.7712835,20.074541245824335,2.0,15869.688368055555
79.68,1.5626438,0.91109276,20.023668984201915,2.0,15862.279947916666
79.7,1.5562086,1.1309975,20.069439266590333,1.75,15854.871527777777
79.72,1.476344,1.1233158,20.033094894811484,1.5,15847.463107638889
79.74,1.5608455,0.9889654,20.061480867855828,1.25,15840.0546875
79.76,1.5317625,0.8917117,20.10894691200232,1.0,15840.752495659723
79.78,1.4583533,1.0021054,20.026865656739297,1.25,15841.450303819445
79.8,1.367588,0.8919746,20.06341003546444,1.5,15842.148111979166
79.82,1.4218735,0.9913292,20.00756440876406,1.75,15842.845920138889
79.84,1.5555347,0.8432977,20.091287481050742,2.0,15843.543728298611
79.86,1.4097605,0.9532892,20.072657716358083,2.0,15844.241536458334
79.88,1.4940931,1.0615729,20.053471597193386,2.0,15844.939344618055
79.9,1.4652438,1.1418737,20.099506131806997,2.0,15845.637152777777
79.92,1.3660538,1.1455443,20.02000657894998,2.0,15846.3349609375
79.94,1.6208202,1.1923997,20.059164441779313,1.75,15853.138997395834
79.96,1.4500362,1.1184127,20.054864669581942,1.5,15859.943033854166
79.98,1.5502298,1.136168,20.16763421331161,1.25,15866.7470703125
80.0,1.4862783,1.1044478,20.073034215435367,1.0,15873.551106770834
80.02,1.518529,1.153736,20.126965278136318,1.0,15880.355143229166
80.04,1.4177328,1.0000492,20.102675267023024,1.0,15887.1591796875
80.06,1.4878143,1.0024047,20.09307643801895,1.0,15893.963216145834
80.08,1.6058033,1.1989815,20.205347686750272,1.0,15900.767252604166
80.1,1.5583246,1.3442094,20.15047794524846,1.0,15907.5712890625
80.12,1.5426023,1.2590951,20.13044523412713,1.0,15953.920681423611
80.14,1.6842208,1.0965638,20.16528776314617,1.0,16000.270073784723
80.16,1.6010159,1.2151207,20.089746155535067,1.0,16046.619466145834
80.18,1.8432982,1.18067,20.13968222679608,1.0,16092.968858506945
80.2,1.7239273,1.1268017,20.236379265310184,1.0,16139.318250868055
80.22,1.6932232,0.9712256,20.19354238522601,1.0,16185.667643229166
80.24,1.6980594,0.97375286,20.221098603601,1.0,16232.017035590277
80.26,1.6476511,0.9824994,20.25946427511449,1.25,16278.366427951389
80.28,1.7188371,1.0231541,20.24357718918486,1.5,16324.7158203125
80.3,1.6791217,0.8753341,20.22356728322288,1.75,16289.724066840277
80.32,1.9421567,1.0645185,20.231279797946748,2.0,16254.732313368055
80.34,1.8279173,1.048481,20.195532030683324,2.0,16219.740559895834
80.36,1.7046402,1.1260945,20.137734746432866,2.0,16184.748806423611
80.38,1.8329701,1.0861084,20.233256253488776,2.0,16149.757052951389
80.4,1.8747005,1.1107781,20.157125837087115,2.0,16114.765299479166
80.42,1.8449225,1.0658036,20.15806983544853,1.75,16079.773546006945
80.44,1.6729556,0.953758,20.145849223892263,1.5,16044.781792534723
80.46,1.6940634,1.0394256,20.07908907370657,1.25,16009.7900390625
80.48,1.839007,0.9952936,20.161032580395833,1.0,15997.897026909723
80.5,1.6697294,0.9592769,20.125458591235116,1.0,15986.004014756945
80.52,1.7600186,1.0152317,20.077207801735106,1.0,15974.111002604166
80.54,1.6648784,0.9689892,20.11824955487647,1.0,15962.217990451389
80.56,1.6495817,0.99293125,20.11081853806386,1.0,15950.324978298611
80.58,1.8648071,1.0183777,20.115609382212103,1.0,15938.431966145834
80.6,1.8639637,1.0843179,20.103205901277835,1.0,15926.538953993055
80.62,1.6241205,1.1694922,20.008745525344004,1.0,15914.645941840277
80.64,1.5740561,0.9985063,20.02645048720182,1.0,15902.7529296875
80.66,1.70242,1.1071124,20.012692392105205,1.0,15912.560221354166
80.68,1.6377352,1.1489577,20.147650457280424,1.0,15922.367513020834
80.7,1.6596973,1.0547911,20.066009468184873,1.0,15932.1748046875
80.72,1.6431451,1.1511154,20.09182836946115,1.0,15941.982096354166
80.74,1.6083896,1.0151143,20.148240223378284,1.0,15951.789388020834
80.76,1.5949703,0.9316239,20.08374536382255,1.0,15961.5966796875
80.78,1.6933117,0.9213389,20.048623204022114,1.0,15971.403971354166
80.8,1.7259679,0.89809906,20.14363741624846,1.0,15981.211263020834
80.82,1.7385269,1.093483,20.102739798301617,1.25,15991.0185546875
80.84,1.7314047,1.0346628,20.067895655163458,1.5,15978.816948784723
80.86,1.5923858,0.95451593,20.09287513977118,1.75,15966.615342881945
80.88,1.6215361,1.0581574,20.00564393111673,2.0,15954.413736979166
80.9,1.6788541,0.9029243,20.08020811884988,1.75,15942.212131076389
80.92,1.6453768,0.9229398,20.14174741087691,1.5,15930.010525173611
80.94,1.7678517,1.1400731,20.005931770963798,1.25,15917.808919270834
80.96,1.748535,1.1838647,20.091043032746416,1.0,15905.607313368055
80.98,1.5969176,1.1112306,20.08805989133734,1.0,15893.405707465277
81.0,1.7141688,1.3291763,20.130209894290616,1.0,15881.2041015625
81.02,1.5839922,1.006809,20.04935641629075,1.0,15915.248480902777
81.04,1.5609175,0.89855254,20.09585925734426,1.0,15949.292860243055
81.06,1.5293405,0.80830824,20.168094956391677,1.0,15983.337239583334
81.08,1.5980662,0.8200267,20.098181302753208,1.0,16017.381618923611
81.1,1.595299,0.7825992,20.137096922213278,1.0,16051.425998263889
81.12,1.5220759,0.9776097,20.109684200061736,1.0,16085.470377604166
81.14,1.7144965,0.77771723,20.149873209621653,1.0,16119.514756944445
81.16,1.6265393,0.86773366,20.124753654078177,1.0,16153.559136284723
81.18,1.7285043,0.6864159,20.13076302624388,1.0,16187.603515625
81.2,1.6439425,1.047131,20.077586051300504,1.0,16182.878363715277
81.22,1.6658002,0.72266173,20.07611449792016,1.0,16178.153211805555
81.24,1.561661,0.67580664,20.12179126077331,1.0,16173.428059895834
81.26,1.6382383,0.7966894,20.13132125671815,1.0,16168.702907986111
81.28,1.624351,0.79135215,20.105178494533213,1.0,16163.977756076389
81.3,1.6236824,0.65308416,20.163887233516277,1.0,16159.252604166666
81.32,1.7055404,1.0276415,20.071939357635106,1.0,16154.527452256945
81.34,1.7381823,0.9303434,20.075737536635557,1.0,16149.802300347223
81.36,1.7060453,0.90291774,20.106193059942097,1.0,16145.0771484375
81.38,1.7212753,0.92263407,20.03234566157228,1.25,16147.740668402777
81.4,1.6334312,0.9826653,20.05408469829408,1.5,16150.404188368055
81.42,1.7660928,0.921893,20.121287945051304,1.75,16153.067708333334
81.44,1.7618685,0.94578576,20.08778357226623,2.0,16155.731228298611
81.46,1.6255032,0.9411592,20.060345357169922,2.0,16158.394748263889
81.48,1.5833539,0.926382,20.020136060865447,2.0,16161.058268229166
81.5,1.5966597,1.0747643,20.028608435487037,2.0,16163.721788194445
81.52,1.6775599,1.0913386,20.063238842571227,2.0,16166.385308159723
81.54,1.4930401,0.79218775,20.07979067512416,2.0,16169.048828125
81.56,1.5733662,1.0258555,20.06712126454543,2.0,16184.965277777777
81.58,1.5841815,0.9580003,20.071319623258862,2.0,16200.881727430555
81.6,1.7430441,0.97560376,20.09782789780929,2.0,16216.798177083334
81.62,1.6923163,0.7206272,20.054963550780272,1.75,16232.714626736111
81.64,1.630655,0.91646546,20.04502030985734,1.5,16248.631076388889
81.66,1.5887132,0.7743429,20.080355685699615,1.25,16264.547526041666
81.68,1.815399,0.75905097,20.11074382223949,1.0,16280.463975694445
81.7,1.6561741,0.73228353,20.0989164195567,1.0,16296.380425347223
81.72,1.505055,0.80824435,20.17924134383902,1.0,16312.296875
81.74,1.5234774,0.7105345,20.10651764637,1.0,16291.211805555555
81.76,1.4228212,0.8317925,20.098480110262322,1.0,16270.126736111111
81.78,1.4599187,0.77264756,20.022337726636053,1.0,16249.041666666666
81.8,1.5666642,0.8467234,20.07656258770053,1.0,16227.956597222223
81.82,1.6160077,0.6701264,20.112121502967476,1.0,16206.871527777777
81.84,1.5369606,0.89967066,20.192375979565895,1.0,16185.786458333334
81.86,1.4672614,0.7825459,20.10523925498811,1.25,16164.701388888889
81.88,1.5208945,0.85602313,20.170705283893994,1.5,16143.616319444445
81.9,1.5336925,0.7532757,20.11804974137292,1.75,16122.53125
81.92,1.532911,0.94052994,20.204188570340143,2.0,16124.216471354166
81.94,1.6672158,1.0033041,20.178029409535164,2.25,16125.901692708334
81.96,1.6964269,0.6397975,20.229874206961,2.5,16127.5869140625
81.98,1.7243834,0.83816475,20.17851884273682,2.75,16129.272135416666
82.0,1.6839316,0.46363586,20.15991808710407,3.0,16130.957356770834
82.02,1.7942162,0.37819475,20.189235777578943,2.5,16132.642578125
82.04,1.7984269,0.39593962,20.169498595784873,2.0,16134.327799479166
82.06,1.7245572,0.4645905,20.117177210327593,1.5,16136.013020833334
82.08,1.7137319,0.47910485,20.149929512166356,1.0,16137.6982421875
82.1,1.6506481,0.5146023,20.100149180163566,1.25,16122.255859375
82.12,1.5807741,0.45228657,20.098976375455745,1.5,16106.8134765625
82.14,1.6181381,0.64215636,20.117145976265803,1.75,16091.37109375
82.16,1.6038201,0.6223176,20.066289844243023,2.0,16075.9287109375
82.18,1.7571653,0.7250524,20.162341046103165,1.75,16060.486328125
82.2,1.7287209,0.6840296,20.138418939030792,1.5,16045.0439453125
82.22,1.7895979,0.5599112,20.07359346561952,1.25,16029.6015625
82.24,1.7784948,0.66829747,20.131291237246888,1.0,16014.1591796875
82.26,1.7697146,0.51966983,20.123010158486192,1.0,15998.716796875
82.28,1.8277943,0.471379,20.085479694918735,1.0,16011.727322048611
82.3,1.7654567,0.53863865,20.081262039967843,1.0,16024.737847222223
82.32,1.7255555,0.5227157,20.09544799753837,1.0,16037.748372395834
82.34,1.7194688,0.5077069,20.086582460067987,1.0,16050.758897569445
82.36,1.7097944,0.5995297,20.10573527377119,1.0,16063.769422743055
82.38,1.8513049,0.7491524,20.11564467096396,1.0,16076.779947916666
82.4,1.7971355,0.55954915,20.128176196379314,1.0,16089.790473090277
82.42,1.711458,0.7087735,20.09542201504776,1.0,16102.800998263889
82.44,1.7976356,0.6313416,20.231109351547012,1.0,16115.8115234375
82.46,1.5803478,0.51212144,20.136935050350203,1.0,16081.614800347223
82.48,1.5515578,0.5775633,20.123043065798974,1.0,16047.418077256945
82.5,1.6989852,0.6979263,20.102946264422307,1.25,16013.221354166666
82.52,1.749006,0.48339844,20.060538455246043,1.5,15979.024631076389
82.54,1.6740296,0.58297324,20.201356907776926,1.75,15944.827907986111
82.56,1.7862679,0.46813923,20.182379438982142,2.0,15910.631184895834
82.58,1.667036,0.7373262,20.050932943373923,1.75,15876.434461805555
82.6,1.6161699,0.51821494,20.068802274155434,1.5,15842.237738715277
82.62,1.5482479,0.4995446,20.066463366202925,1.25,15808.041015625
82.64,1.5842288,0.6695242,20.044105160414677,1.0,15848.539279513889
82.66,1.6557444,0.7314093,20.104216480772298,1.0,15889.037543402777
82.68,1.5517508,0.6416333,20.082410908261124,1.0,15929.535807291666
82.7,1.5781664,0.4987644,20.105068176983806,1.0,15970.034071180555
82.72,1.5910213,0.5885697,20.098386987938405,1.0,16010.532335069445
82.74,1.5978085,0.46035022,20.13991333383189,1.0,16051.030598958334
82.76,1.5671661,0.46041065,20.110027103381086,1.0,16091.528862847223
82.78,1.5709367,0.80251867,20.127975811691527,1.0,16132.027126736111
82.8,1.570293,0.7163327,20.229761280621265,1.0,16172.525390625
82.82,1.5840397,0.9095694,20.135482521828905,1.0,16136.576280381945
82.84,1.4718734,0.980236,20.119380435893326,1.0,16100.627170138889
82.86,1.4235315,0.9414357,20.070992604237578,1.0,16064.678059895834
82.88,1.4240838,0.85865563,20.064744052456685,1.0,16028.728949652777
82.9,1.5257125,0.9741894,20.07846537372828,1.25,15992.779839409723
82.92,1.4623533,0.959867,20.089805043648084,1.5,15956.830729166666
82.94,1.4009945,0.9915296,20.09193065404734,1.75,15920.881618923611
82.96,1.503163,1.0081028,20.04883633810449,2.0,15884.932508680555
82.98,1.4807,0.9159168,20.096072378127168,1.75,15848.9833984375
83.0,1.455449,0.84254813,20.092015780210946,1.5,15831.823350694445
83.02,1.4745166,0.91080916,20.082338009802342,1.25,15814.663302951389
83.04,1.5300748,0.8714601,19.99675061795862,1.0,15797.503255208334
83.06,1.3503392,0.92470336,20.08342013232834,1.0,15780.343207465277
83.08,1.3762674,0.8367104,20.148031742188017,1.0,15763.183159722223
83.1,1.3904511,0.9770202,20.050165826776155,1.0,15746.023111979166
83.12,1.5169749,0.85919,20.05856140648648,1.0,15728.863064236111
83.14,1.4576342,0.8376526,20.029248774268392,1.25,15711.703016493055
83.16,1.4849676,0.9463612,20.05003840743525,1.5,15694.54296875
83.18,1.3618535,0.88563275,20.082238546702445,1.75,15701.646809895834
83.2,1.4856483,0.806231,20.064086598921442,2.0,15708.750651041666
83.22,1.4210569,1.0013674,20.021953192537687,1.75,15715.8544921875
83.24,1.4480982,0.9091455,20.058503536856016,1.5,15722.958333333334
83.26,1.436076,0.95657855,20.08695759111154,1.25,15730.062174479166
83.28,1.4371706,0.92518663,20.116426704594392,1.0,15737.166015625
83.3,1.3696127,0.9273231,19.995248601412495,1.0,15744.269856770834
83.32,1.4397217,0.95389336,19.996994949567686,1.0,15751.373697916666
83.34,1.4025439,0.8810759,20.01404496084828,1.0,15758.4775390625
83.36,1.4262909,0.96986437,20.025315104465182,1.0,15791.550455729166
83.38,1.3950753,0.9365628,20.104609174919098,1.0,15824.623372395834
83.4,1.3961217,0.96194917,20.02637140565038,1.0,15857.6962890625
83.42,1.388268,0.9037645,19.994819075747706,1.0,15890.769205729166
83.44,1.4004065,0.861474,19.9677836853548,1.0,15923.842122395834
83.46,1.3578331,0.95625246,20.023176520265494,1.0,15956.9150390625
83.48,1.4438772,1.0223149,20.034481257434884,1.0,15989.987955729166
83.5,1.3916355,0.9897667,20.036923329379086,1.0,16023.060872395834
83.52,1.4350848,0.84144384,20.09459593606818,1.0,16056.1337890625
83.54,1.4635819,0.87700754,20.054273227683986,0.75,16043.522894965277
83.56,1.4646049,0.8907353,20.030776308150628,0.5,16030.912000868055
83.58,1.54774,0.905144,20.166987793075922,0.25,16018.301106770834
83.6,1.4951203,0.88210815,20.07959334434604,0.0,16005.690212673611
83.62,1.3888342,1.0766315,20.007051389417278,0.0,15993.079318576389
83.64,1.4857996,0.9224769,20.076889285300652,0.0,15980.468424479166
83.66,1.4883177,0.9323636,20.069373964249152,0.0,15967.857530381945
83.68,1.4267634,0.88768536,20.043250922969133,0.0,15955.246636284723
83.7,1.4502686,0.88937813,20.123607244097617,0.0,15942.6357421875
83.72,1.3955046,0.8863683,20.08861325536977,0.0,15920.207248263889
83.74,1.4353979,0.8488303,20.05326413221227,0.0,15897.778754340277
83.76,1.4519202,0.9075488,20.050726176746643,0.0,15875.350260416666
83.78,1.3820505,0.8655351,20.065023639560945,0.0,15852.921766493055
83.8,1.4783716,0.87192506,20.034238207043042,0.0,15830.493272569445
83.82,1.4714408,1.0642703,19.988955467078274,0.0,15808.064778645834
83.84,1.3953705,0.95639163,20.03861288361444,0.0,15785.636284722223
83.86,1.3962827,0.93008506,19.978951978361028,0.0,15763.207790798611
83.88,1.4173102,0.89977217,20.004740191170086,0.0,15740.779296875
83.9,1.3940012,0.88806576,20.04402876119307,0.0,15746.678168402777
83.92,1.4347194,0.8990874,20.04523704671541,0.0,15752.577039930555
83.94,1.3530264,0.91447306,20.086153773155896,0.0,15758.475911458334
83.96,1.3744433,0.94040954,20.125346283245754,0.0,15764.374782986111
83.98,1.2601438,0.984457,20.055904456197062,0.0,15770.273654513889
84.0,1.3955314,0.78328186,19.996425056842607,0.0,15776.172526041666
84.02,1.3624858,1.0155897,19.934743840824652,0.0,15782.071397569445
84.04,1.4202924,1.1031699,20.04509648205113,0.0,15787.970269097223
84.06,1.3852167,0.9760537,20.043349399823672,0.0,15793.869140625
84.08,1.3088558,0.840936,20.007146400733692,0.0,15822.465494791666
84.1,1.2692926,0.96019614,20.05376010801053,0.0,15851.061848958334
84.12,1.2978234,0.91172934,20.093681134842445,0.0,15879.658203125
84.14,1.3098567,0.9480833,20.03675529280556,0.0,15908.254557291666
84.16,1.1685631,0.930732,20.088896819602702,0.0,15936.850911458334
84.18,1.2750615,0.92660296,20.151000438128,0.0,15965.447265625
84.2,1.2345673,1.0000412,20.071432533673214,0.0,15994.043619791666
84.22,1.2682006,0.8835125,20.055985787571515,0.0,16022.639973958334
84.24,1.2199526,0.96701056,20.080190689185855,0.0,16051.236328125
84.26,1.2655108,1.1836952,20.067449032120063,0.25,16035.978298611111
84.28,1.280746,0.96560836,20.009410985159995,0.5,16020.720269097223
84.3,1.3034661,0.8489824,20.062628338019138,0.75,16005.462239583334
84.32,1.3114852,0.91835827,20.046937740252595,1.0,15990.204210069445
84.34,1.2556489,0.9668071,20.077231425669755,0.75,15974.946180555555
84.36,1.378904,0.9562212,20.04556684175912,0.5,15959.688151041666
84.38,1.3656427,0.84787005,20.010355466106382,0.25,15944.430121527777
84.4,1.3844596,1.1458772,20.057093821678404,0.0,15929.172092013889
84.42,1.3392851,1.0593433,20.114850740082908,0.75,15913.9140625
84.44,1.3858384,0.9171394,20.06964353273223,1.5,15907.013563368055
84.46,1.3596796,0.98139876,20.085580203845353,2.25,15900.113064236111
84.48,1.319512,1.0383356,20.0089349556511,3.0,15893.212565104166
84.5,1.4058238,0.9308025,19.98156997373885,2.25,15886.312065972223
84.52,1.3788496,0.9888831,19.95762196315798,1.5,15879.411566840277
84.54,1.3350568,0.8779721,19.96145496747723,0.75,15872.511067708334
84.56,1.3776542,1.0608802,19.953984595935175,0.0,15865.610568576389
84.58,1.3757776,0.9641175,19.995807562321836,0.0,15858.710069444445
84.6,1.3563985,0.97470933,20.000427719775526,0.0,15851.8095703125
84.62,1.3569504,0.9444446,20.08786548177958,0.0,15858.267795138889
84.64,1.3653958,0.9938633,20.08257376524152,0.0,15864.726019965277
84.66,1.3149923,0.9970746,20.0794450583588,0.0,15871.184244791666
84.68,1.3827004,0.91711557,20.074477484335365,0.0,15877.642469618055
84.7,1.5024405,1.0242682,20.002052644253368,0.0,15884.100694444445
84.72,1.4017427,0.9748459,20.029334505770606,0.0,15890.558919270834
84.74,1.4394617,1.0377461,20.00749289634918,0.0,15897.017144097223
84.76,1.3790668,1.1238976,20.04191257702435,0.0,15903.475368923611
84.78,1.3529986,1.0988353,20.047965951878737,0.0,15909.93359375
84.8,1.410265,1.1936204,20.09403522832185,0.0,15916.207465277777
84.82,1.3500065,0.8887546,20.179203258798744,0.0,15922.481336805555
84.84,1.3292663,1.0031159,20.083114053401523,0.0,15928.755208333334
84.86,1.4702697,0.99404514,20.06438054301574,0.0,15935.029079861111
84.88,1.3295199,1.0350392,20.056846867926556,0.0,15941.302951388889
84.9,1.4893489,1.0093929,20.1028395549534,0.0,15947.576822916666
84.92,1.6092043,1.0338906,20.137363099765974,0.0,15953.850694444445
84.94,1.4984975,1.0654997,20.095055507910264,0.0,15960.124565972223
84.96,1.513243,1.0112826,20.111248430750695,0.0,15966.3984375
84.98,1.5540898,0.99910307,20.11813315711906,0.0,15943.982096354166
85.0,1.606596,0.9984824,20.213109859468076,0.0,15921.565755208334
85.02,1.496397,0.8576045,20.104365008143755,0.0,15899.1494140625
85.04,1.4942684,0.910674,20.139151984091225,0.0,15876.733072916666
85.06,1.5853156,1.0832528,20.105958883053443,0.0,15854.316731770834
85.08,1.49166,0.92568046,20.11237774623148,0.0,15831.900390625
85.1,1.5501332,0.90034837,20.107586541861153,0.0,15809.484049479166
85.12,1.5479817,0.9893712,20.032458071049835,0.0,15787.067708333334
85.14,1.6109717,0.8258283,20.017175764728012,0.25,15764.6513671875
85.16,1.6064794,0.8894205,20.10443389487068,0.5,15769.567057291666
85.18,1.6070621,0.974275,20.07273606943519,0.75,15774.482747395834
85.2,1.582597,0.9915116,20.086551408635465,1.0,15779.3984375
85.22,1.5844178,0.91902864,20.021129654794674,0.75,15784.314127604166
85.24,1.6790771,0.9568672,20.093450111658978,0.5,15789.229817708334
85.26,1.6605319,0.8683928,20.046961050025466,0.25,15794.1455078125
85.28,1.6413211,0.9780893,20.14170619533664,0.0,15799.061197916666
85.3,1.5734613,0.9515786,20.121591812996126,0.0,15803.976888020834
85.32,1.6366602,1.1630903,20.08814211742039,0.0,15808.892578125
85.34,1.6169343,1.1491497,20.082072638905018,0.0,15805.316948784723
85.36,1.6080171,1.0612566,20.024492875377838,0.0,15801.741319444445
85.38,1.5297322,0.99011594,20.047701496000506,0.0,15798.165690104166
85.4,1.6141762,0.9728057,20.05497373670567,0.0,15794.590060763889
85.42,1.6653056,1.0815732,20.012343368232628,0.0,15791.014431423611
85.44,1.6335688,0.9747481,20.03539858109079,0.0,15787.438802083334
85.46,1.6054301,1.072901,20.148573375905826,0.0,15783.863172743055
85.48,1.713994,1.092776,20.03738120580657,0.0,15780.287543402777
85.5,1.6229211,1.0641619,20.028463093482433,0.0,15776.7119140625
85.52,1.5500848,1.0447241,20.031126973507632,0.0,15766.482747395834
85.54,1.7406363,1.0446728,20.000284884296896,0.5,15756.253580729166
85.56,1.6819738,1.0276822,20.052005030088683,1.0,15746.0244140625
85.58,1.7057599,1.0334063,20.006829383430834,1.5,15735.795247395834
85.6,1.5996354,0.9843359,20.02352557962347,2.0,15725.566080729166
85.62,1.666025,1.0699637,20.022746192961016,2.0,15715.3369140625
85.64,1.6339583,1.0607361,20.014842813659534,2.0,15705.107747395834
85.66,1.6368204,1.0927141,20.097979583930588,2.0,15694.878580729166
85.68,1.600548,0.85103697,20.00075404650229,2.0,15684.6494140625
85.7,1.6343021,0.9991945,20.027450870068368,2.25,15680.006401909723
85.72,1.588996,1.1080577,20.07087835763454,2.5,15675.363389756945
85.74,1.5990267,1.0374646,20.060333861490008,2.75,15670.720377604166
85.76,1.6344625,1.1432648,19.963353413396078,3.0,15666.077365451389
85.78,1.644489,1.0468444,20.073938599520652,2.75,15661.434353298611
85.8,1.6233826,1.172514,20.011442351528256,2.5,15656.791341145834
85.82,1.6147327,1.0338695,19.967348570857137,2.25,15652.148328993055
85.84,1.5975976,1.0295751,20.01229330305327,2.0,15647.505316840277
85.86,1.6358365,1.020243,19.97624433445122,2.5,15642.8623046875
85.88,1.7055404,1.1938602,20.0077494751487,3.0,15669.470160590277
85.9,1.5695775,1.1846834,20.00660885142487,3.5,15696.078016493055
85.92,1.5962845,1.0461723,20.03336210047388,4.0,15722.685872395834
85.94,1.5712227,1.349935,19.994673502432914,3.5,15749.293728298611
85.96,1.6178372,1.1551249,19.964209266123767,3.0,15775.901584201389
85.98,1.6297363,0.9330922,20.058012312727108,2.5,15802.509440104166
86.0,1.6976403,1.0849407,20.119269638538526,2.0,15829.117296006945
86.02,1.6499448,1.1398587,20.103789125422313,2.25,15855.725151909723
86.04,1.6773814,1.07552,20.01412699971845,2.5,15882.3330078125
86.06,1.6991395,1.314742,20.03367862840058,2.75,15865.952365451389
86.08,1.6298053,1.1498617,20.062432104672734,3.0,15849.571723090277
86.1,1.6431451,1.0582738,20.08733636786713,3.0,15833.191080729166
86.12,1.6428943,1.0145328,20.015416290792935,3.0,15816.810438368055
86.14,1.5298055,1.0567952,20.033106450097605,3.0,15800.429796006945
86.16,1.5643681,1.0332909,20.067071900973303,3.0,15784.049153645834
86.18,1.456632,1.0900489,20.02012071717905,2.75,15767.668511284723
86.2,1.5336925,1.1795589,20.039595518879175,2.5,15751.287868923611
86.22,1.4273667,1.051297,20.002919252980533,2.25,15734.9072265625
86.24,1.3872157,1.1245937,19.926687493720074,2.0,15769.836805555555
86.26,1.4577883,1.1057657,19.965016480605115,2.25,15804.766384548611
86.28,1.4104509,1.2371932,20.036247401047437,2.5,15839.695963541666
86.3,1.4183402,1.0683303,20.03641346859533,2.75,15874.625542534723
86.32,1.4374313,0.9489023,20.01846081809864,3.0,15909.555121527777
86.34,1.5024155,0.72795403,20.103222781841907,2.75,15944.484700520834
86.36,1.4739579,0.998572,20.028658701129018,2.5,15979.414279513889
86.38,1.4399819,0.95074725,20.102276483719834,2.25,16014.343858506945
86.4,1.4545482,0.97379375,20.033396944099053,2.0,16049.2734375
86.42,1.5312245,0.8104194,20.059506621036853,2.0,16053.791558159723
86.44,1.3901008,0.7383091,20.00599753780168,2.0,16058.309678819445
86.46,1.3933564,0.90970254,20.03674840533984,2.0,16062.827799479166
86.48,1.5567858,0.887354,20.08857835712387,2.0,16067.345920138889
86.5,1.4517138,0.8076124,20.042073605549113,2.0,16071.864040798611
86.52,1.4678738,0.88352597,20.071231276988467,2.0,16076.382161458334
86.54,1.428573,0.9238758,20.078575727491263,2.0,16080.900282118055
86.56,1.4038248,0.9879664,20.115286081800583,2.0,16085.418402777777
86.58,1.449623,0.79457176,20.05250135421747,2.0,16089.9365234375
86.6,1.4499329,0.8771752,20.045604275922177,2.0,16072.974175347223
86.62,1.5415584,0.890019,20.078439742467683,2.0,16056.011827256945
86.64,1.495521,0.7981917,20.07453138226986,2.0,16039.049479166666
86.66,1.505055,0.9082425,20.08773398011433,2.0,16022.087131076389
86.68,1.5330331,0.7928872,20.07899103189976,2.0,16005.124782986111
86.7,1.5575553,1.0587637,20.077643812666615,2.0,15988.162434895834
86.72,1.437874,0.93045235,19.98117496827113,2.0,15971.200086805555
86.74,1.4462092,0.8226175,19.924709879923668,2.0,15954.237738715277
86.76,1.5855991,1.0036288,19.965539617927433,2.0,15937.275390625
86.78,1.5334482,0.7729021,20.067597599714773,2.0,15918.623589409723
86.8,1.5296342,0.81049293,19.923315833886747,2.0,15899.971788194445
86.82,1.4184194,0.8715718,20.027884318941126,2.0,15881.319986979166
86.84,1.4437474,0.6813084,19.93866034408336,2.0,15862.668185763889
86.86,1.502565,0.8142105,19.9841639458769,2.0,15844.016384548611
86.88,1.4289923,0.77397335,20.01282993459415,2.0,15825.364583333334
86.9,1.53993,0.874771,20.028608740840077,2.0,15806.712782118055
86.92,1.3279982,0.68581647,19.9843347415567,2.0,15788.060980902777
86.94,1.3901008,0.6852658,19.92944912819572,2.0,15769.4091796875
86.96,1.4056641,1.1436627,19.945778414101138,2.0,15770.681749131945
86.98,1.3575299,0.77259356,20.008683148008963,2.25,15771.954318576389
87.0,1.3560671,1.2058504,19.963427697609912,2.5,15773.226888020834
87.02,1.3803697,0.8576068,20.112999379465943,2.75,15774.499457465277
87.04,1.3250059,0.9664125,20.041581370100467,3.0,15775.772026909723
87.06,1.3479245,0.9387411,20.03612365917504,2.75,15777.044596354166
87.08,1.3683819,0.7711392,19.997442118687772,2.5,15778.317165798611
87.1,1.4021968,0.73354954,20.01841454838903,2.25,15779.589735243055
87.12,1.3934639,0.93017685,19.994752659227938,2.0,15780.8623046875
87.14,1.3649021,0.70137376,19.95639249417124,2.0,15788.442057291666
87.16,1.3580538,0.63941544,19.93203729092655,2.0,15796.021809895834
87.18,1.4343019,0.9829685,19.890430352546836,2.0,15803.6015625
87.2,1.4549859,1.1249735,19.985548384954384,2.0,15811.181315104166
87.22,1.4251353,0.90298367,19.85220714864035,2.0,15818.761067708334
87.24,1.4834287,1.072764,19.860034010307093,2.0,15826.3408203125
87.26,1.4944689,1.1665819,19.826205861285832,2.0,15833.920572916666
87.28,1.5145786,1.2900763,19.878889996941425,2.0,15841.500325520834
87.3,1.4823681,1.1191906,19.93871147038567,2.0,15849.080078125
87.32,1.5124261,0.9508601,19.888654900847932,2.0,15849.719618055555
87.34,1.5160118,0.9531516,19.93223187819583,2.0,15850.359157986111
87.36,1.4909067,0.9962015,19.881523286526484,2.0,15850.998697916666
87.38,1.4730686,1.330682,19.9600279110596,2.0,15851.638237847223
87.4,1.5203035,1.0806949,19.939857419136615,2.0,15852.277777777777
87.42,1.4844632,1.1552968,19.887816123704923,2.0,15852.917317708334
87.44,1.5207714,1.1109211,19.975118053586435,2.0,15853.556857638889
87.46,1.5499883,1.110524,19.95613629193931,2.0,15854.196397569445
87.48,1.4942183,1.2283986,19.93833672220345,2.0,15854.8359375
87.5,1.4901782,1.1865519,19.93341096519527,2.0,15838.917100694445
87.52,1.493015,1.1079556,19.904703124097768,2.0,15822.998263888889
87.54,1.5055276,1.1827817,19.851601355816413,2.0,15807.079427083334
87.56,1.5446887,1.1393514,19.834624408321485,2.0,15791.160590277777
87.58,1.5823131,1.2273501,19.90928405394428,2.0,15775.241753472223
87.6,1.5685035,1.0767201,19.886860352800475,2.0,15759.322916666666
87.62,1.4644003,1.210698,19.905056178940757,2.0,15743.404079861111
87.64,1.5653731,1.1608367,19.907484612797866,2.0,15727.485243055555
87.66,1.5471108,1.1324091,19.86655109379263,2.0,15711.56640625
87.68,1.6001971,1.0712813,19.87256748076305,2.0,15702.297309027777
87.7,1.6207047,1.0724065,19.87184204506346,2.0,15693.028211805555
87.72,1.5545957,1.0443037,19.8231697855839,2.0,15683.759114583334
87.74,1.5421412,1.0803235,19.854821705180584,2.0,15674.490017361111
87.76,1.6020913,1.2406188,19.87160082553364,2.0,15665.220920138889
87.78,1.5631709,1.1065254,19.86138378779471,1.5,15655.951822916666
87.8,1.5261052,1.0272626,19.90710409262943,1.0,15646.682725694445
87.82,1.577929,0.9060062,19.85882051248629,0.5,15637.413628472223
87.84,1.5528363,0.7110768,19.903829588632714,0.0,15628.14453125
87.86,1.5735327,0.93416464,19.944542274272997,0.5,15647.146809895834
87.88,1.6356992,0.8968904,19.887964782320793,1.0,15666.149088541666
87.9,1.5576756,0.7609098,19.93534336931624,1.5,15685.1513671875
87.92,1.514282,0.766941,19.953086639085814,2.0,15704.153645833334
87.94,1.5887839,0.75773585,19.924503647681192,1.5,15723.155924479166
87.96,1.690501,0.7378811,19.916199743450782,1.0,15742.158203125
87.98,1.6249502,0.7082603,19.911983396445553,0.5,15761.160481770834
88.0,1.5724854,0.9301555,19.939028517923415,0.0,15780.162760416666
88.02,1.4813827,1.0230997,19.925364887107484,0.5,15799.1650390625
88.04,1.4739071,0.9137798,20.010655504338537,1.0,15775.937825520834
88.06,1.4651929,1.147956,19.935076002848856,1.5,15752.710611979166
88.08,1.6214437,1.0853399,19.96907303722355,2.0,15729.4833984375
88.1,1.5747935,0.98240846,19.877860093608643,1.75,15706.256184895834
88.12,1.6051502,0.943849,19.97350881574768,1.5,15683.028971354166
88.14,1.536132,1.0372099,19.90813873643849,1.25,15659.8017578125
88.16,1.6592009,0.8392639,19.978315752963685,1.0,15636.574544270834
88.18,1.5439612,1.0094204,19.978440628977815,1.0,15613.347330729166
88.2,1.5783323,0.9307469,19.98222148153513,1.0,15590.1201171875
88.22,1.4752276,1.0392364,19.978967106017286,1.0,15582.274848090277
88.24,1.5337412,1.0747069,19.92010793413763,1.0,15574.429578993055
88.26,1.4505267,1.1605062,19.960953457075895,1.5,15566.584309895834
88.28,1.5365219,1.0332351,19.846292492018158,2.0,15558.739040798611
88.3,1.5238461,0.9045248,19.90535246087597,2.5,15550.893771701389
88.32,1.5632906,1.0170404,19.913908857609293,3.0,15543.048502604166
88.34,1.5319335,0.97548974,19.96387020728395,2.25,15535.203233506945
88.36,1.4532863,0.87222576,19.922788945899995,1.5,15527.357964409723
88.38,1.4912332,1.0197697,19.949029669420312,0.75,15519.5126953125
88.4,1.5734376,0.9827199,19.83213314696482,0.0,15538.607530381945
88.42,1.5696014,0.9057036,19.811190536624935,0.5,15557.702365451389
88.44,1.5863073,0.80669415,19.930714056419877,1.0,15576.797200520834
88.46,1.4926637,0.86982155,19.97490000886097,1.5,15595.892035590277
88.48,1.4620972,1.0963119,19.923384232511452,2.0,15614.986870659723
88.5,1.5622603,0.908658,19.930398829107897,2.0,15634.081705729166
88.52,1.5212884,0.9774044,19.9607233467477,2.0,15653.176540798611
88.54,1.5314447,1.0842372,19.95593448015098,2.0,15672.271375868055
88.56,1.5391273,0.78230727,19.961860742874727,2.0,15691.3662109375
88.58,1.5898205,0.91972023,20.014092382716445,1.75,15697.608506944445
88.6,1.5814371,0.8359122,19.922881965364265,1.5,15703.850802951389
88.62,1.4772315,0.8737302,19.92551564726355,1.25,15710.093098958334
88.64,1.5788305,0.9997492,19.989012368579097,1.0,15716.335394965277
88.66,1.5225185,0.97084713,19.99272432971706,1.25,15722.577690972223
88.68,1.5688139,1.1626204,19.998258865868422,1.5,15728.819986979166
88.7,1.4804219,0.8971695,20.016975251677223,1.75,15735.062282986111
88.72,1.5193427,1.188969,19.92590126184287,2.0,15741.304578993055
88.74,1.5667121,1.0722935,20.026422813970683,1.75,15747.546875
88.76,1.5087824,1.0729548,19.94587908065907,1.5,15741.350043402777
88.78,1.5571947,0.94462335,19.96923111248889,1.25,15735.153211805555
88.8,1.5804423,0.935699,19.948570351646396,1.0,15728.956380208334
88.82,1.5396625,1.1297812,19.89573177356632,1.0,15722.759548611111
88.84,1.5037358,0.7823707,19.982057141890664,1.0,15716.562717013889
88.86,1.456272,0.76599747,20.00416301544222,1.0,15710.365885416666
88.88,1.4733989,0.8899855,19.93331586178484,1.0,15704.169053819445
88.9,1.4595082,1.1007485,19.923707280581752,0.75,15697.972222222223
88.92,1.4584047,0.8386838,19.949996504009835,0.5,15691.775390625
88.94,1.5037857,0.89809906,19.937580473497654,0.25,15706.708658854166
88.96,1.4572232,0.78576875,19.916886164812244,0.0,15721.641927083334
88.98,1.5014682,0.89829814,20.030367057042277,0.25,15736.5751953125
89.0,1.4053977,0.8331624,20.014660821786876,0.5,15751.508463541666
89.02,1.3682723,0.8675916,19.920796780407695,0.75,15766.441731770834
89.04,1.4278914,0.8424891,19.971695317415886,1.0,15781.375
89.06,1.4051845,0.73618287,20.059058697738674,1.0,15796.308268229166
89.08,1.5139852,0.8114215,19.967296344811885,1.0,15811.241536458334
89.1,1.4719497,0.9219879,19.959381341599904,1.0,15826.1748046875
89.12,1.470397,0.7897336,20.00368653260674,1.0,15853.534505208334
89.14,1.502565,0.75282454,19.971349109809523,0.75,15880.894205729166
89.16,1.4844129,0.86522967,19.948569145202736,0.5,15908.25390625
89.18,1.4483826,0.9150639,19.954275191572982,0.25,15935.613606770834
89.2,1.4594314,0.8856889,19.995436039009505,0.0,15962.973307291666
89.22,1.4245833,0.9130207,19.967979582206304,0.25,15990.3330078125
89.24,1.4207933,0.8627945,19.934133766259322,0.5,16017.692708333334
89.26,1.362211,0.9318073,19.978210656134056,0.75,16045.052408854166
89.28,1.3199092,0.96086836,19.991270014102057,1.0,16072.412109375
89.3,1.4559891,0.97145474,19.983117706649644,1.0,16061.446506076389
89.32,1.4189737,1.1428094,19.964333295285577,1.0,16050.480902777777
89.34,1.4418788,0.96638376,19.961502216012143,1.0,16039.515299479166
89.36,1.5192688,0.9194696,19.96932867035693,1.0,16028.549696180555
89.38,1.4281012,1.1469691,20.02460323355297,1.0,16017.584092881945
89.4,1.3329233,1.0691371,19.971674576548285,1.0,16006.618489583334
89.42,1.3855141,0.9789562,20.023912727378963,1.0,15995.652886284723
89.44,1.3270955,1.1394997,20.02963633598278,1.0,15984.687282986111
89.46,1.3953705,1.1717529,19.939282270468265,1.0,15973.7216796875
89.48,1.3234789,1.017556,19.954861869502118,1.0,15967.714084201389
89.5,1.3486743,1.0253228,19.931446199905132,1.0,15961.706488715277
89.52,1.3789583,1.094233,19.966227275424814,1.0,15955.698893229166
89.54,1.3837833,1.0844992,19.984398802796314,1.0,15949.691297743055
89.56,1.5129213,1.101104,19.980035132109656,1.0,15943.683702256945
89.58,1.4641957,0.88513464,19.995637564000006,1.0,15937.676106770834
89.6,1.4286517,0.7989481,20.02212413620144,1.0,15931.668511284723
89.62,1.495571,0.8019317,20.087676637912043,1.0,15925.660915798611
89.64,1.4181818,0.89575106,20.022318808687597,1.0,15919.6533203125
89.66,1.4211621,0.92601526,19.95708067936321,1.0,15938.469075520834
89.68,1.4436697,0.93811655,19.97297796242902,1.0,15957.284830729166
89.7,1.4755576,1.0596622,19.91640675574181,1.5,15976.1005859375
89.72,1.442554,0.80443746,19.94116918394135,2.0,15994.916341145834
89.74,1.4387852,0.91129553,19.983666594697645,2.5,16013.732096354166
89.76,1.3913665,0.957992,19.959725853954776,3.0,16032.5478515625
89.78,1.5056272,1.0321308,19.96661922578451,2.5,16051.363606770834
89.8,1.5877466,0.92217094,20.012740654486354,2.0,16070.179361979166
89.82,1.5415097,1.0329448,19.991485708492796,1.5,16088.9951171875
89.84,1.4607649,0.8284633,19.953301893330483,1.0,16071.123914930555
89.86,1.5583725,0.95298696,19.98648204858953,1.0,16053.252712673611
89.88,1.4993967,1.1454749,19.967461229883938,1.0,16035.381510416666
89.9,1.4921368,0.9632701,19.99160527955354,1.0,16017.510308159723
89.92,1.5570505,0.94515955,20.02717293355543,1.0,15999.639105902777
89.94,1.5610374,0.97238487,20.003682755238582,1.0,15981.767903645834
89.96,1.4815344,0.9263005,20.079153571389107,1.0,15963.896701388889
89.98,1.5570986,0.91780424,19.920980282909333,1.0,15946.025499131945
90.0,1.3923348,0.85901195,19.97546799950972,1.0,15928.154296875
90.02,1.3243276,1.0162665,20.0258626093462,1.0,15954.840711805555
90.04,1.4041449,1.034755,19.99560329089767,1.0,15981.527126736111
90.06,1.432787,0.90787053,20.03971100500598,1.0,16008.213541666666
90.08,1.4447068,0.86027616,19.92744790854194,1.0,16034.899956597223
90.1,1.477713,1.0246385,19.981365580064576,0.75,16061.586371527777
90.12,1.449468,0.927353,20.088237094912138,0.5,16088.272786458334
90.14,1.5901504,0.9108834,20.04116916320517,0.25,16114.959201388889
90.16,1.491158,0.8207387,19.996062841842864,0.0,16141.645616319445
90.18,1.4784982,0.90465003,20.058730586961953,0.0,16168.33203125
90.2,1.5597177,1.0352387,20.000731476382754,0.0,16175.846788194445
90.22,1.5091298,0.95770156,20.042088551341322,0.0,16183.361545138889
90.24,1.5353274,0.9626161,20.05403746632208,0.0,16190.876302083334
90.26,1.5004203,0.81078464,20.04173217187339,0.0,16198.391059027777
90.28,1.4295949,0.9660506,20.002247917548708,0.0,16205.905815972223
90.3,1.4144803,0.9941431,20.000776685631664,0.0,16213.420572916666
90.32,1.4661126,1.0074897,20.02454876452033,0.0,16220.935329861111
90.34,1.420266,1.1060082,20.090673895428715,0.0,16228.450086805555
90.36,1.4464424,0.97674555,20.053735118255748,0.0,16235.96484375
90.38,1.3887804,0.9849453,20.024318765296577,0.0,16225.773003472223
90.4,1.4491062,0.9550216,19.996127551610694,0.0,16215.581163194445
90.42,1.4021165,1.1552677,20.022803152098163,0.25,16205.389322916666
90.44,1.3912587,1.0228143,20.041208915014238,0.5,16195.197482638889
90.46,1.4893489,0.9023212,19.969161789684726,0.75,16185.005642361111
90.48,1.4728397,1.0388904,20.08901825901055,1.0,16174.813802083334
90.5,1.3990957,0.85861397,19.967100588386497,1.25,16164.621961805555
90.52,1.4098932,0.7955664,20.00070448421612,1.5,16154.430121527777
90.54,1.4092557,0.8984154,19.97378514112647,1.75,16144.23828125
90.56,1.3985871,0.81841874,19.990426132929755,2.0,16139.912434895834
90.58,1.4726871,0.9082228,20.012009787183068,2.0,16135.586588541666
90.6,1.3831067,0.91688806,20.013022629768823,2.0,16131.2607421875
90.62,1.4593799,0.88701594,19.960297329736665,2.0,16126.934895833334
90.64,1.3665198,0.94250506,19.92673210503032,2.0,16122.609049479166
90.66,1.3939744,1.1728935,19.98088101370271,1.75,16118.283203125
90.68,1.4294376,0.9027549,20.01157021211735,1.5,16113.957356770834
90.7,1.3959339,0.96271306,20.000035950455974,1.25,16109.631510416666
90.72,1.3562328,0.9388659,19.99234141905572,1.0,16105.3056640625
90.74,1.4450178,1.0280147,19.946329405506223,1.25,16079.1025390625
90.76,1.430459,0.9115026,19.99581434288427,1.5,16052.8994140625
90.78,1.4602778,0.85311687,20.009510351243772,1.75,16026.6962890625
90.8,1.4576855,1.0735028,20.034422810337233,2.0,16000.4931640625
90.82,1.5060499,0.9788101,20.0462416723926,2.0,15974.2900390625
90.84,1.5905035,0.9756262,20.06841020716777,2.0,15948.0869140625
90.86,1.4892231,0.834761,19.975664125517476,2.0,15921.8837890625
90.88,1.4340408,1.0227695,20.03639796462823,2.0,15895.6806640625
90.9,1.4619691,0.8614533,20.03120166816575,1.5,15869.4775390625
90.92,1.4551916,0.83225816,19.975510257279904,1.0,15865.566731770834
90.94,1.4444218,0.8628244,19.984477681928436,0.5,15861.655924479166
90.96,1.5122776,0.90091753,19.984939473089035,0.0,15857.7451171875
90.98,1.5156167,0.74098456,19.963268419990925,0.0,15853.834309895834
91.0,1.4721277,0.8801352,20.011388910252567,0.0,15849.923502604166
91.02,1.4047848,0.80425227,19.920909197607966,0.0,15846.0126953125
91.04,1.5765283,0.84046805,20.07303914442574,0.0,15842.101888020834
91.06,1.5548365,0.8256767,20.036116233359245,0.25,15838.191080729166
91.08,1.533375,0.871118,20.02674844136431,0.5,15834.2802734375
91.1,1.4745421,0.94290555,20.02047165630367,0.75,15849.995442708334
91.12,1.4317411,0.8283338,19.961267410588203,1.0,15865.710611979166
91.14,1.4027041,0.87828434,20.01329644305026,1.0,15881.42578125
91.16,1.4688172,0.7892983,19.961304487311924,1.0,15897.140950520834
91.18,1.5368631,0.88310313,19.967647515754333,1.0,15912.856119791666
91.2,1.5575074,0.8286911,19.932897376165407,1.0,15928.5712890625
91.22,1.487764,0.8521615,19.981672573006936,1.25,15944.286458333334
91.24,1.4991221,0.89000785,19.9498432929373,1.5,15960.001627604166
91.26,1.587157,0.8900234,20.00593062308319,1.75,15975.716796875
91.28,1.5422626,1.1093624,19.941864372947794,2.0,15943.603841145834
91.3,1.5605336,1.0761831,19.938709476697596,2.0,15911.490885416666
91.32,1.5814608,0.8411628,20.023098285852676,2.0,15879.3779296875
91.34,1.5270863,0.8968948,19.992253872720973,2.0,15847.264973958334
91.36,1.5205252,1.112033,19.948423417586405,2.0,15815.152018229166
91.38,1.4922624,0.9393779,20.00990530662545,1.75,15783.0390625
91.4,1.5386894,1.0238665,19.996286773388615,1.5,15750.926106770834
91.42,1.5835668,1.0547534,19.9646984482121,1.25,15718.813151041666
91.44,1.5993077,1.140012,19.97834044772213,1.0,15686.7001953125
91.46,1.5510025,0.8817905,19.93030451715613,1.0,15689.577039930555
91.48,1.5563769,0.9412563,19.92550382559285,1.0,15692.453884548611
91.5,1.6158223,1.0306513,20.093931012344676,1.0,15695.330729166666
91.52,1.5116832,0.9560093,20.0231861596071,1.0,15698.207573784723
91.54,1.4044915,0.8749459,20.09369850506751,1.0,15701.084418402777
91.56,1.46307,0.92165375,20.0001302786627,1.0,15703.961263020834
91.58,1.4524872,0.80926144,19.92935630792149,1.0,15706.838107638889
91.6,1.477637,0.9144884,19.951618860854957,1.0,15709.714952256945
91.62,1.4743898,0.82233727,19.902453763104237,1.25,15712.591796875
91.64,1.4829743,0.95338297,19.947912115837692,1.5,15739.055230034723
91.66,1.4640424,0.9552712,19.96206922958741,1.75,15765.518663194445
91.68,1.4198178,0.99049306,19.933540343151193,2.0,15791.982096354166
91.7,1.4901531,1.0840632,19.923678895201856,1.75,15818.445529513889
91.72,1.4739579,0.9149922,20.00088449257989,1.5,15844.908962673611
91.74,1.520993,0.8325637,20.017023110205983,1.25,15871.372395833334
91.76,1.437822,0.7252497,19.999993235835074,1.0,15897.835828993055
91.78,1.4311917,0.8400898,19.99338527138515,1.0,15924.299262152777
91.8,1.5703168,0.78878707,20.00085143418305,1.0,15950.7626953125
91.82,1.6151271,0.88507855,19.962457004676665,1.0,15932.7197265625
91.84,1.609623,0.9056575,19.914710523465317,1.0,15914.6767578125
91.86,1.6053603,0.9347516,20.02988713560804,1.0,15896.6337890625
91.88,1.5615171,0.83353436,19.93558820846134,1.0,15878.5908203125
91.9,1.6236362,0.8477435,19.947463421162603,1.0,15860.5478515625
91.92,1.5256143,1.060528,19.960775084653434,1.0,15842.5048828125
91.94,1.4041449,0.850654,19.918343514380403,1.0,15824.4619140625
91.96,1.4727634,0.7782587,20.00105862167659,1.0,15806.4189453125
91.98,1.4376396,0.8617115,19.95652386662106,1.0,15788.3759765625
92.0,1.4979726,0.8496702,19.99049135081734,1.0,15816.825846354166
92.02,1.6300119,1.0632298,19.93242130036362,1.0,15845.275716145834
92.04,1.3989081,1.0323733,20.048038786463724,1.0,15873.7255859375
92.06,1.4486411,0.8676764,20.004854346825525,1.0,15902.175455729166
92.08,1.5967302,0.9180618,19.999177107369846,1.0,15930.625325520834
92.1,1.5347176,0.9111124,20.018473929890064,1.0,15959.0751953125
92.12,1.5609895,1.0095582,19.930989353861793,1.0,15987.525065104166
92.14,1.4835045,0.7989729,19.929058991307805,1.0,16015.974934895834
92.16,1.4973725,0.93057835,19.992859855001086,1.0,16044.4248046875
92.18,1.4696329,0.82607603,19.930260505208665,1.0,16020.0556640625
92.2,1.5584446,1.0008118,19.978755465684472,1.0,15995.6865234375
92.22,1.525835,1.0717727,20.02542287992538,1.0,15971.3173828125
92.24,1.5507853,1.024468,19.95448328545254,1.0,15946.9482421875
92.26,1.5548123,0.9448,19.979851216563556,1.0,15922.5791015625
92.28,1.4169667,0.96284926,20.000287737900496,1.0,15898.2099609375
92.3,1.3800169,1.0021986,19.908598351574145,1.0,15873.8408203125
92.32,1.4129176,1.1750191,19.98526758127117,1.0,15849.4716796875
92.34,1.5028392,0.88066316,19.869236521768322,1.25,15825.1025390625
92.36,1.5125252,0.7630322,19.970395169702947,1.5,15814.626953125
92.38,1.4687154,1.031684,19.8733520185996,1.75,15804.1513671875
92.4,1.492413,0.8516811,19.94610169552431,2.0,15793.67578125
92.42,1.4691232,0.91427326,19.94206352797234,1.5,15783.2001953125
92.44,1.4785236,0.8501447,19.965837713544868,1.0,15772.724609375
92.46,1.4438254,0.95718277,19.899564137538135,0.5,15762.2490234375
92.48,1.5572429,0.8056616,19.916387708199284,0.0,15751.7734375
92.5,1.5045822,0.80664504,19.862709474468762,0.0,15741.2978515625
92.52,1.4589694,0.7512685,19.844686088787164,0.0,15730.822265625
92.54,1.4339101,0.74998736,19.89798516483603,0.0,15736.128689236111
92.56,1.3728894,0.8691658,19.858635958881926,0.0,15741.435112847223
92.58,1.3855952,0.92856705,19.94249979448791,0.0,15746.741536458334
92.6,1.4783969,0.9264828,19.90686211702662,0.0,15752.047960069445
92.62,1.4187624,0.94305515,19.918679902880807,0.0,15757.354383680555
92.64,1.379447,0.900302,19.94284797027031,0.0,15762.660807291666
92.66,1.3889421,1.0061517,19.929635916228094,0.0,15767.967230902777
92.68,1.4032912,0.8435709,19.958101864547032,0.0,15773.273654513889
92.7,1.3868917,0.9214791,19.94624539968267,0.0,15778.580078125
92.72,1.4230053,0.9039426,19.930535488439627,0.0,15794.725477430555
92.74,1.3600926,0.9504107,19.907950004338375,0.0,15810.870876736111
92.76,1.4664955,0.9218952,19.88828106361704,0.0,15827.016276041666
92.78,1.4201869,1.0728862,19.97543056162176,0.0,15843.161675347223
92.8,1.4035847,0.8454342,19.893593311256417,0.0,15859.307074652777
92.82,1.3388097,1.0099694,19.901577459113426,0.0,15875.452473958334
92.84,1.335253,0.8822433,19.897121859371122,0.0,15891.597873263889
92.86,1.4489512,0.85609734,19.894015236994683,0.0,15907.743272569445
92.88,1.3594593,1.0087981,19.90651336917817,0.0,15923.888671875
92.9,1.4153008,1.0246347,19.866584689805453,0.25,15907.676106770834
92.92,1.4276029,0.8982805,19.84646342648461,0.5,15891.463541666666
92.94,1.4649882,0.8409431,19.800152188227408,0.75,15875.2509765625
92.96,1.4439291,0.87406886,19.875280140660852,1.0,15859.038411458334
92.98,1.3590461,1.0028545,19.844213672592034,1.0,15842.825846354166
93.0,1.3801254,0.8396071,19.956526472037645,1.0,15826.61328125
93.02,1.4182081,0.7783965,19.912414050237793,1.0,15810.400716145834
93.04,1.3787138,0.7727401,19.91141097725712,1.0,15794.188151041666
93.06,1.4069154,0.9153461,19.888089042988753,1.25,15777.9755859375
93.08,1.3660264,0.7620578,19.9896413350348,1.5,15779.681206597223
93.1,1.4322902,0.94721943,19.9526104384254,1.75,15781.386827256945
93.12,1.3370465,1.0043749,19.94152321083625,2.0,15783.092447916666
93.14,1.361331,0.8635472,20.006054673341897,1.5,15784.798068576389
93.16,1.4185777,0.79499674,19.942041270511666,1.0,15786.503689236111
93.18,1.4617386,0.7973301,19.92236094428147,0.5,15788.209309895834
93.2,1.4113266,0.87515473,19.99379997902699,0.0,15789.914930555555
93.22,1.4345107,0.88680536,19.926920345050256,0.25,15791.620551215277
93.24,1.4106368,1.00674,19.965203515759107,0.5,15793.326171875
93.26,1.4430212,0.830461,19.959675900907328,0.75,15824.003580729166
93.28,1.3934102,0.86493343,19.944727542643605,1.0,15854.680989583334
93.3,1.4117247,0.8016045,19.917208975838026,1.0,15885.3583984375
93.32,1.3836751,0.95463455,19.857740087575685,1.0,15916.035807291666
93.34,1.4676441,0.8665445,19.955558691378727,1.0,15946.713216145834
93.36,1.438681,0.8715786,19.89395998404918,1.0,15977.390625
93.38,1.3744706,0.78877956,19.917889617602185,1.0,16008.068033854166
93.4,1.4465716,0.8212299,19.854411884504238,1.0,16038.745442708334
93.42,1.4204242,0.88191444,19.933309740922002,1.0,16069.4228515625
93.44,1.3888882,0.77686095,19.896925313229513,1.0,16060.896592881945
93.46,1.4938926,0.7944943,19.929656643927856,0.75,16052.370334201389
93.48,1.4641702,0.88984257,19.885748188679564,0.5,16043.844075520834
93.5,1.431558,0.8642923,19.809017351675003,0.25,16035.317816840277
93.52,1.4289663,0.7728147,19.902669257575866,0.0,16026.791558159723
93.54,1.3879981,0.8608464,19.951093732543537,0.25,16018.265299479166
93.56,1.4458208,0.868768,19.9902581622645,0.5,16009.739040798611
93.58,1.4163587,0.8401867,19.960964810094755,0.75,16001.212782118055
93.6,1.442424,0.86189127,20.033322395179404,1.0,15992.6865234375
93.62,1.4552689,0.9040283,19.991423757058044,1.25,16007.181206597223
93.64,1.4035314,0.8626333,20.029882424193147,1.5,16021.675889756945
93.66,1.4351369,0.8487718,19.92640549868576,1.75,16036.170572916666
93.68,1.4394097,0.90311795,20.022831014681234,2.0,16050.665256076389
93.7,1.3860816,1.1771647,19.959673844251164,2.0,16065.159939236111
93.72,1.4580709,0.9303712,19.992738987473135,2.0,16079.654622395834
93.74,1.4262121,0.8893133,19.945612814007056,2.0,16094.149305555555
93.76,1.4536213,0.9060436,19.98315410168904,2.0,16108.643988715277
93.78,1.5280913,0.93188405,20.062204694782295,1.75,16123.138671875
93.8,1.4508365,0.82639104,19.937442712573436,1.5,16102.129991319445
93.82,1.4481758,0.8013889,20.068022789275478,1.25,16081.121310763889
93.84,1.5125995,0.9092876,19.988078850299196,1.0,16060.112630208334
93.86,1.396524,0.86118793,20.024203356159433,1.0,16039.103949652777
93.88,1.4087508,0.82276475,20.04137976229771,1.0,16018.095269097223
93.9,1.4199233,0.9208472,20.028779787565966,1.0,15997.086588541666
93.92,1.4813322,0.90322566,19.99549179206477,1.0,15976.077907986111
93.94,1.4702952,0.88675153,20.01155945604097,1.0,15955.069227430555
93.96,1.4349805,0.7813543,19.99772762595898,1.0,15934.060546875
93.98,1.4319764,0.74873596,19.989725158774995,1.0,15939.108506944445
94.0,1.4009411,0.82701355,20.039327938315065,1.0,15944.156467013889
94.02,1.3766482,0.8139274,19.99094193093969,1.25,15949.204427083334
94.04,1.3757776,0.76076615,19.95916220388078,1.5,15954.252387152777
94.06,1.4631213,0.91855514,19.930183525677684,1.75,15959.300347222223
94.08,1.4573516,1.0077499,20.008525315682697,2.0,15964.348307291666
94.1,1.421689,0.98314434,19.924258496826845,1.75,15969.396267361111
94.12,1.5486832,0.82672524,20.030624191988615,1.5,15974.444227430555
94.14,1.5439612,0.8457279,19.989451703959674,1.25,15979.4921875
94.16,1.4917102,0.76714563,19.93058060302497,1.0,15958.756727430555
94.18,1.4381864,0.85703677,19.95517233157,1.0,15938.021267361111
94.2,1.5253935,0.84229106,19.941121567327194,1.0,15917.285807291666
94.22,1.532911,0.8688182,20.01724339387199,1.0,15896.550347222223
94.24,1.5716279,1.008745,20.043188577893133,1.0,15875.814887152777
94.26,1.4434361,0.8560393,19.960104828036886,1.0,15855.079427083334
94.28,1.4549601,0.8091141,20.016084679395586,1.0,15834.343967013889
94.3,1.4261596,0.77540433,20.009920996794687,1.0,15813.608506944445
94.32,1.4053442,0.8207217,19.931400170462666,1.0,15792.873046875
94.34,1.3586603,1.0224937,19.96916556979684,1.0,15792.974175347223
94.36,1.3858924,0.98182786,20.020980154499167,1.0,15793.075303819445
94.38,1.471975,0.84396416,20.021776755867847,1.0,15793.176432291666
94.4,1.4999211,0.9545555,19.951752396052953,1.0,15793.277560763889
94.42,1.525467,0.76870054,20.055407059566477,0.75,15793.378689236111
94.44,1.3721528,0.98518133,19.91098537726723,0.5,15793.479817708334
94.46,1.4259757,0.9527075,19.9738932119038,0.25,15793.580946180555
94.48,1.367588,0.8507124,19.98925988981471,0.0,15793.682074652777
94.5,1.4340408,0.90725535,19.944918387993333,0.25,15793.783203125
94.52,1.44354,0.7921426,19.9498758939438,0.5,15822.056966145834
94.54,1.5048063,0.82715523,19.945426363424026,0.75,15850.330729166666
94.56,1.4992219,0.9177285,19.918182391346136,1.0,15878.6044921875
94.58,1.427498,0.8848293,19.95187131108746,1.0,15906.878255208334
94.6,1.4842111,0.8932033,20.02188521822672,1.0,15935.152018229166
94.62,1.4899772,0.98525393,19.945716903141186,1.0,15963.42578125
94.64,1.4518428,0.97526157,19.9951402549086,1.0,15991.699544270834
94.66,1.3805053,0.85577005,20.006604901088405,1.0,16019.973307291666
94.68,1.4743389,0.9614306,19.969650104319008,1.0,16048.2470703125
94.7,1.4503977,0.9346771,20.031816798428057,1.0,16026.801323784723
94.72,1.4150891,0.87287015,19.930365877850683,1.0,16005.355577256945
94.74,1.4688172,0.8895478,19.96013896085605,1.0,15983.909830729166
94.76,1.4505527,0.9788425,19.90867356835577,1.0,15962.464084201389
94.78,1.4182609,0.84513575,20.00886665488786,1.0,15941.018337673611
94.8,1.4131563,0.8510487,19.98790757502877,1.0,15919.572591145834
94.82,1.4587127,0.88464963,19.96730671263441,1.0,15898.126844618055
94.84,1.4265795,0.7684938,19.90021336309556,1.0,15876.681098090277
94.86,1.4878143,0.82701117,19.950079566698776,1.0,15855.2353515625
94.88,1.4068888,1.0534623,19.930276151818266,1.0,15827.436740451389
94.9,1.4509914,1.0882156,19.985071547503743,0.75,15799.638129340277
94.92,1.4407097,0.87346405,19.955810284921366,0.5,15771.839518229166
94.94,1.4607393,0.93135303,19.96002908576377,0.25,15744.040907118055
94.96,1.4485118,0.8815945,19.928830885281652,0.0,15716.242296006945
94.98,1.5581563,0.96326804,19.97673705513849,0.0,15688.443684895834
95.0,1.5024155,0.89504987,19.97917635712143,0.0,15660.645073784723
95.02,1.5310044,0.9677006,19.968002966549093,0.0,15632.846462673611
95.04,1.475659,0.94348264,19.90384354075809,0.0,15605.0478515625
95.06,1.4085381,0.8005034,19.90971105781938,0.0,15632.314887152777
95.08,1.4406837,0.7399032,19.961276677763728,0.0,15659.581922743055
95.1,1.5537524,0.8478865,19.963607928453875,0.0,15686.848958333334
95.12,1.4527194,0.8832988,19.826404960329324,0.0,15714.115993923611
95.14,1.4300401,0.8092884,19.88643573382559,0.0,15741.383029513889
95.16,1.500021,0.7905685,19.956387025298795,0.0,15768.650065104166
95.18,1.5390544,0.9113021,19.866670517011425,0.0,15795.917100694445
95.2,1.4127057,0.85573983,19.891689605584016,0.0,15823.184136284723
95.22,1.4792073,0.77454555,19.917201841908092,0.0,15850.451171875
95.24,1.4683583,0.78477955,20.02604632751178,0.0,15865.806315104166
95.26,1.4255292,0.8429324,19.999142030674218,0.0,15881.161458333334
95.28,1.3555977,0.8229917,19.96632645137106,0.0,15896.5166015625
95.3,1.4119898,0.7671379,19.95477720446272,0.0,15911.871744791666
95.32,1.443047,0.79534656,19.910630196754255,0.0,15927.226888020834
95.34,1.510221,0.79822415,19.916634232577298,0.0,15942.58203125
95.36,1.4845389,0.71526116,19.93719407863946,0.0,15957.937174479166
95.38,1.6262633,0.8167614,19.985543756719657,0.5,15973.292317708334
95.4,1.5425053,0.82460284,19.936611824075193,1.0,15988.6474609375
95.42,1.6166795,0.8737188,19.966750512664177,1.5,15969.055121527777
95.44,1.5745081,0.80364674,19.935719610596767,2.0,15949.462782118055
95.46,1.6137586,0.93154496,19.914218849558935,1.75,15929.870442708334
95.48,1.545464,0.8679694,19.940601523343368,1.5,15910.278103298611
95.5,1.6253879,0.881333,19.883338022067548,1.25,15890.685763888889
95.52,1.5683842,0.84582895,20.04841310195114,1.0,15871.093424479166
95.54,1.5730805,0.8293286,19.98284914040328,0.75,15851.501085069445
95.56,1.6609378,0.7782357,19.9893152468852,0.5,15831.908745659723
95.58,1.6918737,0.93864155,19.9508135620644,0.25,15812.31640625
95.6,1.6606445,0.9353932,19.96234100780503,0.0,15817.615017361111
95.62,1.6392665,0.83555806,19.940999977715805,0.0,15822.913628472223
95.64,1.5952051,0.9336988,19.971940026849275,0.0,15828.212239583334
95.66,1.5009692,0.8900347,19.86358294134323,0.0,15833.510850694445
95.68,1.5740086,0.73095554,19.936034683772544,0.0,15838.809461805555
95.7,1.5029886,0.8195565,19.874778788441056,0.25,15844.108072916666
95.72,1.5595496,0.99706864,19.92579456624988,0.5,15849.406684027777
95.74,1.5438641,0.7937562,19.919542988730218,0.75,15854.705295138889
95.76,1.5822893,0.9264271,19.892315649044455,1.0,15860.00390625
95.78,1.5543547,0.8503947,19.920270289383215,1.0,15852.7861328125
95.8,1.5685035,1.1409146,19.87443804279802,1.0,15845.568359375
95.82,1.5337901,0.8834833,19.869444008653467,1.0,15838.3505859375
95.84,1.486631,1.1092997,19.896963977358336,1.0,15831.1328125
95.86,1.5178632,1.0847667,19.893716927653635,1.0,15823.9150390625
95.88,1.4936168,1.0503383,19.880497873920383,1.0,15816.697265625
95.9,1.5037109,0.97959936,19.982088430321237,1.0,15809.4794921875
95.92,1.6113667,0.70900613,19.959769072788898,1.0,15802.26171875
95.94,1.6830419,0.8786643,19.872212855916054,1.0,15795.0439453125
95.96,1.6520314,0.7225765,19.87668366773884,1.0,15778.536675347223
95.98,1.5639133,0.9014004,19.91096891480771,1.0,15762.029405381945
96.0,1.5233791,0.91306204,19.88368677340565,1.0,15745.522135416666
96.02,1.5334238,0.97464615,19.951525289449314,0.75,15729.014865451389
96.04,1.5619967,0.8236505,19.86207791900646,0.5,15712.507595486111
96.06,1.6045437,0.967947,19.905247466563697,0.25,15696.000325520834
96.08,1.5337412,0.8938259,19.93807575102136,0.0,15679.493055555555
96.1,1.5911155,0.766179,19.920497662747486,0.0,15662.985785590277
96.12,1.5727711,1.0562612,19.915475560851775,0.0,15646.478515625
96.14,1.6412069,0.8991427,19.975511106476276,0.0,15714.382161458334
96.16,1.5480303,0.95873624,19.872929756664256,0.0,15782.285807291666
96.18,1.4540333,1.0116421,19.98442889102463,0.0,15850.189453125
96.2,1.4866562,1.0045865,19.987261573747247,0.0,15918.093098958334
96.22,1.4346151,1.0803032,20.08236672777025,0.0,15985.996744791666
96.24,1.4377177,1.1010336,20.061283224171138,0.0,16053.900390625
96.26,1.5083852,1.0927577,20.09486597313598,0.25,16121.804036458334
96.28,1.4619948,1.0283141,20.029195245047934,0.5,16189.707682291666
96.3,1.4942935,0.94057,20.06367344064049,0.75,16257.611328125
96.32,1.5354493,0.99375933,20.061147100846348,1.0,16274.523220486111
96.34,1.5976913,0.95303905,20.1400559474584,1.0,16291.435112847223
96.36,1.5375452,0.975954,20.093226924920906,1.0,16308.347005208334
96.38,1.581603,1.0710533,20.093768837920265,1.0,16325.258897569445
96.4,1.753304,1.0646976,20.18348250483852,1.0,16342.170789930555
96.42,1.8123025,1.1363411,20.147127214040353,0.75,16359.082682291666
96.44,1.7699896,1.0744443,20.24965745730686,0.5,16375.994574652777
96.46,1.702486,1.0971471,20.150601314188098,0.25,16392.90646701389
96.48,1.6878853,0.9704521,20.15495456282843,0.0,16409.818359375
96.5,1.6974418,0.96969426,20.093407338014735,0.0,16423.563802083332
96.52,1.8689592,0.94656277,20.077452192391526,0.0,16437.309244791668
96.54,1.7442037,0.94110644,20.029959587024457,0.0,16451.0546875
96.56,1.7663684,0.92300653,20.07383029781025,0.0,16464.800130208332
96.58,1.5941954,0.9750375,20.046438735931737,0.0,16478.545572916668
96.6,1.6869975,0.8786304,20.04839011458631,0.0,16492.291015625
96.62,1.7316426,0.93561196,20.10043150971732,0.0,16506.036458333332
96.64,1.8349915,0.9416573,20.10185260638732,0.0,16519.781901041668
96.66,1.730085,0.989558,20.135384902241555,0.25,16533.52734375
96.68,1.5778579,0.908787,20.10131430011899,0.5,16479.35546875
96.7,1.5348883,0.97395074,20.09355371948321,0.75,16425.18359375
96.72,1.8094076,0.9079734,20.22987386630271,1.0,16371.01171875
96.74,1.7845482,1.0633738,20.071035160472725,1.0,16316.83984375
96.76,1.9346035,1.0886172,20.147199826342263,1.0,16262.66796875
96.78,1.931349,1.0411351,20.19026333996001,1.0,16208.49609375
96.8,1.7897444,0.99725,20.051515852820366,1.0,16154.32421875
96.82,1.9701995,0.9470936,20.142307283619168,1.25,16100.15234375
96.84,1.8290846,1.0133885,20.086497012634553,1.5,16045.98046875
96.86,1.6867977,1.0043749,20.115698530965027,1.75,16087.750434027777
96.88,1.7270088,1.0015084,20.110566026040484,2.0,16129.520399305555
96.9,1.8693398,1.0730251,20.153858642675985,2.0,16171.290364583334
96.92,1.754905,1.0589119,20.059458422981926,2.0,16213.060329861111
96.94,1.7800102,0.99386126,20.079258406875336,2.0,16254.830295138889
96.96,1.8938375,1.0894017,20.165905658518213,2.0,16296.600260416666
96.98,1.8948653,1.2459036,20.183667388444924,2.25,16338.370225694445
97.0,1.9355712,1.1038523,20.142173208604703,2.5,16380.140190972223
97.02,1.9257572,1.0460241,20.175669410195308,2.75,16421.91015625
97.04,1.8078755,1.0550227,20.18489028436659,3.0,16394.41775173611
97.06,1.8445777,1.1299131,20.20442494865771,2.25,16366.925347222223
97.08,1.5572189,1.0564022,20.08531480549444,1.5,16339.432942708334
97.1,1.6766,1.0617695,20.164665913041762,0.75,16311.940538194445
97.12,1.6934885,1.063766,20.07570357510335,0.0,16284.448133680555
97.14,1.7644806,1.165948,20.17795552647568,0.0,16256.955729166666
97.16,1.721732,1.1400225,20.094260784003055,0.0,16229.463324652777
97.18,1.6691461,0.98302305,20.196172454614523,0.0,16201.970920138889
97.2,1.6171427,0.9388279,20.079532703219666,0.0,16174.478515625
97.22,1.6555407,0.9821192,20.079085819004128,0.25,16170.042534722223
97.24,1.7182924,0.776797,20.03463441884127,0.5,16165.606553819445
97.26,1.7110422,0.98900366,20.058625905766398,0.75,16161.170572916666
97.28,1.6613886,1.0905956,20.125017610997695,1.0,16156.734592013889
97.3,1.6636183,0.96507734,20.140232234182243,1.25,16152.298611111111
97.32,1.8579878,0.8189939,20.181687644157513,1.5,16147.862630208334
97.34,1.6291847,1.1083429,20.19424193513704,1.75,16143.426649305555
97.36,1.7721884,0.8169122,20.161924436191537,2.0,16138.990668402777
97.38,1.7947377,1.1074462,20.185923289749216,1.5,16134.5546875
97.4,1.6005247,1.0866461,20.133827835602247,1.0,16155.672526041666
97.42,1.5807503,1.0524585,20.101761971722453,0.5,16176.790364583334
97.44,1.6785418,0.7663579,20.18201264478201,0.0,16197.908203125
97.46,1.7966145,0.8376313,20.20460307780725,0.25,16219.026041666666
97.48,1.7075591,0.9231465,20.16266899327284,0.5,16240.143880208334
97.5,1.8764971,0.9043051,20.21989154829116,0.75,16261.26171875
97.52,1.7969896,0.90481037,20.188878007623995,1.0,16282.379557291666
97.54,1.6395633,0.9174556,20.144593808425505,0.75,16303.497395833334
97.56,1.6022084,0.810054,20.130822339952573,0.5,16324.615234375
97.58,1.7469281,0.9562441,20.19115864012289,0.25,16348.684027777777
97.6,1.723949,0.8604702,20.22531316170948,0.0,16372.752821180555
97.62,1.7849468,0.85699266,20.244969056753163,0.25,16396.821614583332
97.64,1.8496051,0.70795447,20.1886019649878,0.5,16420.89040798611
97.66,1.9949228,0.91991246,20.216677960441046,0.75,16444.95920138889
97.68,1.8322958,0.8483269,20.189924747755043,1.0,16469.027994791668
97.7,1.7473139,0.8185401,20.15512362644678,1.0,16493.096788194445
97.72,1.7704551,0.8001682,20.179953561509482,1.0,16517.165581597223
97.74,1.7638439,0.800347,20.231607375067917,1.0,16541.234375
97.76,1.7890747,0.70399475,20.16975765811395,1.0,16529.721137152777
97.78,1.596566,0.9521046,20.128523746024314,1.25,16518.207899305555
97.8,1.7432159,0.72377986,20.17272444134519,1.5,16506.694661458332
97.82,1.7856181,0.81065226,20.166600450225847,1.75,16495.18142361111
97.84,1.7123547,0.85084087,20.20068826132638,2.0,16483.66818576389
97.86,1.6201501,0.8213775,20.189244214194375,1.75,16472.154947916668
97.88,1.8080205,0.9533496,20.208209361287555,1.5,16460.641710069445
97.9,1.812943,0.71783155,20.21004280302899,1.25,16449.128472222223
97.92,1.8597604,0.88600963,20.262254858822303,1.0,16437.615234375
97.94,1.8006533,1.0550115,20.274209358272905,1.25,16417.379774305555
97.96,1.7850099,1.0620071,20.21574135613654,1.5,16397.14431423611
97.98,1.7336955,1.0234337,20.213278715935317,1.75,16376.908854166666
98.0,1.7710259,1.1866508,20.326545328085007,2.0,16356.673394097223
98.02,1.670133,1.0430797,20.15515901031096,1.5,16336.437934027777
98.04,1.6148486,1.0854259,20.17242006281365,1.0,16316.202473958334
98.06,1.696493,1.0608597,20.16269592390751,0.5,16295.967013888889
98.08,1.7216234,0.8600105,20.171689416197935,0.0,16275.731553819445
98.1,1.6868865,0.98476774,20.17509972153437,0.0,16255.49609375
98.12,1.6302646,1.1462655,20.109379328126828,0.0,16287.399739583334
98.14,1.760061,1.2336714,20.12528781682194,0.0,16319.303385416666
98.16,1.702332,0.9658655,20.0830274816009,0.0,16351.20703125
98.18,1.8231585,1.0398481,20.088345783085046,0.0,16383.110677083334
98.2,1.7043984,1.0411847,20.10110924079594,0.0,16415.014322916668
98.22,1.6608475,0.95764554,20.04256809253336,0.0,16446.91796875
98.24,1.6192948,1.1954882,20.19203818190123,0.0,16478.821614583332
98.26,1.5823604,1.1342585,20.098702125988158,0.0,16510.725260416668
98.28,1.7476139,1.0066493,20.222835809002948,0.0,16542.62890625
98.3,1.725317,1.1318632,20.257811493674147,0.0,16526.008897569445
98.32,1.6787202,0.9451154,20.18569897274348,0.0,16509.38888888889
98.34,1.6542511,1.0025177,20.19648387736906,0.0,16492.768880208332
98.36,1.7648839,1.004895,20.22967814229844,0.0,16476.148871527777
98.38,1.7298901,0.98360705,20.161344654751083,0.0,16459.528862847223
98.4,1.7824485,0.928306,20.22611046109422,0.0,16442.908854166668
98.42,1.8367252,0.9662645,20.195239603784188,0.0,16426.28884548611
98.44,1.7891793,0.97526765,20.15225833106919,0.0,16409.668836805555
98.46,1.7304962,1.048119,20.17727542464254,0.0,16393.048828125
98.48,1.669236,1.057203,20.111276367245402,0.0,16406.620442708332
98.5,1.6160077,0.8820293,20.251433177788755,0.0,16420.192057291668
98.52,1.7602313,0.97917944,20.293662620048313,0.0,16433.763671875
98.54,2.0147023,0.9567821,20.278393360022655,0.0,16447.335286458332
98.56,2.1044965,0.94493675,20.277007225241928,0.0,16460.906901041668
98.58,2.0895329,0.99726194,20.25568848999727,0.0,16474.478515625
98.6,1.9435059,0.85825294,20.291802164019085,0.0,16488.050130208332
98.62,1.8151722,1.2576568,20.22101579850255,0.0,16501.621744791668
98.64,1.880703,1.0618143,20.18072821712029,0.0,16515.193359375
98.66,1.7164828,1.05186,20.146644489149026,0.0,16532.802734375
98.68,1.6674852,1.0559828,20.171994472914676,0.0,16550.412109375
98.7,1.6666317,0.9657729,20.127912525954983,0.0,16568.021484375
98.72,1.5756731,0.9331581,20.158305630516068,0.0,16585.630859375
98.74,1.5149493,0.8275851,20.139237806518548,0.0,16603.240234375
98.76,1.6626953,0.83403003,20.17043127279809,0.0,16620.849609375
98.78,1.7164172,0.91571933,20.208074075447406,0.0,16638.458984375
98.8,1.667373,0.97247475,20.272143264848207,0.0,16656.068359375
98.82,1.6781402,0.93248934,20.318816540988173,0.5,16673.677734375
98.84,1.7108014,0.7589227,20.290717018639434,1.0,16673.677734375
98.86,1.6519635,0.94653964,20.142374506389814,1.5,16673.677734375
98.88,1.8201985,0.9570645,20.326616223930415,2.0,16673.677734375
