Time_ns,ALA31,PRO106,LEU111
0.0,2.6728856563568115,2.1195735931396484,4.185869216918945
0.02,2.6896072387695313,2.2309290409088134,3.896356630325317
0.04,2.706328821182251,2.3422844886779783,3.6068440437316895
0.06,2.7230504035949705,2.4536399364471437,3.3173314571380614
0.08,2.7397719860076903,2.5649953842163087,3.0278188705444338
0.1,2.75649356842041,2.6763508319854736,2.7383062839508057
0.12,2.7410067558288573,2.547946834564209,2.738234806060791
0.14,2.7255199432373045,2.419542837142944,2.7381633281707765
0.16,2.710033130645752,2.29113883972168,2.7380918502807616
0.18,2.6945463180541993,2.162734842300415,2.7380203723907472
0.2,2.6790595054626465,2.0343308448791504,2.7379488945007324
0.22,2.65466046333313,2.0791500091552733,2.6590857982635496
0.24,2.6302614212036133,2.1239691734313966,2.5802227020263673
0.26,2.6058623790740967,2.1687883377075194,2.5013596057891845
0.28,2.58146333694458,2.2136075019836428,2.422496509552002
0.3,2.5570642948150635,2.2584266662597656,2.3436334133148193
0.32,2.583425283432007,2.3040008544921875,2.4273351669311523
0.34,2.60978627204895,2.3495750427246094,2.511036920547485
0.36,2.6361472606658936,2.3951492309570312,2.5947386741638185
0.38,2.662508249282837,2.440723419189453,2.6784404277801515
0.4,2.6888692378997803,2.486297607421875,2.7621421813964844
0.42,2.652187871932983,2.5426238536834718,2.711055850982666
0.44,2.6155065059661866,2.5989500999450685,2.659969520568848
0.46,2.5788251399993896,2.655276346206665,2.608883190155029
0.48,2.542143774032593,2.7116025924682616,2.557796859741211
0.5,2.505462408065796,2.7679288387298584,2.5067105293273926
0.52,2.5310491561889648,2.7795989513397217,2.605542469024658
0.54,2.5566359043121336,2.791269063949585,2.704374408721924
0.56,2.582222652435303,2.8029391765594482,2.8032063484191894
0.58,2.6078094005584718,2.8146092891693115,2.9020382881164553
0.6,2.6333961486816406,2.826279401779175,3.0008702278137207
0.62,2.615460205078125,2.7525392055511473,2.889327955245972
0.64,2.5975242614746095,2.67879900932312,2.7777856826782226
0.66,2.5795883178710937,2.6050588130950927,2.6662434101104737
0.68,2.5616523742675783,2.5313186168670656,2.5547011375427244
0.7,2.5437164306640625,2.457578420639038,2.4431588649749756
0.72,2.6133589267730715,2.4802377223968506,2.4666520595550536
0.74,2.68300142288208,2.502897024154663,2.4901452541351317
0.76,2.752643918991089,2.5255563259124756,2.51363844871521
0.78,2.8222864151000975,2.548215627670288,2.537131643295288
0.8,2.8919289112091064,2.5708749294281006,2.560624837875366
0.82,2.868778610229492,2.5611907958984377,2.6204264640808104
0.84,2.8456283092498778,2.5515066623687743,2.680228090286255
0.86,2.822478008270264,2.5418225288391114,2.740029716491699
0.88,2.7993277072906495,2.532138395309448,2.7998313426971437
0.9,2.776177406311035,2.522454261779785,2.859632968902588
0.92,2.823488712310791,2.5820173263549804,2.7914384841918944
0.94,2.870800018310547,2.6415803909301756,2.723243999481201
0.96,2.9181113243103027,2.7011434555053713,2.655049514770508
0.98,2.9654226303100586,2.7607065200805665,2.5868550300598145
1.0,3.0127339363098145,2.8202695846557617,2.518660545349121
1.02,2.9661794662475587,2.7844608783721925,2.461778688430786
1.04,2.919624996185303,2.7486521720886232,2.4048968315124513
1.06,2.8730705261230467,2.7128434658050535,2.348014974594116
1.08,2.826516056060791,2.6770347595214843,2.2911331176757814
1.1,2.779961585998535,2.641226053237915,2.2342512607574463
1.12,2.782978343963623,2.5999104499816896,2.3934059619903563
1.14,2.785995101928711,2.558594846725464,2.5525606632232667
1.16,2.7890118598937987,2.5172792434692384,2.7117153644561767
1.18,2.792028617858887,2.4759636402130125,2.870870065689087
1.2,2.7950453758239746,2.434648036956787,3.030024766921997
1.22,2.7512383460998535,2.4505980014801025,2.9256725311279297
1.24,2.7074313163757324,2.466547966003418,2.8213202953338623
1.26,2.6636242866516113,2.4824979305267334,2.716968059539795
1.28,2.6198172569274902,2.498447895050049,2.6126158237457275
1.3,2.576010227203369,2.5143978595733643,2.50826358795166
1.32,2.6530549049377443,2.459645462036133,2.4728047370910646
1.34,2.730099582672119,2.4048930644989013,2.4373458862304687
1.36,2.8071442604064942,2.35014066696167,2.401887035369873
1.38,2.884188938140869,2.2953882694244383,2.366428184509277
1.4,2.961233615875244,2.240635871887207,2.3309693336486816
1.42,2.8539634704589845,2.318271017074585,2.3853227615356447
1.44,2.746693325042725,2.395906162261963,2.4396761894226073
1.46,2.6394231796264647,2.4735413074493406,2.4940296173095704
1.48,2.532153034210205,2.5511764526367187,2.548383045196533
1.5,2.4248828887939453,2.6288115978240967,2.602736473083496
1.52,2.4514350414276125,2.549367618560791,2.6038256645202638
1.54,2.477987194061279,2.4699236392974853,2.6049148559570314
1.56,2.5045393466949464,2.3904796600341798,2.6060040473937987
1.58,2.531091499328613,2.311035680770874,2.6070932388305663
1.6,2.5576436519622803,2.2315917015075684,2.608182430267334
1.62,2.574281167984009,2.226893758773804,2.5715400695800783
1.64,2.590918684005737,2.2221958160400392,2.534897708892822
1.66,2.607556200027466,2.2174978733062742,2.4982553482055665
1.68,2.624193716049194,2.2127999305725097,2.4616129875183104
1.7,2.640831232070923,2.208101987838745,2.4249706268310547
1.72,2.6197219848632813,2.2090272903442383,2.3781126022338865
1.74,2.59861273765564,2.2099525928497314,2.331254577636719
1.76,2.577503490447998,2.2108778953552246,2.2843965530395507
1.78,2.5563942432403564,2.2118031978607178,2.237538528442383
1.8,2.535284996032715,2.212728500366211,2.190680503845215
1.82,2.617928647994995,2.2517546653747558,2.1854010581970216
1.84,2.700572299957275,2.2907808303833006,2.1801216125488283
1.86,2.783215951919556,2.329806995391846,2.1748421669006346
1.88,2.865859603881836,2.3688331604003907,2.1695627212524413
1.9,2.948503255844116,2.4078593254089355,2.164283275604248
1.92,2.958832025527954,2.4299033641815186,2.1763442516326905
1.94,2.969160795211792,2.4519474029541017,2.188405227661133
1.96,2.97948956489563,2.4739914417266844,2.200466203689575
1.98,2.9898183345794678,2.4960354804992675,2.2125271797180175
2.0,3.0001471042633057,2.5180795192718506,2.22458815574646
2.02,2.9919342041015624,2.5350067615509033,2.2627872943878176
2.04,2.983721303939819,2.551934003829956,2.3009864330291747
2.06,2.9755084037780763,2.568861246109009,2.3391855716705323
2.08,2.967295503616333,2.5857884883880615,2.3773847103118895
2.1,2.95908260345459,2.6027157306671143,2.415583848953247
2.12,2.8461383819580077,2.613369417190552,2.386422872543335
2.14,2.7331941604614256,2.624023103713989,2.357261896133423
2.16,2.620249938964844,2.634676790237427,2.3281009197235107
2.18,2.507305717468262,2.645330476760864,2.2989399433135986
2.2,2.3943614959716797,2.6559841632843018,2.2697789669036865
2.22,2.4603124141693113,2.5776453495025633,2.281849431991577
2.24,2.5262633323669434,2.4993065357208253,2.293919897079468
2.26,2.592214250564575,2.420967721939087,2.3059903621673583
2.28,2.658165168762207,2.342628908157349,2.318060827255249
2.3,2.724116086959839,2.2642900943756104,2.3301312923431396
2.32,2.696538543701172,2.278399610519409,2.382438564300537
2.34,2.668961000442505,2.292509126663208,2.4347458362579344
2.36,2.6413834571838377,2.306618642807007,2.487053108215332
2.38,2.613805913925171,2.3207281589508058,2.5393603801727296
2.4,2.586228370666504,2.3348376750946045,2.591667652130127
2.42,2.575911808013916,2.3031925678253176,2.6114634037017823
2.44,2.565595245361328,2.27154746055603,2.6312591552734377
2.46,2.55527868270874,2.2399023532867433,2.6510549068450926
2.48,2.5449621200561525,2.208257246017456,2.670850658416748
2.5,2.5346455574035645,2.176612138748169,2.6906464099884033
2.52,2.59914288520813,2.2363014698028563,2.5669989585876465
2.54,2.6636402130126955,2.295990800857544,2.4433515071868896
2.56,2.7281375408172606,2.3556801319122314,2.319704055786133
2.58,2.792634868621826,2.415369462966919,2.196056604385376
2.6,2.8571321964263916,2.4750587940216064,2.072409152984619
2.62,2.8603455066680907,2.517924118041992,2.221418619155884
2.64,2.86355881690979,2.560789442062378,2.3704280853271484
2.66,2.8667721271514894,2.6036547660827636,2.519437551498413
2.68,2.8699854373931886,2.6465200901031496,2.6684470176696777
2.7,2.8731987476348877,2.689385414123535,2.8174564838409424
2.72,2.8810675144195557,2.636689805984497,2.824271392822266
2.74,2.8889362812042236,2.583994197845459,2.831086301803589
2.76,2.8968050479888916,2.531298589706421,2.837901210784912
2.78,2.9046738147735596,2.478602981567383,2.844716119766235
2.8,2.9125425815582275,2.4259073734283447,2.8515310287475586
2.82,2.9222456932067873,2.4168801307678223,2.8971938133239745
2.84,2.9319488048553466,2.4078528881073,2.9428565979003904
2.86,2.9416519165039063,2.3988256454467773,2.988519382476807
2.88,2.9513550281524656,2.389798402786255,3.0341821670532227
2.9,2.9610581398010254,2.3807711601257324,3.0798449516296387
2.92,2.964284086227417,2.377923774719238,3.0644993782043457
2.94,2.9675100326538084,2.3750763893127442,3.0491538047790527
2.96,2.9707359790802004,2.37222900390625,3.0338082313537598
2.98,2.973961925506592,2.369381618499756,3.018462657928467
3.0,2.9771878719329834,2.3665342330932617,3.003117084503174
3.02,2.873934268951416,2.427408981323242,2.845202159881592
3.04,2.7706806659698486,2.4882837295532227,2.6872872352600097
3.06,2.6674270629882812,2.549158477783203,2.529372310638428
3.08,2.564173460006714,2.6100332260131838,2.3714573860168455
3.1,2.4609198570251465,2.670907974243164,2.2135424613952637
3.12,2.41401047706604,2.6717083930969237,2.2182640552520754
3.14,2.3671010971069335,2.6725088119506837,2.2229856491088866
3.16,2.3201917171478272,2.6733092308044433,2.2277072429656983
3.18,2.2732823371887205,2.6741096496582033,2.2324288368225096
3.2,2.2263729572296143,2.674910068511963,2.2371504306793213
3.22,2.3650771141052247,2.6152502059936524,2.286474609375
3.24,2.503781270980835,2.555590343475342,2.3357987880706785
3.26,2.642485427856445,2.495930480957031,2.3851229667663576
3.28,2.7811895847320556,2.4362706184387206,2.434447145462036
3.3,2.919893741607666,2.37661075592041,2.483771324157715
3.32,2.9167880058288573,2.3976683616638184,2.5104932308197023
3.34,2.9136822700500487,2.4187259674072266,2.5372151374816894
3.36,2.9105765342712404,2.4397835731506348,2.563937044143677
3.38,2.9074707984924317,2.460841178894043,2.590658950805664
3.4,2.904365062713623,2.481898784637451,2.6173808574676514
3.42,2.9109347343444822,2.516982364654541,2.549234962463379
3.44,2.917504405975342,2.552065944671631,2.4810890674591066
3.46,2.924074077606201,2.5871495246887206,2.412943172454834
3.48,2.9306437492370607,2.6222331047058107,2.3447972774505614
3.5,2.93721342086792,2.6573166847229004,2.276651382446289
3.52,2.8460133552551268,2.591481876373291,2.2528872013092043
3.54,2.754813289642334,2.5256470680236816,2.229123020172119
3.56,2.663613224029541,2.4598122596740724,2.2053588390350343
3.58,2.5724131584167482,2.3939774513244627,2.181594657897949
3.6,2.481213092803955,2.3281426429748535,2.1578304767608643
3.62,2.486821746826172,2.351854991912842,2.1878434658050536
3.64,2.492430400848389,2.37556734085083,2.217856454849243
3.66,2.4980390548706053,2.3992796897888184,2.247869443893433
3.68,2.503647708892822,2.4229920387268065,2.277882432937622
3.7,2.509256362915039,2.446704387664795,2.3078954219818115
3.72,2.4635279178619385,2.4790083885192873,2.389177083969116
3.74,2.417799472808838,2.511312389373779,2.470458745956421
3.76,2.3720710277557373,2.5436163902282716,2.5517404079437256
3.78,2.3263425827026367,2.5759203910827635,2.6330220699310303
3.8,2.280614137649536,2.608224391937256,2.714303731918335
3.82,2.3738174438476562,2.5944751739501952,2.7445963859558105
3.84,2.4670207500457764,2.5807259559631346,2.774889039993286
3.86,2.5602240562438965,2.5669767379760744,2.805181694030762
3.88,2.6534273624420166,2.5532275199890138,2.8354743480682374
3.9,2.7466306686401367,2.539478302001953,2.865767002105713
3.92,2.7500866889953612,2.513962745666504,2.7931121826171874
3.94,2.7535427093505858,2.4884471893310547,2.720457363128662
3.96,2.7569987297058107,2.4629316329956055,2.647802543640137
3.98,2.7604547500610352,2.4374160766601562,2.5751477241516114
4.0,2.7639107704162598,2.411900520324707,2.502492904663086
4.02,2.683503818511963,2.4698370933532714,2.4398961067199707
4.04,2.603096866607666,2.5277736663818358,2.3772993087768555
4.06,2.5226899147033692,2.5857102394104006,2.3147025108337402
4.08,2.442282962799072,2.643646812438965,2.252105712890625
4.1,2.3618760108947754,2.7015833854675293,2.1895089149475098
4.12,2.430431079864502,2.666132164001465,2.25826096534729
4.14,2.4989861488342284,2.6306809425354003,2.3270130157470703
4.16,2.567541217803955,2.595229721069336,2.3957650661468506
4.18,2.6360962867736815,2.5597784996032713,2.464517116546631
4.2,2.704651355743408,2.524327278137207,2.533269166946411
4.22,2.7147593021392824,2.5255648136138915,2.582728052139282
4.24,2.724867248535156,2.526802349090576,2.632186937332153
4.26,2.7349751949310304,2.528039884567261,2.6816458225250246
4.28,2.745083141326904,2.5292774200439454,2.7311047077178956
4.3,2.7551910877227783,2.53051495552063,2.7805635929107666
4.32,2.755977725982666,2.5056974411010744,2.752340030670166
4.34,2.756764364242554,2.4808799266815185,2.7241164684295653
4.36,2.7575510025024412,2.456062412261963,2.695892906188965
4.38,2.758337640762329,2.431244897842407,2.667669343948364
4.4,2.759124279022217,2.4064273834228516,2.6394457817077637
4.42,2.7222540378570557,2.440963315963745,2.72228798866272
4.44,2.6853837966918945,2.4754992485046388,2.805130195617676
4.46,2.6485135555267334,2.510035181045532,2.8879724025726317
4.48,2.6116433143615723,2.544571113586426,2.970814609527588
4.5,2.574773073196411,2.5791070461273193,3.053656816482544
4.52,2.619356298446655,2.585654783248901,2.9899157524108886
4.54,2.6639395236968992,2.5922025203704835,2.926174688339233
4.56,2.7085227489471437,2.5987502574920653,2.8624336242675783
4.58,2.753105974197388,2.6052979946136476,2.798692560195923
4.6,2.797689199447632,2.6118457317352295,2.7349514961242676
4.62,2.905313777923584,2.4978954792022705,2.7278106689453123
4.64,3.012938356399536,2.3839452266693115,2.7206698417663575
4.66,3.120562934875488,2.2699949741363525,2.7135290145874023
4.68,3.2281875133514406,2.1560447216033936,2.7063881874084474
4.7,3.3358120918273926,2.0420944690704346,2.699247360229492
4.72,3.2129276275634764,2.1541349411010744,2.7554088115692137
4.74,3.0900431632995606,2.266175413131714,2.8115702629089356
4.76,2.9671586990356444,2.3782158851623536,2.867731714248657
4.78,2.8442742347717287,2.490256357192993,2.923893165588379
4.8,2.7213897705078125,2.602296829223633,2.9800546169281006
4.82,2.7808013916015626,2.6319957733154298,2.898800802230835
4.84,2.8402130126953127,2.6616947174072267,2.8175469875335692
4.86,2.8996246337890623,2.6913936614990233,2.736293172836304
4.88,2.9590362548828124,2.7210926055908202,2.655039358139038
4.9,3.0184478759765625,2.750791549682617,2.5737855434417725
4.92,2.8865379333496093,2.6577457427978515,2.5087814331054688
4.94,2.754627990722656,2.5646999359130858,2.443777322769165
4.96,2.6227180480957033,2.4716541290283205,2.3787732124328613
4.98,2.49080810546875,2.3786083221435548,2.3137691020965576
5.0,2.358898162841797,2.285562515258789,2.248764991760254
5.02,2.3833008289337156,2.3673504829406737,2.350582790374756
5.04,2.407703495025635,2.4491384506225584,2.4524005889892577
5.06,2.4321061611175536,2.5309264183044435,2.55421838760376
5.08,2.456508827209473,2.612714385986328,2.6560361862182615
5.1,2.4809114933013916,2.694502353668213,2.7578539848327637
5.12,2.521167182922363,2.6808134078979493,2.6252655029296874
5.14,2.561422872543335,2.6671244621276857,2.492677021026611
5.16,2.601678562164307,2.6534355163574217,2.3600885391235353
5.18,2.6419342517852784,2.639746570587158,2.227500057220459
5.2,2.68218994140625,2.6260576248168945,2.094911575317383
5.22,2.7032557487487794,2.554018020629883,2.2751486778259276
5.24,2.7243215560913088,2.481978416442871,2.4553857803344727
5.26,2.7453873634338377,2.4099388122558594,2.6356228828430175
5.28,2.766453170776367,2.3378992080688477,2.8158599853515627
5.3,2.7875189781188965,2.265859603881836,2.9960970878601074
5.32,2.739320182800293,2.296606111526489,2.9274429798126222
5.34,2.6911213874816893,2.3273526191711427,2.8587888717651366
5.36,2.642922592163086,2.358099126815796,2.7901347637176515
5.38,2.5947237968444825,2.3888456344604494,2.721480655670166
5.4,2.546525001525879,2.4195921421051025,2.6528265476226807
5.42,2.5745721817016602,2.4784953117370607,2.7353391647338867
5.44,2.6026193618774416,2.5373984813690185,2.8178517818450928
5.46,2.6306665420532225,2.5963016510009767,2.900364398956299
5.48,2.658713722229004,2.6552048206329344,2.982877016067505
5.5,2.686760902404785,2.7141079902648926,3.065389633178711
5.52,2.6946147441864015,2.6799365043640138,2.9736568450927736
5.54,2.7024685859680178,2.645765018463135,2.881924057006836
5.56,2.7103224277496336,2.6115935325622557,2.7901912689208985
5.58,2.71817626953125,2.577422046661377,2.6984584808349608
5.6,2.726030111312866,2.543250560760498,2.6067256927490234
5.62,2.6989370346069337,2.527663326263428,2.6214147567749024
5.64,2.671843957901001,2.5120760917663576,2.6361038208007814
5.66,2.644750881195068,2.496488857269287,2.65079288482666
5.68,2.6176578044891357,2.4809016227722167,2.665481948852539
5.7,2.590564727783203,2.4653143882751465,2.680171012878418
5.72,2.5501643657684325,2.485962915420532,2.659399223327637
5.74,2.509764003753662,2.506611442565918,2.6386274337768554
5.76,2.469363641738892,2.5272599697113036,2.6178556442260743
5.78,2.428963279724121,2.5479084968566896,2.597083854675293
5.8,2.3885629177093506,2.568557024002075,2.5763120651245117
5.82,2.4578447341918945,2.571404457092285,2.653680610656738
5.84,2.5271265506744385,2.574251890182495,2.731049156188965
5.86,2.5964083671569824,2.577099323272705,2.8084177017211913
5.88,2.6656901836395264,2.579946756362915,2.885786247253418
5.9,2.7349720001220703,2.582794189453125,2.9631547927856445
5.92,2.736127233505249,2.5713369846343994,2.8457120418548585
5.94,2.737282466888428,2.559879779815674,2.7282692909240724
5.96,2.7384377002716063,2.5484225749969482,2.610826539993286
5.98,2.739592933654785,2.5369653701782227,2.4933837890625
6.0,2.740748167037964,2.525508165359497,2.375941038131714
6.02,2.779129886627197,2.5323819160461425,2.5149375915527346
6.04,2.8175116062164305,2.539255666732788,2.653934144973755
6.06,2.8558933258056642,2.5461294174194338,2.7929306983947755
6.08,2.8942750453948975,2.553003168106079,2.9319272518157957
6.1,2.932656764984131,2.5598769187927246,3.0709238052368164
6.12,2.9070107460021974,2.5698092460632322,2.9826188564300535
6.14,2.8813647270202636,2.5797415733337403,2.894313907623291
6.16,2.85571870803833,2.589673900604248,2.8060089588165282
6.18,2.8300726890563963,2.599606227874756,2.717704010009766
6.2,2.804426670074463,2.6095385551452637,2.629399061203003
6.22,2.7434356212615967,2.6218276977539063,2.6715291023254393
6.24,2.6824445724487305,2.634116840362549,2.713659143447876
6.26,2.6214535236358643,2.6464059829711912,2.7557891845703124
6.28,2.560462474822998,2.658695125579834,2.797919225692749
6.3,2.499471426010132,2.6709842681884766,2.8400492668151855
6.32,2.5475953578948975,2.5680180549621583,2.798428249359131
6.34,2.5957192897796633,2.46505184173584,2.756807231903076
6.36,2.6438432216644285,2.3620856285095213,2.7151862144470216
6.38,2.6919671535491942,2.259119415283203,2.6735651969909666
6.4,2.74009108543396,2.1561532020568848,2.631944179534912
6.42,2.707723617553711,2.271799087524414,2.6626904010772705
6.44,2.675356149673462,2.3874449729919434,2.693436622619629
6.46,2.642988681793213,2.5030908584594727,2.7241828441619873
6.48,2.610621213912964,2.618736743927002,2.7549290657043457
6.5,2.578253746032715,2.7343826293945312,2.785675287246704
6.52,2.5580399513244627,2.6389692306518553,2.7770198822021483
6.54,2.537826156616211,2.5435558319091798,2.7683644771575926
6.56,2.517612361907959,2.448142433166504,2.7597090721130373
6.58,2.497398567199707,2.3527290344238283,2.7510536670684815
6.6,2.477184772491455,2.2573156356811523,2.742398262023926
6.62,2.4895352840423586,2.3139667987823485,2.794362449645996
6.64,2.5018857955932616,2.370617961883545,2.8463266372680662
6.66,2.514236307144165,2.427269124984741,2.898290824890137
6.68,2.526586818695068,2.4839202880859377,2.950255012512207
6.7,2.5389373302459717,2.540571451187134,3.0022192001342773
6.72,2.639703559875488,2.5113449096679688,2.9486112117767336
6.74,2.740469789505005,2.4821183681488037,2.8950032234191894
6.76,2.8412360191345214,2.4528918266296387,2.8413952350616456
6.78,2.9420022487640383,2.4236652851104736,2.7877872467041014
6.8,3.0427684783935547,2.3944387435913086,2.7341792583465576
6.82,2.9484365463256834,2.4872193336486816,2.7025371551513673
6.84,2.8541046142578126,2.5799999237060547,2.670895051956177
6.86,2.7597726821899413,2.6727805137634277,2.639252948760986
6.88,2.6654407501220705,2.765561103820801,2.607610845565796
6.9,2.571108818054199,2.858341693878174,2.5759687423706055
6.92,2.525031900405884,2.7633881092071535,2.6061713218688967
6.94,2.4789549827575685,2.6684345245361327,2.6363739013671874
6.96,2.4328780651092528,2.5734809398651124,2.6665764808654786
6.98,2.3868011474609374,2.4785273551940916,2.6967790603637694
7.0,2.340724229812622,2.3835737705230713,2.7269816398620605
7.02,2.3848691463470457,2.4131986141204833,2.6891488075256347
7.04,2.42901406288147,2.4428234577178953,2.651315975189209
7.06,2.4731589794158935,2.472448301315308,2.6134831428527834
7.08,2.5173038959503176,2.50207314491272,2.5756503105163575
7.1,2.561448812484741,2.531697988510132,2.5378174781799316
7.12,2.693326950073242,2.5263816833496096,2.4685560703277587
7.14,2.825205087661743,2.521065378189087,2.3992946624755858
7.16,2.957083225250244,2.5157490730285645,2.3300332546234133
7.18,3.088961362838745,2.510432767868042,2.2607718467712403
7.2,3.220839500427246,2.5051164627075195,2.1915104389190674
7.22,3.2026129245758055,2.5076262950897217,2.278799819946289
7.24,3.1843863487243653,2.510136127471924,2.366089200973511
7.26,3.1661597728729247,2.512645959854126,2.4533785820007323
7.28,3.1479331970214846,2.515155792236328,2.5406679630279543
7.3,3.129706621170044,2.5176656246185303,2.627957344055176
7.32,3.0947184562683105,2.5202989101409914,2.668601226806641
7.34,3.059730291366577,2.522932195663452,2.7092451095581054
7.36,3.0247421264648438,2.525565481185913,2.7498889923095704
7.38,2.9897539615631104,2.528198766708374,2.790532875061035
7.4,2.954765796661377,2.530832052230835,2.8311767578125
7.42,2.9691287517547607,2.4922359466552733,2.782011032104492
7.44,2.9834917068481444,2.453639841079712,2.7328453063964844
7.46,2.9978546619415285,2.4150437355041503,2.6836795806884766
7.48,3.012217617034912,2.376447629928589,2.6345138549804688
7.5,3.026580572128296,2.3378515243530273,2.585348129272461
7.52,2.8513231754302977,2.416700744628906,2.581054449081421
7.54,2.6760657787323,2.495549964904785,2.576760768890381
7.56,2.5008083820343017,2.5743991851806642,2.572467088699341
7.58,2.325550985336304,2.653248405456543,2.568173408508301
7.6,2.1502935886383057,2.732097625732422,2.5638797283172607
7.62,2.1967020511627195,2.657076597213745,2.5565946102142334
7.64,2.243110513687134,2.5820555686950684,2.549309492111206
7.66,2.2895189762115478,2.5070345401763916,2.5420243740081787
7.68,2.335927438735962,2.432013511657715,2.5347392559051514
7.7,2.382335901260376,2.356992483139038,2.527454137802124
7.72,2.5397765159606935,2.378182077407837,2.7338497161865236
7.74,2.6972171306610107,2.3993716716766356,2.9402452945709228
7.76,2.854657745361328,2.4205612659454347,3.1466408729553224
7.78,3.0120983600616453,2.4417508602142335,3.3530364513397215
7.8,3.169538974761963,2.4629404544830322,3.559432029724121
7.82,3.1559534072875977,2.4650357246398924,3.453022003173828
7.84,3.1423678398132324,2.467130994796753,3.346611976623535
7.86,3.128782272338867,2.469226264953613,3.240201950073242
7.88,3.115196704864502,2.471321535110474,3.133791923522949
7.9,3.1016111373901367,2.473416805267334,3.0273818969726562
7.92,2.982177257537842,2.52085485458374,2.96759614944458
7.94,2.862743377685547,2.5682929039001463,2.907810401916504
7.96,2.743309497833252,2.615730953216553,2.8480246543884276
7.98,2.623875617980957,2.663169002532959,2.7882389068603515
8.0,2.504441738128662,2.7106070518493652,2.7284531593322754
8.02,2.5885064601898193,2.647230529785156,2.7172622203826906
8.04,2.6725711822509766,2.583854007720947,2.7060712814331054
8.06,2.756635904312134,2.5204774856567385,2.6948803424835206
8.08,2.840700626373291,2.4571009635925294,2.6836894035339354
8.1,2.9247653484344482,2.3937244415283203,2.6724984645843506
8.12,2.9149944305419924,2.40169243812561,2.701314353942871
8.14,2.905223512649536,2.4096604347229005,2.7301302433013914
8.16,2.89545259475708,2.4176284313201903,2.7589461326599123
8.18,2.885681676864624,2.4255964279174806,2.7877620220184327
8.2,2.875910758972168,2.4335644245147705,2.816577911376953
8.22,2.8197399139404298,2.482511043548584,2.823935317993164
8.24,2.7635690689086916,2.5314576625823975,2.831292724609375
8.26,2.707398223876953,2.580404281616211,2.838650131225586
8.28,2.6512273788452148,2.6293509006500244,2.846007537841797
8.3,2.5950565338134766,2.678297519683838,2.853364944458008
8.32,2.5466107368469237,2.6516544342041017,2.817229461669922
8.34,2.498164939880371,2.625011348724365,2.781093978881836
8.36,2.4497191429138185,2.598368263244629,2.74495849609375
8.38,2.4012733459472657,2.5717251777648924,2.708823013305664
8.4,2.352827548980713,2.5450820922851562,2.672687530517578
8.42,2.466054916381836,2.6974287033081055,2.699504089355469
8.44,2.579282283782959,2.8497753143310547,2.7263206481933593
8.46,2.692509651184082,3.002121925354004,2.75313720703125
8.48,2.805737018585205,3.154468536376953,2.7799537658691404
8.5,2.918964385986328,3.3068151473999023,2.8067703247070312
8.52,2.915388298034668,3.203283405303955,2.751911449432373
8.54,2.9118122100830077,3.099751663208008,2.697052574157715
8.56,2.9082361221313477,2.9962199211120604,2.6421936988830566
8.58,2.9046600341796873,2.892688179016113,2.5873348236083986
8.6,2.9010839462280273,2.789156436920166,2.5324759483337402
8.62,2.8367606163024903,2.715288782119751,2.5945170879364015
8.64,2.7724372863769533,2.6414211273193358,2.6565582275390627
8.66,2.708113956451416,2.567553472518921,2.7185993671417235
8.68,2.643790626525879,2.493685817718506,2.7806405067443847
8.7,2.579467296600342,2.419818162918091,2.842681646347046
8.72,2.5380361080169678,2.431611204147339,2.739705944061279
8.74,2.4966049194335938,2.4434042453765867,2.6367302417755125
8.76,2.4551737308502197,2.455197286605835,2.5337545394897463
8.78,2.4137425422668457,2.466990327835083,2.4307788372039796
8.8,2.3723113536834717,2.478783369064331,2.327803134918213
8.82,2.437775659561157,2.499035930633545,2.4064116954803465
8.84,2.503239965438843,2.519288492202759,2.4850202560424806
8.86,2.5687042713165282,2.5395410537719725,2.563628816604614
8.88,2.634168577194214,2.5597936153411864,2.6422373771667482
8.9,2.6996328830718994,2.5800461769104004,2.720845937728882
8.92,2.631048488616943,2.492479848861694,2.6386960983276366
8.94,2.5624640941619874,2.4049135208129884,2.5565462589263914
8.96,2.493879699707031,2.317347192764282,2.4743964195251467
8.98,2.4252953052520754,2.2297808647155763,2.3922465801239015
9.0,2.356710910797119,2.14221453666687,2.3100967407226562
9.02,2.4040576934814455,2.1900070667266847,2.367339038848877
9.04,2.4514044761657714,2.237799596786499,2.4245813369750975
9.06,2.4987512588500977,2.2855921268463133,2.4818236351013185
9.08,2.5460980415344237,2.333384656906128,2.539065933227539
9.1,2.59344482421875,2.3811771869659424,2.5963082313537598
9.12,2.548801565170288,2.483070945739746,2.6443741798400877
9.14,2.504158306121826,2.58496470451355,2.692440128326416
9.16,2.4595150470733644,2.6868584632873533,2.740506076812744
9.18,2.4148717880249024,2.788752222061157,2.7885720252990724
9.2,2.3702285289764404,2.890645980834961,2.8366379737854004
9.22,2.4029255390167235,2.816425848007202,2.7362042903900146
9.24,2.435622549057007,2.7422057151794434,2.6357706069946287
9.26,2.46831955909729,2.6679855823516845,2.5353369235992433
9.28,2.5010165691375734,2.593765449523926,2.4349032402038575
9.3,2.5337135791778564,2.519545316696167,2.3344695568084717
9.32,2.5005616664886476,2.593060827255249,2.456980657577515
9.34,2.4674097537994384,2.6665763378143312,2.5794917583465575
9.36,2.4342578411102296,2.740091848373413,2.7020028591156007
9.38,2.4011059284210203,2.813607358932495,2.8245139598846434
9.4,2.3679540157318115,2.887122869491577,2.9470250606536865
9.42,2.4099353790283202,2.83223352432251,2.8817942142486572
9.44,2.451916742324829,2.7773441791534426,2.816563367843628
9.46,2.493898105621338,2.722454833984375,2.7513325214385986
9.48,2.5358794689178468,2.6675654888153075,2.6861016750335693
9.5,2.5778608322143555,2.6126761436462402,2.62087082862854
9.52,2.6461278915405275,2.5940817832946776,2.6775875091552734
9.54,2.714394950866699,2.575487422943115,2.734304189682007
9.56,2.782662010192871,2.556893062591553,2.7910208702087402
9.58,2.850929069519043,2.5382987022399903,2.8477375507354736
9.6,2.919196128845215,2.5197043418884277,2.904454231262207
9.62,2.8454119682312013,2.546949863433838,2.8734620094299315
9.64,2.7716278076171874,2.574195384979248,2.8424697875976563
9.66,2.697843647003174,2.601440906524658,2.8114775657653808
9.68,2.62405948638916,2.6286864280700684,2.7804853439331056
9.7,2.5502753257751465,2.6559319496154785,2.74949312210083
9.72,2.5931493759155275,2.718925142288208,2.8166748046875
9.74,2.636023426055908,2.7819183349609373,2.88385648727417
9.76,2.678897476196289,2.844911527633667,2.9510381698608397
9.78,2.7217715263366697,2.9079047203063966,3.0182198524475097
9.8,2.764645576477051,2.970897912979126,3.0854015350341797
9.82,2.7377245903015135,2.8661229610443115,3.04561767578125
9.84,2.7108036041259767,2.761348009109497,3.0058338165283205
9.86,2.6838826179504394,2.6565730571746826,2.9660499572753904
9.88,2.6569616317749025,2.551798105239868,2.926266098022461
9.9,2.6300406455993652,2.4470231533050537,2.8864822387695312
9.92,2.5725943088531493,2.484825849533081,2.891213321685791
9.94,2.5151479721069334,2.5226285457611084,2.8959444046020506
9.96,2.457701635360718,2.5604312419891357,2.9006754875183107
9.98,2.400255298614502,2.598233938217163,2.9054065704345704
10.0,2.342808961868286,2.6360366344451904,2.91013765335083
10.02,2.403084659576416,2.6449724197387696,2.8187872886657717
10.04,2.4633603572845457,2.653908205032349,2.727436923980713
10.06,2.523636054992676,2.6628439903259276,2.6360865592956544
10.08,2.5839117527008058,2.6717797756195067,2.5447361946105955
10.1,2.6441874504089355,2.680715560913086,2.453385829925537
10.12,2.7560144901275634,2.634083890914917,2.49253511428833
10.14,2.8678415298461912,2.587452220916748,2.531684398651123
10.16,2.9796685695648195,2.5408205509185793,2.570833683013916
10.18,3.0914956092834474,2.4941888809204102,2.609982967376709
10.2,3.203322649002075,2.447557210922241,2.649132251739502
10.22,3.0308777332305907,2.4977610111236572,2.6254400253295898
10.24,2.8584328174591063,2.5479648113250732,2.6017477989196776
10.26,2.6859879016876222,2.5981686115264893,2.578055572509766
10.28,2.513542985916138,2.6483724117279053,2.5543633460998536
10.3,2.3410980701446533,2.6985762119293213,2.5306711196899414
10.32,2.4312493324279787,2.5978360176086426,2.580912399291992
10.34,2.5214005947113036,2.497095823287964,2.631153678894043
10.36,2.611551856994629,2.396355628967285,2.6813949584960937
10.38,2.701703119277954,2.2956154346466064,2.7316362380981447
10.4,2.7918543815612793,2.1948752403259277,2.7818775177001953
10.42,2.9323323249816893,2.2342270374298097,2.6933351516723634
10.44,3.0728102684020997,2.2735788345336916,2.6047927856445314
10.46,3.2132882118225097,2.312930631637573,2.516250419616699
10.48,3.35376615524292,2.352282428741455,2.427708053588867
10.5,3.49424409866333,2.391634225845337,2.339165687561035
10.52,3.3369935035705565,2.37994384765625,2.4694655895233155
10.54,3.1797429084777833,2.368253469467163,2.599765491485596
10.56,3.0224923133850097,2.356563091278076,2.730065393447876
10.58,2.8652417182922365,2.3448727130889893,2.860365295410156
10.6,2.707991123199463,2.3331823348999023,2.9906651973724365
10.62,2.710220146179199,2.354983758926392,2.9379860877990724
10.64,2.7124491691589356,2.3767851829528808,2.885306978225708
10.66,2.714678192138672,2.39858660697937,2.832627868652344
10.68,2.7169072151184084,2.420388031005859,2.7799487590789793
10.7,2.7191362380981445,2.4421894550323486,2.7272696495056152
10.72,2.691910982131958,2.453381824493408,2.7380319595336915
10.74,2.6646857261657715,2.464574193954468,2.7487942695617678
10.76,2.637460470199585,2.4757665634155273,2.7595565795898436
10.78,2.6102352142333984,2.486958932876587,2.77031888961792
10.8,2.583009958267212,2.4981513023376465,2.781081199645996
10.82,2.6745651721954347,2.5175785541534426,2.7474296569824217
10.84,2.7661203861236574,2.537005805969238,2.7137781143188477
10.86,2.8576756000518797,2.5564330577850343,2.6801265716552733
10.88,2.9492308139801025,2.57586030960083,2.6464750289916994
10.9,3.040786027908325,2.595287561416626,2.612823486328125
10.92,3.000998115539551,2.5919103622436523,2.536038875579834
10.94,2.9612102031707765,2.5885331630706787,2.459254264831543
10.96,2.9214222908020018,2.585155963897705,2.382469654083252
10.98,2.8816343784332275,2.5817787647247314,2.305685043334961
11.0,2.841846466064453,2.578401565551758,2.22890043258667
11.02,2.715557813644409,2.595561456680298,2.3513296127319334
11.04,2.5892691612243652,2.612721347808838,2.4737587928771974
11.06,2.4629805088043213,2.629881238937378,2.596187973022461
11.08,2.3366918563842773,2.647041130065918,2.718617153167725
11.1,2.2104032039642334,2.664201021194458,2.8410463333129883
11.12,2.4529675483703612,2.615690755844116,2.9722553730010985
11.14,2.695531892776489,2.5671804904937745,3.103464412689209
11.16,2.9380962371826174,2.5186702251434325,3.2346734523773195
11.18,3.180660581588745,2.470159959793091,3.3658824920654298
11.2,3.423224925994873,2.421649694442749,3.49709153175354
11.22,3.317405414581299,2.4992165088653566,3.302528953552246
11.24,3.2115859031677245,2.576783323287964,3.1079663753509523
11.26,3.1057663917541505,2.6543501377105714,2.913403797149658
11.28,2.999946880340576,2.7319169521331785,2.718841218948364
11.3,2.894127368927002,2.809483766555786,2.5242786407470703
11.32,2.8778632164001463,2.777884006500244,2.5970433235168455
11.34,2.861599063873291,2.746284246444702,2.669808006286621
11.36,2.8453349113464355,2.71468448638916,2.7425726890563964
11.38,2.8290707588195803,2.683084726333618,2.815337371826172
11.4,2.8128066062927246,2.651484966278076,2.8881020545959473
11.42,2.690842866897583,2.7130997657775877,2.8080777645111086
11.44,2.5688791275024414,2.7747145652770997,2.7280534744262694
11.46,2.4469153881073,2.8363293647766112,2.6480291843414308
11.48,2.324951648712158,2.8979441642761232,2.5680048942565916
11.5,2.2029879093170166,2.9595589637756348,2.487980604171753
11.52,2.3028693199157715,2.829079818725586,2.555290365219116
11.54,2.4027507305145264,2.698600673675537,2.6226001262664793
11.56,2.5026321411132812,2.5681215286254884,2.689909887313843
11.58,2.602513551712036,2.4376423835754393,2.757219648361206
11.6,2.702394962310791,2.3071632385253906,2.8245294094085693
11.62,2.764484405517578,2.402051019668579,2.7759110927581787
11.64,2.8265738487243652,2.4969388008117677,2.727292776107788
11.66,2.8886632919311523,2.591826581954956,2.6786744594573975
11.68,2.9507527351379395,2.6867143630981447,2.630056142807007
11.7,3.0128421783447266,2.781602144241333,2.581437826156616
11.72,2.8691864967346192,2.7558131217956543,2.5638617515563964
11.74,2.725530815124512,2.7300240993499756,2.5462856769561766
11.76,2.581875133514404,2.704235076904297,2.528709602355957
11.78,2.438219451904297,2.678446054458618,2.5111335277557374
11.8,2.2945637702941895,2.6526570320129395,2.4935574531555176
11.82,2.2865381240844727,2.654740333557129,2.474389839172363
11.84,2.278512477874756,2.6568236351013184,2.455222225189209
11.86,2.270486831665039,2.658906936645508,2.4360546112060546
11.88,2.2624611854553223,2.6609902381896973,2.4168869972229006
11.9,2.2544355392456055,2.6630735397338867,2.397719383239746
11.92,2.3638892650604246,2.599305820465088,2.416406011581421
11.94,2.4733429908752442,2.535538101196289,2.435092639923096
11.96,2.5827967166900634,2.4717703819274903,2.4537792682647703
11.98,2.692250442504883,2.4080026626586912,2.4724658966064452
12.0,2.801704168319702,2.3442349433898926,2.49115252494812
12.02,2.7677123069763185,2.357392501831055,2.5570702075958254
12.04,2.7337204456329345,2.3705500602722167,2.62298789024353
12.06,2.699728584289551,2.383707618713379,2.6889055728912354
12.08,2.665736722946167,2.396865177154541,2.7548232555389403
12.1,2.631744861602783,2.410022735595703,2.8207409381866455
12.12,2.612415647506714,2.405690336227417,2.791974925994873
12.14,2.5930864334106447,2.4013579368591307,2.7632089138031004
12.16,2.573757219314575,2.397025537490845,2.7344429016113283
12.18,2.5544280052185058,2.3926931381225587,2.7056768894195558
12.2,2.5350987911224365,2.3883607387542725,2.676910877227783
12.22,2.6114731788635255,2.4281625270843508,2.6562500476837156
12.24,2.6878475666046144,2.4679643154144286,2.6355892181396485
12.26,2.764221954345703,2.507766103744507,2.614928388595581
12.28,2.840596342086792,2.547567892074585,2.594267559051514
12.3,2.916970729827881,2.587369680404663,2.5736067295074463
12.32,2.834851121902466,2.4602761030197144,2.708665370941162
12.34,2.752731513977051,2.333182525634766,2.843724012374878
12.36,2.6706119060516356,2.2060889482498167,2.9787826538085938
12.38,2.5884922981262206,2.078995370864868,3.1138412952423096
12.4,2.5063726902008057,1.9519017934799194,3.2488999366760254
12.42,2.5172591686248778,2.010735034942627,3.221298027038574
12.44,2.5281456470489503,2.0695682764053345,3.193696117401123
12.46,2.5390321254730224,2.128401517868042,3.166094207763672
12.48,2.549918603897095,2.1872347593307495,3.138492298126221
12.5,2.560805082321167,2.246068000793457,3.1108903884887695
12.52,2.6018679618835447,2.2695077419281007,3.0410924434661863
12.54,2.642930841445923,2.2929474830627443,2.9712944984436036
12.56,2.6839937210083007,2.3163872241973875,2.9014965534210204
12.58,2.725056600570679,2.339826965332031,2.8316986083984377
12.6,2.7661194801330566,2.363266706466675,2.7619006633758545
12.62,2.7864529132843017,2.3645753383636476,2.8101916313171387
12.64,2.8067863464355467,2.36588397026062,2.858482599258423
12.66,2.827119779586792,2.367192602157593,2.906773567199707
12.68,2.847453212738037,2.3685012340545653,2.955064535140991
12.7,2.8677866458892822,2.369809865951538,3.0033555030822754
12.72,2.827229881286621,2.4331477165222166,2.8841013431549074
12.74,2.78667311668396,2.4964855670928956,2.764847183227539
12.76,2.746116352081299,2.559823417663574,2.645593023300171
12.78,2.705559587478638,2.623161268234253,2.5263388633728026
12.8,2.6650028228759766,2.6864991188049316,2.4070847034454346
12.82,2.7371053218841555,2.728585958480835,2.3956717967987062
12.84,2.809207820892334,2.7706727981567383,2.3842588901519775
12.86,2.881310319900513,2.8127596378326416,2.372845983505249
12.88,2.9534128189086912,2.854846477508545,2.3614330768585203
12.9,3.02551531791687,2.8969333171844482,2.350020170211792
12.92,2.975578451156616,2.8092125415802003,2.340420627593994
12.94,2.925641584396362,2.7214917659759523,2.330821084976196
12.96,2.8757047176361086,2.633770990371704,2.3212215423583986
12.98,2.8257678508758546,2.546050214767456,2.3116219997406007
13.0,2.7758309841156006,2.458329439163208,2.3020224571228027
13.02,2.733030319213867,2.4211575031280517,2.3671738147735595
13.04,2.690229654312134,2.3839855670928953,2.4323251724243162
13.06,2.6474289894104004,2.3468136310577394,2.4974765300750734
13.08,2.604628324508667,2.309641695022583,2.56262788772583
13.1,2.5618276596069336,2.2724697589874268,2.627779245376587
13.12,2.55011305809021,2.3701385498046874,2.637105178833008
13.14,2.5383984565734865,2.467807340621948,2.6464311122894286
13.16,2.5266838550567625,2.565476131439209,2.6557570457458497
13.18,2.514969253540039,2.66314492225647,2.6650829792022703
13.2,2.5032546520233154,2.7608137130737305,2.6744089126586914
13.22,2.59558482170105,2.776264476776123,2.7285632133483886
13.24,2.687914991378784,2.7917152404785157,2.7827175140380858
13.26,2.7802451610565186,2.807166004180908,2.8368718147277834
13.28,2.8725753307342528,2.822616767883301,2.8910261154174806
13.3,2.9649055004119873,2.8380675315856934,2.9451804161071777
13.32,2.8291699409484865,2.837059831619263,2.909033441543579
13.34,2.6934343814849853,2.836052131652832,2.8728864669799803
13.36,2.5576988220214845,2.835044431686401,2.836739492416382
13.38,2.421963262557983,2.8340367317199706,2.8005925178527833
13.4,2.2862277030944824,2.83302903175354,2.7644455432891846
13.42,2.2979039192199706,2.835675668716431,2.7495444297790526
13.44,2.309580135345459,2.838322305679321,2.734643316268921
13.46,2.3212563514709474,2.840968942642212,2.719742202758789
13.48,2.3329325675964356,2.8436155796051024,2.7048410892486574
13.5,2.344608783721924,2.846262216567993,2.6899399757385254
13.52,2.4280860900878904,2.777234172821045,2.6652875900268556
13.54,2.5115633964538575,2.708206129074097,2.6406352043151857
13.56,2.595040702819824,2.6391780853271483,2.6159828186035154
13.58,2.678518009185791,2.5701500415802,2.5913304328918456
13.6,2.761995315551758,2.501121997833252,2.566678047180176
13.62,2.695604133605957,2.485140562057495,2.7168200969696046
13.64,2.6292129516601563,2.4691591262817383,2.8669621467590334
13.66,2.5628217697143554,2.4531776905059814,3.0171041965484617
13.68,2.496430587768555,2.4371962547302246,3.1672462463378905
13.7,2.430039405822754,2.4212148189544678,3.3173882961273193
13.72,2.4641860008239744,2.39563889503479,3.124008560180664
13.74,2.4983325958251954,2.370062971115112,2.9306288242340086
13.76,2.532479190826416,2.3444870471954347,2.7372490882873537
13.78,2.566625785827637,2.3189111232757567,2.5438693523406983
13.8,2.6007723808288574,2.293335199356079,2.350489616394043
13.82,2.586850070953369,2.4714024543762205,2.506420135498047
13.84,2.5729277610778807,2.6494697093963624,2.662350654602051
13.86,2.5590054512023928,2.827536964416504,2.8182811737060547
13.88,2.5450831413269044,3.0056042194366457,2.9742116928100586
13.9,2.531160831451416,3.183671474456787,3.1301422119140625
13.92,2.6524370193481444,3.0586256980895996,3.028803253173828
13.94,2.773713207244873,2.933579921722412,2.9274642944335936
13.96,2.8949893951416015,2.8085341453552246,2.8261253356933596
13.98,3.0162655830383303,2.683488368988037,2.724786376953125
14.0,3.1375417709350586,2.5584425926208496,2.6234474182128906
14.02,3.125067043304443,2.506477451324463,2.63939790725708
14.04,3.112592315673828,2.4545123100280763,2.6553483963012696
14.06,3.100117588043213,2.4025471687316893,2.671298885345459
14.08,3.087642860412598,2.3505820274353026,2.6872493743896486
14.1,3.0751681327819824,2.298616886138916,2.703199863433838
14.12,2.999572277069092,2.442179727554321,2.775441598892212
14.14,2.923976421356201,2.5857425689697267,2.847683334350586
14.16,2.8483805656433105,2.7293054103851317,2.91992506980896
14.18,2.77278470993042,2.8728682518005373,2.992166805267334
14.2,2.6971888542175293,3.0164310932159424,3.064408540725708
14.22,2.7820477962493895,2.883196544647217,2.989841938018799
14.24,2.86690673828125,2.749961996078491,2.9152753353118896
14.26,2.9517656803131103,2.6167274475097657,2.8407087326049805
14.28,3.036624622344971,2.48349289894104,2.7661421298980713
14.3,3.121483564376831,2.3502583503723145,2.691575527191162
14.32,3.043793487548828,2.4488082408905028,2.691396379470825
14.34,2.9661034107208253,2.5473581314086915,2.691217231750488
14.36,2.888413333892822,2.64590802192688,2.6910380840301515
14.38,2.8107232570648195,2.7444579124450685,2.6908589363098145
14.4,2.7330331802368164,2.843007802963257,2.6906797885894775
14.42,2.7016690254211424,2.7375156402587892,2.657829189300537
14.44,2.670304870605469,2.632023477554321,2.6249785900115965
14.46,2.638940715789795,2.5265313148498536,2.5921279907226564
14.48,2.6075765609741213,2.4210391521453856,2.559277391433716
14.5,2.5762124061584473,2.315546989440918,2.5264267921447754
14.52,2.5514504432678224,2.389861488342285,2.566221904754639
14.54,2.526688480377197,2.464175987243652,2.606017017364502
14.56,2.5019265174865724,2.5384904861450197,2.6458121299743653
14.58,2.477164554595947,2.612804985046387,2.6856072425842283
14.6,2.4524025917053223,2.687119483947754,2.725402355194092
14.62,2.5223264694213867,2.674616289138794,2.7299949169158935
14.64,2.592250347137451,2.662113094329834,2.734587478637695
14.66,2.6621742248535156,2.649609899520874,2.7391800403594972
14.68,2.73209810256958,2.637106704711914,2.743772602081299
14.7,2.8020219802856445,2.624603509902954,2.7483651638031006
14.72,2.8114369392395018,2.702060031890869,2.75953631401062
14.74,2.8208518981933595,2.7795165538787843,2.7707074642181397
14.76,2.8302668571472167,2.856973075866699,2.781878614425659
14.78,2.8396818161010744,2.9344295978546144,2.793049764633179
14.8,2.8490967750549316,3.0118861198425293,2.8042209148406982
14.82,2.919992971420288,2.9582833290100097,2.78515682220459
14.84,2.9908891677856446,2.90468053817749,2.7660927295684816
14.86,3.061785364151001,2.851077747344971,2.747028636932373
14.88,3.1326815605163576,2.7974749565124513,2.7279645442962646
14.9,3.203577756881714,2.7438721656799316,2.7089004516601562
14.92,2.9700497150421143,2.7099398612976073,2.721635627746582
14.94,2.736521673202515,2.676007556915283,2.734370803833008
14.96,2.502993631362915,2.642075252532959,2.7471059799194335
14.98,2.2694655895233153,2.608142948150635,2.7598411560058596
15.0,2.035937547683716,2.5742106437683105,2.772576332092285
15.02,2.1381967544555662,2.6030619621276854,2.7864426136016847
15.04,2.240455961227417,2.6319132804870606,2.800308895111084
15.06,2.3427151679992675,2.6607645988464355,2.814175176620483
15.08,2.4449743747711183,2.6896159172058107,2.8280414581298827
15.1,2.5472335815429688,2.7184672355651855,2.8419077396392822
15.12,2.4980185508728026,2.724497842788696,2.7541907787323
15.14,2.448803520202637,2.730528450012207,2.6664738178253176
15.16,2.3995884895324706,2.7365590572357177,2.578756856918335
15.18,2.350373458862305,2.7425896644592287,2.4910398960113525
15.2,2.3011584281921387,2.7486202716827393,2.40332293510437
15.22,2.388180160522461,2.6866217613220216,2.5052650928497315
15.24,2.475201892852783,2.624623250961304,2.607207250595093
15.26,2.5622236251831056,2.5626247406005858,2.709149408340454
15.28,2.649245357513428,2.500626230239868,2.8110915660858153
15.3,2.73626708984375,2.4386277198791504,2.9130337238311768
15.32,2.7192256927490233,2.5035359859466553,2.845928764343262
15.34,2.702184295654297,2.56844425201416,2.778823804855347
15.36,2.6851428985595702,2.633352518081665,2.7117188453674315
15.38,2.668101501464844,2.69826078414917,2.6446138858795165
15.4,2.651060104370117,2.763169050216675,2.5775089263916016
15.42,2.695684289932251,2.768224000930786,2.6322121143341066
15.44,2.740308475494385,2.7732789516448975,2.6869153022766112
15.46,2.7849326610565184,2.778333902359009,2.7416184902191163
15.48,2.8295568466186523,2.78338885307312,2.796321678161621
15.5,2.874181032180786,2.7884438037872314,2.851024866104126
15.52,2.9061186790466307,2.731017541885376,2.79496545791626
15.54,2.9380563259124757,2.6735912799835204,2.7389060497283935
15.56,2.9699939727783202,2.616165018081665,2.6828466415405274
15.58,3.001931619644165,2.5587387561798094,2.626787233352661
15.6,3.0338692665100098,2.501312494277954,2.570727825164795
15.62,3.002400827407837,2.5270352363586426,2.6070555210113526
15.64,2.970932388305664,2.552757978439331,2.6433832168579103
15.66,2.9394639492034913,2.5784807205200195,2.6797109127044676
15.68,2.907995510101318,2.604203462600708,2.7160386085510253
15.7,2.8765270709991455,2.6299262046813965,2.752366304397583
15.72,2.88381404876709,2.596349334716797,2.7876436710357666
15.74,2.891101026535034,2.5627724647521974,2.82292103767395
15.76,2.8983880043029786,2.5291955947875975,2.858198404312134
15.78,2.9056749820709227,2.495618724822998,2.8934757709503174
15.8,2.912961959838867,2.4620418548583984,2.928753137588501
15.82,3.0962732791900636,2.496705198287964,2.9130598068237306
15.84,3.27958459854126,2.531368541717529,2.89736647605896
15.86,3.462895917892456,2.566031885147095,2.8816731452941893
15.88,3.6462072372436523,2.6006952285766602,2.865979814529419
15.9,3.8295185565948486,2.6353585720062256,2.8502864837646484
15.92,3.6117977142333983,2.5619097709655763,2.844986915588379
15.94,3.394076871871948,2.488460969924927,2.8396873474121094
15.96,3.1763560295104982,2.415012168884277,2.83438777923584
15.98,2.958635187149048,2.341563367843628,2.8290882110595703
16.0,2.7409143447875977,2.2681145668029785,2.823788642883301
16.02,2.742088031768799,2.299329423904419,2.836048698425293
16.04,2.74326171875,2.330544281005859,2.8483087539672853
16.06,2.7444354057312013,2.3617591381073,2.860568809509277
16.08,2.745609092712402,2.3929739952087403,2.8728288650512694
16.1,2.7467827796936035,2.4241888523101807,2.8850889205932617
16.12,2.7194175243377687,2.4556437492370606,2.9557238101959227
16.14,2.6920522689819335,2.4870986461639406,3.026358699798584
16.16,2.6646870136260987,2.51855354309082,3.096993589401245
16.18,2.6373217582702635,2.5500084400177,3.1676284790039064
16.2,2.6099565029144287,2.58146333694458,3.2382633686065674
16.22,2.6509127616882324,2.6154333114624024,3.0605659961700438
16.24,2.691869020462036,2.649403285980225,2.8828686237335206
16.26,2.73282527923584,2.6833732604980467,2.705171251296997
16.28,2.7737815380096436,2.717343235015869,2.527473878860474
16.3,2.8147377967834473,2.7513132095336914,2.34977650642395
16.32,2.80991153717041,2.6999531269073485,2.4694469451904295
16.34,2.805085277557373,2.648593044281006,2.5891173839569093
16.36,2.800259017944336,2.597232961654663,2.7087878227233886
16.38,2.795432758331299,2.5458728790283205,2.8284582614898683
16.4,2.7906064987182617,2.4945127964019775,2.9481287002563477
16.42,2.777699089050293,2.5127542495727537,2.9352590084075927
16.44,2.7647916793823244,2.5309957027435304,2.9223893165588377
16.46,2.7518842697143553,2.5492371559143066,2.909519624710083
16.48,2.7389768600463866,2.567478609085083,2.896649932861328
16.5,2.726069450378418,2.5857200622558594,2.8837802410125732
16.52,2.720060682296753,2.5802884101867676,2.764376401901245
16.54,2.714051914215088,2.574856758117676,2.644972562789917
16.56,2.7080431461334227,2.569425106048584,2.525568723678589
16.58,2.7020343780517577,2.563993453979492,2.4061648845672607
16.6,2.6960256099700928,2.5585618019104004,2.2867610454559326
16.62,2.6677577972412108,2.5023021697998047,2.3583736419677734
16.64,2.639489984512329,2.446042537689209,2.4299862384796143
16.66,2.611222171783447,2.3897829055786133,2.501598834991455
16.68,2.5829543590545656,2.3335232734680176,2.573211431503296
16.7,2.5546865463256836,2.277263641357422,2.6448240280151367
16.72,2.6226378440856934,2.325314235687256,2.649036502838135
16.74,2.6905891418457033,2.3733648300170898,2.653248977661133
16.76,2.7585404396057127,2.421415424346924,2.6574614524841307
16.78,2.8264917373657226,2.4694660186767576,2.661673927307129
16.8,2.8944430351257324,2.517516613006592,2.665886402130127
16.82,2.8560362815856934,2.4701706409454345,2.646929931640625
16.84,2.8176295280456545,2.422824668884277,2.627973461151123
16.86,2.779222774505615,2.3754786968231203,2.609016990661621
16.88,2.740816020965576,2.328132724761963,2.590060520172119
16.9,2.702409267425537,2.2807867527008057,2.571104049682617
16.92,2.7886553764343263,2.314008378982544,2.6449400424957275
16.94,2.8749014854431154,2.347230005264282,2.7187760353088377
16.96,2.961147594451904,2.3804516315460207,2.7926120281219484
16.98,3.0473937034606933,2.413673257827759,2.8664480209350587
17.0,3.1336398124694824,2.446894884109497,2.940284013748169
17.02,3.097218418121338,2.4999678134918213,2.885141468048096
17.04,3.060797023773193,2.5530407428741455,2.8299989223480226
17.06,3.024375629425049,2.6061136722564697,2.774856376647949
17.08,2.9879542350769044,2.659186601638794,2.719713830947876
17.1,2.9515328407287598,2.712259531021118,2.6645712852478027
17.12,2.892586421966553,2.644153356552124,2.6885780334472655
17.14,2.8336400032043456,2.57604718208313,2.7125847816467283
17.16,2.7746935844421388,2.5079410076141357,2.7365915298461916
17.18,2.7157471656799315,2.4398348331451416,2.7605982780456544
17.2,2.6568007469177246,2.3717286586761475,2.784605026245117
17.22,2.587430477142334,2.342558193206787,2.6926275730133056
17.24,2.5180602073669434,2.313387727737427,2.600650119781494
17.26,2.4486899375915527,2.2842172622680663,2.508672666549683
17.28,2.379319667816162,2.2550467967987062,2.416695213317871
17.3,2.3099493980407715,2.2258763313293457,2.3247177600860596
17.32,2.362059307098389,2.279652404785156,2.3664108753204345
17.34,2.4141692161560058,2.333428478240967,2.4081039905548094
17.36,2.466279125213623,2.3872045516967773,2.4497971057891847
17.38,2.51838903427124,2.440980625152588,2.4914902210235597
17.4,2.5704989433288574,2.4947566986083984,2.5331833362579346
17.42,2.646162414550781,2.461435079574585,2.5215396881103516
17.44,2.721825885772705,2.4281134605407715,2.5098960399627686
17.46,2.797489356994629,2.394791841506958,2.4982523918151855
17.48,2.873152828216553,2.3614702224731445,2.4866087436676025
17.5,2.9488162994384766,2.328148603439331,2.4749650955200195
17.52,2.8727632999420165,2.385203504562378,2.4694341659545898
17.54,2.7967103004455565,2.4422584056854246,2.46390323638916
17.56,2.720657300949097,2.499313306808472,2.4583723068237306
17.58,2.644604301452637,2.5563682079315186,2.452841377258301
17.6,2.5685513019561768,2.6134231090545654,2.447310447692871
17.62,2.5577281951904296,2.667114734649658,2.486808109283447
17.64,2.5469050884246824,2.720806360244751,2.5263057708740235
17.66,2.5360819816589357,2.7744979858398438,2.5658034324645995
17.68,2.5252588748931886,2.8281896114349365,2.605301094055176
17.7,2.5144357681274414,2.8818812370300293,2.644798755645752
17.72,2.582173728942871,2.809547853469849,2.6283547401428224
17.74,2.6499116897583006,2.737214469909668,2.6119107246398925
17.76,2.7176496505737306,2.6648810863494874,2.595466709136963
17.78,2.7853876113891602,2.5925477027893065,2.579022693634033
17.8,2.85312557220459,2.520214319229126,2.5625786781311035
17.82,2.8166993141174315,2.5956214904785155,2.6727747917175293
17.84,2.7802730560302735,2.671028661727905,2.782970905303955
17.86,2.743846797943115,2.746435832977295,2.893167018890381
17.88,2.707420539855957,2.8218430042266847,3.0033631324768066
17.9,2.670994281768799,2.897250175476074,3.1135592460632324
17.92,2.717147636413574,2.8560767650604246,2.939129686355591
17.94,2.7633009910583497,2.8149033546447755,2.7647001266479494
17.96,2.809454345703125,2.773729944229126,2.5902705669403074
17.98,2.8556077003479006,2.7325565338134767,2.415841007232666
18.0,2.901761054992676,2.691383123397827,2.2414114475250244
18.02,2.846163606643677,2.6825293064117433,2.275831365585327
18.04,2.790566158294678,2.6736754894256594,2.3102512836456297
18.06,2.7349687099456785,2.664821672439575,2.344671201705933
18.08,2.6793712615966796,2.655967855453491,2.3790911197662354
18.1,2.6237738132476807,2.6471140384674072,2.413511037826538
18.12,2.9907999992370606,2.6074499130249023,2.3887779712677
18.14,3.3578261852264406,2.5677857875823973,2.3640449047088623
18.16,3.72485237121582,2.5281216621398928,2.3393118381500244
18.18,4.0918785572052006,2.488457536697388,2.3145787715911865
18.2,4.45890474319458,2.448793411254883,2.2898457050323486
18.22,4.363854551315308,2.438715124130249,2.414473295211792
18.24,4.268804359436035,2.428636837005615,2.5391008853912354
18.26,4.173754167556763,2.4185585498809816,2.6637284755706787
18.28,4.07870397567749,2.4084802627563477,2.788356065750122
18.3,3.9836537837982178,2.398401975631714,2.9129836559295654
18.32,4.041953372955322,2.42883186340332,2.869914722442627
18.34,4.100252962112426,2.459261751174927,2.8268457889556884
18.36,4.158552551269532,2.489691638946533,2.78377685546875
18.38,4.216852140426636,2.52012152671814,2.7407079219818113
18.4,4.27515172958374,2.550551414489746,2.697638988494873
18.42,4.067873954772949,2.5322972774505614,2.761832284927368
18.44,3.860596179962158,2.5140431404113768,2.8260255813598634
18.46,3.653318405151367,2.4957890033721926,2.8902188777923583
18.48,3.446040630340576,2.477534866333008,2.9544121742248537
18.5,3.238762855529785,2.4592807292938232,3.0186054706573486
18.52,3.465729904174805,2.4987027168273928,3.0691255569458007
18.54,3.692696952819824,2.538124704360962,3.1196456432342528
18.56,3.919664001464844,2.5775466918945313,3.1701657295227053
18.58,4.146631050109863,2.6169686794281004,3.2206858158111573
18.6,4.373598098754883,2.65639066696167,3.2712059020996094
18.62,4.11395378112793,2.611622524261475,3.1351479053497315
18.64,3.8543094635009765,2.566854381561279,2.9990899085998537
18.66,3.5946651458740235,2.522086238861084,2.8630319118499754
18.68,3.33502082824707,2.4773180961608885,2.7269739151000976
18.7,3.075376510620117,2.4325499534606934,2.5909159183502197
18.72,3.3312530517578125,2.439515399932861,2.6056111335754393
18.74,3.587129592895508,2.4464808464050294,2.6203063488006593
18.76,3.843006134033203,2.453446292877197,2.635001564025879
18.78,4.098882675170898,2.4604117393493654,2.649696779251099
18.8,4.354759216308594,2.467377185821533,2.6643919944763184
18.82,4.1729044914245605,2.470889139175415,2.575522613525391
18.84,3.9910497665405273,2.474401092529297,2.486653232574463
18.86,3.809195041656494,2.4779130458831786,2.3977838516235352
18.88,3.627340316772461,2.4814249992370607,2.3089144706726072
18.9,3.4454855918884277,2.4849369525909424,2.2200450897216797
18.92,3.475697135925293,2.5110207557678224,2.245954418182373
18.94,3.5059086799621584,2.5371045589447023,2.2718637466430662
18.96,3.5361202239990233,2.563188362121582,2.29777307510376
18.98,3.5663317680358886,2.589272165298462,2.323682403564453
19.0,3.596543312072754,2.615355968475342,2.3495917320251465
19.02,3.713670539855957,2.625536489486694,2.3849677085876464
19.04,3.8307977676391602,2.635717010498047,2.4203436851501463
19.06,3.947924995422363,2.6458975315093993,2.4557196617126467
19.08,4.065052223205567,2.656078052520752,2.4910956382751466
19.1,4.1821794509887695,2.6662585735321045,2.5264716148376465
19.12,3.7954097747802735,2.6041203498840333,2.5993144512176514
19.14,3.4086400985717775,2.541982126235962,2.6721572875976562
19.16,3.021870422363281,2.4798439025878904,2.745000123977661
19.18,2.635100746154785,2.4177056789398192,2.817842960357666
19.2,2.248331069946289,2.355567455291748,2.890685796737671
19.22,2.4484347343444823,2.4118266105651855,2.910817337036133
19.24,2.6485383987426756,2.468085765838623,2.9309488773345946
19.26,2.8486420631408693,2.5243449211120605,2.9510804176330567
19.28,3.0487457275390626,2.580604076385498,2.9712119579315184
19.3,3.248849391937256,2.6368632316589355,2.9913434982299805
19.32,3.183669376373291,2.69198956489563,2.9258488178253175
19.34,3.1184893608093263,2.747115898132324,2.8603541374206545
19.36,3.0533093452453612,2.8022422313690187,2.794859457015991
19.38,2.9881293296813967,2.857368564605713,2.729364776611328
19.4,2.9229493141174316,2.9124948978424072,2.663870096206665
19.42,2.8862545013427736,2.7789236068725587,2.6290262222290037
19.44,2.849559688568115,2.64535231590271,2.594182348251343
19.46,2.812864875793457,2.511781024932861,2.5593384742736816
19.48,2.7761700630187987,2.3782097339630126,2.5244946002960207
19.5,2.7394752502441406,2.244638442993164,2.4896507263183594
19.52,2.7179903030395507,2.302577590942383,2.4807020664215087
19.54,2.6965053558349608,2.3605167388916017,2.471753406524658
19.56,2.6750204086303713,2.41845588684082,2.462804746627808
19.58,2.6535354614257813,2.476395034790039,2.453856086730957
19.6,2.6320505142211914,2.534334182739258,2.4449074268341064
19.62,2.7320595264434813,2.5490255832672117,2.502344512939453
19.64,2.8320685386657716,2.563716983795166,2.5597815990447996
19.66,2.9320775508880614,2.57840838432312,2.6172186851501467
19.68,3.0320865631103517,2.5930997848510744,2.6746557712554933
19.7,3.1320955753326416,2.6077911853790283,2.73209285736084
19.72,3.3776846885681153,2.569865322113037,2.694719409942627
19.74,3.623273801803589,2.531939458847046,2.6573459625244142
19.76,3.8688629150390623,2.4940135955810545,2.619972515106201
19.78,4.1144520282745365,2.4560877323150634,2.582599067687988
19.8,4.36004114151001,2.4181618690490723,2.5452256202697754
19.82,3.978920650482178,2.4266232013702393,2.52325644493103
19.84,3.5978001594543456,2.4350845336914064,2.501287269592285
19.86,3.2166796684265138,2.443545866012573,2.47931809425354
19.88,2.8355591773986815,2.45200719833374,2.457348918914795
19.9,2.4544386863708496,2.4604685306549072,2.43537974357605
19.92,2.6910430908203127,2.5039969444274903,2.5600790977478027
19.94,2.9276474952697753,2.5475253582000734,2.6847784519195557
19.96,3.1642518997192384,2.591053771972656,2.8094778060913086
19.98,3.400856304168701,2.634582185745239,2.9341771602630615
20.0,3.637460708618164,2.6781105995178223,3.0588765144348145
20.02,3.47672061920166,2.62445387840271,3.059454107284546
20.04,3.3159805297851563,2.570797157287598,3.060031700134277
20.06,3.1552404403686523,2.517140436172485,3.060609292984009
20.08,2.9945003509521486,2.463483715057373,3.0611868858337403
20.1,2.8337602615356445,2.4098269939422607,3.0617644786834717
20.12,2.7725662708282472,2.3818739891052245,3.076275444030762
20.14,2.7113722801208495,2.3539209842681883,3.090786409378052
20.16,2.6501782894134522,2.3259679794311525,3.1052973747253416
20.18,2.5889842987060545,2.2980149745941163,3.1198083400726317
20.2,2.5277903079986572,2.27006196975708,3.134319305419922
20.22,2.5550715923309326,2.353585195541382,3.113536024093628
20.24,2.582352876663208,2.4371084213256835,3.092752742767334
20.26,2.6096341609954834,2.5206316471099854,3.07196946144104
20.28,2.636915445327759,2.604154872894287,3.051186180114746
20.3,2.664196729660034,2.687678098678589,3.030402898788452
20.32,2.6234930038452147,2.615891933441162,2.8920264720916746
20.34,2.5827892780303956,2.5441057682037354,2.7536500453948975
20.36,2.542085552215576,2.4723196029663086,2.61527361869812
20.38,2.501381826400757,2.400533437728882,2.476897192001343
20.4,2.4606781005859375,2.328747272491455,2.3385207653045654
20.42,2.588430404663086,2.3364250659942627,2.369090700149536
20.44,2.7161827087402344,2.3441028594970703,2.3996606349945067
20.46,2.843935012817383,2.351780652999878,2.4302305698394777
20.48,2.9716873168945312,2.3594584465026855,2.4608005046844483
20.5,3.0994396209716797,2.367136240005493,2.491370439529419
20.52,3.132477283477783,2.36942138671875,2.5472269535064695
20.54,3.1655149459838867,2.3717065334320067,2.6030834674835206
20.56,3.1985526084899902,2.373991680145264,2.658939981460571
20.58,3.2315902709960938,2.3762768268585206,2.7147964954376222
20.6,3.2646279335021973,2.3785619735717773,2.770653009414673
20.62,3.068514108657837,2.425607109069824,2.736319732666016
20.64,2.8724002838134766,2.472652244567871,2.7019864559173583
20.66,2.676286458969116,2.519697380065918,2.6676531791687013
20.68,2.480172634124756,2.566742515563965,2.6333199024200438
20.7,2.2840588092803955,2.6137876510620117,2.5989866256713867
20.72,2.315745496749878,2.5777157306671143,2.576198625564575
20.74,2.34743218421936,2.541643810272217,2.5534106254577638
20.76,2.379118871688843,2.505571889877319,2.530622625350952
20.78,2.4108055591583253,2.469499969482422,2.507834625244141
20.8,2.4424922466278076,2.4334280490875244,2.485046625137329
20.82,2.435995006561279,2.4775760650634764,2.5263883590698244
20.84,2.429497766494751,2.521724081039429,2.5677300930023192
20.86,2.423000526428223,2.5658720970153808,2.6090718269348145
20.88,2.4165032863616944,2.610020112991333,2.6504135608673094
20.9,2.410006046295166,2.654168128967285,2.6917552947998047
20.92,2.526152992248535,2.649336242675781,2.5684054374694822
20.94,2.642299938201904,2.644504356384277,2.4450555801391602
20.96,2.7584468841552736,2.6396724700927736,2.321705722808838
20.98,2.8745938301086427,2.6348405838012696,2.198355865478516
21.0,2.9907407760620117,2.6300086975097656,2.0750060081481934
21.02,2.9572794914245604,2.6243069648742674,2.2598424911499024
21.04,2.9238182067871095,2.6186052322387696,2.4446789741516115
21.06,2.890356922149658,2.6129034996032714,2.62951545715332
21.08,2.856895637512207,2.6072017669677736,2.814351940155029
21.1,2.823434352874756,2.6015000343322754,2.9991884231567383
21.12,2.8261457443237306,2.6090440273284914,2.9487654685974123
21.14,2.8288571357727053,2.616588020324707,2.898342514038086
21.16,2.8315685272216795,2.624132013320923,2.84791955947876
21.18,2.834279918670654,2.6316760063171385,2.7974966049194334
21.2,2.836991310119629,2.6392199993133545,2.7470736503601074
21.22,2.749422883987427,2.590809440612793,2.7034181118011475
21.24,2.661854457855225,2.5423988819122316,2.6597625732421877
21.26,2.5742860317230223,2.4939883232116697,2.6161070346832274
21.28,2.4867176055908202,2.4455777645111083,2.5724514961242675
21.3,2.399149179458618,2.397167205810547,2.5287959575653076
21.32,2.4641491889953615,2.4435792446136473,2.6023914337158205
21.34,2.5291491985321044,2.489991283416748,2.675986909866333
21.36,2.5941492080688477,2.5364033222198485,2.749582386016846
21.38,2.6591492176055906,2.5828153610229494,2.823177862167358
21.4,2.724149227142334,2.62922739982605,2.896773338317871
21.42,2.70930700302124,2.678209972381592,2.9259768962860107
21.44,2.6944647789001466,2.7271925449371337,2.95518045425415
21.46,2.6796225547790526,2.776175117492676,2.98438401222229
21.48,2.664780330657959,2.8251576900482176,3.0135875701904298
21.5,2.6499381065368652,2.8741402626037598,3.0427911281585693
21.52,2.664970350265503,2.8458768367767333,2.9944155693054197
21.54,2.6800025939941405,2.817613410949707,2.9460400104522706
21.56,2.6950348377227784,2.789349985122681,2.897664451599121
21.58,2.710067081451416,2.7610865592956544,2.849288892745972
21.6,2.7250993251800537,2.732823133468628,2.8009133338928223
21.62,2.7108604431152346,2.6559759616851806,2.7125609874725343
21.64,2.696621561050415,2.579128789901733,2.6242086410522463
21.66,2.682382678985596,2.5022816181182863,2.535856294631958
21.68,2.668143796920776,2.425434446334839,2.44750394821167
21.7,2.653904914855957,2.3485872745513916,2.359151601791382
21.72,2.5518305778503416,2.3999707221984865,2.457346963882446
21.74,2.4497562408447267,2.451354169845581,2.555542325973511
21.76,2.3476819038391112,2.502737617492676,2.653737688064575
21.78,2.2456075668334963,2.5541210651397703,2.75193305015564
21.8,2.143533229827881,2.6055045127868652,2.850128412246704
21.82,2.2981050491333006,2.5945642948150636,2.8359729766845705
21.84,2.452676868438721,2.583624076843262,2.8218175411224364
21.86,2.6072486877441405,2.57268385887146,2.807662105560303
21.88,2.7618205070495607,2.561743640899658,2.7935066699981688
21.9,2.9163923263549805,2.5508034229278564,2.779351234436035
21.92,2.7821624755859373,2.523936319351196,2.847976732254028
21.94,2.6479326248168946,2.497069215774536,2.9166022300720216
21.96,2.5137027740478515,2.470202112197876,2.9852277278900146
21.98,2.3794729232788088,2.443335008621216,3.053853225708008
22.0,2.2452430725097656,2.4164679050445557,3.122478723526001
22.02,2.2856771469116213,2.421326923370361,3.1249547958374024
22.04,2.3261112213134765,2.426185941696167,3.127430868148804
22.06,2.366545295715332,2.4310449600219726,3.129906940460205
22.08,2.4069793701171873,2.4359039783477785,3.1323830127716064
22.1,2.447413444519043,2.440762996673584,3.134859085083008
22.12,2.498128318786621,2.4572863578796387,3.1423471927642823
22.14,2.548843193054199,2.4738097190856934,3.149835300445557
22.16,2.5995580673217775,2.490333080291748,3.157323408126831
22.18,2.6502729415893556,2.5068564414978027,3.1648115158081054
22.2,2.7009878158569336,2.5233798027038574,3.17229962348938
22.22,2.7348897457122803,2.532987117767334,3.0502741813659666
22.24,2.768791675567627,2.5425944328308105,2.928248739242554
22.26,2.8026936054229736,2.552201747894287,2.8062232971191405
22.28,2.8365955352783203,2.5618090629577637,2.6841978549957277
22.3,2.870497465133667,2.5714163780212402,2.5621724128723145
22.32,2.7808189868927,2.571666145324707,2.53992075920105
22.34,2.6911405086517335,2.5719159126281737,2.517669105529785
22.36,2.6014620304107665,2.572165679931641,2.4954174518585206
22.38,2.5117835521698,2.5724154472351075,2.4731657981872557
22.4,2.422105073928833,2.572665214538574,2.450914144515991
22.42,2.482720136642456,2.600895643234253,2.4528815746307373
22.44,2.543335199356079,2.6291260719299316,2.4548490047454834
22.46,2.603950262069702,2.6573565006256104,2.4568164348602295
22.48,2.664565324783325,2.685586929321289,2.4587838649749756
22.5,2.7251803874969482,2.7138173580169678,2.4607512950897217
22.52,2.6570653438568117,2.6555201530456545,2.5342597007751464
22.54,2.5889503002166747,2.5972229480743407,2.607768106460571
22.56,2.520835256576538,2.5389257431030274,2.6812765121459963
22.58,2.452720212936401,2.4806285381317137,2.754784917831421
22.6,2.3846051692962646,2.4223313331604004,2.8282933235168457
22.62,2.430573034286499,2.4825565814971924,2.7819311141967775
22.64,2.4765408992767335,2.5427818298339844,2.735568904876709
22.66,2.5225087642669677,2.6030070781707764,2.6892066955566407
22.68,2.5684766292572023,2.6632323265075684,2.642844486236572
22.7,2.6144444942474365,2.7234575748443604,2.596482276916504
22.72,2.5661525249481203,2.708516025543213,2.670691633224487
22.74,2.5178605556488036,2.6935744762420653,2.7449009895324705
22.76,2.4695685863494874,2.678632926940918,2.8191103458404543
22.78,2.4212766170501707,2.6636913776397706,2.8933197021484376
22.8,2.3729846477508545,2.648749828338623,2.967529058456421
22.82,2.413587188720703,2.588790225982666,2.9146965980529784
22.84,2.454189729690552,2.528830623626709,2.861864137649536
22.86,2.4947922706604,2.468871021270752,2.809031677246094
22.88,2.535394811630249,2.408911418914795,2.7561992168426515
22.9,2.5759973526000977,2.348951816558838,2.703366756439209
22.92,2.6024126052856444,2.4236435890197754,2.739496850967407
22.94,2.6288278579711912,2.498335361480713,2.7756269454956053
22.96,2.6552431106567385,2.5730271339416504,2.811757040023804
22.98,2.6816583633422852,2.647718906402588,2.847887134552002
23.0,2.708073616027832,2.7224106788635254,2.8840172290802
23.02,2.73948450088501,2.6625253200531005,2.886260986328125
23.04,2.7708953857421874,2.6026399612426756,2.88850474357605
23.06,2.8023062705993653,2.542754602432251,2.8907485008239746
23.08,2.833717155456543,2.4828692436218263,2.8929922580718994
23.1,2.8651280403137207,2.4229838848114014,2.895236015319824
23.12,2.758898448944092,2.414507293701172,2.896142101287842
23.14,2.652668857574463,2.406030702590942,2.8970481872558596
23.16,2.546439266204834,2.397554111480713,2.8979542732238768
23.18,2.440209674835205,2.3890775203704835,2.8988603591918944
23.2,2.333980083465576,2.380600929260254,2.899766445159912
23.22,2.4615116119384766,2.309808111190796,2.786110544204712
23.24,2.589043140411377,2.239015293121338,2.6724546432495115
23.26,2.7165746688842773,2.1682224750518797,2.5587987422943117
23.28,2.8441061973571777,2.097429656982422,2.4451428413391114
23.3,2.971637725830078,2.026636838912964,2.331486940383911
23.32,2.8341257572174072,2.0682473182678223,2.3166070938110352
23.34,2.6966137886047363,2.1098577976226807,2.3017272472381594
23.36,2.5591018199920654,2.151468276977539,2.286847400665283
23.38,2.4215898513793945,2.1930787563323975,2.271967554092407
23.4,2.2840778827667236,2.234689235687256,2.2570877075195312
23.42,2.354929733276367,2.2301015853881836,2.4042157173156737
23.44,2.425781583786011,2.2255139350891113,2.5513437271118162
23.46,2.496633434295654,2.220926284790039,2.698471736907959
23.48,2.567485284805298,2.216338634490967,2.8455997467041017
23.5,2.6383371353149414,2.2117509841918945,2.992727756500244
23.52,2.617533254623413,2.2892925262451174,2.9382936477661135
23.54,2.596729373931885,2.3668340682983398,2.8838595390319823
23.56,2.5759254932403564,2.4443756103515626,2.8294254302978517
23.58,2.5551216125488283,2.521917152404785,2.7749913215637205
23.6,2.5343177318573,2.599458694458008,2.72055721282959
23.62,2.5359665870666506,2.5326340675354,2.844083642959595
23.64,2.537615442276001,2.465809440612793,2.9676100730896
23.66,2.5392642974853517,2.3989848136901855,3.0911365032196043
23.68,2.540913152694702,2.3321601867675783,3.2146629333496093
23.7,2.5425620079040527,2.2653355598449707,3.3381893634796143
23.72,2.551413869857788,2.3591201305389404,3.2477180480957033
23.74,2.5602657318115236,2.45290470123291,3.157246732711792
23.76,2.5691175937652586,2.54668927192688,3.066775417327881
23.78,2.577969455718994,2.6404738426208496,2.9763041019439695
23.8,2.5868213176727295,2.7342584133148193,2.8858327865600586
23.82,2.6083934783935545,2.682022047042847,2.803364944458008
23.84,2.62996563911438,2.629785680770874,2.720897102355957
23.86,2.651537799835205,2.5775493144989015,2.6384292602539063
23.88,2.6731099605560305,2.5253129482269285,2.5559614181518553
23.9,2.6946821212768555,2.473076581954956,2.4734935760498047
23.92,2.639118957519531,2.431000900268555,2.4504210472106935
23.94,2.583555793762207,2.3889252185821532,2.427348518371582
23.96,2.5279926300048827,2.346849536895752,2.404275989532471
23.98,2.4724294662475588,2.3047738552093504,2.381203460693359
24.0,2.4168663024902344,2.262698173522949,2.358130931854248
24.02,2.406194067001343,2.287106418609619,2.368158388137817
24.04,2.3955218315124513,2.311514663696289,2.378185844421387
24.06,2.3848495960235594,2.335922908782959,2.388213300704956
24.08,2.374177360534668,2.360331153869629,2.3982407569885256
24.1,2.3635051250457764,2.384739398956299,2.4082682132720947
24.12,2.384060287475586,2.4490635871887205,2.5432308197021483
24.14,2.4046154499053953,2.5133877754211427,2.6781934261322022
24.16,2.4251706123352053,2.5777119636535644,2.8131560325622558
24.18,2.4457257747650147,2.6420361518859865,2.9481186389923097
24.2,2.466280937194824,2.706360340118408,3.0830812454223633
24.22,2.5010186195373536,2.6604733943939207,2.997502088546753
24.24,2.535756301879883,2.6145864486694337,2.9119229316711426
24.26,2.570493984222412,2.568699502944946,2.8263437747955322
24.28,2.6052316665649413,2.522812557220459,2.740764617919922
24.3,2.6399693489074707,2.4769256114959717,2.6551854610443115
24.32,2.6889861106872557,2.516380500793457,2.629880666732788
24.34,2.738002872467041,2.5558353900909423,2.6045758724212646
24.36,2.787019634246826,2.595290279388428,2.579271078109741
24.38,2.8360363960266115,2.634745168685913,2.5539662837982178
24.4,2.8850531578063965,2.6742000579833984,2.5286614894866943
24.42,2.8053544044494627,2.6640872955322266,2.579575252532959
24.44,2.7256556510925294,2.6539745330810547,2.6304890155792235
24.46,2.6459568977355956,2.643861770629883,2.6814027786254884
24.48,2.5662581443786623,2.633749008178711,2.7323165416717528
24.5,2.4865593910217285,2.623636245727539,2.7832303047180176
24.52,2.4768030643463135,2.6671713829040526,2.843623733520508
24.54,2.4670467376708984,2.7107065200805662,2.9040171623229982
24.56,2.4572904109954834,2.7542416572570803,2.964410591125488
24.58,2.4475340843200684,2.797776794433594,3.0248040199279784
24.6,2.4377777576446533,2.8413119316101074,3.0851974487304688
24.62,2.44394850730896,2.764496088027954,3.003882312774658
24.64,2.4501192569732666,2.687680244445801,2.9225671768188475
24.66,2.4562900066375732,2.6108644008636475,2.8412520408630373
24.68,2.46246075630188,2.534048557281494,2.7599369049072267
24.7,2.4686315059661865,2.457232713699341,2.678621768951416
24.72,2.492908763885498,2.4453405380249023,2.7186046123504637
24.74,2.5171860218048097,2.4334483623504637,2.758587455749512
24.76,2.541463279724121,2.4215561866760256,2.7985702991485595
24.78,2.565740537643433,2.409664011001587,2.8385531425476076
24.8,2.590017795562744,2.3977718353271484,2.8785359859466553
24.82,2.585244560241699,2.423183536529541,2.8515743255615233
24.84,2.580471324920654,2.4485952377319338,2.8246126651763914
24.86,2.5756980895996096,2.474006938934326,2.79765100479126
24.88,2.5709248542785645,2.4994186401367187,2.770689344406128
24.9,2.5661516189575195,2.5248303413391113,2.743727684020996
24.92,2.555857944488525,2.480284070968628,2.7886046409606933
24.94,2.5455642700195313,2.4357378005981447,2.8334815979003904
24.96,2.535270595550537,2.391191530227661,2.878358554840088
24.98,2.524976921081543,2.3466452598571776,2.9232355117797852
25.0,2.514683246612549,2.3020989894866943,2.9681124687194824
25.02,2.4906572341918944,2.3703474044799804,2.998730421066284
25.04,2.46663122177124,2.4385958194732664,3.029348373413086
25.06,2.442605209350586,2.506844234466553,3.0599663257598877
25.08,2.4185791969299317,2.575092649459839,3.0905842781066895
25.1,2.3945531845092773,2.643341064453125,3.121202230453491
25.12,2.5225037574768066,2.619625949859619,3.0039354801177978
25.14,2.6504543304443358,2.595910835266113,2.8866687297821043
25.16,2.7784049034118654,2.5721957206726076,2.7694019794464113
25.18,2.9063554763793946,2.5484806060791017,2.652135229110718
25.2,3.034306049346924,2.5247654914855957,2.5348684787750244
25.22,3.032452440261841,2.5081546306610107,2.5411548614501953
25.24,3.030598831176758,2.491543769836426,2.547441244125366
25.26,3.0287452220916746,2.474932909011841,2.553727626800537
25.28,3.0268916130065917,2.458322048187256,2.560014009475708
25.3,3.025038003921509,2.441711187362671,2.566300392150879
25.32,2.9442014694213867,2.4756541728973387,2.541666555404663
25.34,2.8633649349212646,2.509597158432007,2.5170327186584474
25.36,2.7825284004211426,2.5435401439666747,2.4923988819122314
25.38,2.7016918659210205,2.577483129501343,2.467765045166016
25.4,2.6208553314208984,2.6114261150360107,2.4431312084198
25.42,2.6537806510925295,2.5872644424438476,2.5550076484680178
25.44,2.68670597076416,2.5631027698516844,2.6668840885162353
25.46,2.719631290435791,2.5389410972595217,2.778760528564453
25.48,2.7525566101074217,2.5147794246673585,2.8906369686126707
25.5,2.7854819297790527,2.4906177520751953,3.0025134086608887
25.52,2.789976406097412,2.4302968978881836,2.86800856590271
25.54,2.7944708824157716,2.369976043701172,2.733503723144531
25.56,2.7989653587341308,2.30965518951416,2.5989988803863526
25.58,2.8034598350524904,2.2493343353271484,2.4644940376281737
25.6,2.8079543113708496,2.1890134811401367,2.329989194869995
25.62,2.691800928115845,2.2290627479553224,2.385146713256836
25.64,2.57564754486084,2.2691120147705077,2.440304231643677
25.66,2.459494161605835,2.3091612815856934,2.4954617500305174
25.68,2.34334077835083,2.3492105484008787,2.5506192684173583
25.7,2.227187395095825,2.3892598152160645,2.605776786804199
25.72,2.277752685546875,2.4238839149475098,2.559073972702026
25.74,2.328317975997925,2.458508014678955,2.5123711585998536
25.76,2.3788832664489745,2.4931321144104004,2.4656683444976806
25.78,2.4294485569000246,2.5277562141418457,2.418965530395508
25.8,2.480013847351074,2.562380313873291,2.372262716293335
25.82,2.4299457550048826,2.5839632034301756,2.403476524353027
25.84,2.3798776626586915,2.6055460929870606,2.43469033241272
25.86,2.3298095703125,2.6271289825439452,2.465904140472412
25.88,2.2797414779663088,2.6487118721008303,2.4971179485321047
25.9,2.229673385620117,2.670294761657715,2.528331756591797
25.92,2.337171936035156,2.6097061157226564,2.5331363677978516
25.94,2.444670486450195,2.5491174697875976,2.5379409790039062
25.96,2.5521690368652346,2.488528823852539,2.542745590209961
25.98,2.6596675872802735,2.4279401779174803,2.5475502014160156
26.0,2.7671661376953125,2.367351531982422,2.5523548126220703
26.02,2.7125841617584228,2.361518955230713,2.607057285308838
26.04,2.658002185821533,2.355686378479004,2.6617597579956054
26.06,2.6034202098846437,2.3498538017272947,2.716462230682373
26.08,2.548838233947754,2.344021224975586,2.7711647033691404
26.1,2.4942562580108643,2.338188648223877,2.825867176055908
26.12,2.578067111968994,2.321772813796997,2.768079233169556
26.14,2.661877965927124,2.305356979370117,2.710291290283203
26.16,2.745688819885254,2.2889411449432373,2.6525033473968507
26.18,2.829499673843384,2.2725253105163574,2.594715404510498
26.2,2.9133105278015137,2.2561094760894775,2.5369274616241455
26.22,2.905449628829956,2.2976491928100584,2.476542043685913
26.24,2.8975887298583984,2.3391889095306397,2.4161566257476808
26.26,2.889727830886841,2.3807286262512206,2.355771207809448
26.28,2.881866931915283,2.422268342971802,2.295385789871216
26.3,2.8740060329437256,2.463808059692383,2.2350003719329834
26.32,2.871104907989502,2.470201110839844,2.342751932144165
26.34,2.8682037830352782,2.476594161987305,2.4505034923553466
26.36,2.8653026580810548,2.4829872131347654,2.5582550525665284
26.38,2.862401533126831,2.4893802642822265,2.66600661277771
26.4,2.8595004081726074,2.4957733154296875,2.7737581729888916
26.42,2.7814780712127685,2.5457460403442385,2.772576999664307
26.44,2.7034557342529295,2.595718765258789,2.7713958263397216
26.46,2.625433397293091,2.64569149017334,2.770214653015137
26.48,2.547411060333252,2.6956642150878904,2.7690334796905516
26.5,2.469388723373413,2.7456369400024414,2.767852306365967
26.52,2.4299787044525147,2.6508039474487304,2.776814651489258
26.54,2.3905686855316164,2.5559709548950194,2.7857769966125487
26.56,2.3511586666107176,2.4611379623413088,2.79473934173584
26.58,2.3117486476898192,2.3663049697875977,2.8037016868591307
26.6,2.272338628768921,2.2714719772338867,2.812664031982422
26.62,2.372890281677246,2.28969144821167,2.8131696224212646
26.64,2.4734419345855714,2.307910919189453,2.8136752128601072
26.66,2.5739935874938964,2.3261303901672363,2.8141808032989504
26.68,2.674545240402222,2.3443498611450195,2.814686393737793
26.7,2.775096893310547,2.3625693321228027,2.8151919841766357
26.72,2.7242736339569094,2.429503059387207,2.890294075012207
26.74,2.6734503746032714,2.4964367866516115,2.9653961658477783
26.76,2.622627115249634,2.5633705139160154,3.0404982566833496
26.78,2.571803855895996,2.63030424118042,3.115600347518921
26.8,2.5209805965423584,2.697237968444824,3.190702438354492
26.82,2.5177253246307374,2.6139955520629883,3.0889859199523926
26.84,2.5144700527191164,2.5307531356811523,2.987269401550293
26.86,2.511214780807495,2.4475107192993164,2.8855528831481934
26.88,2.507959508895874,2.3642683029174805,2.7838363647460938
26.9,2.504704236984253,2.2810258865356445,2.682119846343994
26.92,2.569649648666382,2.3506938457489013,2.6097415924072265
26.94,2.6345950603485107,2.420361804962158,2.537363338470459
26.96,2.6995404720306397,2.490029764175415,2.4649850845336916
26.98,2.7644858837127684,2.559697723388672,2.392606830596924
27.0,2.8294312953948975,2.6293656826019287,2.3202285766601562
27.02,2.850481939315796,2.6132744789123534,2.4045001029968263
27.04,2.8715325832366942,2.597183275222778,2.4887716293334963
27.06,2.892583227157593,2.5810920715332033,2.573043155670166
27.08,2.913633871078491,2.565000867843628,2.657314682006836
27.1,2.9346845149993896,2.5489096641540527,2.741586208343506
27.12,2.8315985202789307,2.517899417877197,2.727765655517578
27.14,2.7285125255584717,2.4868891716003416,2.7139451026916506
27.16,2.6254265308380127,2.4558789253234865,2.7001245498657225
27.18,2.5223405361175537,2.424868679046631,2.686303997039795
27.2,2.4192545413970947,2.3938584327697754,2.672483444213867
27.22,2.4550260066986085,2.38443922996521,2.6062878131866456
27.24,2.4907974720001222,2.3750200271606445,2.540092182159424
27.26,2.5265689373016356,2.365600824356079,2.473896551132202
27.28,2.5623404026031493,2.3561816215515137,2.4077009201049804
27.3,2.598111867904663,2.3467624187469482,2.341505289077759
27.32,2.6168790817260743,2.374518299102783,2.3645192623138427
27.34,2.6356462955474855,2.402274179458618,2.3875332355499266
27.36,2.6544135093688963,2.4300300598144533,2.410547208786011
27.38,2.6731807231903075,2.457785940170288,2.433561182022095
27.4,2.6919479370117188,2.485541820526123,2.4565751552581787
27.42,2.6069326400756836,2.5052181243896485,2.40506534576416
27.44,2.5219173431396484,2.524894428253174,2.3535555362701417
27.46,2.4369020462036133,2.544570732116699,2.302045726776123
27.48,2.351886749267578,2.5642470359802245,2.2505359172821047
27.5,2.266871452331543,2.58392333984375,2.199026107788086
27.52,2.3470468521118164,2.646553897857666,2.223085117340088
27.54,2.42722225189209,2.709184455871582,2.2471441268920898
27.56,2.5073976516723633,2.7718150138854982,2.271203136444092
27.58,2.5875730514526367,2.834445571899414,2.2952621459960936
27.6,2.66774845123291,2.89707612991333,2.3193211555480957
27.62,2.6269326210021973,2.809373664855957,2.447815704345703
27.64,2.5861167907714844,2.721671199798584,2.5763102531433106
27.66,2.5453009605407715,2.633968734741211,2.704804801940918
27.68,2.5044851303100586,2.546266269683838,2.8332993507385256
27.7,2.4636693000793457,2.458563804626465,2.961793899536133
27.72,2.54249906539917,2.4129551887512206,2.907745361328125
27.74,2.621328830718994,2.3673465728759764,2.853696823120117
27.76,2.7001585960388184,2.3217379570007326,2.7996482849121094
27.78,2.7789883613586426,2.2761293411254884,2.7455997467041016
27.8,2.857818126678467,2.230520725250244,2.6915512084960938
27.82,2.827631139755249,2.283112049102783,2.697280168533325
27.84,2.797444152832031,2.3357033729553223,2.7030091285705566
27.86,2.7672571659088137,2.3882946968078613,2.708738088607788
27.88,2.737070178985596,2.4408860206604004,2.7144670486450195
27.9,2.706883192062378,2.4934773445129395,2.720196008682251
27.92,2.712112045288086,2.508330249786377,2.6647642612457276
27.94,2.717340898513794,2.5231831550598143,2.6093325138092043
27.96,2.7225697517395018,2.538036060333252,2.5539007663726805
27.98,2.72779860496521,2.5528889656066895,2.498469018936157
28.0,2.733027458190918,2.567741870880127,2.443037271499634
28.02,2.7788249969482424,2.5238868236541747,2.4286388874053957
28.04,2.8246225357055663,2.4800317764282225,2.414240503311157
28.06,2.8704200744628907,2.4361767292022707,2.399842119216919
28.08,2.9162176132202147,2.3923216819763184,2.3854437351226805
28.1,2.962015151977539,2.348466634750366,2.3710453510284424
28.12,2.9223453521728517,2.396496868133545,2.420387554168701
28.14,2.882675552368164,2.444527101516724,2.46972975730896
28.16,2.8430057525634767,2.492557334899902,2.5190719604492187
28.18,2.803335952758789,2.540587568283081,2.5684141635894777
28.2,2.7636661529541016,2.5886178016662598,2.6177563667297363
28.22,2.7270333766937256,2.606479597091675,2.6183712482452393
28.24,2.6904006004333496,2.6243413925170898,2.618986129760742
28.26,2.6537678241729736,2.642203187942505,2.619601011276245
28.28,2.6171350479125977,2.6600649833679197,2.620215892791748
28.3,2.5805022716522217,2.677926778793335,2.620830774307251
28.32,2.5390384197235107,2.5801759243011473,2.640837478637695
28.34,2.4975745677948,2.48242506980896,2.6608441829681397
28.36,2.456110715866089,2.3846742153167724,2.680850887298584
28.38,2.414646863937378,2.286923360824585,2.7008575916290285
28.4,2.373183012008667,2.1891725063323975,2.7208642959594727
28.42,2.4597880840301514,2.2728520393371583,2.697973537445068
28.44,2.5463931560516357,2.356531572341919,2.675082778930664
28.46,2.63299822807312,2.4402111053466795,2.6521920204162597
28.48,2.7196033000946045,2.5238906383514403,2.6293012619018556
28.5,2.806208372116089,2.607570171356201,2.606410503387451
28.52,2.830759143829346,2.5994466304779054,2.6554147243499755
28.54,2.8553099155426027,2.5913230895996096,2.7044189453125
28.56,2.879860687255859,2.5831995487213133,2.7534231662750246
28.58,2.904411458969116,2.5750760078430175,2.802427387237549
28.6,2.928962230682373,2.5669524669647217,2.8514316082000732
28.62,2.858271026611328,2.5591458320617675,2.7971617698669435
28.64,2.787579822540283,2.5513391971588133,2.7428919315338134
28.66,2.7168886184692385,2.5435325622558596,2.6886220932006837
28.68,2.6461974143981934,2.5357259273529054,2.6343522548675535
28.7,2.5755062103271484,2.527919292449951,2.580082416534424
28.72,2.660233974456787,2.499857187271118,2.632542610168457
28.74,2.744961738586426,2.471795082092285,2.6850028038024902
28.76,2.8296895027160645,2.443732976913452,2.7374629974365234
28.78,2.914417266845703,2.415670871734619,2.7899231910705566
28.8,2.999145030975342,2.387608766555786,2.84238338470459
28.82,2.979896354675293,2.520084524154663,2.7604601860046385
28.84,2.9606476783752442,2.65256028175354,2.6785369873046876
28.86,2.9413990020751952,2.785036039352417,2.5966137886047362
28.88,2.9221503257751467,2.917511796951294,2.5146905899047853
28.9,2.9029016494750977,3.049987554550171,2.432767391204834
28.92,2.8606395721435547,2.959694576263428,2.4666711330413817
28.94,2.8183774948120117,2.8694015979766845,2.5005748748779295
28.96,2.7761154174804688,2.7791086196899415,2.5344786167144777
28.98,2.733853340148926,2.688815641403198,2.5683823585510255
29.0,2.691591262817383,2.598522663116455,2.6022861003875732
29.02,2.59051513671875,2.555818557739258,2.5609403610229493
29.04,2.489439010620117,2.5131144523620605,2.5195946216583254
29.06,2.3883628845214844,2.4704103469848633,2.478248882293701
29.08,2.2872867584228516,2.427706241607666,2.436903142929077
29.1,2.1862106323242188,2.3850021362304688,2.395557403564453
29.12,2.3826743602752685,2.4356350898742676,2.3686224460601806
29.14,2.579138088226318,2.4862680435180664,2.341687488555908
29.16,2.7756018161773683,2.5369009971618652,2.314752531051636
29.18,2.972065544128418,2.587533950805664,2.2878175735473634
29.2,3.1685292720794678,2.638166904449463,2.260882616043091
29.22,3.0547327518463137,2.6065579414367677,2.296155261993408
29.24,2.940936231613159,2.5749489784240724,2.3314279079437257
29.26,2.827139711380005,2.5433400154113768,2.366700553894043
29.28,2.7133431911468504,2.5117310523986816,2.4019731998443605
29.3,2.5995466709136963,2.4801220893859863,2.4372458457946777
29.32,2.6142122745513916,2.461015224456787,2.353099060058594
29.34,2.628877878189087,2.441908359527588,2.2689522743225097
29.36,2.6435434818267822,2.4228014945983887,2.184805488586426
29.38,2.6582090854644775,2.4036946296691895,2.1006587028503416
29.4,2.672874689102173,2.3845877647399902,2.016511917114258
29.42,2.6575971126556395,2.4257657527923584,2.030686283111572
29.44,2.6423195362091065,2.4669437408447266,2.0448606491088865
29.46,2.627041959762573,2.5081217288970947,2.0590350151062013
29.48,2.61176438331604,2.549299716949463,2.0732093811035157
29.5,2.596486806869507,2.590477705001831,2.08738374710083
29.52,2.7241161346435545,2.584088611602783,2.2094851970672607
29.54,2.8517454624176026,2.5776995182037354,2.3315866470336912
29.56,2.9793747901916503,2.5713104248046874,2.4536880970001222
29.58,3.1070041179656984,2.56492133140564,2.575789546966553
29.6,3.234633445739746,2.558532238006592,2.6978909969329834
29.62,3.223427104949951,2.5387516021728516,2.670399475097656
29.64,3.2122207641601563,2.5189709663391113,2.642907953262329
29.66,3.2010144233703612,2.499190330505371,2.615416431427002
29.68,3.1898080825805666,2.479409694671631,2.587924909591675
29.7,3.1786017417907715,2.4596290588378906,2.5604333877563477
29.72,3.0578490257263184,2.453591251373291,2.630276823043823
29.74,2.9370963096618654,2.4475534439086912,2.7001202583312987
29.76,2.816343593597412,2.441515636444092,2.7699636936187746
29.78,2.695590877532959,2.4354778289794923,2.83980712890625
29.8,2.574838161468506,2.4294400215148926,2.9096505641937256
29.82,2.5220337867736817,2.4856342315673827,2.9127816200256347
29.84,2.4692294120788576,2.541828441619873,2.9159126758575438
29.86,2.416425037384033,2.5980226516723635,2.9190437316894533
29.88,2.363620662689209,2.6542168617248536,2.9221747875213624
29.9,2.3108162879943848,2.7104110717773438,2.9253058433532715
29.92,2.3639535427093508,2.662771701812744,2.8750623226165772
29.94,2.4170907974243163,2.6151323318481445,2.824818801879883
29.96,2.4702280521392823,2.567492961883545,2.7745752811431883
29.98,2.523365306854248,2.5198535919189453,2.724331760406494
30.0,2.576502561569214,2.4722142219543457,2.6740882396698
30.02,2.6053743839263914,2.420192289352417,2.6753923416137697
30.04,2.6342462062835694,2.3681703567504884,2.676696443557739
30.06,2.663118028640747,2.3161484241485595,2.678000545501709
30.08,2.691989850997925,2.264126491546631,2.6793046474456785
30.1,2.7208616733551025,2.212104558944702,2.6806087493896484
30.12,2.699911880493164,2.277440881729126,2.559846878051758
30.14,2.6789620876312257,2.34277720451355,2.439085006713867
30.16,2.658012294769287,2.4081135272979735,2.3183231353759766
30.18,2.637062501907349,2.4734498500823974,2.197561264038086
30.2,2.61611270904541,2.5387861728668213,2.0767993927001953
30.22,2.606291389465332,2.495368242263794,2.301139545440674
30.24,2.596470069885254,2.4519503116607666,2.5254796981811523
30.26,2.5866487503051756,2.4085323810577393,2.749819850921631
30.28,2.5768274307250976,2.365114450454712,2.974160003662109
30.3,2.5670061111450195,2.3216965198516846,3.198500156402588
30.32,2.6358356952667235,2.27496337890625,3.0984081268310546
30.34,2.704665279388428,2.2282302379608154,2.9983160972595213
30.36,2.7734948635101317,2.181497097015381,2.8982240676879885
30.38,2.842324447631836,2.1347639560699463,2.798132038116455
30.4,2.91115403175354,2.0880308151245117,2.698040008544922
30.42,2.882175922393799,2.1285706996917724,2.65471510887146
30.44,2.8531978130340576,2.169110584259033,2.611390209197998
30.46,2.8242197036743164,2.209650468826294,2.568065309524536
30.48,2.795241594314575,2.2501903533935548,2.5247404098510744
30.5,2.766263484954834,2.2907302379608154,2.4814155101776123
30.52,2.790198802947998,2.327488136291504,2.587169647216797
30.54,2.814134120941162,2.3642460346221923,2.6929237842559814
30.56,2.838069438934326,2.401003932952881,2.798677921295166
30.58,2.8620047569274902,2.437761831283569,2.9044320583343506
30.6,2.8859400749206543,2.474519729614258,3.010186195373535
30.62,2.8145625591278076,2.520976114273071,2.9520294666290283
30.64,2.743185043334961,2.567432498931885,2.8938727378845215
30.66,2.6718075275421143,2.613888883590698,2.8357160091400146
30.68,2.6004300117492676,2.660345268249512,2.777559280395508
30.7,2.529052495956421,2.706801652908325,2.719402551651001
30.72,2.6010425090789795,2.6575031757354735,2.7270863533020018
30.74,2.673032522201538,2.608204698562622,2.734770154953003
30.76,2.7450225353240967,2.5589062213897704,2.742453956604004
30.78,2.8170125484466553,2.509607744216919,2.750137758255005
30.8,2.889002561569214,2.4603092670440674,2.757821559906006
30.82,2.8594385147094727,2.4625899314880373,2.7095815181732177
30.84,2.8298744678497316,2.4648705959320067,2.6613414764404295
30.86,2.80031042098999,2.4671512603759767,2.613101434707642
30.88,2.770746374130249,2.469431924819946,2.5648613929748536
30.9,2.741182327270508,2.471712589263916,2.5166213512420654
30.92,2.694978141784668,2.5232590675354003,2.6342610359191894
30.94,2.648773956298828,2.5748055458068846,2.7519007205963133
30.96,2.6025697708129885,2.6263520240783693,2.8695404052734377
30.98,2.5563655853271485,2.6778985023498536,2.9871800899505616
31.0,2.5101613998413086,2.729444980621338,3.1048197746276855
31.02,2.532151126861572,2.756441926956177,3.003904676437378
31.04,2.5541408538818358,2.783438873291016,2.9029895782470705
31.06,2.5761305809021,2.8104358196258543,2.8020744800567625
31.08,2.5981203079223634,2.8374327659606933,2.701159381866455
31.1,2.620110034942627,2.8644297122955322,2.6002442836761475
31.12,2.6088953495025633,2.7986984252929688,2.660219097137451
31.14,2.5976806640625,2.7329671382904053,2.7201939105987547
31.16,2.5864659786224364,2.667235851287842,2.7801687240600588
31.18,2.5752512931823732,2.6015045642852783,2.8401435375213624
31.2,2.5640366077423096,2.535773277282715,2.900118350982666
31.22,2.66328763961792,2.521848201751709,2.9462384223937987
31.24,2.7625386714935303,2.507923126220703,2.9923584938049315
31.26,2.8617897033691406,2.4939980506896973,3.0384785652160646
31.28,2.961040735244751,2.4800729751586914,3.0845986366271974
31.3,3.0602917671203613,2.4661478996276855,3.13071870803833
31.32,3.0519974708557127,2.51373348236084,3.0482105731964113
31.34,3.0437031745910645,2.5613190650939943,2.965702438354492
31.36,3.035408878326416,2.6089046478271483,2.8831943035125733
31.38,3.0271145820617678,2.6564902305603026,2.800686168670654
31.4,3.018820285797119,2.704075813293457,2.7181780338287354
31.42,2.982155513763428,2.6968557834625244,2.7475486755371095
31.44,2.9454907417297362,2.689635753631592,2.7769193172454836
31.46,2.908825969696045,2.682415723800659,2.8062899589538572
31.48,2.8721611976623533,2.6751956939697266,2.8356606006622314
31.5,2.835496425628662,2.667975664138794,2.8650312423706055
31.52,2.7613205432891847,2.6128133296966554,2.840919303894043
31.54,2.687144660949707,2.557650995254517,2.8168073654174806
31.56,2.6129687786102296,2.5024886608123778,2.792695426940918
31.58,2.5387928962707518,2.447326326370239,2.7685834884643556
31.6,2.4646170139312744,2.3921639919281006,2.744471549987793
31.62,2.4988217830657957,2.4111988067626955,2.763199234008789
31.64,2.5330265522003175,2.43023362159729,2.781926918029785
31.66,2.567231321334839,2.449268436431885,2.8006546020507814
31.68,2.6014360904693605,2.4683032512664793,2.8193822860717774
31.7,2.635640859603882,2.487338066101074,2.8381099700927734
31.72,2.6621347427368165,2.4766029834747316,2.8859891414642336
31.74,2.688628625869751,2.4658679008483886,2.9338683128356933
31.76,2.7151225090026854,2.455132818222046,2.9817474842071534
31.78,2.74161639213562,2.444397735595703,3.029626655578613
31.8,2.7681102752685547,2.4336626529693604,3.0775058269500732
31.82,2.6894216537475586,2.481754779815674,3.031286430358887
31.84,2.6107330322265625,2.5298469066619873,2.9850670337677
31.86,2.5320444107055664,2.577939033508301,2.9388476371765138
31.88,2.4533557891845703,2.6260311603546143,2.892628240585327
31.9,2.374667167663574,2.6741232872009277,2.8464088439941406
31.92,2.4161924362182616,2.634813070297241,2.7732330322265626
31.94,2.457717704772949,2.5955028533935547,2.7000572204589846
31.96,2.499242973327637,2.556192636489868,2.626881408691406
31.98,2.5407682418823243,2.5168824195861816,2.553705596923828
32.0,2.5822935104370117,2.477572202682495,2.48052978515625
32.02,2.5702770709991456,2.4684346199035643,2.508353424072266
32.04,2.5582606315612795,2.459297037124634,2.536177062988281
32.06,2.546244192123413,2.450159454345703,2.564000701904297
32.08,2.534227752685547,2.4410218715667726,2.5918243408203123
32.1,2.5222113132476807,2.431884288787842,2.619647979736328
32.12,2.5386845588684084,2.4689570903778075,2.6501718044281004
32.14,2.5551578044891357,2.5060298919677733,2.680695629119873
32.16,2.5716310501098634,2.5431026935577394,2.7112194538116454
32.18,2.5881042957305906,2.580175495147705,2.741743278503418
32.2,2.6045775413513184,2.617248296737671,2.7722671031951904
32.22,2.6060612201690674,2.592798185348511,2.6552556991577148
32.24,2.6075448989868164,2.5683480739593505,2.538244295120239
32.26,2.6090285778045654,2.5438979625701905,2.421232891082764
32.28,2.6105122566223145,2.51944785118103,2.304221487045288
32.3,2.6119959354400635,2.49499773979187,2.1872100830078125
32.32,2.5904510498046873,2.534045457839966,2.2636659145355225
32.34,2.5689061641693116,2.5730931758880615,2.3401217460632324
32.36,2.5473612785339355,2.6121408939361572,2.4165775775909424
32.38,2.5258163928985597,2.651188611984253,2.4930334091186523
32.4,2.5042715072631836,2.6902363300323486,2.5694892406463623
32.42,2.4983866214752197,2.61076340675354,2.6162580490112304
32.44,2.492501735687256,2.5312904834747316,2.6630268573760985
32.46,2.486616849899292,2.4518175601959227,2.709795665740967
32.48,2.480731964111328,2.372344636917114,2.756564474105835
32.5,2.4748470783233643,2.2928717136383057,2.803333282470703
32.52,2.5059914112091066,2.3389636039733888,2.7473546504974364
32.54,2.5371357440948485,2.385055494308472,2.6913760185241697
32.56,2.568280076980591,2.4311473846435545,2.6353973865509035
32.58,2.599424409866333,2.4772392749786376,2.579418754577637
32.6,2.630568742752075,2.5233311653137207,2.52344012260437
32.62,2.647635269165039,2.517727088928223,2.546828556060791
32.64,2.664701795578003,2.5121230125427245,2.570216989517212
32.66,2.6817683219909667,2.5065189361572267,2.5936054229736327
32.68,2.698834848403931,2.5009148597717283,2.616993856430054
32.7,2.7159013748168945,2.4953107833862305,2.6403822898864746
32.72,2.7359251022338866,2.5195462226867678,2.613633060455322
32.74,2.7559488296508787,2.5437816619873046,2.5868838310241697
32.76,2.7759725570678713,2.568017101287842,2.5601346015930178
32.78,2.7959962844848634,2.5922525405883787,2.5333853721618653
32.8,2.8160200119018555,2.616487979888916,2.506636142730713
32.82,2.8055015087127684,2.555939245223999,2.6421319007873536
32.84,2.7949830055236817,2.495390510559082,2.7776276588439943
32.86,2.7844645023345946,2.434841775894165,2.9131234169006346
32.88,2.773945999145508,2.3742930412292482,3.0486191749572753
32.9,2.763427495956421,2.313744306564331,3.184114933013916
32.92,2.736735391616821,2.341706371307373,3.132323455810547
32.94,2.7100432872772218,2.369668436050415,3.0805319786071776
32.96,2.683351182937622,2.397630500793457,3.0287405014038087
32.98,2.6566590785980226,2.425592565536499,2.9769490242004393
33.0,2.629966974258423,2.453554630279541,2.9251575469970703
33.02,2.6316335201263428,2.5097455978393555,2.854406642913818
33.04,2.6333000659942627,2.56593656539917,2.7836557388305665
33.06,2.6349666118621826,2.6221275329589844,2.7129048347473144
33.08,2.6366331577301025,2.678318500518799,2.6421539306640627
33.1,2.6382997035980225,2.7345094680786133,2.5714030265808105
33.12,2.6467691898345946,2.6991130828857424,2.533950996398926
33.14,2.655238676071167,2.663716697692871,2.496498966217041
33.16,2.6637081623077394,2.6283203125,2.4590469360351563
33.18,2.6721776485443116,2.5929239273071287,2.4215949058532713
33.2,2.680647134780884,2.557527542114258,2.3841428756713867
33.22,2.601637077331543,2.661129856109619,2.463767719268799
33.24,2.522627019882202,2.7647321701049803,2.543392562866211
33.26,2.4436169624328614,2.868334484100342,2.623017406463623
33.28,2.3646069049835203,2.971936798095703,2.702642250061035
33.3,2.2855968475341797,3.0755391120910645,2.7822670936584473
33.32,2.29866042137146,2.942588376998901,2.7283223628997804
33.34,2.31172399520874,2.8096376419067384,2.6743776321411135
33.36,2.3247875690460207,2.676686906814575,2.620432901382446
33.38,2.337851142883301,2.5437361717224123,2.566488170623779
33.4,2.350914716720581,2.410785436630249,2.5125434398651123
33.42,2.391948127746582,2.461156463623047,2.534034252166748
33.44,2.432981538772583,2.511527490615845,2.555525064468384
33.46,2.474014949798584,2.5618985176086424,2.5770158767700195
33.48,2.515048360824585,2.6122695446014403,2.5985066890716553
33.5,2.556081771850586,2.6626405715942383,2.619997501373291
33.52,2.4945093631744384,2.6438344001770018,2.5918880462646485
33.54,2.432936954498291,2.6250282287597657,2.563778591156006
33.56,2.3713645458221437,2.606222057342529,2.535669136047363
33.58,2.309792137145996,2.587415885925293,2.5075596809387206
33.6,2.2482197284698486,2.5686097145080566,2.479450225830078
33.62,2.340638303756714,2.6256219863891603,2.490746021270752
33.64,2.433056879043579,2.6826342582702636,2.502041816711426
33.66,2.5254754543304445,2.7396465301513673,2.5133376121520996
33.68,2.6178940296173097,2.7966588020324705,2.5246334075927734
33.7,2.710312604904175,2.853671073913574,2.5359292030334473
33.72,2.8041472911834715,2.7537557601928713,2.5256340503692627
33.74,2.8979819774627686,2.653840446472168,2.515338897705078
33.76,2.9918166637420653,2.553925132751465,2.5050437450408936
33.78,3.0856513500213625,2.4540098190307615,2.494748592376709
33.8,3.179486036300659,2.3540945053100586,2.4844534397125244
33.82,3.0426260471343993,2.337661790847778,2.565458631515503
33.84,2.9057660579681395,2.321229076385498,2.6464638233184816
33.86,2.76890606880188,2.3047963619232177,2.72746901512146
33.88,2.63204607963562,2.2883636474609377,2.8084742069244384
33.9,2.4951860904693604,2.2719309329986572,2.889479398727417
33.92,2.4380369186401367,2.2786861419677735,2.8840256690979005
33.94,2.380887746810913,2.28544135093689,2.878571939468384
33.96,2.3237385749816895,2.2921965599060057,2.873118209838867
33.98,2.266589403152466,2.298951768875122,2.8676644802093505
34.0,2.209440231323242,2.3057069778442383,2.862210750579834
34.02,2.2430599689483643,2.405464839935303,2.8312430381774902
34.04,2.2766797065734865,2.505222702026367,2.8002753257751465
34.06,2.310299444198608,2.6049805641174317,2.7693076133728027
34.08,2.3439191818237304,2.704738426208496,2.738339900970459
34.1,2.3775389194488525,2.8044962882995605,2.7073721885681152
34.12,2.349262237548828,2.719709014892578,2.6823617935180666
34.14,2.3209855556488037,2.634921741485596,2.6573513984680175
34.16,2.2927088737487793,2.550134468078613,2.632341003417969
34.18,2.264432191848755,2.4653471946716308,2.6073306083679197
34.2,2.2361555099487305,2.3805599212646484,2.582320213317871
34.22,2.3074493408203125,2.3543829917907715,2.6586191654205322
34.24,2.3787431716918945,2.3282060623168945,2.7349181175231934
34.26,2.4500370025634766,2.3020291328430176,2.8112170696258545
34.28,2.5213308334350586,2.2758522033691406,2.8875160217285156
34.3,2.5926246643066406,2.2496752738952637,2.9638149738311768
34.32,2.5662142276763915,2.305344247817993,2.882759523391724
34.34,2.5398037910461424,2.3610132217407225,2.8017040729522704
34.36,2.5133933544158937,2.4166821956634523,2.7206486225128175
34.38,2.4869829177856446,2.4723511695861817,2.639593172073364
34.4,2.4605724811553955,2.528020143508911,2.558537721633911
34.42,2.4677011013031005,2.5154449462890627,2.601464033126831
34.44,2.4748297214508055,2.502869749069214,2.644390344619751
34.46,2.481958341598511,2.4902945518493653,2.687316656112671
34.48,2.489086961746216,2.4777193546295164,2.730242967605591
34.5,2.496215581893921,2.465144157409668,2.7731692790985107
34.52,2.45877685546875,2.51890025138855,2.7108547687530518
34.54,2.421338129043579,2.572656345367432,2.6485402584075928
34.56,2.3838994026184084,2.6264124393463133,2.586225748062134
34.58,2.3464606761932374,2.6801685333251952,2.523911237716675
34.6,2.3090219497680664,2.733924627304077,2.461596727371216
34.62,2.374053192138672,2.6697319030761717,2.5202099800109865
34.64,2.4390844345092773,2.6055391788482667,2.5788232326507567
34.66,2.504115676879883,2.5413464546203612,2.6374364852905274
34.68,2.569146919250488,2.4771537303924562,2.6960497379302977
34.7,2.6341781616210938,2.412961006164551,2.7546629905700684
34.72,2.6370101451873778,2.493683433532715,2.7160627841949463
34.74,2.639842128753662,2.574405860900879,2.677462577819824
34.76,2.642674112319946,2.655128288269043,2.638862371444702
34.78,2.6455060958862306,2.735850715637207,2.60026216506958
34.8,2.6483380794525146,2.816573143005371,2.561661958694458
34.82,2.6606650352478027,2.812124156951904,2.577952194213867
34.84,2.672991991043091,2.8076751708984373,2.5942424297332765
34.86,2.685318946838379,2.803226184844971,2.6105326652526855
34.88,2.697645902633667,2.798777198791504,2.626822900772095
34.9,2.709972858428955,2.794328212738037,2.643113136291504
34.92,2.6887144565582277,2.7634579658508303,2.618096113204956
34.94,2.6674560546875,2.732587718963623,2.593079090118408
34.96,2.6461976528167725,2.701717472076416,2.5680620670318604
34.98,2.6249392509460447,2.670847225189209,2.5430450439453125
35.0,2.6036808490753174,2.639976978302002,2.5180280208587646
35.02,2.6119978427886963,2.619362545013428,2.5580586433410644
35.04,2.620314836502075,2.5987481117248534,2.598089265823364
35.06,2.628631830215454,2.5781336784362794,2.6381198883056642
35.08,2.636948823928833,2.557519245147705,2.678150510787964
35.1,2.645265817642212,2.536904811859131,2.7181811332702637
35.12,2.6585951328277586,2.502003574371338,2.7190903663635253
35.14,2.6719244480133058,2.4671023368835447,2.719999599456787
35.16,2.6852537631988525,2.432201099395752,2.720908832550049
35.18,2.6985830783843996,2.397299861907959,2.7218180656433106
35.2,2.7119123935699463,2.362398624420166,2.7227272987365723
35.22,2.696839380264282,2.3926976680755616,2.7279569625854494
35.24,2.6817663669586183,2.422996711730957,2.733186626434326
35.26,2.666693353652954,2.4532957553863524,2.738416290283203
35.28,2.65162034034729,2.483594799041748,2.74364595413208
35.3,2.636547327041626,2.5138938426971436,2.748875617980957
35.32,2.729184865951538,2.490836238861084,2.752350378036499
35.34,2.82182240486145,2.4677786350250246,2.755825138092041
35.36,2.9144599437713623,2.4447210311889647,2.759299898147583
35.38,3.0070974826812744,2.421663427352905,2.762774658203125
35.4,3.0997350215911865,2.3986058235168457,2.766249418258667
35.42,2.9322284698486327,2.3855202198028564,2.8188908100128174
35.44,2.764721918106079,2.372434616088867,2.8715322017669678
35.46,2.5972153663635256,2.359349012374878,2.924173593521118
35.48,2.4297088146209718,2.3462634086608887,2.9768149852752686
35.5,2.262202262878418,2.3331778049468994,3.029456377029419
35.52,2.2926878929138184,2.360669422149658,2.8203269958496096
35.54,2.3231735229492188,2.388161039352417,2.6111976146697997
35.56,2.353659152984619,2.4156526565551757,2.4020682334899903
35.58,2.3841447830200195,2.4431442737579347,2.1929388523101805
35.6,2.41463041305542,2.4706358909606934,1.983809471130371
35.62,2.492544746398926,2.4625300407409667,2.203630971908569
35.64,2.570459079742432,2.45442419052124,2.4234524726867677
35.66,2.6483734130859373,2.446318340301514,2.6432739734649657
35.68,2.7262877464294433,2.438212490081787,2.8630954742431642
35.7,2.804202079772949,2.4301066398620605,3.0829169750213623
35.72,2.810550403594971,2.4926638126373293,3.012822389602661
35.74,2.816898727416992,2.5552209854125976,2.94272780418396
35.76,2.8232470512390138,2.6177781581878663,2.872633218765259
35.78,2.829595375061035,2.6803353309631346,2.8025386333465576
35.8,2.8359436988830566,2.7428925037384033,2.7324440479278564
35.82,2.786233425140381,2.8144081115722654,2.6638607501983644
35.84,2.736523151397705,2.885923719406128,2.595277452468872
35.86,2.6868128776550293,2.95743932723999,2.52669415473938
35.88,2.6371026039123535,3.0289549350738527,2.4581108570098875
35.9,2.5873923301696777,3.100470542907715,2.3895275592803955
35.92,2.620551586151123,3.0359344482421875,2.4401702880859375
35.94,2.6537108421325684,2.97139835357666,2.4908130168914795
35.96,2.6868700981140137,2.906862258911133,2.5414557456970215
35.98,2.720029354095459,2.8423261642456055,2.5920984745025635
36.0,2.7531886100769043,2.777790069580078,2.6427412033081055
36.02,2.7671425342559814,2.7553056716918944,2.6471813201904295
36.04,2.7810964584350586,2.7328212738037108,2.651621437072754
36.06,2.7950503826141357,2.7103368759155275,2.656061553955078
36.08,2.809004306793213,2.687852478027344,2.6605016708374025
36.1,2.82295823097229,2.66536808013916,2.6649417877197266
36.12,2.8270520687103273,2.688887596130371,2.6869151115417482
36.14,2.831145906448364,2.712407112121582,2.7088884353637694
36.16,2.8352397441864015,2.735926628112793,2.730861759185791
36.18,2.8393335819244383,2.759446144104004,2.7528350830078123
36.2,2.8434274196624756,2.782965660095215,2.774808406829834
36.22,2.819514036178589,2.7100083351135256,2.794866752624512
36.24,2.795600652694702,2.637051010131836,2.8149250984191894
36.26,2.7716872692108154,2.5640936851501466,2.8349834442138673
36.28,2.7477738857269287,2.491136360168457,2.8550417900085447
36.3,2.723860502243042,2.4181790351867676,2.8751001358032227
36.32,2.715261363983154,2.4477787017822266,2.866306209564209
36.34,2.7066622257232664,2.4773783683776855,2.857512283325195
36.36,2.698063087463379,2.5069780349731445,2.848718357086182
36.38,2.6894639492034913,2.5365777015686035,2.839924430847168
36.4,2.6808648109436035,2.5661773681640625,2.8311305046081543
36.42,2.697661828994751,2.5436299800872804,2.781960391998291
36.44,2.7144588470458983,2.5210825920104982,2.7327902793884276
36.46,2.731255865097046,2.4985352039337156,2.6836201667785646
36.48,2.748052883148193,2.4759878158569335,2.6344500541687013
36.5,2.764849901199341,2.4534404277801514,2.585279941558838
36.52,2.9958882331848145,2.4060595512390135,2.6240447044372557
36.54,3.226926565170288,2.358678674697876,2.662809467315674
36.56,3.4579648971557617,2.311297798156738,2.7015742301940917
36.58,3.6890032291412354,2.2639169216156008,2.74033899307251
36.6,3.920041561126709,2.216536045074463,2.7791037559509277
36.62,3.635368824005127,2.3381232738494875,2.8110596179962157
36.64,3.350696086883545,2.4597105026245116,2.8430154800415037
36.66,3.066023349761963,2.581297731399536,2.874971342086792
36.68,2.781350612640381,2.7028849601745604,2.90692720413208
36.7,2.496677875518799,2.824472188949585,2.938883066177368
36.72,2.4933431148529053,2.7676842212677,2.968492555618286
36.74,2.4900083541870117,2.7108962535858154,2.998102045059204
36.76,2.486673593521118,2.6541082859039307,3.027711534500122
36.78,2.4833388328552246,2.597320318222046,3.05732102394104
36.8,2.480004072189331,2.540532350540161,3.086930513381958
36.82,2.5525649070739744,2.551082420349121,2.9613078117370604
36.84,2.6251257419586183,2.561632490158081,2.835685110092163
36.86,2.6976865768432616,2.572182559967041,2.7100624084472655
36.88,2.7702474117279055,2.582732629776001,2.5844397068023683
36.9,2.842808246612549,2.593282699584961,2.4588170051574707
36.92,2.753375196456909,2.6696054935455322,2.5463128089904785
36.94,2.6639421463012694,2.7459282875061035,2.6338086128234863
36.96,2.57450909614563,2.822251081466675,2.721304416656494
36.98,2.4850760459899903,2.898573875427246,2.808800220489502
37.0,2.3956429958343506,2.9748966693878174,2.8962960243225098
37.02,2.4111536026000975,2.8501710891723633,2.8635420322418215
37.04,2.426664209365845,2.725445508956909,2.8307880401611327
37.06,2.4421748161315917,2.600719928741455,2.7980340480804444
37.08,2.457685422897339,2.475994348526001,2.7652800559997557
37.1,2.473196029663086,2.351268768310547,2.7325260639190674
37.12,2.4615976333618166,2.3578300952911375,2.761366081237793
37.14,2.449999237060547,2.3643914222717286,2.7902060985565185
37.16,2.4384008407592774,2.3709527492523192,2.8190461158752442
37.18,2.4268024444580076,2.3775140762329103,2.8478861331939695
37.2,2.4152040481567383,2.384075403213501,2.8767261505126953
37.22,2.436660957336426,2.330804204940796,2.8024593353271485
37.24,2.458117866516113,2.277533006668091,2.7281925201416017
37.26,2.479574775695801,2.2242618083953856,2.6539257049560545
37.28,2.501031684875488,2.1709906101226806,2.5796588897705077
37.3,2.522488594055176,2.1177194118499756,2.505392074584961
37.32,2.5253381729125977,2.220317077636719,2.455839157104492
37.34,2.5281877517700195,2.322914743423462,2.4062862396240234
37.36,2.5310373306274414,2.425512409210205,2.3567333221435547
37.38,2.5338869094848633,2.528110074996948,2.307180404663086
37.4,2.536736488342285,2.6307077407836914,2.257627487182617
37.42,2.4592662811279298,2.655370759963989,2.301518106460571
37.44,2.3817960739135744,2.680033779144287,2.345408725738525
37.46,2.3043258666992186,2.704696798324585,2.3892993450164797
37.48,2.226855659484863,2.729359817504883,2.4331899642944337
37.5,2.149385452270508,2.7540228366851807,2.4770805835723877
37.52,2.375761795043945,2.6714529037475585,2.4852099418640137
37.54,2.602138137817383,2.5888829708099363,2.4933393001556396
37.56,2.8285144805908202,2.5063130378723146,2.5014686584472656
37.58,3.054890823364258,2.4237431049346925,2.5095980167388916
37.6,3.2812671661376953,2.3411731719970703,2.5177273750305176
37.62,3.124207592010498,2.3568633556365968,2.5507153511047362
37.64,2.967148017883301,2.3725535392761232,2.583703327178955
37.66,2.8100884437561033,2.3882437229156492,2.616691303253174
37.68,2.653028869628906,2.4039339065551757,2.6496792793273927
37.7,2.495969295501709,2.419624090194702,2.6826672554016113
37.72,2.528097629547119,2.458084964752197,2.6780012607574464
37.74,2.5602259635925293,2.496545839309692,2.6733352661132814
37.76,2.5923542976379395,2.5350067138671877,2.668669271469116
37.78,2.6244826316833496,2.5734675884246827,2.664003276824951
37.8,2.6566109657287598,2.6119284629821777,2.659337282180786
37.82,2.69941782951355,2.6093770980834963,2.7201581954956056
37.84,2.74222469329834,2.6068257331848144,2.780979108810425
37.86,2.78503155708313,2.604274368286133,2.841800022125244
37.88,2.82783842086792,2.601723003387451,2.9026209354400634
37.9,2.87064528465271,2.5991716384887695,2.963441848754883
37.92,2.9266753673553465,2.5369503498077393,2.910917043685913
37.94,2.9827054500579835,2.474729061126709,2.8583922386169434
37.96,3.03873553276062,2.4125077724456787,2.8058674335479736
37.98,3.094765615463257,2.3502864837646484,2.753342628479004
38.0,3.1507956981658936,2.288065195083618,2.700817823410034
38.02,3.057210636138916,2.288723611831665,2.7077953815460205
38.04,2.9636255741119384,2.2893820285797117,2.714772939682007
38.06,2.870040512084961,2.290040445327759,2.721750497817993
38.08,2.776455450057983,2.2906988620758058,2.7287280559539795
38.1,2.682870388031006,2.2913572788238525,2.735705614089966
38.12,2.60594220161438,2.3471954822540284,2.6756559371948243
38.14,2.529014015197754,2.4030336856842043,2.615606260299683
38.16,2.452085828781128,2.4588718891143797,2.555556583404541
38.18,2.3751576423645018,2.5147100925445556,2.4955069065093993
38.2,2.298229455947876,2.5705482959747314,2.435457229614258
38.22,2.3392833709716796,2.579214096069336,2.558470344543457
38.24,2.380337285995483,2.5878798961639404,2.6814834594726564
38.26,2.4213912010192873,2.596545696258545,2.8044965744018553
38.28,2.462445116043091,2.6052114963531494,2.9275096893310546
38.3,2.5034990310668945,2.613877296447754,3.050522804260254
38.32,2.54941840171814,2.5834928512573243,3.022076368331909
38.34,2.5953377723693847,2.5531084060668947,2.9936299324035645
38.36,2.64125714302063,2.5227239608764647,2.9651834964752197
38.38,2.687176513671875,2.492339515686035,2.936737060546875
38.4,2.73309588432312,2.4619550704956055,2.9082906246185303
38.42,2.69179482460022,2.5222299575805662,2.864977788925171
38.44,2.6504937648773192,2.5825048446655274,2.8216649532318114
38.46,2.609192705154419,2.642779731750488,2.7783521175384522
38.48,2.5678916454315184,2.7030546188354494,2.7350392818450926
38.5,2.526590585708618,2.76332950592041,2.6917264461517334
38.52,2.5406332492828367,2.732445478439331,2.7641809940338136
38.54,2.5546759128570558,2.701561450958252,2.8366355419158937
38.56,2.5687185764312743,2.670677423477173,2.9090900897979735
38.58,2.5827612400054933,2.6397933959960938,2.9815446376800536
38.6,2.596803903579712,2.6089093685150146,3.053999185562134
38.62,2.5181085109710692,2.550761604309082,2.9500802993774413
38.64,2.4394131183624266,2.4926138401031492,2.846161413192749
38.66,2.3607177257537844,2.434466075897217,2.742242527008057
38.68,2.2820223331451417,2.3763183116912843,2.6383236408233643
38.7,2.203326940536499,2.3181705474853516,2.534404754638672
38.72,2.3048370361328123,2.3648116111755373,2.6575769424438476
38.74,2.406347131729126,2.4114526748657226,2.7807491302490233
38.76,2.5078572273254394,2.4580937385559083,2.9039213180541994
38.78,2.609367322921753,2.5047348022460936,3.027093505859375
38.8,2.7108774185180664,2.5513758659362793,3.150265693664551
38.82,2.6368229389190674,2.634651851654053,3.0498620510101317
38.84,2.5627684593200684,2.717927837371826,2.9494584083557127
38.86,2.4887139797210693,2.8012038230895997,2.849054765701294
38.88,2.4146595001220703,2.884479808807373,2.748651123046875
38.9,2.3406050205230713,2.9677557945251465,2.648247480392456
38.92,2.2999633312225343,2.8988790988922117,2.726532506942749
38.94,2.2593216419219972,2.8300024032592774,2.804817533493042
38.96,2.21867995262146,2.7611257076263427,2.883102560043335
38.98,2.1780382633209228,2.6922490119934084,2.961387586593628
39.0,2.1373965740203857,2.6233723163604736,3.039672613143921
39.02,2.2349093437194822,2.6554533004760743,2.8881452083587646
39.04,2.332422113418579,2.687534284591675,2.7366178035736084
39.06,2.4299348831176757,2.719615268707275,2.585090398788452
39.08,2.5274476528167726,2.751696252822876,2.433562994003296
39.1,2.624960422515869,2.7837772369384766,2.2820355892181396
39.12,2.6465500354766847,2.74699125289917,2.3673281192779543
39.14,2.6681396484375,2.7102052688598635,2.4526206493377685
39.16,2.6897292613983153,2.6734192848205565,2.537913179397583
39.18,2.7113188743591308,2.63663330078125,2.6232057094573973
39.2,2.7329084873199463,2.5998473167419434,2.708498239517212
39.22,2.7177163124084474,2.576482963562012,2.633386421203613
39.24,2.7025241374969484,2.55311861038208,2.5582746028900147
39.26,2.687331962585449,2.5297542572021485,2.483162784576416
39.28,2.67213978767395,2.5063899040222166,2.4080509662628176
39.3,2.656947612762451,2.483025550842285,2.3329391479492188
39.32,2.625906562805176,2.450190019607544,2.3564751625061033
39.34,2.5948655128479006,2.4173544883728026,2.3800111770629884
39.36,2.563824462890625,2.3845189571380616,2.403547191619873
39.38,2.5327834129333495,2.35168342590332,2.427083206176758
39.4,2.501742362976074,2.318847894668579,2.4506192207336426
39.42,2.503360462188721,2.3457164764404297,2.497952127456665
39.44,2.504978561401367,2.3725850582122803,2.5452850341796873
39.46,2.5065966606140138,2.399453639984131,2.59261794090271
39.48,2.50821475982666,2.4263222217559814,2.6399508476257325
39.5,2.5098328590393066,2.453190803527832,2.687283754348755
39.52,2.5167567253112795,2.458185243606567,2.638052988052368
39.54,2.523680591583252,2.463179683685303,2.5888222217559815
39.56,2.5306044578552247,2.468174123764038,2.5395914554595946
39.58,2.537528324127197,2.4731685638427736,2.490360689163208
39.6,2.54445219039917,2.478163003921509,2.4411299228668213
39.62,2.55759801864624,2.473467540740967,2.4238054752349854
39.64,2.5707438468933104,2.4687720775604247,2.4064810276031494
39.66,2.583889675140381,2.464076614379883,2.3891565799713135
39.68,2.5970355033874513,2.4593811511993406,2.3718321323394775
39.7,2.6101813316345215,2.454685688018799,2.3545076847076416
39.72,2.6244475841522217,2.437638282775879,2.3804093837738036
39.74,2.638713836669922,2.420590877532959,2.4063110828399656
39.76,2.652980089187622,2.403543472290039,2.432212781906128
39.78,2.6672463417053223,2.386496067047119,2.45811448097229
39.8,2.6815125942230225,2.369448661804199,2.484016180038452
39.82,2.732471227645874,2.344542980194092,2.4190320491790773
39.84,2.7834298610687256,2.3196372985839844,2.354047918319702
39.86,2.834388494491577,2.294731616973877,2.2890637874603272
39.88,2.8853471279144287,2.2698259353637695,2.224079656600952
39.9,2.9363057613372803,2.244920253753662,2.159095525741577
39.92,2.7652350425720216,2.2388185977935793,2.2698678970336914
39.94,2.594164323806763,2.232716941833496,2.3806402683258057
39.96,2.4230936050415037,2.226615285873413,2.49141263961792
39.98,2.252022886276245,2.22051362991333,2.602185010910034
40.0,2.0809521675109863,2.214411973953247,2.7129573822021484
40.02,2.161893129348755,2.2952837467193605,2.6410379886627195
40.04,2.2428340911865234,2.3761555194854735,2.569118595123291
40.06,2.323775053024292,2.457027292251587,2.497199201583862
40.08,2.4047160148620605,2.5378990650177,2.4252798080444338
40.1,2.485656976699829,2.6187708377838135,2.353360414505005
40.12,2.50097393989563,2.6360323905944822,2.366420030593872
40.14,2.5162909030914307,2.6532939434051515,2.3794796466827393
40.16,2.5316078662872314,2.6705554962158202,2.3925392627716064
40.18,2.5469248294830322,2.6878170490264894,2.4055988788604736
40.2,2.562241792678833,2.705078601837158,2.418658494949341
40.22,2.5938669204711915,2.668605422973633,2.4404178619384767
40.24,2.62549204826355,2.6321322441101076,2.4621772289276125
40.26,2.657117176055908,2.595659065246582,2.483936595916748
40.28,2.6887423038482665,2.5591858863830566,2.5056959629058837
40.3,2.720367431640625,2.5227127075195312,2.5274553298950195
40.32,2.7163418769836425,2.575291633605957,2.5564746856689453
40.34,2.71231632232666,2.627870559692383,2.585494041442871
40.36,2.708290767669678,2.6804494857788086,2.614513397216797
40.38,2.7042652130126954,2.7330284118652344,2.6435327529907227
40.4,2.700239658355713,2.78560733795166,2.6725521087646484
40.42,2.671403980255127,2.7161439418792725,2.675694227218628
40.44,2.642568302154541,2.646680545806885,2.6788363456726074
40.46,2.613732624053955,2.577217149734497,2.681978464126587
40.48,2.584896945953369,2.5077537536621093,2.6851205825805664
40.5,2.556061267852783,2.4382903575897217,2.688262701034546
40.52,2.607861328125,2.5452181816101076,2.5905564785003663
40.54,2.659661388397217,2.652146005630493,2.4928502559661867
40.56,2.7114614486694335,2.759073829650879,2.3951440334320067
40.58,2.7632615089416506,2.8660016536712645,2.297437810897827
40.6,2.815061569213867,2.9729294776916504,2.1997315883636475
40.62,2.817341375350952,2.8852407932281494,2.2879743576049805
40.64,2.819621181488037,2.7975521087646484,2.3762171268463135
40.66,2.821900987625122,2.7098634243011475,2.4644598960876465
40.68,2.824180793762207,2.6221747398376465,2.5527026653289795
40.7,2.826460599899292,2.5344860553741455,2.6409454345703125
40.72,2.766292953491211,2.5536986351013184,2.697208547592163
40.74,2.7061253070831297,2.5729112148284914,2.7534716606140135
40.76,2.645957660675049,2.592123794555664,2.8097347736358644
40.78,2.585790014266968,2.611336374282837,2.865997886657715
40.8,2.5256223678588867,2.6305489540100098,2.9222609996795654
40.82,2.6948865413665772,2.590742254257202,2.866210174560547
40.84,2.8641507148742678,2.5509355545043944,2.8101593494415282
40.86,3.033414888381958,2.511128854751587,2.75410852432251
40.88,3.2026790618896483,2.4713221549987794,2.698057699203491
40.9,3.371943235397339,2.4315154552459717,2.6420068740844727
40.92,3.220452070236206,2.48730583190918,2.6067012786865233
40.94,3.0689609050750732,2.5430962085723876,2.571395683288574
40.96,2.9174697399139404,2.598886585235596,2.536090087890625
40.98,2.7659785747528076,2.6546769618988035,2.500784492492676
41.0,2.614487409591675,2.7104673385620117,2.4654788970947266
41.02,2.525868225097656,2.7050113677978516,2.4048159599304197
41.04,2.437249040603638,2.6995553970336914,2.3441530227661134
41.06,2.348629856109619,2.6940994262695312,2.2834900856018066
41.08,2.2600106716156008,2.688643455505371,2.2228271484375
41.1,2.171391487121582,2.683187484741211,2.1621642112731934
41.12,2.214600610733032,2.593662977218628,2.186203956604004
41.14,2.2578097343444825,2.504138469696045,2.2102437019348145
41.16,2.3010188579559325,2.414613962173462,2.234283447265625
41.18,2.344227981567383,2.325089454650879,2.2583231925964355
41.2,2.387437105178833,2.235564947128296,2.282362937927246
41.22,2.442554473876953,2.2851826667785646,2.350044345855713
41.24,2.4976718425750732,2.334800386428833,2.41772575378418
41.26,2.5527892112731934,2.3844181060791017,2.4854071617126463
41.28,2.6079065799713135,2.43403582572937,2.553088569641113
41.3,2.6630239486694336,2.4836535453796387,2.62076997756958
41.32,2.666568470001221,2.484371471405029,2.5261993408203125
41.34,2.6701129913330077,2.48508939743042,2.431628704071045
41.36,2.673657512664795,2.4858073234558105,2.3370580673217773
41.38,2.677202033996582,2.4865252494812013,2.2424874305725098
41.4,2.680746555328369,2.487243175506592,2.147916793823242
41.42,2.700504112243652,2.4893333435058596,2.138969087600708
41.44,2.7202616691589356,2.491423511505127,2.1300213813781737
41.46,2.7400192260742187,2.4935136795043946,2.12107367515564
41.48,2.759776782989502,2.495603847503662,2.1121259689331056
41.5,2.779534339904785,2.4976940155029297,2.1031782627105713
41.52,2.66908597946167,2.4794599056243896,2.121664524078369
41.54,2.5586376190185547,2.4612257957458494,2.140150785446167
41.56,2.4481892585754395,2.4429916858673097,2.158637046813965
41.58,2.337740898132324,2.4247575759887696,2.1771233081817627
41.6,2.227292537689209,2.4065234661102295,2.1956095695495605
41.62,2.3788537979125977,2.411248779296875,2.208029556274414
41.64,2.5304150581359863,2.4159740924835207,2.2204495429992677
41.66,2.681976318359375,2.420699405670166,2.232869529724121
41.68,2.8335375785827637,2.4254247188568114,2.245289516448975
41.7,2.9850988388061523,2.430150032043457,2.257709503173828
41.72,2.977033090591431,2.3964361190795898,2.3491421699523927
41.74,2.968967342376709,2.3627222061157225,2.440574836730957
41.76,2.9609015941619874,2.3290082931518556,2.5320075035095213
41.78,2.9528358459472654,2.2952943801879884,2.623440170288086
41.8,2.944770097732544,2.261580467224121,2.7148728370666504
41.82,2.942325258255005,2.297114372253418,2.695034122467041
41.84,2.9398804187774656,2.332648277282715,2.675195407867432
41.86,2.937435579299927,2.3681821823120117,2.655356693267822
41.88,2.934990739822388,2.4037160873413086,2.635517978668213
41.9,2.9325459003448486,2.4392499923706055,2.6156792640686035
41.92,2.8581330299377443,2.409202146530151,2.628231334686279
41.94,2.7837201595306396,2.3791543006896974,2.640783405303955
41.96,2.7093072891235352,2.349106454849243,2.6533354759216308
41.98,2.6348944187164305,2.3190586090087892,2.665887546539307
42.0,2.560481548309326,2.289010763168335,2.6784396171569824
42.02,2.6355939865112306,2.3508400917053223,2.670364427566528
42.04,2.710706424713135,2.4126694202423096,2.6622892379760743
42.06,2.785818862915039,2.474498748779297,2.65421404838562
42.08,2.8609313011169433,2.536328077316284,2.646138858795166
42.1,2.9360437393188477,2.5981574058532715,2.638063669204712
42.12,2.915718364715576,2.5552632331848146,2.6537320613861084
42.14,2.8953929901123048,2.5123690605163573,2.669400453567505
42.16,2.875067615509033,2.4694748878479005,2.6850688457489014
42.18,2.854742240905762,2.426580715179443,2.700737237930298
42.2,2.8344168663024902,2.3836865425109863,2.7164056301116943
42.22,2.8415833950042724,2.4374364852905273,2.6990851879119875
42.24,2.8487499237060545,2.491186428070068,2.68176474571228
42.26,2.855916452407837,2.5449363708496096,2.6644443035125733
42.28,2.8630829811096192,2.5986863136291505,2.647123861312866
42.3,2.8702495098114014,2.6524362564086914,2.629803419113159
42.32,2.8085640907287597,2.613939046859741,2.65148024559021
42.34,2.746878671646118,2.575441837310791,2.673157072067261
42.36,2.6851932525634767,2.536944627761841,2.6948338985443114
42.38,2.623507833480835,2.4984474182128906,2.7165107250213625
42.4,2.5618224143981934,2.4599502086639404,2.738187551498413
42.42,2.509736728668213,2.489353656768799,2.717028522491455
42.44,2.4576510429382323,2.5187571048736572,2.695869493484497
42.46,2.405565357208252,2.5481605529785156,2.6747104644775392
42.48,2.3534796714782713,2.577564001083374,2.653551435470581
42.5,2.301393985748291,2.6069674491882324,2.632392406463623
42.52,2.3874489307403564,2.6428534984588623,2.6383174896240233
42.54,2.4735038757324217,2.678739547729492,2.6442425727844237
42.56,2.5595588207244875,2.714625597000122,2.6501676559448244
42.58,2.645613765716553,2.750511646270752,2.6560927391052247
42.6,2.731668710708618,2.786397695541382,2.662017822265625
42.62,2.7372058391571046,2.7102395057678224,2.6785258769989015
42.64,2.742742967605591,2.634081315994263,2.6950339317321776
42.66,2.748280096054077,2.557923126220703,2.711541986465454
42.68,2.7538172245025634,2.4817649364471435,2.7280500411987303
42.7,2.75935435295105,2.405606746673584,2.744558095932007
42.72,2.7188398361206056,2.4740429878234864,2.720584583282471
42.74,2.678325319290161,2.542479228973389,2.6966110706329345
42.76,2.637810802459717,2.610915470123291,2.6726375579833985
42.78,2.5972962856292723,2.6793517112731933,2.648664045333862
42.8,2.556781768798828,2.7477879524230957,2.624690532684326
42.82,2.556340742111206,2.6726282596588136,2.6175915718078615
42.84,2.555899715423584,2.5974685668945314,2.6104926109313964
42.86,2.555458688735962,2.522308874130249,2.6033936500549317
42.88,2.55501766204834,2.4471491813659667,2.5962946891784666
42.9,2.5545766353607178,2.3719894886016846,2.589195728302002
42.92,2.496515655517578,2.494843912124634,2.63666353225708
42.94,2.4384546756744383,2.617698335647583,2.6841313362121584
42.96,2.380393695831299,2.7405527591705323,2.731599140167236
42.98,2.3223327159881593,2.8634071826934813,2.7790669441223144
43.0,2.2642717361450195,2.9862616062164307,2.8265347480773926
43.02,2.34953031539917,2.918591833114624,2.8229121208190917
43.04,2.4347888946533205,2.8509220600128176,2.819289493560791
43.06,2.5200474739074705,2.7832522869110106,2.8156668663024904
43.08,2.605306053161621,2.715582513809204,2.8120442390441895
43.1,2.6905646324157715,2.6479127407073975,2.8084216117858887
43.12,2.634086847305298,2.643157625198364,2.828701972961426
43.14,2.577609062194824,2.638402509689331,2.848982334136963
43.16,2.5211312770843506,2.633647394180298,2.8692626953125
43.18,2.464653491973877,2.6288922786712647,2.889543056488037
43.2,2.4081757068634033,2.6241371631622314,2.909823417663574
43.22,2.4513504028320314,2.641727018356323,2.88710675239563
43.24,2.494525098800659,2.659316873550415,2.8643900871276857
43.26,2.537699794769287,2.6769067287445067,2.841673421859741
43.28,2.580874490737915,2.694496583938599,2.818956756591797
43.3,2.624049186706543,2.7120864391326904,2.7962400913238525
43.32,2.628310441970825,2.5818889141082764,2.870060348510742
43.34,2.6325716972351074,2.4516913890838623,2.9438806056976317
43.36,2.6368329524993896,2.3214938640594482,3.0177008628845217
43.38,2.641094207763672,2.191296339035034,3.091521120071411
43.4,2.645355463027954,2.06109881401062,3.165341377258301
43.42,2.6889510631561278,2.127376413345337,3.02426495552063
43.44,2.732546663284302,2.193654012680054,2.883188533782959
43.46,2.7761422634124755,2.2599316120147703,2.7421121120452883
43.48,2.8197378635406496,2.326209211349487,2.6010356903076173
43.5,2.8633334636688232,2.392486810684204,2.4599592685699463
43.52,2.801182508468628,2.384936475753784,2.5034297943115233
43.54,2.7390315532684326,2.377386140823364,2.5469003200531004
43.56,2.6768805980682373,2.3698358058929445,2.590370845794678
43.58,2.614729642868042,2.3622854709625245,2.633841371536255
43.6,2.5525786876678467,2.3547351360321045,2.677311897277832
43.62,2.5686540603637695,2.343133783340454,2.7494030952453614
43.64,2.5847294330596924,2.331532430648804,2.821494293212891
43.66,2.6008048057556152,2.319931077957153,2.8935854911804197
43.68,2.616880178451538,2.308329725265503,2.965676689147949
43.7,2.632955551147461,2.2967283725738525,3.0377678871154785
43.72,2.64288272857666,2.3470967292785643,2.8982230186462403
43.74,2.652809906005859,2.3974650859832765,2.758678150177002
43.76,2.6627370834350588,2.447833442687988,2.6191332817077635
43.78,2.672664260864258,2.4982017993927004,2.4795884132385253
43.8,2.682591438293457,2.548570156097412,2.340043544769287
43.82,2.6459970474243164,2.548409366607666,2.392306900024414
43.84,2.609402656555176,2.5482485771179197,2.444570255279541
43.86,2.572808265686035,2.548087787628174,2.496833610534668
43.88,2.5362138748168945,2.547926998138428,2.549096965789795
43.9,2.499619483947754,2.5477662086486816,2.601360321044922
43.92,2.4977062702178956,2.5167323112487794,2.7027747631073
43.94,2.4957930564880373,2.485698413848877,2.8041892051696777
43.96,2.4938798427581785,2.4546645164489744,2.9056036472320557
43.98,2.4919666290283202,2.423630619049072,3.0070180892944336
44.0,2.490053415298462,2.39259672164917,3.1084325313568115
44.02,2.576673650741577,2.34054012298584,3.043625736236572
44.04,2.663293886184692,2.2884835243225097,2.978818941116333
44.06,2.749914121627808,2.2364269256591798,2.914012145996094
44.08,2.836534357070923,2.1843703269958494,2.8492053508758546
44.1,2.923154592514038,2.1323137283325195,2.7843985557556152
44.12,2.9199517250061033,2.192181634902954,2.679816246032715
44.14,2.916748857498169,2.2520495414733888,2.5752339363098145
44.16,2.9135459899902343,2.311917448043823,2.470651626586914
44.18,2.9103431224823,2.371785354614258,2.3660693168640137
44.2,2.9071402549743652,2.4316532611846924,2.2614870071411133
44.22,2.912363815307617,2.4321125984191894,2.2992074489593506
44.24,2.9175873756408692,2.4325719356536863,2.336927890777588
44.26,2.922810935974121,2.4330312728881838,2.374648332595825
44.28,2.9280344963073732,2.4334906101226808,2.4123687744140625
44.3,2.933258056640625,2.4339499473571777,2.4500892162323
44.32,2.8973533630371096,2.442715883255005,2.510037326812744
44.34,2.8614486694335937,2.451481819152832,2.5699854373931883
44.36,2.825543975830078,2.460247755050659,2.629933547973633
44.38,2.7896392822265623,2.4690136909484863,2.6898816585540772
44.4,2.753734588623047,2.4777796268463135,2.7498297691345215
44.42,2.745350646972656,2.4466274261474608,2.7729071140289308
44.44,2.7369667053222657,2.4154752254486085,2.79598445892334
44.46,2.728582763671875,2.3843230247497558,2.819061803817749
44.48,2.7201988220214846,2.3531708240509035,2.842139148712158
44.5,2.7118148803710938,2.322018623352051,2.8652164936065674
44.52,2.731690692901611,2.40359845161438,2.8074182510375976
44.54,2.751566505432129,2.485178279876709,2.7496200084686278
44.56,2.7714423179626464,2.5667581081390383,2.6918217658996584
44.58,2.7913181304931642,2.6483379364013673,2.6340235233306886
44.6,2.8111939430236816,2.7299177646636963,2.5762252807617188
44.62,2.7874165534973145,2.684122180938721,2.623935842514038
44.64,2.7636391639709474,2.6383265972137453,2.6716464042663572
44.66,2.73986177444458,2.5925310134887694,2.719356966018677
44.68,2.716084384918213,2.546735429763794,2.767067527770996
44.7,2.6923069953918457,2.5009398460388184,2.8147780895233154
44.72,2.7268741607666014,2.4954997539520263,2.797803354263306
44.74,2.7614413261413575,2.490059661865234,2.780828619003296
44.76,2.796008491516113,2.4846195697784426,2.763853883743286
44.78,2.8305756568908693,2.4791794776916505,2.746879148483276
44.8,2.865142822265625,2.4737393856048584,2.7299044132232666
44.82,2.9120975494384767,2.469960021972656,2.7371991157531737
44.84,2.9590522766113283,2.466180658340454,2.744493818283081
44.86,3.0060070037841795,2.462401294708252,2.751788520812988
44.88,3.052961730957031,2.45862193107605,2.7590832233428957
44.9,3.099916458129883,2.4548425674438477,2.7663779258728027
44.92,3.020494270324707,2.462581825256348,2.8991518020629883
44.94,2.9410720825195313,2.4703210830688476,3.031925678253174
44.96,2.8616498947143554,2.4780603408813477,3.1646995544433594
44.98,2.78222770690918,2.4857995986938475,3.297473430633545
45.0,2.702805519104004,2.4935388565063477,3.4302473068237305
45.02,2.6975662231445314,2.518256664276123,3.2333476066589357
45.04,2.6923269271850585,2.5429744720458984,3.0364479064941405
45.06,2.687087631225586,2.567692279815674,2.839548206329346
45.08,2.681848335266113,2.592410087585449,2.6426485061645506
45.1,2.6766090393066406,2.6171278953552246,2.445748805999756
45.12,2.645321178436279,2.544157075881958,2.4850719451904295
45.14,2.614033317565918,2.4711862564086915,2.5243950843811036
45.16,2.5827454566955566,2.3982154369354247,2.5637182235717773
45.18,2.5514575958251955,2.3252446174621584,2.6030413627624513
45.2,2.520169734954834,2.2522737979888916,2.642364501953125
45.22,2.509666919708252,2.33093638420105,2.6580713272094725
45.24,2.49916410446167,2.409598970413208,2.6737781524658204
45.26,2.488661289215088,2.4882615566253663,2.689484977722168
45.28,2.478158473968506,2.5669241428375242,2.705191802978516
45.3,2.467655658721924,2.6455867290496826,2.7208986282348633
45.32,2.5344540596008303,2.627114009857178,2.6773101329803466
45.34,2.6012524604797362,2.6086412906646728,2.63372163772583
45.36,2.6680508613586427,2.590168571472168,2.5901331424713137
45.38,2.7348492622375487,2.571695852279663,2.546544647216797
45.4,2.801647663116455,2.553223133087158,2.5029561519622803
45.42,2.7664641380310058,2.5136274337768554,2.509995174407959
45.44,2.7312806129455565,2.4740317344665526,2.5170341968536376
45.46,2.6960970878601076,2.43443603515625,2.5240732192993165
45.48,2.6609135627746583,2.3948403358459474,2.531112241744995
45.5,2.625730037689209,2.3552446365356445,2.538151264190674
45.52,2.5832512855529783,2.3498112678527834,2.593546438217163
45.54,2.540772533416748,2.344377899169922,2.6489416122436524
45.56,2.4982937812805175,2.3389445304870606,2.7043367862701415
45.58,2.4558150291442873,2.333511161804199,2.759731960296631
45.6,2.4133362770080566,2.328077793121338,2.81512713432312
45.62,2.4339984893798827,2.2613168716430665,2.8026621341705322
45.64,2.454660701751709,2.194555950164795,2.7901971340179443
45.66,2.4753229141235353,2.1277950286865233,2.7777321338653564
45.68,2.4959851264953614,2.061034107208252,2.7652671337127686
45.7,2.5166473388671875,1.9942731857299805,2.7528021335601807
45.72,2.5012790679931642,2.1121397018432617,2.801226806640625
45.74,2.4859107971191405,2.230006217956543,2.8496514797210692
45.76,2.4705425262451173,2.347872734069824,2.8980761528015138
45.78,2.4551742553710936,2.4657392501831055,2.946500825881958
45.8,2.4398059844970703,2.5836057662963867,2.9949254989624023
45.82,2.586772918701172,2.569686269760132,2.9174752235412598
45.84,2.7337398529052734,2.555766773223877,2.840024948120117
45.86,2.880706787109375,2.541847276687622,2.7625746726989746
45.88,3.0276737213134766,2.527927780151367,2.685124397277832
45.9,3.174640655517578,2.5140082836151123,2.6076741218566895
45.92,2.9604573249816895,2.4843918800354006,2.5767237663269045
45.94,2.746273994445801,2.4547754764556884,2.545773410797119
45.96,2.532090663909912,2.4251590728759767,2.514823055267334
45.98,2.3179073333740234,2.3955426692962645,2.4838726997375487
46.0,2.1037240028381348,2.3659262657165527,2.4529223442077637
46.02,2.2178616523742676,2.3767200469970704,2.4825557231903077
46.04,2.3319993019104004,2.387513828277588,2.5121891021728517
46.06,2.446136951446533,2.3983076095581053,2.5418224811553953
46.08,2.560274600982666,2.409101390838623,2.5714558601379394
46.1,2.674412250518799,2.4198951721191406,2.6010892391204834
46.12,2.683963680267334,2.517042303085327,2.615550088882446
46.14,2.693515110015869,2.6141894340515135,2.6300109386444093
46.16,2.7030665397644045,2.7113365650177004,2.644471788406372
46.18,2.7126179695129395,2.808483695983887,2.658932638168335
46.2,2.7221693992614746,2.9056308269500732,2.673393487930298
46.22,2.6753878593444824,2.787101078033447,2.6434912204742433
46.24,2.6286063194274902,2.6685713291168214,2.6135889530181884
46.26,2.581824779510498,2.5500415802001952,2.583686685562134
46.28,2.535043239593506,2.4315118312835695,2.553784418106079
46.3,2.4882616996765137,2.3129820823669434,2.5238821506500244
46.32,2.4720281600952148,2.3547952651977537,2.553443431854248
46.34,2.455794620513916,2.3966084480285645,2.5830047130584717
46.36,2.4395610809326174,2.438421630859375,2.6125659942626953
46.38,2.4233275413513184,2.4802348136901857,2.642127275466919
46.4,2.4070940017700195,2.522047996520996,2.6716885566711426
46.42,2.4690613746643066,2.4479557514190673,2.744296407699585
46.44,2.5310287475585938,2.3738635063171385,2.8169042587280275
46.46,2.592996120452881,2.29977126121521,2.8895121097564695
46.48,2.654963493347168,2.2256790161132813,2.962119960784912
46.5,2.716930866241455,2.1515867710113525,3.0347278118133545
46.52,2.6485804080963136,2.2112786293029787,2.9690990447998047
46.54,2.580229949951172,2.2709704875946044,2.903470277786255
46.56,2.51187949180603,2.3306623458862306,2.837841510772705
46.58,2.4435290336608886,2.3903542041778563,2.7722127437591553
46.6,2.375178575515747,2.4500460624694824,2.7065839767456055
46.62,2.447170639038086,2.4525633335113524,2.6512714862823485
46.64,2.5191627025604246,2.4550806045532227,2.5959589958190916
46.66,2.591154766082764,2.4575978755950927,2.540646505355835
46.68,2.6631468296051026,2.460115146636963,2.485334014892578
46.7,2.7351388931274414,2.462632417678833,2.4300215244293213
46.72,2.8057814598083497,2.4789222240448,2.464366626739502
46.74,2.876424026489258,2.495212030410767,2.4987117290496825
46.76,2.947066593170166,2.511501836776733,2.5330568313598634
46.78,3.017709159851074,2.5277916431427,2.5674019336700438
46.8,3.0883517265319824,2.544081449508667,2.6017470359802246
46.82,3.046565532684326,2.5595191955566405,2.5707804203033446
46.84,3.00477933883667,2.574956941604614,2.5398138046264647
46.86,2.9629931449890137,2.590394687652588,2.508847188949585
46.88,2.9212069511413574,2.6058324337005616,2.477880573272705
46.9,2.879420757293701,2.621270179748535,2.446913957595825
46.92,2.952271842956543,2.6259700775146486,2.48712420463562
46.94,3.0251229286193846,2.6306699752807616,2.527334451675415
46.96,3.0979740142822267,2.635369873046875,2.56754469871521
46.98,3.1708250999450684,2.640069770812988,2.607754945755005
47.0,3.24367618560791,2.6447696685791016,2.6479651927948
47.02,3.258259153366089,2.6121713161468505,2.6931779384613037
47.04,3.2728421211242678,2.5795729637145994,2.7383906841278076
47.06,3.287425088882446,2.546974611282349,2.7836034297943115
47.08,3.302008056640625,2.5143762588500977,2.8288161754608154
47.1,3.3165910243988037,2.4817779064178467,2.8740289211273193
47.12,3.1380831241607665,2.4867230892181396,2.8415698051452636
47.14,2.9595752239227293,2.4916682720184324,2.809110689163208
47.16,2.7810673236846926,2.4966134548187258,2.7766515731811525
47.18,2.6025594234466554,2.5015586376190186,2.7441924571990968
47.2,2.424051523208618,2.5065038204193115,2.711733341217041
47.22,2.4431834697723387,2.4533449172973634,2.690960645675659
47.24,2.4623154163360597,2.400186014175415,2.6701879501342773
47.26,2.48144736289978,2.3470271110534666,2.6494152545928955
47.28,2.500579309463501,2.2938682079315185,2.6286425590515137
47.3,2.5197112560272217,2.2407093048095703,2.607869863510132
47.32,2.4866637229919433,2.290876579284668,2.603983020782471
47.34,2.453616189956665,2.3410438537597655,2.6000961780548097
47.36,2.420568656921387,2.3912111282348634,2.5962093353271483
47.38,2.3875211238861085,2.4413784027099608,2.592322492599487
47.4,2.35447359085083,2.4915456771850586,2.588435649871826
47.42,2.439052772521973,2.447070837020874,2.6143012046813965
47.44,2.523631954193115,2.4025959968566895,2.640166759490967
47.46,2.608211135864258,2.358121156692505,2.666032314300537
47.48,2.6927903175354,2.3136463165283203,2.6918978691101074
47.5,2.777369499206543,2.2691714763641357,2.7177634239196777
47.52,2.7690120697021485,2.30617470741272,2.649664068222046
47.54,2.760654640197754,2.3431779384613036,2.581564712524414
47.56,2.752297210693359,2.380181169509888,2.5134653568267824
47.58,2.7439397811889648,2.4171844005584715,2.4453660011291505
47.6,2.7355823516845703,2.4541876316070557,2.3772666454315186
47.62,2.7344615936279295,2.4632004737854003,2.49177885055542
47.64,2.733340835571289,2.472213315963745,2.6062910556793213
47.66,2.7322200775146483,2.48122615814209,2.7208032608032227
47.68,2.731099319458008,2.4902390003204347,2.835315465927124
47.7,2.729978561401367,2.4992518424987793,2.9498276710510254
47.72,2.6604780673980715,2.528184700012207,2.907299613952637
47.74,2.5909775733947753,2.557117557525635,2.8647715568542482
47.76,2.5214770793914796,2.5860504150390624,2.822243499755859
47.78,2.4519765853881834,2.6149832725524904,2.7797154426574706
47.8,2.3824760913848877,2.643916130065918,2.737187385559082
47.82,2.4521607398986816,2.563227319717407,2.5827771186828614
47.84,2.5218453884124754,2.4825385093688963,2.428366851806641
47.86,2.5915300369262697,2.401849699020386,2.2739565849304197
47.88,2.6612146854400636,2.321160888671875,2.119546318054199
47.9,2.7308993339538574,2.2404720783233643,1.9651360511779785
47.92,2.661464786529541,2.2493629455566406,2.152351951599121
47.94,2.592030239105225,2.258253812789917,2.339567852020264
47.96,2.522595691680908,2.2671446800231934,2.526783752441406
47.98,2.4531611442565917,2.2760355472564697,2.7139996528625487
48.0,2.3837265968322754,2.284926414489746,2.9012155532836914
48.02,2.497165489196777,2.3434616565704345,2.842561054229736
48.04,2.6106043815612794,2.401996898651123,2.7839065551757813
48.06,2.724043273925781,2.4605321407318117,2.725252056121826
48.08,2.8374821662902834,2.5190673828125,2.6665975570678713
48.1,2.950921058654785,2.5776026248931885,2.607943058013916
48.12,2.859952211380005,2.63266978263855,2.5679224491119386
48.14,2.7689833641052246,2.6877369403839113,2.527901840209961
48.16,2.6780145168304443,2.7428040981292723,2.487881231307983
48.18,2.587045669555664,2.7978712558746337,2.4478606224060058
48.2,2.496076822280884,2.852938413619995,2.4078400135040283
48.22,2.545091438293457,2.795807647705078,2.4684186935424806
48.24,2.5941060543060304,2.738676881790161,2.528997373580933
48.26,2.6431206703186034,2.681546115875244,2.5895760536193846
48.28,2.692135286331177,2.6244153499603273,2.650154733657837
48.3,2.74114990234375,2.56728458404541,2.710733413696289
48.32,2.6915960788726805,2.5777406692504883,2.7682714462280273
48.34,2.6420422554016114,2.5881967544555664,2.8258094787597656
48.36,2.592488431930542,2.5986528396606445,2.883347511291504
48.38,2.542934608459473,2.6091089248657227,2.940885543823242
48.4,2.4933807849884033,2.619565010070801,2.9984235763549805
48.42,2.526956033706665,2.585204553604126,2.861444664001465
48.44,2.5605312824249267,2.550844097137451,2.724465751647949
48.46,2.5941065311431886,2.5164836406707765,2.5874868392944337
48.48,2.62768177986145,2.4821231842041014,2.450507926940918
48.5,2.661257028579712,2.4477627277374268,2.3135290145874023
48.52,2.6377187728881837,2.4736260890960695,2.3913067817687987
48.54,2.6141805171966555,2.499489450454712,2.469084548950195
48.56,2.5906422615051268,2.5253528118133546,2.546862316131592
48.58,2.5671040058135985,2.551216173171997,2.6246400833129884
48.6,2.5435657501220703,2.5770795345306396,2.7024178504943848
48.62,2.549857997894287,2.5448301315307615,2.612124872207642
48.64,2.5561502456665037,2.512580728530884,2.5218318939208983
48.66,2.562442493438721,2.4803313255310058,2.4315389156341554
48.68,2.5687347412109376,2.448081922531128,2.341245937347412
48.7,2.5750269889831543,2.41583251953125,2.250952959060669
48.72,2.5275537967681885,2.4333109855651855,2.4232937812805178
48.74,2.4800806045532227,2.450789451599121,2.595634603500366
48.76,2.432607412338257,2.4682679176330566,2.767975425720215
48.78,2.385134220123291,2.485746383666992,2.9403162479400633
48.8,2.337661027908325,2.5032248497009277,3.112657070159912
48.82,2.439093065261841,2.5312094688415527,3.060316324234009
48.84,2.5405251026153564,2.5591940879821777,3.0079755783081055
48.86,2.641957139968872,2.5871787071228027,2.955634832382202
48.88,2.7433891773223875,2.6151633262634277,2.903294086456299
48.9,2.8448212146759033,2.6431479454040527,2.8509533405303955
48.92,2.7827229499816895,2.615833568572998,2.8026962280273438
48.94,2.7206246852874756,2.5885191917419434,2.754439115524292
48.96,2.6585264205932617,2.5612048149108886,2.7061820030212402
48.98,2.596428155899048,2.533890438079834,2.6579248905181885
49.0,2.534329891204834,2.5065760612487793,2.6096677780151367
49.02,2.545454740524292,2.4530577182769777,2.6480639457702635
49.04,2.55657958984375,2.3995393753051757,2.6864601135253907
49.06,2.567704439163208,2.346021032333374,2.7248562812805175
49.08,2.578829288482666,2.292502689361572,2.7632524490356447
49.1,2.589954137802124,2.2389843463897705,2.8016486167907715
49.12,2.5468626499176024,2.310000705718994,2.7738534450531005
49.14,2.503771162033081,2.381017065048218,2.7460582733154295
49.16,2.4606796741485595,2.4520334243774413,2.718263101577759
49.18,2.4175881862640383,2.523049783706665,2.690467929840088
49.2,2.3744966983795166,2.5940661430358887,2.662672758102417
49.22,2.471604824066162,2.6231693744659426,2.646379327774048
49.24,2.5687129497528076,2.652272605895996,2.630085897445679
49.26,2.665821075439453,2.68137583732605,2.6137924671173094
49.28,2.7629292011260986,2.7104790687561033,2.5974990367889403
49.3,2.860037326812744,2.7395823001861572,2.5812056064605713
49.32,2.8088338375091553,2.64652943611145,2.692941427230835
49.34,2.7576303482055664,2.553476572036743,2.8046772480010986
49.36,2.7064268589019775,2.460423707962036,2.9164130687713623
49.38,2.6552233695983887,2.367370843887329,3.028148889541626
49.4,2.6040198802948,2.274317979812622,3.1398847103118896
49.42,2.669165325164795,2.495472812652588,3.113777446746826
49.44,2.73431077003479,2.7166276454925535,3.087670183181763
49.46,2.7994562149047852,2.9377824783325197,3.061562919616699
49.48,2.86460165977478,3.1589373111724854,3.035455656051636
49.5,2.9297471046447754,3.380092144012451,3.0093483924865723
49.52,2.8301904678344725,3.1816919803619386,2.9533387184143067
49.54,2.73063383102417,2.983291816711426,2.897329044342041
49.56,2.631077194213867,2.784891653060913,2.841319370269775
49.58,2.5315205574035646,2.5864914894104003,2.7853096961975097
49.6,2.4319639205932617,2.3880913257598877,2.729300022125244
49.62,2.439340114593506,2.4210791110992433,2.6683745861053465
49.64,2.44671630859375,2.4540668964385985,2.6074491500854493
49.66,2.454092502593994,2.487054681777954,2.5465237140655517
49.68,2.4614686965942383,2.5200424671173094,2.4855982780456545
49.7,2.4688448905944824,2.553030252456665,2.424672842025757
49.72,2.518776845932007,2.535682964324951,2.548875617980957
49.74,2.568708801269531,2.5183356761932374,2.6730783939361573
49.76,2.6186407566070558,2.5009883880615233,2.7972811698913573
49.78,2.66857271194458,2.4836410999298097,2.921483945846558
49.8,2.7185046672821045,2.4662938117980957,3.045686721801758
49.82,2.7102325439453123,2.436139678955078,3.0846678733825685
49.84,2.7019604206085206,2.4059855461120607,3.123649024963379
49.86,2.6936882972717284,2.375831413269043,3.1626301765441895
49.88,2.6854161739349367,2.3456772804260253,3.201611328125
49.9,2.6771440505981445,2.315523147583008,3.2405924797058105
49.92,2.712484073638916,2.319675588607788,3.130104112625122
49.94,2.7478240966796874,2.323828029632568,3.0196157455444337
49.96,2.783164119720459,2.327980470657349,2.909127378463745
49.98,2.8185041427612303,2.332132911682129,2.798639011383057
50.0,2.853844165802002,2.336285352706909,2.688150644302368
50.02,2.7712471008300783,2.3534026622772215,2.7326614379882814
50.04,2.688650035858154,2.3705199718475343,2.7771722316741942
50.06,2.6060529708862306,2.3876372814178466,2.8216830253601075
50.08,2.5234559059143065,2.4047545909881594,2.8661938190460203
50.1,2.440858840942383,2.4218719005584717,2.9107046127319336
50.12,2.4661000251770018,2.406917095184326,2.869855785369873
50.14,2.491341209411621,2.3919622898101807,2.8290069580078123
50.16,2.51658239364624,2.377007484436035,2.788158130645752
50.18,2.5418235778808596,2.3620526790618896,2.7473093032836915
50.2,2.5670647621154785,2.347097873687744,2.706460475921631
50.22,2.669802665710449,2.424785327911377,2.717742443084717
50.24,2.77254056930542,2.5024727821350097,2.7290244102478027
50.26,2.8752784729003906,2.5801602363586427,2.7403063774108887
50.28,2.9780163764953613,2.657847690582275,2.7515883445739746
50.3,3.080754280090332,2.735535144805908,2.7628703117370605
50.32,3.0329824447631837,2.6512676239013673,2.708700180053711
50.34,2.9852106094360353,2.5670001029968263,2.6545300483703613
50.36,2.9374387741088865,2.482732582092285,2.6003599166870117
50.38,2.889666938781738,2.398465061187744,2.546189785003662
50.4,2.84189510345459,2.314197540283203,2.4920196533203125
50.42,2.773582649230957,2.313295078277588,2.567575550079346
50.44,2.705270195007324,2.3123926162719726,2.643131446838379
50.46,2.6369577407836915,2.3114901542663575,2.718687343597412
50.48,2.5686452865600584,2.310587692260742,2.7942432403564452
50.5,2.500332832336426,2.309685230255127,2.8697991371154785
50.52,2.622757387161255,2.3508862495422362,2.764981174468994
50.54,2.745181941986084,2.3920872688293455,2.6601632118225096
50.56,2.867606496810913,2.4332882881164553,2.5553452491760256
50.58,2.990031051635742,2.4744893074035645,2.450527286529541
50.6,3.1124556064605713,2.515690326690674,2.3457093238830566
50.62,2.9445000648498536,2.4477985382080076,2.481728219985962
50.64,2.776544523239136,2.379906749725342,2.617747116088867
50.66,2.608588981628418,2.3120149612426757,2.7537660121917726
50.68,2.4406334400177,2.24412317276001,2.889784908294678
50.7,2.2726778984069824,2.1762313842773438,3.025803804397583
50.72,2.3131183624267577,2.3055756092071533,2.991305923461914
50.74,2.353558826446533,2.434919834136963,2.9568080425262453
50.76,2.3939992904663088,2.5642640590667725,2.922310161590576
50.78,2.434439754486084,2.693608283996582,2.887812280654907
50.8,2.4748802185058594,2.8229525089263916,2.8533143997192383
50.82,2.512224292755127,2.687423515319824,2.8787625312805174
50.84,2.5495683670043947,2.551894521713257,2.904210662841797
50.86,2.586912441253662,2.4163655281066894,2.929658794403076
50.88,2.6242565155029296,2.2808365345001222,2.9551069259643556
50.9,2.6616005897521973,2.1453075408935547,2.9805550575256348
50.92,2.6960618019104006,2.2207290172576903,2.8905311584472657
50.94,2.7305230140686034,2.296150493621826,2.8005072593688967
50.96,2.7649842262268067,2.371571969985962,2.710483360290527
50.98,2.7994454383850096,2.4469934463500977,2.620459461212158
51.0,2.833906650543213,2.5224149227142334,2.530435562133789
51.02,2.818010997772217,2.4613264083862303,2.601062059402466
51.04,2.8021153450012206,2.4002378940582276,2.6716885566711426
51.06,2.7862196922302247,2.3391493797302245,2.7423150539398193
51.08,2.7703240394592283,2.278060865402222,2.812941551208496
51.1,2.7544283866882324,2.2169723510742188,2.883568048477173
51.12,2.723062038421631,2.3002336025238037,2.8618096828460695
51.14,2.6916956901550293,2.3834948539733887,2.8400513172149657
51.16,2.6603293418884277,2.4667561054229736,2.8182929515838624
51.18,2.628962993621826,2.5500173568725586,2.7965345859527586
51.2,2.5975966453552246,2.6332786083221436,2.7747762203216553
51.22,2.5676154613494875,2.620798397064209,2.718288040161133
51.24,2.53763427734375,2.6083181858062745,2.6617998600006105
51.26,2.507653093338013,2.5958379745483398,2.6053116798400877
51.28,2.477671909332275,2.5833577632904055,2.5488234996795653
51.3,2.447690725326538,2.5708775520324707,2.492335319519043
51.32,2.49087815284729,2.564742183685303,2.570681428909302
51.34,2.534065580368042,2.558606815338135,2.6490275382995607
51.36,2.577253007888794,2.5524714469909666,2.727373647689819
51.38,2.620440435409546,2.5463360786437987,2.805719757080078
51.4,2.663627862930298,2.540200710296631,2.884065866470337
51.42,2.6529040813446043,2.5443451404571533,2.807830810546875
51.44,2.642180299758911,2.548489570617676,2.731595754623413
51.46,2.6314565181732177,2.5526340007781982,2.655360698699951
51.48,2.6207327365875246,2.5567784309387207,2.5791256427764893
51.5,2.610008955001831,2.560922861099243,2.5028905868530273
51.52,2.6195280075073244,2.527330207824707,2.577235794067383
51.54,2.6290470600128173,2.493737554550171,2.6515810012817385
51.56,2.6385661125183106,2.4601449012756347,2.7259262084960936
51.58,2.6480851650238035,2.426552248001099,2.800271415710449
51.6,2.657604217529297,2.3929595947265625,2.8746166229248047
51.62,2.659893274307251,2.401152992248535,2.8092488765716555
51.64,2.662182331085205,2.4093463897705076,2.7438811302185058
51.66,2.664471387863159,2.4175397872924806,2.6785133838653565
51.68,2.6667604446411133,2.425733184814453,2.613145637512207
51.7,2.6690495014190674,2.433926582336426,2.5477778911590576
51.72,2.608385467529297,2.4688889503479006,2.595831871032715
51.74,2.547721433639526,2.503851318359375,2.643885850906372
51.76,2.487057399749756,2.5388136863708497,2.6919398307800293
51.78,2.4263933658599854,2.573776054382324,2.7399938106536865
51.8,2.365729331970215,2.608738422393799,2.7880477905273438
51.82,2.4464189052581786,2.599447154998779,2.64227352142334
51.84,2.5271084785461424,2.5901558876037596,2.496499252319336
51.86,2.6077980518341066,2.5808646202087404,2.350724983215332
51.88,2.6884876251220704,2.571573352813721,2.204950714111328
51.9,2.769177198410034,2.562282085418701,2.059176445007324
51.92,2.7517838001251222,2.5011040687561037,2.2007720947265623
51.94,2.73439040184021,2.4399260520935058,2.342367744445801
51.96,2.716997003555298,2.3787480354309083,2.483963394165039
51.98,2.6996036052703856,2.3175700187683104,2.6255590438842775
52.0,2.6822102069854736,2.256392002105713,2.7671546936035156
52.02,2.6805542945861816,2.3238199234008787,2.7173975467681886
52.04,2.6788983821868895,2.391247844696045,2.6676403999328615
52.06,2.677242469787598,2.458675765991211,2.617883253097534
52.08,2.6755865573883058,2.526103687286377,2.568126106262207
52.1,2.6739306449890137,2.593531608581543,2.51836895942688
52.12,2.64674596786499,2.590680170059204,2.483451318740845
52.14,2.619561290740967,2.5878287315368653,2.4485336780548095
52.16,2.5923766136169433,2.5849772930145263,2.4136160373687745
52.18,2.56519193649292,2.5821258544921877,2.378698396682739
52.2,2.5380072593688965,2.5792744159698486,2.343780755996704
52.22,2.5524924278259276,2.5422778606414793,2.38134880065918
52.24,2.566977596282959,2.5052813053131104,2.418916845321655
52.26,2.58146276473999,2.468284749984741,2.456484889984131
52.28,2.5959479331970217,2.4312881946563722,2.4940529346466063
52.3,2.6104331016540527,2.394291639328003,2.531620979309082
52.32,2.599217414855957,2.4347967147827148,2.4765724182128905
52.34,2.5880017280578613,2.4753017902374266,2.421523857116699
52.36,2.5767860412597656,2.515806865692139,2.366475296020508
52.38,2.56557035446167,2.5563119411468507,2.3114267349243165
52.4,2.554354667663574,2.5968170166015625,2.256378173828125
52.42,2.6435498714447023,2.5599064350128176,2.3173062324523928
52.44,2.73274507522583,2.522995853424072,2.37823429107666
52.46,2.821940279006958,2.4860852718353272,2.439162349700928
52.48,2.9111354827880858,2.449174690246582,2.500090408325195
52.5,3.000330686569214,2.412264108657837,2.561018466949463
52.52,2.9305909633636475,2.4556243896484373,2.4612874507904055
52.54,2.8608512401580812,2.498984670639038,2.3615564346313476
52.56,2.7911115169525145,2.5423449516296386,2.26182541847229
52.58,2.721371793746948,2.5857052326202394,2.1620944023132322
52.6,2.651632070541382,2.62906551361084,2.062363386154175
52.62,2.697628974914551,2.631246328353882,2.1541579723358155
52.64,2.7436258792877197,2.633427143096924,2.2459525585174562
52.66,2.7896227836608887,2.635607957839966,2.3377471446990965
52.68,2.8356196880340576,2.637788772583008,2.429541730880737
52.7,2.8816165924072266,2.63996958732605,2.521336317062378
52.72,2.803753662109375,2.59159893989563,2.5255386352539064
52.74,2.7258907318115235,2.54322829246521,2.5297409534454345
52.76,2.648027801513672,2.49485764503479,2.533943271636963
52.78,2.5701648712158205,2.44648699760437,2.538145589828491
52.8,2.4923019409179688,2.39811635017395,2.5423479080200195
52.82,2.565311813354492,2.4357107162475584,2.605397129058838
52.84,2.6383216857910154,2.473305082321167,2.668446350097656
52.86,2.7113315582275392,2.5108994483947753,2.731495571136475
52.88,2.7843414306640626,2.548493814468384,2.794544792175293
52.9,2.857351303100586,2.586088180541992,2.8575940132141113
52.92,2.7975825309753417,2.5603423595428465,2.8288856029510496
52.94,2.7378137588500975,2.5345965385437013,2.8001771926879884
52.96,2.6780449867248537,2.5088507175445556,2.7714687824249267
52.98,2.6182762145996095,2.4831048965454103,2.7427603721618654
53.0,2.5585074424743652,2.4573590755462646,2.7140519618988037
53.02,2.5686872959136964,2.488845157623291,2.7383291244506838
53.04,2.5788671493530275,2.5203312397003175,2.7626062870025634
53.06,2.589047002792358,2.5518173217773437,2.7868834495544434
53.08,2.5992268562316894,2.5833034038543703,2.811160612106323
53.1,2.6094067096710205,2.6147894859313965,2.835437774658203
53.12,2.735408353805542,2.5830339908599855,2.8422337055206297
53.14,2.8614099979400636,2.551278495788574,2.8490296363830567
53.16,2.987411642074585,2.519523000717163,2.8558255672454833
53.18,3.1134132862091066,2.4877675056457518,2.8626214981079103
53.2,3.239414930343628,2.456012010574341,2.869417428970337
53.22,3.1188566207885744,2.4816887855529783,2.894677448272705
53.24,2.9982983112335204,2.5073655605316163,2.9199374675750733
53.26,2.877740001678467,2.533042335510254,2.9451974868774413
53.28,2.757181692123413,2.558719110488892,2.9704575061798097
53.3,2.6366233825683594,2.5843958854675293,2.9957175254821777
53.32,2.78674054145813,2.556473207473755,2.9572050094604494
53.34,2.9368577003479004,2.5285505294799804,2.9186924934387206
53.36,3.086974859237671,2.500627851486206,2.8801799774169923
53.38,3.2370920181274414,2.4727051734924315,2.8416674613952635
53.4,3.387209177017212,2.4447824954986572,2.803154945373535
53.42,3.2178407669067384,2.463426685333252,2.7935031414031983
53.44,3.048472356796265,2.482070875167847,2.7838513374328615
53.46,2.879103946685791,2.5007150650024412,2.7741995334625242
53.48,2.7097355365753173,2.519359254837036,2.7645477294921874
53.5,2.5403671264648438,2.538003444671631,2.7548959255218506
53.52,2.4966986656188963,2.5191866397857665,2.7094916820526125
53.54,2.4530302047729493,2.500369834899902,2.664087438583374
53.56,2.409361743927002,2.4815530300140383,2.618683195114136
53.58,2.365693283081055,2.462736225128174,2.5732789516448973
53.6,2.3220248222351074,2.4439194202423096,2.527874708175659
53.62,2.459727907180786,2.410376691818237,2.633104419708252
53.64,2.5974309921264647,2.376833963394165,2.738334131240845
53.66,2.7351340770721437,2.343291234970093,2.8435638427734373
53.68,2.8728371620178224,2.3097485065460206,2.94879355430603
53.7,3.010540246963501,2.2762057781219482,3.054023265838623
53.72,3.033272886276245,2.337717628479004,2.9376978874206543
53.74,3.056005525588989,2.3992294788360597,2.8213725090026855
53.76,3.0787381649017336,2.460741329193115,2.705047130584717
53.78,3.1014708042144776,2.522253179550171,2.588721752166748
53.8,3.1242034435272217,2.5837650299072266,2.4723963737487793
53.82,3.0565906524658204,2.5771230697631835,2.4329249382019045
53.84,2.988977861404419,2.5704811096191404,2.393453502655029
53.86,2.9213650703430174,2.563839149475098,2.3539820671081544
53.88,2.853752279281616,2.5571971893310548,2.314510631561279
53.9,2.786139488220215,2.5505552291870117,2.2750391960144043
53.92,2.849907636642456,2.49883451461792,2.2856164932250977
53.94,2.9136757850646973,2.447113800048828,2.296193790435791
53.96,2.9774439334869385,2.3953930854797365,2.306771087646484
53.98,3.0412120819091797,2.3436723709106446,2.3173483848571776
54.0,3.104980230331421,2.2919516563415527,2.327925682067871
54.02,2.9980780601501467,2.327220058441162,2.353122663497925
54.04,2.891175889968872,2.3624884605407717,2.3783196449279784
54.06,2.7842737197875977,2.3977568626403807,2.4035166263580323
54.08,2.677371549606323,2.43302526473999,2.4287136077880858
54.1,2.570469379425049,2.4682936668395996,2.4539105892181396
54.12,2.5767884731292723,2.498878526687622,2.491971015930176
54.14,2.583107566833496,2.5294633865356446,2.530031442642212
54.16,2.5894266605377196,2.560048246383667,2.568091869354248
54.18,2.5957457542419435,2.5906331062316896,2.606152296066284
54.2,2.602064847946167,2.621217966079712,2.6442127227783203
54.22,2.7123444080352783,2.619360256195068,2.642442989349365
54.24,2.8226239681243896,2.617502546310425,2.6406732559204102
54.26,2.932903528213501,2.615644836425781,2.638903522491455
54.28,3.0431830883026123,2.613787126541138,2.6371337890625
54.3,3.1534626483917236,2.611929416656494,2.635364055633545
54.32,3.1434614658355713,2.553734874725342,2.7135063648223876
54.34,3.133460283279419,2.4955403327941896,2.7916486740112303
54.36,3.1234591007232666,2.437345790863037,2.8697909832000734
54.38,3.1134579181671143,2.3791512489318847,2.947933292388916
54.4,3.103456735610962,2.3209567070007324,3.026075601577759
54.42,3.009683704376221,2.3228737831115724,3.0397360801696776
54.44,2.9159106731414797,2.324790859222412,3.0533965587615968
54.46,2.822137641906738,2.326707935333252,3.0670570373535155
54.48,2.728364610671997,2.3286250114440916,3.0807175159454347
54.5,2.634591579437256,2.3305420875549316,3.0943779945373535
54.52,2.68939847946167,2.329610538482666,3.000853443145752
54.54,2.744205379486084,2.3286789894104003,2.90732889175415
54.56,2.799012279510498,2.327747440338135,2.813804340362549
54.58,2.853819179534912,2.326815891265869,2.7202797889709474
54.6,2.908626079559326,2.3258843421936035,2.6267552375793457
54.62,2.832198476791382,2.376395845413208,2.6824483394622805
54.64,2.7557708740234377,2.4269073486328123,2.7381414413452148
54.66,2.679343271255493,2.477418851852417,2.7938345432281495
54.68,2.6029156684875487,2.5279303550720216,2.849527645111084
54.7,2.5264880657196045,2.578441858291626,2.9052207469940186
54.72,2.7102215766906737,2.5606477737426756,2.881524896621704
54.74,2.8939550876617433,2.5428536891937257,2.85782904624939
54.76,3.0776885986328124,2.5250596046447753,2.834133195877075
54.78,3.261422109603882,2.5072655200958254,2.8104373455047607
54.8,3.445155620574951,2.489471435546875,2.7867414951324463
54.82,3.3986144065856934,2.47554726600647,2.8315099716186523
54.84,3.3520731925964355,2.4616230964660644,2.876278448104858
54.86,3.3055319786071777,2.4476989269256593,2.9210469245910646
54.88,3.25899076461792,2.4337747573852537,2.9658154010772706
54.9,3.212449550628662,2.4198505878448486,3.0105838775634766
54.92,3.0572954177856446,2.4270877838134766,2.9195922374725343
54.94,2.902141284942627,2.4343249797821045,2.828600597381592
54.96,2.746987152099609,2.4415621757507324,2.7376089572906492
54.98,2.5918330192565917,2.4487993717193604,2.646617317199707
55.0,2.436678886413574,2.4560365676879883,2.5556256771087646
55.02,2.465518283843994,2.5016704559326173,2.5977581977844237
55.04,2.494357681274414,2.5473043441772463,2.639890718460083
55.06,2.523197078704834,2.592938232421875,2.6820232391357424
55.08,2.552036476135254,2.638572120666504,2.7241557598114015
55.1,2.580875873565674,2.684206008911133,2.7662882804870605
55.12,2.655575084686279,2.6913994789123534,2.6884960174560546
55.14,2.730274295806885,2.698592948913574,2.6107037544250487
55.16,2.80497350692749,2.705786418914795,2.532911491394043
55.18,2.879672718048096,2.7129798889160157,2.455119228363037
55.2,2.954371929168701,2.7201733589172363,2.3773269653320312
55.22,2.899928665161133,2.6960142135620115,2.4939486503601076
55.24,2.8454854011535646,2.671855068206787,2.6105703353881835
55.26,2.791042137145996,2.6476959228515624,2.72719202041626
55.28,2.7365988731384276,2.623536777496338,2.8438137054443358
55.3,2.6821556091308594,2.5993776321411133,2.960435390472412
55.32,2.6363056182861326,2.6195116519927977,2.9176859855651855
55.34,2.5904556274414063,2.6396456718444825,2.874936580657959
55.36,2.5446056365966796,2.659779691696167,2.8321871757507324
55.38,2.4987556457519533,2.6799137115478517,2.789437770843506
55.4,2.4529056549072266,2.700047731399536,2.7466883659362793
55.42,2.463390922546387,2.6618151664733887,2.7377172470092774
55.44,2.473876190185547,2.623582601547241,2.7287461280822756
55.46,2.484361457824707,2.5853500366210938,2.7197750091552733
55.48,2.494846725463867,2.5471174716949463,2.7108038902282714
55.5,2.5053319931030273,2.508884906768799,2.7018327713012695
55.52,2.49440279006958,2.541944408416748,2.7312230110168456
55.54,2.4834735870361326,2.575003910064697,2.7606132507324217
55.56,2.4725443840026857,2.6080634117126467,2.7900034904479982
55.58,2.4616151809692384,2.641122913360596,2.8193937301635743
55.6,2.450685977935791,2.674182415008545,2.8487839698791504
55.62,2.539989185333252,2.591803550720215,2.860257148742676
55.64,2.629292392730713,2.5094246864318848,2.871730327606201
55.66,2.718595600128174,2.4270458221435547,2.8832035064697266
55.68,2.8078988075256346,2.3446669578552246,2.894676685333252
55.7,2.8972020149230957,2.2622880935668945,2.9061498641967773
55.72,2.8658598899841308,2.2897531032562255,2.813345193862915
55.74,2.834517765045166,2.3172181129455565,2.7205405235290527
55.76,2.8031756401062013,2.344683122634888,2.6277358531951904
55.78,2.7718335151672364,2.372148132324219,2.534931182861328
55.8,2.7404913902282715,2.39961314201355,2.442126512527466
55.82,2.7007726192474366,2.466489315032959,2.4316743850708007
55.84,2.6610538482666017,2.533365488052368,2.4212222576141356
55.86,2.6213350772857664,2.6002416610717773,2.410770130157471
55.88,2.5816163063049316,2.6671178340911865,2.4003180027008058
55.9,2.5418975353240967,2.7339940071105957,2.3898658752441406
55.92,2.584152364730835,2.899293088912964,2.375799226760864
55.94,2.626407194137573,3.064592170715332,2.361732578277588
55.96,2.6686620235443117,3.2298912525177004,2.3476659297943114
55.98,2.71091685295105,3.3951903343200684,2.3335992813110353
56.0,2.753171682357788,3.5604894161224365,2.319532632827759
56.02,2.73973388671875,3.381664848327637,2.3704687118530274
56.04,2.726296091079712,3.202840280532837,2.421404790878296
56.06,2.712858295440674,3.024015712738037,2.4723408699035643
56.08,2.6994204998016356,2.845191144943237,2.523276948928833
56.1,2.6859827041625977,2.6663665771484375,2.5742130279541016
56.12,2.6697133064270018,2.6159101486206056,2.4691346168518065
56.14,2.6534439086914063,2.5654537200927736,2.364056205749512
56.16,2.6371745109558105,2.5149972915649412,2.2589777946472167
56.18,2.620905113220215,2.4645408630371093,2.153899383544922
56.2,2.604635715484619,2.4140844345092773,2.048820972442627
56.22,2.635360050201416,2.4837623119354246,2.1812357902526855
56.24,2.666084384918213,2.5534401893615724,2.313650608062744
56.26,2.6968087196350097,2.6231180667877196,2.4460654258728027
56.28,2.727533054351807,2.6927959442138674,2.5784802436828613
56.3,2.7582573890686035,2.7624738216400146,2.71089506149292
56.32,2.8490254402160646,2.6433079719543455,2.718578910827637
56.34,2.9397934913635253,2.524142122268677,2.7262627601623537
56.36,3.0305615425109864,2.4049762725830077,2.73394660949707
56.38,3.121329593658447,2.285810422897339,2.741630458831787
56.4,3.212097644805908,2.16664457321167,2.749314308166504
56.42,3.1189499378204344,2.170039939880371,2.7155709266662598
56.44,3.025802230834961,2.1734353065490724,2.6818275451660156
56.46,2.932654523849487,2.1768306732177733,2.6480841636657715
56.48,2.839506816864014,2.180226039886475,2.6143407821655273
56.5,2.74635910987854,2.183621406555176,2.580597400665283
56.52,2.6801275253295898,2.3327332973480224,2.6979817867279055
56.54,2.6138959407806395,2.481845188140869,2.8153661727905273
56.56,2.5476643562316896,2.630957078933716,2.9327505588531495
56.58,2.4814327716827393,2.7800689697265626,3.0501349449157713
56.6,2.415201187133789,2.929180860519409,3.1675193309783936
56.62,2.4810929775238035,2.9111613273620605,3.085071659088135
56.64,2.5469847679138184,2.8931417942047117,3.002623987197876
56.66,2.612876558303833,2.8751222610473635,2.920176315307617
56.68,2.678768348693848,2.8571027278900147,2.8377286434173583
56.7,2.7446601390838623,2.839083194732666,2.7552809715270996
56.72,2.7731157302856446,2.8646496295928956,2.7724868297576903
56.74,2.801571321487427,2.890216064453125,2.789692687988281
56.76,2.830026912689209,2.9157824993133543,2.8068985462188722
56.78,2.858482503890991,2.941348934173584,2.824104404449463
56.8,2.8869380950927734,2.9669153690338135,2.8413102626800537
56.82,3.0177379608154298,2.945940113067627,2.8208850860595702
56.84,3.148537826538086,2.9249648571014406,2.8004599094390867
56.86,3.279337692260742,2.9039896011352537,2.7800347328186037
56.88,3.4101375579833983,2.8830143451690673,2.75960955619812
56.9,3.5409374237060547,2.862039089202881,2.7391843795776367
56.92,3.427409791946411,2.819102954864502,2.7288792610168455
56.94,3.3138821601867674,2.776166820526123,2.7185741424560548
56.96,3.200354528427124,2.7332306861877442,2.7082690238952636
56.98,3.0868268966674806,2.690294551849365,2.697963905334473
57.0,2.973299264907837,2.6473584175109863,2.6876587867736816
57.02,2.9911609649658204,2.6669849872589113,2.652658557891846
57.04,3.009022665023804,2.686611557006836,2.61765832901001
57.06,3.026884365081787,2.706238126754761,2.5826581001281737
57.08,3.0447460651397704,2.7258646965026854,2.547657871246338
57.1,3.062607765197754,2.7454912662506104,2.512657642364502
57.12,3.054473543167114,2.699152946472168,2.591202163696289
57.14,3.0463393211364744,2.6528146266937256,2.669746685028076
57.16,3.038205099105835,2.606476306915283,2.7482912063598635
57.18,3.0300708770751954,2.560137987136841,2.8268357276916505
57.2,3.0219366550445557,2.5137996673583984,2.9053802490234375
57.22,2.930174446105957,2.5045199394226074,2.838809633255005
57.24,2.8384122371673586,2.4952402114868164,2.772239017486572
57.26,2.7466500282287596,2.4859604835510254,2.70566840171814
57.28,2.654887819290161,2.4766807556152344,2.639097785949707
57.3,2.5631256103515625,2.4674010276794434,2.5725271701812744
57.32,2.6614551544189453,2.4920279502868654,2.558506155014038
57.34,2.759784698486328,2.516654872894287,2.5444851398468016
57.36,2.858114242553711,2.541281795501709,2.5304641246795656
57.38,2.9564437866210938,2.5659087181091307,2.516443109512329
57.4,3.0547733306884766,2.5905356407165527,2.5024220943450928
57.42,3.0365942478179933,2.5876877307891846,2.62793083190918
57.44,3.01841516494751,2.5848398208618164,2.7534395694732665
57.46,3.000236082077026,2.5819919109344482,2.8789483070373536
57.48,2.982056999206543,2.57914400100708,3.0044570446014403
57.5,2.9638779163360596,2.576296091079712,3.1299657821655273
57.52,2.9647974491119387,2.5289495944976808,2.999040365219116
57.54,2.9657169818878173,2.4816030979156496,2.868114948272705
57.56,2.9666365146636964,2.434256601333618,2.737189531326294
57.58,2.967556047439575,2.386910104751587,2.606264114379883
57.6,2.968475580215454,2.3395636081695557,2.4753386974334717
57.62,2.91743860244751,2.404719114303589,2.5060139179229735
57.64,2.8664016246795656,2.469874620437622,2.5366891384124757
57.66,2.815364646911621,2.5350301265716553,2.5673643589019775
57.68,2.7643276691436767,2.6001856327056885,2.5980395793914797
57.7,2.7132906913757324,2.6653411388397217,2.6287147998809814
57.72,2.8116939067840576,2.621116590499878,2.6969121932983398
57.74,2.910097122192383,2.576892042160034,2.765109586715698
57.76,3.008500337600708,2.5326674938201905,2.833306980133057
57.78,3.106903553009033,2.4884429454803465,2.901504373550415
57.8,3.2053067684173584,2.444218397140503,2.9697017669677734
57.82,3.1397182941436768,2.5292227268218994,2.9197407722473145
57.84,3.074129819869995,2.614227056503296,2.8697797775268556
57.86,3.0085413455963135,2.6992313861846924,2.8198187828063963
57.88,2.942952871322632,2.784235715866089,2.7698577880859374
57.9,2.87736439704895,2.8692400455474854,2.7198967933654785
57.92,2.8245221614837646,2.750704288482666,2.702658224105835
57.94,2.771679925918579,2.6321685314178467,2.6854196548461915
57.96,2.7188376903533937,2.5136327743530273,2.6681810855865478
57.98,2.665995454788208,2.395097017288208,2.6509425163269045
58.0,2.6131532192230225,2.2765612602233887,2.6337039470672607
58.02,2.5933610916137697,2.2868442058563234,2.6368664741516112
58.04,2.5735689640045165,2.2971271514892577,2.6400290012359617
58.06,2.5537768363952638,2.3074100971221925,2.6431915283203127
58.08,2.5339847087860106,2.3176930427551268,2.646354055404663
58.1,2.514192581176758,2.3279759883880615,2.6495165824890137
58.12,2.5700658798217773,2.3675647258758543,2.6618863105773927
58.14,2.6259391784667967,2.4071534633636475,2.6742560386657717
58.16,2.6818124771118166,2.4467422008514403,2.68662576675415
58.18,2.737685775756836,2.4863309383392336,2.698995494842529
58.2,2.7935590744018555,2.5259196758270264,2.711365222930908
58.22,2.7831804752349854,2.5040004730224608,2.685597133636475
58.24,2.7728018760681152,2.4820812702178956,2.659829044342041
58.26,2.762423276901245,2.46016206741333,2.6340609550476075
58.28,2.752044677734375,2.438242864608765,2.6082928657531737
58.3,2.741666078567505,2.416323661804199,2.5825247764587402
58.32,2.714624547958374,2.443379592895508,2.6708369731903074
58.34,2.687583017349243,2.4704355239868163,2.759149169921875
58.36,2.6605414867401125,2.497491455078125,2.8474613666534423
58.38,2.6334999561309815,2.5245473861694334,2.93577356338501
58.4,2.6064584255218506,2.551603317260742,3.024085760116577
58.42,2.654769277572632,2.5511844158172607,2.9423637866973875
58.44,2.7030801296234133,2.5507655143737793,2.8606418132781983
58.46,2.751390981674194,2.550346612930298,2.7789198398590087
58.48,2.7997018337249755,2.5499277114868164,2.6971978664398195
58.5,2.848012685775757,2.549508810043335,2.61547589302063
58.52,2.8100303649902343,2.4934168338775633,2.6849175453186036
58.54,2.7720480442047117,2.437324857711792,2.7543591976165773
58.56,2.7340657234191896,2.3812328815460204,2.8238008499145506
58.58,2.696083402633667,2.325140905380249,2.8932425022125243
58.6,2.6581010818481445,2.2690489292144775,2.962684154510498
58.62,2.6396718502044676,2.3153321743011475,2.8617415904998778
58.64,2.621242618560791,2.3616154193878174,2.760799026489258
58.66,2.602813386917114,2.4078986644744873,2.6598564624786376
58.68,2.5843841552734377,2.4541819095611572,2.5589138984680178
58.7,2.5659549236297607,2.500465154647827,2.4579713344573975
58.72,2.52952299118042,2.516879177093506,2.5001423835754393
58.74,2.4930910587310793,2.5332931995391847,2.5423134326934815
58.76,2.456659126281738,2.549707221984863,2.5844844818115233
58.78,2.4202271938323974,2.566121244430542,2.6266555309295656
58.8,2.3837952613830566,2.5825352668762207,2.6688265800476074
58.82,2.457085943222046,2.706006717681885,2.676449346542358
58.84,2.5303766250610353,2.8294781684875487,2.6840721130371095
58.86,2.6036673069000242,2.952949619293213,2.6916948795318603
58.88,2.6769579887390136,3.0764210700988768,2.6993176460266115
58.9,2.750248670578003,3.199892520904541,2.7069404125213623
58.92,2.8250720500946045,3.1157529830932615,2.697023391723633
58.94,2.899895429611206,3.0316134452819825,2.6871063709259033
58.96,2.9747188091278076,2.947473907470703,2.677189350128174
58.98,3.049542188644409,2.863334369659424,2.6672723293304443
59.0,3.1243655681610107,2.7791948318481445,2.657355308532715
59.02,3.1475055694580076,2.687441873550415,2.6614675521850586
59.04,3.170645570755005,2.5956889152526856,2.6655797958374023
59.06,3.193785572052002,2.503935956954956,2.669692039489746
59.08,3.216925573348999,2.4121829986572267,2.67380428314209
59.1,3.240065574645996,2.320430040359497,2.6779165267944336
59.12,3.1739063262939453,2.4149508476257324,2.7201539516448974
59.14,3.1077470779418945,2.5094716548919678,2.762391376495361
59.16,3.0415878295898438,2.603992462158203,2.8046288013458254
59.18,2.975428581237793,2.6985132694244385,2.846866226196289
59.2,2.909269332885742,2.793034076690674,2.889103651046753
59.22,2.894985580444336,2.751024580001831,2.853835201263428
59.24,2.8807018280029295,2.7090150833129885,2.8185667514801027
59.26,2.8664180755615236,2.6670055866241453,2.783298301696777
59.28,2.8521343231201173,2.6249960899353026,2.748029851913452
59.3,2.837850570678711,2.58298659324646,2.712761402130127
59.32,2.7885410308837892,2.6783468246459963,2.7052008628845217
59.34,2.739231491088867,2.773707056045532,2.697640323638916
59.36,2.6899219512939454,2.8690672874450684,2.6900797843933106
59.38,2.6406124114990233,2.9644275188446043,2.682519245147705
59.4,2.5913028717041016,3.0597877502441406,2.6749587059020996
59.42,2.7310495376586914,3.053862142562866,2.595513439178467
59.44,2.8707962036132812,3.047936534881592,2.516068172454834
59.46,3.010542869567871,3.0420109272003173,2.436622905731201
59.48,3.150289535522461,3.036085319519043,2.3571776390075683
59.5,3.290036201477051,3.0301597118377686,2.2777323722839355
59.52,3.236124849319458,2.9841004848480224,2.3757715225219727
59.54,3.1822134971618654,2.938041257858276,2.4738106727600098
59.56,3.1283021450042723,2.8919820308685305,2.571849822998047
59.58,3.0743907928466796,2.8459228038787843,2.669888973236084
59.6,3.020479440689087,2.799863576889038,2.767928123474121
59.62,2.946812057495117,2.7720563411712646,2.831305408477783
59.64,2.8731446743011473,2.744249105453491,2.894682693481445
59.66,2.799477291107178,2.7164418697357178,2.9580599784851076
59.68,2.725809907913208,2.6886346340179443,3.0214372634887696
59.7,2.6521425247192383,2.660827398300171,3.0848145484924316
59.72,2.740644836425781,2.646016979217529,2.934073829650879
59.74,2.829147148132324,2.6312065601348875,2.783333110809326
59.76,2.9176494598388674,2.6163961410522463,2.6325923919677736
59.78,3.0061517715454102,2.6015857219696046,2.481851673126221
59.8,3.094654083251953,2.586775302886963,2.331110954284668
59.82,3.0266306400299072,2.629900074005127,2.3304675102233885
59.84,2.9586071968078613,2.673024845123291,2.3298240661621095
59.86,2.8905837535858154,2.716149616241455,2.32918062210083
59.88,2.8225603103637695,2.759274387359619,2.328537178039551
59.9,2.7545368671417236,2.802399158477783,2.3278937339782715
59.92,2.743777561187744,2.7479256629943847,2.3825138092041014
59.94,2.7330182552337647,2.693452167510986,2.4371338844299317
59.96,2.722258949279785,2.638978672027588,2.4917539596557616
59.98,2.711499643325806,2.5845051765441895,2.546374034881592
60.0,2.700740337371826,2.530031681060791,2.600994110107422
60.02,2.7192222595214846,2.5591608047485352,2.5987406730651856
60.04,2.7377041816711425,2.5882899284362795,2.5964872360229494
60.06,2.756186103820801,2.6174190521240233,2.5942337989807127
60.08,2.774668025970459,2.6465481758117675,2.5919803619384765
60.1,2.793149948120117,2.6756772994995117,2.5897269248962402
60.12,2.8062436103820803,2.7286613464355467,2.5571765899658203
60.14,2.819337272644043,2.781645393371582,2.5246262550354004
60.16,2.832430934906006,2.834629440307617,2.4920759201049805
60.18,2.8455245971679686,2.8876134872436525,2.4595255851745605
60.2,2.8586182594299316,2.9405975341796875,2.4269752502441406
60.22,2.9697434425354006,2.970098447799683,2.4706552505493162
60.24,3.080868625640869,2.9995993614196776,2.5143352508544923
60.26,3.191993808746338,3.029100275039673,2.558015251159668
60.28,3.3031189918518065,3.058601188659668,2.601695251464844
60.3,3.4142441749572754,3.088102102279663,2.6453752517700195
60.32,3.259857511520386,2.9813393115997315,2.710010051727295
60.34,3.1054708480834963,2.8745765209198,2.7746448516845703
60.36,2.9510841846466063,2.767813730239868,2.8392796516418457
60.38,2.7966975212097167,2.6610509395599364,2.903914451599121
60.4,2.642310857772827,2.554288148880005,2.9685492515563965
60.42,2.790441608428955,2.492942762374878,2.8843499660491942
60.44,2.938572359085083,2.431597375869751,2.800150680541992
60.46,3.0867031097412108,2.370251989364624,2.71595139503479
60.48,3.234833860397339,2.308906602859497,2.631752109527588
60.5,3.382964611053467,2.24756121635437,2.5475528240203857
60.52,3.2121652126312257,2.3645205020904543,2.589142322540283
60.54,3.0413658142089846,2.481479787826538,2.6307318210601807
60.56,2.870566415786743,2.598439073562622,2.672321319580078
60.58,2.699767017364502,2.715398359298706,2.7139108180999756
60.6,2.5289676189422607,2.83235764503479,2.755500316619873
60.62,2.640919733047485,2.815354824066162,2.7348446369171144
60.64,2.75287184715271,2.798352003097534,2.7141889572143554
60.66,2.8648239612579345,2.7813491821289062,2.6935332775115968
60.68,2.9767760753631594,2.7643463611602783,2.6728775978088377
60.7,3.088728189468384,2.7473435401916504,2.652221918106079
60.72,3.1004968166351317,2.7020394802093506,2.642739772796631
60.74,3.11226544380188,2.656735420227051,2.6332576274871826
60.76,3.124034070968628,2.611431360244751,2.6237754821777344
60.78,3.135802698135376,2.566127300262451,2.614293336868286
60.8,3.147571325302124,2.5208232402801514,2.604811191558838
60.82,3.058006000518799,2.5334931373596192,2.598060703277588
60.84,2.9684406757354735,2.546163034439087,2.591310214996338
60.86,2.8788753509521485,2.5588329315185545,2.5845597267150877
60.88,2.789310026168823,2.5715028285980224,2.577809238433838
60.9,2.699744701385498,2.5841727256774902,2.571058750152588
60.92,2.6862515449523925,2.6121866703033447,2.6273288249969484
60.94,2.672758388519287,2.640200614929199,2.6835988998413085
60.96,2.659265232086182,2.6682145595550537,2.739868974685669
60.98,2.6457720756530763,2.696228504180908,2.796139049530029
61.0,2.6322789192199707,2.7242424488067627,2.8524091243743896
61.02,2.596415948867798,2.674229860305786,2.8289803981781008
61.04,2.560552978515625,2.6242172718048096,2.8055516719818114
61.06,2.5246900081634522,2.574204683303833,2.7821229457855225
61.08,2.488827037811279,2.5241920948028564,2.758694219589233
61.1,2.4529640674591064,2.47417950630188,2.7352654933929443
61.12,2.5295527458190916,2.452598762512207,2.7669575691223143
61.14,2.6061414241790772,2.431018018722534,2.7986496448516847
61.16,2.6827301025390624,2.4094372749328614,2.8303417205810546
61.18,2.759318780899048,2.3878565311431883,2.862033796310425
61.2,2.835907459259033,2.3662757873535156,2.893725872039795
61.22,2.70899658203125,2.4059167861938477,2.863962268829346
61.24,2.582085704803467,2.44555778503418,2.8341986656188967
61.26,2.4551748275756835,2.4851987838745115,2.804435062408447
61.28,2.3282639503479006,2.5248397827148437,2.774671459197998
61.3,2.201353073120117,2.564480781555176,2.744907855987549
61.32,2.4364158630371096,2.5830870628356934,2.7330037117004395
61.34,2.6714786529541015,2.601693344116211,2.7210995674133303
61.36,2.906541442871094,2.6202996253967283,2.7091954231262205
61.38,3.1416042327880858,2.638905906677246,2.6972912788391112
61.4,3.376667022705078,2.6575121879577637,2.685387134552002
61.42,3.24029426574707,2.5835666179656984,2.7391598224639893
61.44,3.1039215087890626,2.5096210479736327,2.7929325103759766
61.46,2.9675487518310546,2.4356754779815675,2.846705198287964
61.48,2.831175994873047,2.3617299079895018,2.900477886199951
61.5,2.694803237915039,2.2877843379974365,2.9542505741119385
61.52,2.6623640060424805,2.2993428707122803,2.9172255992889404
61.54,2.629924774169922,2.310901403427124,2.8802006244659424
61.56,2.5974855422973633,2.3224599361419678,2.8431756496429443
61.58,2.5650463104248047,2.3340184688568115,2.8061506748199463
61.6,2.532607078552246,2.3455770015716553,2.7691256999969482
61.62,2.518302583694458,2.437489223480225,2.7338518142700194
61.64,2.5039980888366697,2.529401445388794,2.6985779285430906
61.66,2.489693593978882,2.6213136672973634,2.6633040428161623
61.68,2.475389099121094,2.7132258892059324,2.6280301570892335
61.7,2.4610846042633057,2.805138111114502,2.5927562713623047
61.72,2.5626060009002685,2.8260309219360353,2.647859477996826
61.74,2.6641273975372313,2.8469237327575683,2.7029626846313475
61.76,2.7656487941741945,2.8678165435791017,2.7580658912658693
61.78,2.8671701908111573,2.8887093544006346,2.8131690979003907
61.8,2.96869158744812,2.909602165222168,2.868272304534912
61.82,2.857433557510376,2.9223349571228026,2.8189480304718018
61.84,2.746175527572632,2.9350677490234376,2.7696237564086914
61.86,2.6349174976348877,2.947800540924072,2.720299482345581
61.88,2.5236594676971436,2.960533332824707,2.6709752082824707
61.9,2.4124014377593994,2.973266124725342,2.6216509342193604
61.92,2.458536672592163,2.9147151470184327,2.6354676723480224
61.94,2.504671907424927,2.8561641693115236,2.6492844104766844
61.96,2.5508071422576903,2.797613191604614,2.663101148605347
61.98,2.5969423770904543,2.739062213897705,2.676917886734009
62.0,2.6430776119232178,2.680511236190796,2.690734624862671
62.02,2.714237833023071,2.6865695476531983,2.758435916900635
62.04,2.7853980541229246,2.6926278591156008,2.8261372089385985
62.06,2.8565582752227785,2.6986861705780028,2.8938385009765626
62.08,2.927718496322632,2.704744482040405,2.961539793014526
62.1,2.9988787174224854,2.7108027935028076,3.0292410850524902
62.12,2.9606112003326417,2.654585361480713,2.926439094543457
62.14,2.922343683242798,2.598367929458618,2.823637104034424
62.16,2.884076166152954,2.5421504974365234,2.7208351135253905
62.18,2.8458086490631103,2.4859330654144287,2.6180331230163576
62.2,2.8075411319732666,2.429715633392334,2.515231132507324
62.22,2.7454761505126952,2.5580708503723146,2.5366626739501954
62.24,2.683411169052124,2.686426067352295,2.5580942153930666
62.26,2.621346187591553,2.8147812843322755,2.5795257568359373
62.28,2.5592812061309815,2.9431365013122557,2.6009572982788085
62.3,2.49721622467041,3.0714917182922363,2.6223888397216797
62.32,2.556068277359009,2.9426670551300047,2.6897671222686768
62.34,2.6149203300476076,2.8138423919677735,2.757145404815674
62.36,2.673772382736206,2.685017728805542,2.824523687362671
62.38,2.7326244354248046,2.5561930656433107,2.891901969909668
62.4,2.7914764881134033,2.427368402481079,2.959280252456665
62.42,2.7821707725524902,2.425040292739868,2.916820764541626
62.44,2.772865056991577,2.4227121829986573,2.874361276626587
62.46,2.763559341430664,2.420384073257446,2.831901788711548
62.48,2.754253625869751,2.4180559635162355,2.789442300796509
62.5,2.744947910308838,2.4157278537750244,2.7469828128814697
62.52,2.8420395374298097,2.392809009552002,2.738473987579346
62.54,2.939131164550781,2.3698901653289797,2.729965162277222
62.56,3.036222791671753,2.346971321105957,2.7214563369750975
62.58,3.1333144187927244,2.3240524768829345,2.7129475116729735
62.6,3.2304060459136963,2.301133632659912,2.7044386863708496
62.62,3.292588996887207,2.38737268447876,2.7149821281433106
62.64,3.354771947860718,2.4736117362976073,2.7255255699157717
62.66,3.4169548988342284,2.559850788116455,2.7360690116882322
62.68,3.4791378498077394,2.6460898399353026,2.7466124534606933
62.7,3.54132080078125,2.7323288917541504,2.7571558952331543
62.72,3.453843355178833,2.7769909858703614,2.774404764175415
62.74,3.366365909576416,2.8216530799865724,2.791653633117676
62.76,3.278888463973999,2.866315174102783,2.8089025020599365
62.78,3.191411018371582,2.910977268218994,2.8261513710021973
62.8,3.103933572769165,2.955639362335205,2.843400239944458
62.82,3.0524433135986326,2.767500305175781,2.8475131034851073
62.84,3.0009530544281007,2.5793612480163572,2.8516259670257567
62.86,2.9494627952575683,2.3912221908569338,2.8557388305664064
62.88,2.8979725360870363,2.20308313369751,2.8598516941070558
62.9,2.846482276916504,2.014944076538086,2.863964557647705
62.92,2.826096248626709,2.09012508392334,2.8399789810180662
62.94,2.805710220336914,2.1653060913085938,2.815993404388428
62.96,2.7853241920471192,2.2404870986938477,2.792007827758789
62.98,2.764938163757324,2.3156681060791016,2.7680222511291506
63.0,2.7445521354675293,2.3908491134643555,2.7440366744995117
63.02,2.7277643203735353,2.3711024284362794,2.7810366630554197
63.04,2.710976505279541,2.3513557434082033,2.818036651611328
63.06,2.694188690185547,2.3316090583801268,2.8550366401672362
63.08,2.6774008750915526,2.3118623733520507,2.8920366287231447
63.1,2.6606130599975586,2.2921156883239746,2.9290366172790527
63.12,2.7941981315612794,2.3790514945983885,2.929848003387451
63.14,2.927783203125,2.465987300872803,2.9306593894958497
63.16,3.0613682746887205,2.5529231071472167,2.931470775604248
63.18,3.1949533462524413,2.639858913421631,2.9322821617126467
63.2,3.328538417816162,2.726794719696045,2.933093547821045
63.22,3.1451648712158202,2.670583629608154,2.931113338470459
63.24,2.9617913246154783,2.6143725395202635,2.9291331291198732
63.26,2.778417778015137,2.5581614494323732,2.927152919769287
63.28,2.595044231414795,2.5019503593444825,2.925172710418701
63.3,2.411670684814453,2.445739269256592,2.9231925010681152
63.32,2.344748544692993,2.4414321899414064,2.882781982421875
63.34,2.2778264045715333,2.4371251106262206,2.8423714637756348
63.36,2.210904264450073,2.4328180313110352,2.8019609451293945
63.38,2.1439821243286135,2.4285109519958494,2.7615504264831543
63.4,2.0770599842071533,2.424203872680664,2.721139907836914
63.42,2.211342430114746,2.4556315422058104,2.7231060028076173
63.44,2.345624876022339,2.487059211730957,2.7250720977783205
63.46,2.4799073219299315,2.5184868812561034,2.7270381927490233
63.48,2.6141897678375243,2.54991455078125,2.7290042877197265
63.5,2.748472213745117,2.5813422203063965,2.7309703826904297
63.52,2.6977142333984374,2.617929553985596,2.714357614517212
63.54,2.6469562530517576,2.654516887664795,2.697744846343994
63.56,2.5961982727050783,2.691104221343994,2.6811320781707764
63.58,2.5454402923583985,2.7276915550231933,2.6645193099975586
63.6,2.4946823120117188,2.7642788887023926,2.647906541824341
63.62,2.59560604095459,2.7886683464050295,2.715392589569092
63.64,2.696529769897461,2.813057804107666,2.7828786373138428
63.66,2.797453498840332,2.837447261810303,2.8503646850585938
63.68,2.898377227783203,2.8618367195129393,2.9178507328033447
63.7,2.999300956726074,2.886226177215576,2.9853367805480957
63.72,2.989609956741333,2.804041290283203,2.900847911834717
63.74,2.979918956756592,2.72185640335083,2.816359043121338
63.76,2.9702279567718506,2.639671516418457,2.731870174407959
63.78,2.9605369567871094,2.557486629486084,2.64738130569458
63.8,2.950845956802368,2.475301742553711,2.562892436981201
63.82,2.969145393371582,2.489677000045776,2.6353927135467528
63.84,2.987444829940796,2.504052257537842,2.7078929901123048
63.86,3.0057442665100096,2.518427515029907,2.7803932666778564
63.88,3.0240437030792235,2.532802772521973,2.8528935432434084
63.9,3.0423431396484375,2.547178030014038,2.92539381980896
63.92,3.088507080078125,2.6080564498901366,2.867872428894043
63.94,3.1346710205078123,2.668934869766235,2.810351037979126
63.96,3.1808349609375,2.729813289642334,2.752829647064209
63.98,3.2269989013671876,2.7906917095184327,2.695308256149292
64.0,3.273162841796875,2.8515701293945312,2.637786865234375
64.02,3.2018047332763673,2.879556941986084,2.680329751968384
64.04,3.1304466247558596,2.907543754577637,2.7228726387023925
64.06,3.0590885162353514,2.9355305671691894,2.7654155254364015
64.08,2.9877304077148437,2.9635173797607424,2.80795841217041
64.1,2.916372299194336,2.991504192352295,2.850501298904419
64.12,2.806209945678711,2.918511915206909,2.7641619205474854
64.14,2.6960475921630858,2.8455196380615235,2.677822542190552
64.16,2.585885238647461,2.7725273609161376,2.591483163833618
64.18,2.475722885131836,2.699535083770752,2.5051437854766845
64.2,2.365560531616211,2.626542806625366,2.418804407119751
64.22,2.346895933151245,2.6909762382507325,2.5173276901245116
64.24,2.3282313346862793,2.755409669876099,2.6158509731292723
64.26,2.3095667362213135,2.8198431015014647,2.7143742561340334
64.28,2.2909021377563477,2.884276533126831,2.812897539138794
64.3,2.272237539291382,2.9487099647521973,2.9114208221435547
64.32,2.292806100845337,2.7962613105773926,2.813963747024536
64.34,2.313374662399292,2.643812656402588,2.7165066719055178
64.36,2.333943223953247,2.491364002227783,2.619049596786499
64.38,2.354511785507202,2.3389153480529785,2.5215925216674804
64.4,2.3750803470611572,2.186466693878174,2.424135446548462
64.42,2.37764835357666,2.285227060317993,2.511097621917725
64.44,2.380216360092163,2.3839874267578125,2.598059797286987
64.46,2.382784366607666,2.482747793197632,2.68502197265625
64.48,2.385352373123169,2.581508159637451,2.7719841480255125
64.5,2.387920379638672,2.6802685260772705,2.8589463233947754
64.52,2.597408819198608,2.6403795719146728,2.862143325805664
64.54,2.806897258758545,2.600490617752075,2.865340328216553
64.56,3.0163856983184814,2.5606016635894777,2.8685373306274413
64.58,3.225874137878418,2.52071270942688,2.8717343330383303
64.6,3.4353625774383545,2.4808237552642822,2.8749313354492188
64.62,3.3170791625976563,2.5113555908203127,2.764993190765381
64.64,3.198795747756958,2.5418874263763427,2.655055046081543
64.66,3.0805123329162596,2.572419261932373,2.545116901397705
64.68,2.9622289180755614,2.602951097488403,2.435178756713867
64.7,2.8439455032348633,2.6334829330444336,2.3252406120300293
64.72,2.8277687549591066,2.563171148300171,2.491615104675293
64.74,2.8115920066833495,2.492859363555908,2.6579895973205567
64.76,2.795415258407593,2.4225475788116455,2.8243640899658202
64.78,2.7792385101318358,2.352235794067383,2.990738582611084
64.8,2.763061761856079,2.28192400932312,3.1571130752563477
64.82,2.757487487792969,2.3688811302185058,3.0362308502197264
64.84,2.7519132137298583,2.4558382511138914,2.9153486251831056
64.86,2.746338939666748,2.5427953720092775,2.7944664001464843
64.88,2.7407646656036375,2.629752492904663,2.6735841751098635
64.9,2.7351903915405273,2.716709613800049,2.552701950073242
64.92,2.6688862323760985,2.6852521896362305,2.5695414543151855
64.94,2.60258207321167,2.653794765472412,2.586380958557129
64.96,2.536277914047241,2.6223373413085938,2.6032204627990723
64.98,2.4699737548828127,2.5908799171447754,2.6200599670410156
65.0,2.403669595718384,2.559422492980957,2.636899471282959
65.02,2.409271717071533,2.653781509399414,2.635183238983154
65.04,2.4148738384246826,2.7481405258178713,2.6334670066833494
65.06,2.420475959777832,2.842499542236328,2.631750774383545
65.08,2.4260780811309814,2.936858558654785,2.6300345420837403
65.1,2.431680202484131,3.031217575073242,2.6283183097839355
65.12,2.5423004150390627,2.8838273525238036,2.689920425415039
65.14,2.652920627593994,2.736437129974365,2.7515225410461426
65.16,2.763540840148926,2.589046907424927,2.813124656677246
65.18,2.8741610527038572,2.4416566848754884,2.8747267723083496
65.2,2.984781265258789,2.29426646232605,2.936328887939453
65.22,2.912341356277466,2.303563642501831,2.86668062210083
65.24,2.8399014472961426,2.3128608226776124,2.797032356262207
65.26,2.7674615383148193,2.3221580028533935,2.727384090423584
65.28,2.695021629333496,2.331455183029175,2.657735824584961
65.3,2.622581720352173,2.340752363204956,2.588087558746338
65.32,2.6882462024688722,2.3413610458374023,2.635654830932617
65.34,2.753910684585571,2.3419697284698486,2.6832221031188963
65.36,2.8195751667022706,2.342578411102295,2.730789375305176
65.38,2.8852396488189695,2.343187093734741,2.778356647491455
65.4,2.950904130935669,2.3437957763671875,2.8259239196777344
65.42,2.864150142669678,2.322701406478882,2.8017461776733397
65.44,2.7773961544036867,2.301607036590576,2.7775684356689454
65.46,2.690642166137695,2.2805126667022706,2.7533906936645507
65.48,2.603888177871704,2.2594182968139647,2.7292129516601564
65.5,2.517134189605713,2.238323926925659,2.7050352096557617
65.52,2.5991920948028566,2.3063090324401854,2.672604513168335
65.54,2.68125,2.374294137954712,2.640173816680908
65.56,2.7633079051971436,2.442279243469238,2.6077431201934815
65.58,2.845365810394287,2.510264348983765,2.5753124237060545
65.6,2.9274237155914307,2.578249454498291,2.542881727218628
65.62,2.83411226272583,2.544137144088745,2.5575411319732666
65.64,2.7408008098602297,2.510024833679199,2.5722005367279053
65.66,2.6474893569946287,2.4759125232696535,2.586859941482544
65.68,2.5541779041290282,2.4418002128601075,2.6015193462371826
65.7,2.4608664512634277,2.4076879024505615,2.6161787509918213
65.72,2.4512520313262938,2.540631723403931,2.5673821926116944
65.74,2.4416376113891602,2.6735755443572997,2.5185856342315676
65.76,2.4320231914520263,2.806519365310669,2.4697890758514403
65.78,2.4224087715148928,2.939463186264038,2.4209925174713134
65.8,2.412794351577759,3.0724070072174072,2.3721959590911865
65.82,2.7019676208496093,3.005503463745117,2.444646978378296
65.84,2.99114089012146,2.9385999202728272,2.517097997665405
65.86,3.2803141593933107,2.871696376800537,2.589549016952515
65.88,3.569487428665161,2.8047928333282472,2.662000036239624
65.9,3.8586606979370117,2.737889289855957,2.7344510555267334
65.92,3.6119635581970213,2.6510687828063966,2.7493412017822267
65.94,3.3652664184570313,2.564248275756836,2.7642313480377196
65.96,3.118569278717041,2.477427768707275,2.779121494293213
65.98,2.871872138977051,2.3906072616577148,2.794011640548706
66.0,2.6251749992370605,2.3037867546081543,2.808901786804199
66.02,2.6618746757507323,2.440358543395996,2.8312463760375977
66.04,2.698574352264404,2.5769303321838377,2.853590965270996
66.06,2.7352740287780763,2.71350212097168,2.8759355545043945
66.08,2.771973705291748,2.8500739097595216,2.898280143737793
66.1,2.80867338180542,2.9866456985473633,2.9206247329711914
66.12,2.800626754760742,2.9193912506103517,2.850241279602051
66.14,2.7925801277160645,2.85213680267334,2.7798578262329103
66.16,2.7845335006713867,2.784882354736328,2.7094743728637694
66.18,2.776486873626709,2.7176279067993163,2.639090919494629
66.2,2.7684402465820312,2.6503734588623047,2.5687074661254883
66.22,2.7033689498901365,2.698592948913574,2.596327066421509
66.24,2.6382976531982423,2.746812438964844,2.6239466667175293
66.26,2.5732263565063476,2.795031929016113,2.65156626701355
66.28,2.5081550598144533,2.843251419067383,2.6791858673095703
66.3,2.4430837631225586,2.8914709091186523,2.706805467605591
66.32,2.586235761642456,2.782770586013794,2.719200849533081
66.34,2.7293877601623535,2.6740702629089355,2.7315962314605713
66.36,2.872539758682251,2.5653699398040772,2.7439916133880615
66.38,3.0156917572021484,2.4566696166992186,2.7563869953155518
66.4,3.158843755722046,2.3479692935943604,2.768782377243042
66.42,3.0871260166168213,2.3803356647491456,2.7122614860534666
66.44,3.0154082775115967,2.412702035903931,2.6557405948638917
66.46,2.943690538406372,2.4450684070587156,2.5992197036743163
66.48,2.8719727993011475,2.477434778213501,2.5426988124847414
66.5,2.800255060195923,2.509801149368286,2.486177921295166
66.52,2.7344911098480225,2.4840238094329834,2.51871395111084
66.54,2.668727159500122,2.4582464694976807,2.5512499809265137
66.56,2.6029632091522217,2.432469129562378,2.5837860107421875
66.58,2.5371992588043213,2.406691789627075,2.6163220405578613
66.6,2.471435308456421,2.3809144496917725,2.648858070373535
66.62,2.5837329864501952,2.4656551837921143,2.7188271999359133
66.64,2.6960306644439695,2.5503959178924562,2.788796329498291
66.66,2.8083283424377443,2.6351366519927977,2.858765459060669
66.68,2.9206260204315186,2.7198773860931396,2.9287345886230467
66.7,3.032923698425293,2.8046181201934814,2.998703718185425
66.72,2.9733691215515137,2.737498903274536,2.9676366329193113
66.74,2.9138145446777344,2.6703796863555906,2.9365695476531983
66.76,2.854259967803955,2.6032604694366457,2.905502462387085
66.78,2.794705390930176,2.5361412525177003,2.874435377120972
66.8,2.7351508140563965,2.469022035598755,2.8433682918548584
66.82,2.795423078536987,2.615859031677246,2.8342263221740724
66.84,2.855695343017578,2.7626960277557373,2.825084352493286
66.86,2.915967607498169,2.9095330238342285,2.8159423828125
66.88,2.97623987197876,3.0563700199127197,2.8068004131317137
66.9,3.0365121364593506,3.203207015991211,2.7976584434509277
66.92,3.0347621917724608,3.0184938430786135,2.7593055725097657
66.94,3.0330122470855714,2.8337806701660155,2.7209527015686037
66.96,3.0312623023986816,2.649067497253418,2.6825998306274412
66.98,3.029512357711792,2.46435432434082,2.644246959686279
67.0,3.0277624130249023,2.2796411514282227,2.605894088745117
67.02,3.111514854431152,2.286760425567627,2.6756717205047607
67.04,3.1952672958374024,2.2938796997070314,2.745449352264404
67.06,3.2790197372436523,2.3009989738464354,2.815226984024048
67.08,3.3627721786499025,2.3081182479858398,2.8850046157836915
67.1,3.4465246200561523,2.315237522125244,2.954782247543335
67.12,3.289941501617432,2.3129133224487304,2.887718915939331
67.14,3.133358383178711,2.3105891227722166,2.820655584335327
67.16,2.9767752647399903,2.3082649230957033,2.7535922527313232
67.18,2.8201921463012694,2.3059407234191895,2.6865289211273193
67.2,2.663609027862549,2.303616523742676,2.6194655895233154
67.22,2.699212646484375,2.312018632888794,2.613057565689087
67.24,2.7348162651062013,2.320420742034912,2.6066495418548583
67.26,2.770419883728027,2.3288228511810303,2.60024151802063
67.28,2.8060235023498534,2.3372249603271484,2.593833494186401
67.3,2.8416271209716797,2.3456270694732666,2.587425470352173
67.32,2.8513364791870117,2.321753978729248,2.645778226852417
67.34,2.8610458374023438,2.2978808879852295,2.704130983352661
67.36,2.870755195617676,2.274007797241211,2.762483739852905
67.38,2.880464553833008,2.2501347064971924,2.8208364963531496
67.4,2.89017391204834,2.226261615753174,2.8791892528533936
67.42,2.909931182861328,2.40237979888916,2.7864680767059324
67.44,2.9296884536743164,2.5784979820251466,2.6937469005584718
67.46,2.9494457244873047,2.7546161651611327,2.6010257244110107
67.48,2.969202995300293,2.9307343482971193,2.50830454826355
67.5,2.9889602661132812,3.1068525314331055,2.415583372116089
67.52,2.9707757472991942,3.072226619720459,2.442294120788574
67.54,2.9525912284851072,3.0376007080078127,2.4690048694610596
67.56,2.9344067096710207,3.002974796295166,2.495715618133545
67.58,2.9162221908569337,2.9683488845825194,2.5224263668060303
67.6,2.8980376720428467,2.933722972869873,2.5491371154785156
67.62,2.9166591644287108,2.8265820026397703,2.5949819087982178
67.64,2.9352806568145753,2.719441032409668,2.64082670211792
67.66,2.9539021492004394,2.6123000621795653,2.686671495437622
67.68,2.972523641586304,2.505159091949463,2.732516288757324
67.7,2.991145133972168,2.3980181217193604,2.7783610820770264
67.72,2.827133131027222,2.4177462577819826,2.768102598190308
67.74,2.6631211280822753,2.4374743938446044,2.757844114303589
67.76,2.499109125137329,2.4572025299072267,2.74758563041687
67.78,2.3350971221923826,2.4769306659698485,2.737327146530151
67.8,2.1710851192474365,2.4966588020324707,2.7270686626434326
67.82,2.2390796661376955,2.498875093460083,2.6351757526397703
67.84,2.307074213027954,2.5010913848876952,2.5432828426361085
67.86,2.375068759918213,2.5033076763153077,2.451389932632446
67.88,2.4430633068084715,2.5055239677429197,2.3594970226287844
67.9,2.5110578536987305,2.5077402591705322,2.267604112625122
67.92,2.595025730133057,2.4874470710754393,2.3582919120788572
67.94,2.6789936065673827,2.4671538829803468,2.448979711532593
67.96,2.762961483001709,2.446860694885254,2.539667510986328
67.98,2.846929359436035,2.4265675067901613,2.6303553104400637
68.0,2.9308972358703613,2.4062743186950684,2.721043109893799
68.02,2.8995657920837403,2.493064785003662,2.6824552059173583
68.04,2.8682343482971193,2.5798552513122557,2.643867301940918
68.06,2.836902904510498,2.66664571762085,2.6052793979644777
68.08,2.805571460723877,2.7534361839294434,2.566691493988037
68.1,2.774240016937256,2.840226650238037,2.5281035900115967
68.12,2.784049654006958,2.742696666717529,2.4901240348815916
68.14,2.79385929107666,2.6451666831970213,2.452144479751587
68.16,2.8036689281463625,2.547636699676514,2.414164924621582
68.18,2.8134785652160645,2.450106716156006,2.3761853694915773
68.2,2.8232882022857666,2.352576732635498,2.3382058143615723
68.22,2.804086780548096,2.4727792263031008,2.3639708042144774
68.24,2.784885358810425,2.592981719970703,2.389735794067383
68.26,2.7656839370727537,2.7131842136383058,2.415500783920288
68.28,2.746482515335083,2.833386707305908,2.4412657737731935
68.3,2.727281093597412,2.9535892009735107,2.4670307636260986
68.32,2.720467710494995,2.7866536140441895,2.4201027870178224
68.34,2.713654327392578,2.6197180271148683,2.373174810409546
68.36,2.7068409442901613,2.4527824401855467,2.3262468338012696
68.38,2.7000275611877442,2.2858468532562255,2.279318857192993
68.4,2.693214178085327,2.1189112663269043,2.232390880584717
68.42,2.7069020748138426,2.2115620613098144,2.2504663467407227
68.44,2.7205899715423585,2.3042128562927244,2.2685418128967285
68.46,2.734277868270874,2.396863651275635,2.2866172790527344
68.48,2.74796576499939,2.489514446258545,2.3046927452087402
68.5,2.7616536617279053,2.582165241241455,2.322768211364746
68.52,2.715273857116699,2.594265842437744,2.4165372371673586
68.54,2.668894052505493,2.606366443634033,2.5103062629699706
68.56,2.622514247894287,2.6184670448303224,2.604075288772583
68.58,2.576134443283081,2.6305676460266114,2.697844314575195
68.6,2.529754638671875,2.6426682472229004,2.7916133403778076
68.62,2.621541690826416,2.687004280090332,2.743503189086914
68.64,2.713328742980957,2.7313403129577636,2.6953930377960207
68.66,2.805115795135498,2.7756763458251954,2.6472828865051268
68.68,2.896902847290039,2.8200123786926268,2.5991727352142333
68.7,2.98868989944458,2.8643484115600586,2.55106258392334
68.72,2.9559646606445313,2.8640238761901857,2.6610113620758056
68.74,2.9232394218444826,2.8636993408203124,2.7709601402282713
68.76,2.8905141830444334,2.8633748054504395,2.8809089183807375
68.78,2.8577889442443847,2.8630502700805662,2.990857696533203
68.8,2.825063705444336,2.8627257347106934,3.100806474685669
68.82,2.7871562957763674,2.810137891769409,3.0297682762145994
68.84,2.7492488861083983,2.757550048828125,2.9587300777435304
68.86,2.7113414764404298,2.704962205886841,2.887691879272461
68.88,2.6734340667724608,2.6523743629455567,2.816653680801392
68.9,2.635526657104492,2.5997865200042725,2.7456154823303223
68.92,2.588575839996338,2.5604130744934084,2.708049440383911
68.94,2.5416250228881836,2.521039628982544,2.6704833984375
68.96,2.4946742057800293,2.4816661834716798,2.632917356491089
68.98,2.447723388671875,2.4422927379608153,2.595351314544678
69.0,2.4007725715637207,2.402919292449951,2.5577852725982666
69.02,2.491581153869629,2.4637842655181883,2.50274920463562
69.04,2.582389736175537,2.524649238586426,2.4477131366729736
69.06,2.6731983184814454,2.585514211654663,2.392677068710327
69.08,2.7640069007873533,2.6463791847229006,2.3376410007476807
69.1,2.8548154830932617,2.7072441577911377,2.282604932785034
69.12,2.811697769165039,2.682425689697266,2.4454524993896483
69.14,2.7685800552368165,2.6576072216033935,2.608300065994263
69.16,2.7254623413085937,2.6327887535095216,2.771147632598877
69.18,2.6823446273803713,2.6079702854156492,2.9339951992034914
69.2,2.6392269134521484,2.5831518173217773,3.0968427658081055
69.22,2.6363903045654298,2.6277174949645996,3.0913362979888914
69.24,2.633553695678711,2.672283172607422,3.085829830169678
69.26,2.630717086791992,2.716848850250244,3.080323362350464
69.28,2.6278804779052733,2.7614145278930664,3.07481689453125
69.3,2.6250438690185547,2.8059802055358887,3.069310426712036
69.32,2.586960029602051,2.781875467300415,2.9854404449462892
69.34,2.548876190185547,2.7577707290649416,2.901570463180542
69.36,2.510792350769043,2.7336659908294676,2.817700481414795
69.38,2.472708511352539,2.709561252593994,2.7338304996490477
69.4,2.434624671936035,2.6854565143585205,2.649960517883301
69.42,2.52903299331665,2.59800124168396,2.694144344329834
69.44,2.6234413146972657,2.5105459690093994,2.7383281707763674
69.46,2.7178496360778808,2.423090696334839,2.7825119972229
69.48,2.8122579574584963,2.3356354236602783,2.8266958236694335
69.5,2.9066662788391113,2.2481801509857178,2.870879650115967
69.52,2.8535812377929686,2.3432160377502442,2.858250093460083
69.54,2.8004961967468263,2.4382519245147707,2.845620536804199
69.56,2.7474111557006835,2.5332878112792967,2.8329909801483155
69.58,2.694326114654541,2.628323698043823,2.8203614234924315
69.6,2.6412410736083984,2.7233595848083496,2.807731866836548
69.62,2.6326457500457763,2.7235504627227782,2.7791894912719726
69.64,2.624050426483154,2.723741340637207,2.7506471157073973
69.66,2.6154551029205324,2.723932218551636,2.7221047401428224
69.68,2.6068597793579102,2.7241230964660645,2.693562364578247
69.7,2.598264455795288,2.724313974380493,2.665019989013672
69.72,2.6037410736083983,2.793695831298828,2.6958357810974123
69.74,2.6092176914215086,2.863077688217163,2.7266515731811523
69.76,2.6146943092346193,2.9324595451354982,2.7574673652648927
69.78,2.6201709270477296,3.001841402053833,2.7882831573486326
69.8,2.62564754486084,3.071223258972168,2.819098949432373
69.82,2.6523004531860352,3.051526403427124,2.7800859451293944
69.84,2.6789533615112306,3.0318295478820803,2.741072940826416
69.86,2.7056062698364256,3.012132692337036,2.7020599365234377
69.88,2.732259178161621,2.992435836791992,2.663046932220459
69.9,2.7589120864868164,2.9727389812469482,2.6240339279174805
69.92,2.6999276638031007,2.9160200119018556,2.541932392120361
69.94,2.640943241119385,2.859301042556763,2.4598308563232423
69.96,2.5819588184356688,2.8025820732116697,2.377729320526123
69.98,2.522974395751953,2.745863103866577,2.295627784729004
70.0,2.4639899730682373,2.6891441345214844,2.2135262489318848
70.02,2.5267730236053465,2.6703184127807615,2.251425266265869
70.04,2.589556074142456,2.651492691040039,2.2893242835998535
70.06,2.6523391246795653,2.6326669692993163,2.327223300933838
70.08,2.715122175216675,2.613841247558594,2.3651223182678223
70.1,2.777905225753784,2.595015525817871,2.4030213356018066
70.12,2.6689083099365236,2.6143320083618162,2.3523725986480715
70.14,2.5599113941192626,2.633648490905762,2.301723861694336
70.16,2.450914478302002,2.652964973449707,2.2510751247406007
70.18,2.341917562484741,2.6722814559936525,2.200426387786865
70.2,2.2329206466674805,2.6915979385375977,2.14977765083313
70.22,2.221605062484741,2.8088472366333006,2.2216585159301756
70.24,2.210289478302002,2.926096534729004,2.2935393810272218
70.26,2.1989738941192627,3.043345832824707,2.3654202461242675
70.28,2.1876583099365234,3.1605951309204103,2.4373011112213137
70.3,2.176342725753784,3.2778444290161133,2.5091819763183594
70.32,2.26375298500061,3.121183252334595,2.5366963863372805
70.34,2.3511632442474366,2.9645220756530763,2.564210796356201
70.36,2.4385735034942626,2.8078608989715574,2.591725206375122
70.38,2.525983762741089,2.651199722290039,2.619239616394043
70.4,2.613394021987915,2.4945385456085205,2.646754026412964
70.42,2.5670236110687257,2.518425989151001,2.5841761589050294
70.44,2.5206532001495363,2.5423134326934815,2.521598291397095
70.46,2.4742827892303465,2.566200876235962,2.45902042388916
70.48,2.427912378311157,2.5900883197784426,2.3964425563812255
70.5,2.3815419673919678,2.613975763320923,2.333864688873291
70.52,2.383267545700073,2.627104616165161,2.321913146972656
70.54,2.3849931240081785,2.6402334690093996,2.3099616050720213
70.56,2.3867187023162844,2.6533623218536375,2.298010063171387
70.58,2.3884442806243897,2.666491174697876,2.286058521270752
70.6,2.390169858932495,2.6796200275421143,2.274106979370117
70.62,2.3996726989746096,2.6522068977355957,2.428983974456787
70.64,2.4091755390167235,2.624793767929077,2.583860969543457
70.66,2.418678379058838,2.5973806381225586,2.738737964630127
70.68,2.428181219100952,2.56996750831604,2.893614959716797
70.7,2.4376840591430664,2.5425543785095215,3.048491954803467
70.72,2.4757205963134767,2.5156633377075197,2.890525531768799
70.74,2.5137571334838866,2.4887722969055175,2.7325591087341308
70.76,2.551793670654297,2.4618812561035157,2.574592685699463
70.78,2.589830207824707,2.4349902153015135,2.4166262626647947
70.8,2.627866744995117,2.4080991744995117,2.258659839630127
70.82,2.5596222400665285,2.4549012660980223,2.260602855682373
70.84,2.4913777351379394,2.5017033576965333,2.262545871734619
70.86,2.4231332302093507,2.548505449295044,2.2644888877868654
70.88,2.3548887252807615,2.595307540893555,2.2664319038391114
70.9,2.286644220352173,2.6421096324920654,2.2683749198913574
70.92,2.296122932434082,2.576504182815552,2.2636481285095216
70.94,2.305601644515991,2.510898733139038,2.2589213371276857
70.96,2.3150803565979006,2.4452932834625245,2.2541945457458494
70.98,2.3245590686798097,2.3796878337860106,2.2494677543640136
71.0,2.3340377807617188,2.314082384109497,2.2447409629821777
71.02,2.4422005653381347,2.4149744510650635,2.338668775558472
71.04,2.5503633499145506,2.51586651802063,2.4325965881347655
71.06,2.658526134490967,2.6167585849761963,2.5265244007110597
71.08,2.766688919067383,2.7176506519317627,2.6204522132873533
71.1,2.874851703643799,2.818542718887329,2.7143800258636475
71.12,2.847021770477295,2.699141597747803,2.5846685409545898
71.14,2.819191837310791,2.5797404766082765,2.454957056045532
71.16,2.791361904144287,2.46033935546875,2.325245571136475
71.18,2.763531970977783,2.3409382343292235,2.195534086227417
71.2,2.7357020378112793,2.2215371131896973,2.0658226013183594
71.22,2.686377429962158,2.2867425441741944,2.1110854148864746
71.24,2.637052822113037,2.3519479751586916,2.15634822845459
71.26,2.587728214263916,2.4171534061431883,2.201611042022705
71.28,2.538403606414795,2.4823588371276855,2.2468738555908203
71.3,2.489078998565674,2.5475642681121826,2.2921366691589355
71.32,2.4719645500183107,2.6128866195678713,2.317931318283081
71.34,2.454850101470947,2.6782089710235595,2.3437259674072264
71.36,2.437735652923584,2.743531322479248,2.3695206165313722
71.38,2.4206212043762205,2.8088536739349363,2.3953152656555177
71.4,2.4035067558288574,2.874176025390625,2.421109914779663
71.42,2.4694401264190673,2.775757360458374,2.4214375972747804
71.44,2.535373497009277,2.677338695526123,2.4217652797698976
71.46,2.6013068675994875,2.578920030593872,2.4220929622650145
71.48,2.6672402381896974,2.4805013656616213,2.4224206447601317
71.5,2.7331736087799072,2.38208270072937,2.422748327255249
71.52,2.6755419731140138,2.340096616744995,2.3339372873306274
71.54,2.6179103374481203,2.29811053276062,2.245126247406006
71.56,2.5602787017822264,2.2561244487762453,2.1563152074813843
71.58,2.502647066116333,2.21413836479187,2.0675041675567627
71.6,2.4450154304504395,2.172152280807495,1.9786931276321411
71.62,2.3470375299453736,2.2609044551849364,2.045203924179077
71.64,2.249059629440308,2.3496566295623778,2.111714720726013
71.66,2.1510817289352415,2.4384088039398195,2.178225517272949
71.68,2.0531038284301757,2.527160978317261,2.2447363138198853
71.7,1.9551259279251099,2.615913152694702,2.3112471103668213
71.72,2.0817347049713133,2.576856088638306,2.4569897651672363
71.74,2.208343482017517,2.537799024581909,2.6027324199676514
71.76,2.3349522590637206,2.498741960525513,2.7484750747680664
71.78,2.4615610361099245,2.459684896469116,2.8942177295684814
71.8,2.588169813156128,2.4206278324127197,3.0399603843688965
71.82,2.568736219406128,2.4574701309204103,2.944828176498413
71.84,2.5493026256561278,2.4943124294281005,2.8496959686279295
71.86,2.529869031906128,2.531154727935791,2.7545637607574465
71.88,2.510435438156128,2.5679970264434813,2.659431552886963
71.9,2.491001844406128,2.604839324951172,2.5642993450164795
71.92,2.5095715522766113,2.5758997440338134,2.5901082038879393
71.94,2.5281412601470947,2.546960163116455,2.6159170627593995
71.96,2.546710968017578,2.518020582199097,2.6417259216308593
71.98,2.5652806758880615,2.4890810012817384,2.6675347805023195
72.0,2.583850383758545,2.46014142036438,2.6933436393737793
72.02,2.669815444946289,2.3970271587371825,2.624333620071411
72.04,2.755780506134033,2.333912897109985,2.555323600769043
72.06,2.8417455673217775,2.2707986354827883,2.486313581466675
72.08,2.9277106285095216,2.207684373855591,2.4173035621643066
72.1,3.0136756896972656,2.1445701122283936,2.3482935428619385
72.12,2.850614070892334,2.204823207855225,2.359176445007324
72.14,2.6875524520874023,2.2650763034820556,2.37005934715271
72.16,2.5244908332824707,2.325329399108887,2.3809422492980956
72.18,2.361429214477539,2.3855824947357176,2.3918251514434816
72.2,2.1983675956726074,2.445835590362549,2.402708053588867
72.22,2.3006972312927245,2.5159177780151367,2.374147367477417
72.24,2.4030268669128416,2.5859999656677246,2.3455866813659667
72.26,2.505356502532959,2.6560821533203125,2.3170259952545167
72.28,2.6076861381530763,2.7261643409729004,2.2884653091430662
72.3,2.7100157737731934,2.7962465286254883,2.259904623031616
72.32,2.6939720630645754,2.7221633911132814,2.353435516357422
72.34,2.677928352355957,2.648080253601074,2.4469664096832275
72.36,2.661884641647339,2.5739971160888673,2.540497303009033
72.38,2.6458409309387205,2.49991397857666,2.634028196334839
72.4,2.6297972202301025,2.425830841064453,2.7275590896606445
72.42,2.646594285964966,2.4204310894012453,2.684471607208252
72.44,2.663391351699829,2.415031337738037,2.6413841247558594
72.46,2.6801884174346924,2.409631586074829,2.598296642303467
72.48,2.6969854831695557,2.404231834411621,2.555209159851074
72.5,2.713782548904419,2.398832082748413,2.5121216773986816
72.52,2.7056737899780274,2.389335012435913,2.57326283454895
72.54,2.697565031051636,2.3798379421234133,2.6344039916992186
72.56,2.689456272125244,2.370340871810913,2.6955451488494875
72.58,2.6813475131988525,2.360843801498413,2.756686305999756
72.6,2.673238754272461,2.351346731185913,2.8178274631500244
72.62,2.623456335067749,2.413451385498047,2.70495982170105
72.64,2.5736739158630373,2.4755560398101806,2.592092180252075
72.66,2.523891496658325,2.5376606941223145,2.4792245388031007
72.68,2.474109077453613,2.599765348434448,2.366356897354126
72.7,2.4243266582489014,2.661870002746582,2.2534892559051514
72.72,2.412240409851074,2.641118812561035,2.290852737426758
72.74,2.400154161453247,2.6203676223754884,2.328216218948364
72.76,2.38806791305542,2.5996164321899413,2.365579700469971
72.78,2.375981664657593,2.5788652420043947,2.402943181991577
72.8,2.3638954162597656,2.5581140518188477,2.4403066635131836
72.82,2.4219921112060545,2.5265450954437254,2.5388365745544434
72.84,2.480088806152344,2.4949761390686036,2.6373664855957033
72.86,2.5381855010986327,2.4634071826934814,2.7358963966369627
72.88,2.596282196044922,2.4318382263183596,2.8344263076782226
72.9,2.654378890991211,2.4002692699432373,2.9329562187194824
72.92,2.6500977993011476,2.376037836074829,2.8691757202148436
72.94,2.645816707611084,2.351806402206421,2.805395221710205
72.96,2.6415356159210206,2.3275749683380127,2.7416147232055663
72.98,2.637254524230957,2.3033435344696045,2.677834224700928
73.0,2.6329734325408936,2.2791121006011963,2.614053726196289
73.02,2.574571132659912,2.3628607749938966,2.5592614650726317
73.04,2.5161688327789307,2.446609449386597,2.5044692039489744
73.06,2.457766532897949,2.5303581237792967,2.4496769428253176
73.08,2.3993642330169678,2.614106798171997,2.3948846817016602
73.1,2.3409619331359863,2.6978554725646973,2.340092420578003
73.12,2.430365514755249,2.625480318069458,2.302188491821289
73.14,2.5197690963745116,2.5531051635742186,2.2642845630645754
73.16,2.6091726779937745,2.4807300090789797,2.226380634307861
73.18,2.698576259613037,2.4083548545837403,2.1884767055511474
73.2,2.7879798412323,2.335979700088501,2.1505727767944336
73.22,2.737002372741699,2.4622459411621094,2.2227824211120604
73.24,2.6860249042510986,2.5885121822357178,2.2949920654296876
73.26,2.635047435760498,2.714778423309326,2.3672017097473144
73.28,2.5840699672698975,2.8410446643829346,2.4394113540649416
73.3,2.533092498779297,2.967310905456543,2.5116209983825684
73.32,2.6233667850494387,2.9765716552734376,2.547305870056152
73.34,2.71364107131958,2.985832405090332,2.5829907417297364
73.36,2.8039153575897218,2.9950931549072264,2.6186756134033202
73.38,2.894189643859863,3.004353904724121,2.6543604850769045
73.4,2.984463930130005,3.0136146545410156,2.6900453567504883
73.42,2.9596269607543944,2.866344356536865,2.7223031997680662
73.44,2.9347899913787843,2.7190740585327147,2.7545610427856446
73.46,2.9099530220031737,2.5718037605285646,2.7868188858032226
73.48,2.8851160526275637,2.424533462524414,2.819076728820801
73.5,2.860279083251953,2.2772631645202637,2.851334571838379
73.52,2.848592519760132,2.2974451541900636,2.7483956813812256
73.54,2.8369059562683105,2.3176271438598635,2.6454567909240723
73.56,2.8252193927764893,2.337809133529663,2.542517900466919
73.58,2.813532829284668,2.357991123199463,2.4395790100097656
73.6,2.8018462657928467,2.3781731128692627,2.3366401195526123
73.62,2.7752012252807616,2.3835136890411377,2.3999560832977296
73.64,2.7485561847686766,2.3888542652130127,2.463272047042847
73.66,2.721911144256592,2.3941948413848877,2.5265880107879637
73.68,2.695266103744507,2.3995354175567627,2.589903974533081
73.7,2.668621063232422,2.4048759937286377,2.6532199382781982
73.72,2.6631688117980956,2.419615077972412,2.6135839462280273
73.74,2.6577165603637694,2.4343541622161866,2.5739479541778563
73.76,2.6522643089294435,2.449093246459961,2.5343119621276857
73.78,2.6468120574951173,2.4638323307037355,2.4946759700775147
73.8,2.641359806060791,2.4785714149475098,2.4550399780273438
73.82,2.671916151046753,2.5535737037658692,2.3983238697052003
73.84,2.7024724960327147,2.6285759925842287,2.341607761383057
73.86,2.733028841018677,2.7035782814025877,2.284891653060913
73.88,2.7635851860046388,2.778580570220947,2.2281755447387694
73.9,2.7941415309906006,2.8535828590393066,2.171459436416626
73.92,2.7434563636779785,2.717097854614258,2.2566591262817384
73.94,2.6927711963653564,2.580612850189209,2.3418588161468508
73.96,2.6420860290527344,2.44412784576416,2.4270585060119627
73.98,2.5914008617401123,2.3076428413391112,2.512258195877075
74.0,2.5407156944274902,2.1711578369140625,2.5974578857421875
74.02,2.664977264404297,2.2540196895599367,2.5773833751678468
74.04,2.7892388343811034,2.3368815422058105,2.557308864593506
74.06,2.9135004043579102,2.4197433948516847,2.537234354019165
74.08,3.0377619743347166,2.5026052474975584,2.517159843444824
74.1,3.1620235443115234,2.5854671001434326,2.4970853328704834
74.12,3.1716410160064696,2.599694919586182,2.628717136383057
74.14,3.181258487701416,2.6139227390289306,2.76034893989563
74.16,3.1908759593963625,2.6281505584716798,2.891980743408203
74.18,3.2004934310913087,2.6423783779144285,3.023612546920776
74.2,3.210110902786255,2.6566061973571777,3.1552443504333496
74.22,3.0600017070770265,2.5957959651947022,2.972449541091919
74.24,2.909892511367798,2.5349857330322267,2.7896547317504883
74.26,2.759783315658569,2.474175500869751,2.6068599224090576
74.28,2.6096741199493407,2.4133652687072753,2.424065113067627
74.3,2.4595649242401123,2.3525550365448,2.2412703037261963
74.32,2.5675204277038572,2.4431318759918215,2.3655241966247558
74.34,2.6754759311676026,2.5337087154388427,2.4897780895233153
74.36,2.7834314346313476,2.6242855548858643,2.614031982421875
74.38,2.891386938095093,2.7148623943328856,2.7382858753204347
74.4,2.999342441558838,2.8054392337799072,2.862539768218994
74.42,2.975303220748901,2.7803462028503416,2.7953413009643553
74.44,2.951263999938965,2.7552531719207765,2.728142833709717
74.46,2.9272247791290282,2.730160140991211,2.660944366455078
74.48,2.903185558319092,2.7050671100616457,2.5937458992004396
74.5,2.8791463375091553,2.67997407913208,2.526547431945801
74.52,2.78538818359375,2.6507022380828857,2.665174627304077
74.54,2.6916300296783446,2.6214303970336914,2.8038018226623533
74.56,2.5978718757629395,2.592158555984497,2.94242901802063
74.58,2.504113721847534,2.5628867149353027,3.0810562133789063
74.6,2.410355567932129,2.5336148738861084,3.2196834087371826
74.62,2.487394857406616,2.4852664470672607,3.0834337711334228
74.64,2.5644341468811036,2.436918020248413,2.947184133529663
74.66,2.6414734363555907,2.3885695934295654,2.8109344959259035
74.68,2.7185127258300783,2.3402211666107178,2.6746848583221436
74.7,2.7955520153045654,2.29187273979187,2.538435220718384
74.72,2.675651788711548,2.3206281661987305,2.526479721069336
74.74,2.5557515621185303,2.349383592605591,2.514524221420288
74.76,2.4358513355255127,2.378139019012451,2.5025687217712402
74.78,2.315951108932495,2.4068944454193115,2.4906132221221924
74.8,2.1960508823394775,2.435649871826172,2.4786577224731445
74.82,2.150832676887512,2.5162508487701416,2.518656539916992
74.84,2.1056144714355467,2.5968518257141113,2.55865535736084
74.86,2.0603962659835817,2.677452802658081,2.5986541748046874
74.88,2.0151780605316163,2.758053779602051,2.6386529922485353
74.9,1.9699598550796509,2.8386547565460205,2.678651809692383
74.92,2.1331966400146483,2.7256138801574705,2.685460662841797
74.94,2.296433424949646,2.612573003768921,2.692269515991211
74.96,2.4596702098846435,2.499532127380371,2.699078369140625
74.98,2.6229069948196413,2.3864912509918215,2.705887222290039
75.0,2.7861437797546387,2.2734503746032715,2.712696075439453
75.02,2.771142768859863,2.3239631175994875,2.5980767726898195
75.04,2.756141757965088,2.374475860595703,2.4834574699401855
75.06,2.7411407470703124,2.424988603591919,2.368838167190552
75.08,2.7261397361755373,2.4755013465881346,2.254218864440918
75.1,2.7111387252807617,2.5260140895843506,2.139599561691284
75.12,2.6304201602935793,2.5545888900756837,2.200998067855835
75.14,2.5497015953063964,2.583163690567017,2.2623965740203857
75.16,2.468983030319214,2.6117384910583494,2.3237950801849365
75.18,2.388264465332031,2.6403132915496825,2.3851935863494873
75.2,2.3075459003448486,2.6688880920410156,2.446592092514038
75.22,2.4399853229522703,2.6386547565460203,2.584938955307007
75.24,2.5724247455596925,2.6084214210510255,2.7232858180999755
75.26,2.704864168167114,2.57818808555603,2.8616326808929444
75.28,2.8373035907745363,2.5479547500610353,2.999979543685913
75.3,2.969743013381958,2.51772141456604,3.138326406478882
75.32,2.9967952251434324,2.4526650428771974,2.9560683250427244
75.34,3.0238474369049073,2.3876086711883544,2.7738102436065675
75.36,3.0508996486663817,2.322552299499512,2.59155216217041
75.38,3.0779518604278566,2.2574959278106688,2.409294080734253
75.4,3.105004072189331,2.192439556121826,2.2270359992980957
75.42,3.000038814544678,2.2903207778930663,2.4549036979675294
75.44,2.8950735569000243,2.3882019996643065,2.682771396636963
75.46,2.790108299255371,2.486083221435547,2.9106390953063963
75.48,2.6851430416107176,2.583964443206787,3.13850679397583
75.5,2.5801777839660645,2.6818456649780273,3.3663744926452637
75.52,2.6061238765716555,2.5852720737457275,3.232017087936401
75.54,2.632069969177246,2.4886984825134277,3.097659683227539
75.56,2.658016061782837,2.392124891281128,2.9633022785186767
75.58,2.6839621543884276,2.295551300048828,2.8289448738098146
75.6,2.7099082469940186,2.1989777088165283,2.694587469100952
75.62,2.7706504821777345,2.214177703857422,2.6389466285705567
75.64,2.8313927173614504,2.2293776988983156,2.5833057880401613
75.66,2.892134952545166,2.244577693939209,2.5276649475097654
75.68,2.9528771877288817,2.2597776889801025,2.47202410697937
75.7,3.0136194229125977,2.274977684020996,2.4163832664489746
75.72,3.0499966144561768,2.3914158821105955,2.4676827430725097
75.74,3.086373805999756,2.5078540802001954,2.5189822196960447
75.76,3.122750997543335,2.624292278289795,2.5702816963195803
75.78,3.159128189086914,2.7407304763793947,2.6215811729431153
75.8,3.195505380630493,2.857168674468994,2.6728806495666504
75.82,3.144135284423828,2.7694625854492188,2.6496346473693846
75.84,3.092765188217163,2.6817564964294434,2.6263886451721192
75.86,3.041395092010498,2.594050407409668,2.6031426429748534
75.88,2.990024995803833,2.5063443183898926,2.579896640777588
75.9,2.938654899597168,2.418638229370117,2.5566506385803223
75.92,2.910955810546875,2.491467237472534,2.6299440383911135
75.94,2.883256721496582,2.564296245574951,2.703237438201904
75.96,2.8555576324462892,2.637125253677368,2.7765308380126954
75.98,2.827858543395996,2.709954261779785,2.849824237823486
76.0,2.800159454345703,2.782783269882202,2.9231176376342773
76.02,2.8625367164611815,2.719411849975586,2.915690803527832
76.04,2.9249139785766602,2.6560404300689697,2.9082639694213865
76.06,2.9872912406921386,2.5926690101623535,2.9008371353149416
76.08,3.0496685028076174,2.5292975902557373,2.893410301208496
76.1,3.1120457649230957,2.465926170349121,2.885983467102051
76.12,3.2172266006469727,2.554615592956543,2.838562822341919
76.14,3.32240743637085,2.643305015563965,2.7911421775817873
76.16,3.4275882720947264,2.7319944381713865,2.743721532821655
76.18,3.5327691078186034,2.8206838607788085,2.6963008880615233
76.2,3.6379499435424805,2.9093732833862305,2.6488802433013916
76.22,3.4358641147613525,2.812391471862793,2.669084644317627
76.24,3.2337782859802244,2.7154096603393554,2.6892890453338625
76.26,3.031692457199097,2.618427848815918,2.7094934463500975
76.28,2.829606628417969,2.5214460372924803,2.729697847366333
76.3,2.627520799636841,2.424464225769043,2.7499022483825684
76.32,2.6283617973327638,2.445253610610962,2.7893176078796387
76.34,2.6292027950286867,2.466042995452881,2.828732967376709
76.36,2.630043792724609,2.4868323802948,2.8681483268737793
76.38,2.630884790420532,2.5076217651367188,2.9075636863708496
76.4,2.631725788116455,2.5284111499786377,2.94697904586792
76.42,2.60405855178833,2.5463960647583006,2.8904181480407716
76.44,2.576391315460205,2.564380979537964,2.8338572502136232
76.46,2.54872407913208,2.582365894317627,2.7772963523864744
76.48,2.5210568428039553,2.60035080909729,2.720735454559326
76.5,2.49338960647583,2.618335723876953,2.6641745567321777
76.52,2.6362737655639648,2.5586522102355955,2.684277153015137
76.54,2.7791579246520994,2.4989686965942384,2.704379749298096
76.56,2.9220420837402346,2.4392851829528808,2.7244823455810545
76.58,3.0649262428283692,2.3796016693115236,2.7445849418640136
76.6,3.207810401916504,2.319918155670166,2.7646875381469727
76.62,3.142934036254883,2.357634925842285,2.7729398727416994
76.64,3.0780576705932616,2.395351696014404,2.7811922073364257
76.66,3.0131813049316407,2.4330684661865236,2.7894445419311524
76.68,2.9483049392700194,2.4707852363586427,2.7976968765258787
76.7,2.8834285736083984,2.5085020065307617,2.8059492111206055
76.72,3.0323430061340333,2.5007576942443848,2.8179007530212403
76.74,3.181257438659668,2.493013381958008,2.829852294921875
76.76,3.3301718711853026,2.485269069671631,2.8418038368225096
76.78,3.4790863037109374,2.477524757385254,2.8537553787231444
76.8,3.6280007362365723,2.469780445098877,2.8657069206237793
76.82,3.4917731285095215,2.4748772621154784,2.852735662460327
76.84,3.3555455207824707,2.47997407913208,2.839764404296875
76.86,3.21931791305542,2.485070896148682,2.826793146133423
76.88,3.083090305328369,2.4901677131652833,2.813821887969971
76.9,2.9468626976013184,2.4952645301818848,2.8008506298065186
76.92,3.0705070972442625,2.512379503250122,2.7904218196868897
76.94,3.194151496887207,2.5294944763183596,2.779993009567261
76.96,3.3177958965301513,2.5466094493865965,2.7695641994476317
76.98,3.441440296173096,2.563724422454834,2.759135389328003
77.0,3.56508469581604,2.5808393955230713,2.748706579208374
77.02,3.6415904998779296,2.679457950592041,2.7674431800842285
77.04,3.718096303939819,2.778076505661011,2.786179780960083
77.06,3.794602108001709,2.8766950607299804,2.8049163818359375
77.08,3.8711079120635987,2.9753136157989504,2.823652982711792
77.1,3.9476137161254883,3.07393217086792,2.8423895835876465
77.12,3.674097204208374,2.9945732593536376,2.781929302215576
77.14,3.4005806922912596,2.9152143478393553,2.721469020843506
77.16,3.1270641803741457,2.8358554363250734,2.6610087394714355
77.18,2.8535476684570313,2.756496524810791,2.6005484580993654
77.2,2.580031156539917,2.677137613296509,2.540088176727295
77.22,2.678966760635376,2.7808299541473387,2.5754576683044434
77.24,2.777902364730835,2.884522294998169,2.610827159881592
77.26,2.876837968826294,2.988214635848999,2.64619665145874
77.28,2.975773572921753,3.0919069766998293,2.6815661430358886
77.3,3.074709177017212,3.195599317550659,2.716935634613037
77.32,3.0434360027313234,3.0473118305206297,2.743418788909912
77.34,3.0121628284454345,2.8990243434906007,2.7699019432067873
77.36,2.980889654159546,2.750736856460571,2.796385097503662
77.38,2.949616479873657,2.602449369430542,2.822868251800537
77.4,2.9183433055877686,2.4541618824005127,2.849351406097412
77.42,2.8304553031921387,2.4290560245513917,2.8760725975036623
77.44,2.742567300796509,2.4039501667022707,2.902793788909912
77.46,2.654679298400879,2.3788443088531492,2.929514980316162
77.48,2.566791296005249,2.3537384510040282,2.956236171722412
77.5,2.478903293609619,2.3286325931549072,2.982957363128662
77.52,2.5541207790374756,2.4470149993896486,2.8991010189056396
77.54,2.629338264465332,2.5653974056243896,2.815244674682617
77.56,2.7045557498931885,2.683779811859131,2.7313883304595947
77.58,2.779773235321045,2.802162218093872,2.6475319862365723
77.6,2.8549907207489014,2.9205446243286133,2.56367564201355
77.62,2.8578322887420655,2.890971326828003,2.6901309967041014
77.64,2.8606738567352297,2.8613980293273924,2.8165863513946534
77.66,2.8635154247283934,2.8318247318267824,2.943041706085205
77.68,2.8663569927215575,2.802251434326172,3.069497060775757
77.7,2.8691985607147217,2.7726781368255615,3.1959524154663086
77.72,2.9044283866882323,2.805907201766968,3.0856959342956545
77.74,2.939658212661743,2.839136266708374,2.975439453125
77.76,2.974888038635254,2.8723653316497804,2.865182971954346
77.78,3.0101178646087647,2.9055943965911863,2.7549264907836912
77.8,3.0453476905822754,2.9388234615325928,2.644670009613037
77.82,2.9548537731170654,2.948592758178711,2.5761706829071045
77.84,2.8643598556518555,2.9583620548248293,2.507671356201172
77.86,2.7738659381866455,2.968131351470947,2.4391720294952393
77.88,2.6833720207214355,2.9779006481170653,2.3706727027893066
77.9,2.5928781032562256,2.9876699447631836,2.302173376083374
77.92,2.629137134552002,2.8749582767486572,2.4328118324279786
77.94,2.6653961658477785,2.762246608734131,2.563450288772583
77.96,2.7016551971435545,2.6495349407196045,2.6940887451171873
77.98,2.737914228439331,2.536823272705078,2.824727201461792
78.0,2.7741732597351074,2.4241116046905518,2.9553656578063965
78.02,2.7672871589660644,2.4710480690002443,2.880835676193237
78.04,2.7604010581970213,2.5179845333099364,2.806305694580078
78.06,2.7535149574279787,2.564920997619629,2.731775712966919
78.08,2.7466288566589356,2.611857461929321,2.65724573135376
78.1,2.7397427558898926,2.6587939262390137,2.5827157497406006
78.12,2.7611740589141847,2.6565001010894775,2.583879089355469
78.14,2.7826053619384767,2.6542062759399414,2.585042428970337
78.16,2.8040366649627684,2.6519124507904053,2.586205768585205
78.18,2.8254679679870605,2.649618625640869,2.587369108200073
78.2,2.8468992710113525,2.647324800491333,2.5885324478149414
78.22,2.8672548294067384,2.5184964179992675,2.652106237411499
78.24,2.887610387802124,2.389668035507202,2.7156800270080566
78.26,2.9079659461975096,2.260839653015137,2.7792538166046143
78.28,2.9283215045928954,2.1320112705230714,2.8428276062011717
78.3,2.9486770629882812,2.003182888031006,2.9064013957977295
78.32,2.998959684371948,2.1278664112091064,2.8887123107910155
78.34,3.049242305755615,2.252549934387207,2.8710232257843016
78.36,3.0995249271392824,2.377233457565308,2.853334140777588
78.38,3.1498075485229493,2.5019169807434083,2.835645055770874
78.4,3.200090169906616,2.626600503921509,2.81795597076416
78.42,3.23645133972168,2.5605008602142334,2.814638376235962
78.44,3.272812509536743,2.494401216506958,2.8113207817077637
78.46,3.3091736793518067,2.4283015727996826,2.8080031871795654
78.48,3.34553484916687,2.3622019290924072,2.804685592651367
78.5,3.3818960189819336,2.296102285385132,2.801367998123169
78.52,3.287351608276367,2.3618165493011474,2.827229404449463
78.54,3.192807197570801,2.427530813217163,2.8530908107757567
78.56,3.0982627868652344,2.493245077133179,2.878952217102051
78.58,3.003718376159668,2.5589593410491944,2.904813623428345
78.6,2.9091739654541016,2.62467360496521,2.9306750297546387
78.62,3.0047679424285887,2.576838731765747,2.899582767486572
78.64,3.1003619194030763,2.529003858566284,2.8684905052185057
78.66,3.1959558963775634,2.4811689853668213,2.8373982429504396
78.68,3.291549873352051,2.4333341121673584,2.806305980682373
78.7,3.387143850326538,2.3854992389678955,2.7752137184143066
78.72,3.4273274421691893,2.448743438720703,2.7222251892089844
78.74,3.467511034011841,2.511987638473511,2.669236660003662
78.76,3.507694625854492,2.575231838226318,2.61624813079834
78.78,3.5478782176971437,2.638476037979126,2.5632596015930176
78.8,3.588061809539795,2.7017202377319336,2.5102710723876953
78.82,3.456572484970093,2.6335715293884276,2.4748231410980224
78.84,3.3250831604003905,2.5654228210449217,2.4393752098083494
78.86,3.1935938358306886,2.497274112701416,2.403927278518677
78.88,3.062104511260986,2.4291254043579102,2.368479347229004
78.9,2.930615186691284,2.3609766960144043,2.333031415939331
78.92,2.933870458602905,2.386086082458496,2.421800994873047
78.94,2.937125730514526,2.411195468902588,2.5105705738067625
78.96,2.9403810024261476,2.4363048553466795,2.5993401527404787
78.98,2.9436362743377686,2.4614142417907714,2.6881097316741944
79.0,2.9468915462493896,2.4865236282348633,2.77687931060791
79.02,3.0098884105682373,2.582512617111206,2.7343774795532227
79.04,3.072885274887085,2.678501605987549,2.6918756484985353
79.06,3.1358821392059326,2.7744905948638916,2.6493738174438475
79.08,3.1988790035247803,2.8704795837402344,2.60687198638916
79.1,3.261875867843628,2.966468572616577,2.5643701553344727
79.12,3.1498523235321043,2.9370041847229005,2.5844116687774656
79.14,3.037828779220581,2.907539796829224,2.604453182220459
79.16,2.9258052349090575,2.8780754089355467,2.624494695663452
79.18,2.8137816905975344,2.84861102104187,2.6445362091064455
79.2,2.7017581462860107,2.8191466331481934,2.6645777225494385
79.22,2.684654712677002,2.7591301441192626,2.6624823570251466
79.24,2.667551279067993,2.699113655090332,2.6603869915008547
79.26,2.6504478454589844,2.6390971660614015,2.6582916259765623
79.28,2.6333444118499756,2.579080677032471,2.6561962604522704
79.3,2.616240978240967,2.51906418800354,2.6541008949279785
79.32,2.722249746322632,2.4633971214294434,2.642807865142822
79.34,2.828258514404297,2.407730054855347,2.631514835357666
79.36,2.934267282485962,2.35206298828125,2.62022180557251
79.38,3.040276050567627,2.2963959217071532,2.6089287757873536
79.4,3.146284818649292,2.2407288551330566,2.5976357460021973
79.42,3.0687199592590333,2.3171387672424317,2.5772499561309816
79.44,2.9911550998687746,2.393548679351807,2.5568641662597655
79.46,2.9135902404785154,2.4699585914611815,2.53647837638855
79.48,2.8360253810882567,2.5463685035705566,2.516092586517334
79.5,2.758460521697998,2.6227784156799316,2.495706796646118
79.52,2.776806354522705,2.597490835189819,2.578990125656128
79.54,2.795152187347412,2.572203254699707,2.6622734546661375
79.56,2.813498020172119,2.5469156742095946,2.7455567836761476
79.58,2.831843852996826,2.5216280937194826,2.8288401126861573
79.6,2.850189685821533,2.49634051322937,2.912123441696167
79.62,2.7604783535003663,2.528042221069336,2.8816527366638183
79.64,2.6707670211791994,2.5597439289093016,2.8511820316314695
79.66,2.581055688858032,2.5914456367492678,2.8207113265991213
79.68,2.491344356536865,2.6231473445892335,2.7902406215667725
79.7,2.4016330242156982,2.654849052429199,2.759769916534424
79.72,2.4582518577575683,2.6139649868011476,2.748140239715576
79.74,2.5148706912994383,2.5730809211730956,2.7365105628967283
79.76,2.5714895248413088,2.532196855545044,2.724880886077881
79.78,2.628108358383179,2.491312789916992,2.7132512092590333
79.8,2.684727191925049,2.4504287242889404,2.7016215324401855
79.82,2.641525459289551,2.479838991165161,2.6726479053497316
79.84,2.5983237266540526,2.5092492580413817,2.6436742782592773
79.86,2.5551219940185548,2.5386595249176027,2.6147006511688233
79.88,2.5119202613830565,2.5680697917938233,2.585727024078369
79.9,2.4687185287475586,2.597480058670044,2.556753396987915
79.92,2.5042752742767336,2.636088991165161,2.589324951171875
79.94,2.539832019805908,2.674697923660278,2.621896505355835
79.96,2.575388765335083,2.7133068561553957,2.654468059539795
79.98,2.6109455108642576,2.751915788650513,2.687039613723755
80.0,2.6465022563934326,2.79052472114563,2.719611167907715
80.02,2.590797996520996,2.7027021408081056,2.7862786769866945
80.04,2.5350937366485597,2.6148795604705812,2.8529461860656737
80.06,2.479389476776123,2.5270569801330565,2.9196136951446534
80.08,2.4236852169036864,2.439234399795532,2.9862812042236326
80.1,2.36798095703125,2.351411819458008,3.0529487133026123
80.12,2.428223705291748,2.4333596229553223,2.9923285484313964
80.14,2.4884664535522463,2.5153074264526367,2.9317083835601805
80.16,2.548709201812744,2.597255229949951,2.871088218688965
80.18,2.608951950073242,2.6792030334472656,2.810468053817749
80.2,2.6691946983337402,2.76115083694458,2.749847888946533
80.22,2.725739669799805,2.74397554397583,2.7351048946380616
80.24,2.782284641265869,2.72680025100708,2.72036190032959
80.26,2.8388296127319337,2.7096249580383303,2.705618906021118
80.28,2.895374584197998,2.69244966506958,2.6908759117126464
80.3,2.9519195556640625,2.67527437210083,2.676132917404175
80.32,2.8684131145477294,2.7343089103698732,2.57578821182251
80.34,2.7849066734313963,2.793343448638916,2.4754435062408446
80.36,2.7014002323150637,2.852377986907959,2.3750988006591798
80.38,2.6178937911987306,2.9114125251770018,2.2747540950775145
80.4,2.5343873500823975,2.970447063446045,2.1744093894958496
80.42,2.5479111671447754,2.9938838958740233,2.2481038570404053
80.44,2.5614349842071533,3.017320728302002,2.321798324584961
80.46,2.5749588012695312,3.0407575607299804,2.3954927921295166
80.48,2.588482618331909,3.064194393157959,2.4691872596740723
80.5,2.602006435394287,3.0876312255859375,2.542881727218628
80.52,2.602780818939209,3.019534683227539,2.5493125915527344
80.54,2.603555202484131,2.951438140869141,2.555743455886841
80.56,2.6043295860290527,2.883341598510742,2.5621743202209473
80.58,2.6051039695739746,2.8152450561523437,2.5686051845550537
80.6,2.6058783531188965,2.7471485137939453,2.57503604888916
80.62,2.6355228424072266,2.643789196014404,2.5981791019439697
80.64,2.6651673316955566,2.540429878234863,2.6213221549987793
80.66,2.6948118209838867,2.4370705604553224,2.644465208053589
80.68,2.724456310272217,2.3337112426757813,2.6676082611083984
80.7,2.754100799560547,2.2303519248962402,2.690751314163208
80.72,2.709432363510132,2.221435022354126,2.6810976028442384
80.74,2.664763927459717,2.2125181198120116,2.6714438915252687
80.76,2.6200954914093018,2.2036012172698975,2.6617901802062987
80.78,2.5754270553588867,2.194684314727783,2.652136468887329
80.8,2.5307586193084717,2.185767412185669,2.6424827575683594
80.82,2.5571353912353514,2.207062339782715,2.6985806941986086
80.84,2.5835121631622315,2.228357267379761,2.7546786308288573
80.86,2.6098889350891112,2.2496521949768065,2.8107765674591065
80.88,2.6362657070159914,2.2709471225738525,2.8668745040893553
80.9,2.662642478942871,2.2922420501708984,2.9229724407196045
80.92,2.787967348098755,2.3427050590515135,2.877715301513672
80.94,2.9132922172546385,2.393168067932129,2.832458162307739
80.96,3.0386170864105226,2.443631076812744,2.7872010231018067
80.98,3.1639419555664063,2.4940940856933596,2.741943883895874
81.0,3.28926682472229,2.5445570945739746,2.6966867446899414
81.02,3.1760037422180174,2.5078040599822997,2.709930658340454
81.04,3.062740659713745,2.471051025390625,2.723174571990967
81.06,2.9494775772094726,2.4342979907989504,2.7364184856414795
81.08,2.8362144947052004,2.3975449562072755,2.749662399291992
81.1,2.7229514122009277,2.3607919216156006,2.762906312942505
81.12,2.8047906398773192,2.4618928909301756,2.7122644424438476
81.14,2.8866298675537108,2.562993860244751,2.6616225719451903
81.16,2.9684690952301027,2.664094829559326,2.6109807014465334
81.18,3.0503083229064942,2.7651957988739015,2.560338830947876
81.2,3.1321475505828857,2.8662967681884766,2.5096969604492188
81.22,3.096920680999756,2.8097198009490967,2.5190922737121584
81.24,3.061693811416626,2.753142833709717,2.5284875869750976
81.26,3.026466941833496,2.696565866470337,2.537882900238037
81.28,2.991240072250366,2.639988899230957,2.5472782135009764
81.3,2.9560132026672363,2.583411931991577,2.556673526763916
81.32,2.9111608028411866,2.590864419937134,2.5960918426513673
81.34,2.866308403015137,2.5983169078826904,2.6355101585388185
81.36,2.8214560031890867,2.605769395828247,2.6749284744262694
81.38,2.776603603363037,2.6132218837738037,2.7143467903137206
81.4,2.7317512035369873,2.6206743717193604,2.753765106201172
81.42,2.7696752548217773,2.555806064605713,2.6495769023895264
81.44,2.8075993061065674,2.4909377574920653,2.545388698577881
81.46,2.8455233573913574,2.426069450378418,2.4412004947662354
81.48,2.8834474086761475,2.3612011432647706,2.33701229095459
81.5,2.9213714599609375,2.296332836151123,2.2328240871429443
81.52,2.8826011657714843,2.283306837081909,2.26645188331604
81.54,2.843830871582031,2.2702808380126953,2.300079679489136
81.56,2.8050605773925783,2.2572548389434814,2.3337074756622314
81.58,2.766290283203125,2.2442288398742676,2.3673352718353273
81.6,2.727519989013672,2.2312028408050537,2.400963068008423
81.62,2.803014898300171,2.185520362854004,2.4126039028167723
81.64,2.8785098075866697,2.139837884902954,2.424244737625122
81.66,2.954004716873169,2.0941554069519044,2.4358855724334716
81.68,3.029499626159668,2.0484729290008543,2.4475264072418215
81.7,3.104994535446167,2.0027904510498047,2.459167242050171
81.72,3.1093262672424316,2.0611942768096925,2.528727722167969
81.74,3.113657999038696,2.1195981025695803,2.5982882022857665
81.76,3.117989730834961,2.1780019283294676,2.6678486824035645
81.78,3.1223214626312257,2.2364057540893554,2.737409162521362
81.8,3.1266531944274902,2.294809579849243,2.80696964263916
81.82,3.081190347671509,2.368764877319336,2.8246578216552733
81.84,3.0357275009155273,2.4427201747894287,2.8423460006713865
81.86,2.990264654159546,2.5166754722595215,2.8600341796875
81.88,2.9448018074035645,2.5906307697296143,2.8777223587036134
81.9,2.899338960647583,2.664586067199707,2.8954105377197266
81.92,2.823748159408569,2.620815944671631,2.746903133392334
81.94,2.7481573581695558,2.5770458221435546,2.5983957290649413
81.96,2.672566556930542,2.5332756996154786,2.449888324737549
81.98,2.5969757556915285,2.489505577087402,2.301380920410156
82.0,2.5213849544525146,2.445735454559326,2.1528735160827637
82.02,2.536227798461914,2.4445897579193114,2.29793004989624
82.04,2.5510706424713137,2.4434440612792967,2.442986583709717
82.06,2.5659134864807127,2.4422983646392824,2.5880431175231933
82.08,2.580756330490112,2.4411526679992677,2.73309965133667
82.1,2.5955991744995117,2.440006971359253,2.8781561851501465
82.12,2.619333600997925,2.529566431045532,2.832792568206787
82.14,2.643068027496338,2.6191258907318113,2.787428951263428
82.16,2.666802453994751,2.708685350418091,2.7420653343200683
82.18,2.690536880493164,2.79824481010437,2.696701717376709
82.2,2.714271306991577,2.8878042697906494,2.6513381004333496
82.22,2.7076910495758058,2.83311128616333,2.6412264823913576
82.24,2.7011107921600344,2.7784183025360107,2.631114864349365
82.26,2.6945305347442625,2.7237253189086914,2.621003246307373
82.28,2.687950277328491,2.669032335281372,2.6108916282653807
82.3,2.6813700199127197,2.6143393516540527,2.6007800102233887
82.32,2.6668725967407227,2.7741933822631837,2.6930774211883546
82.34,2.6523751735687258,2.9340474128723146,2.7853748321533205
82.36,2.6378777503967283,3.093901443481445,2.877672243118286
82.38,2.6233803272247314,3.253755474090576,2.969969654083252
82.4,2.6088829040527344,3.413609504699707,3.0622670650482178
82.42,2.5903311729431153,3.2262811183929445,2.9362275123596193
82.44,2.5717794418334963,3.0389527320861816,2.8101879596710204
82.46,2.5532277107238768,2.851624345779419,2.684148406982422
82.48,2.5346759796142577,2.664295959472656,2.558108854293823
82.5,2.5161242485046387,2.4769675731658936,2.4320693016052246
82.52,2.551155757904053,2.5669556140899656,2.4620075702667235
82.54,2.5861872673034667,2.656943655014038,2.4919458389282227
82.56,2.621218776702881,2.7469316959381103,2.5218841075897216
82.58,2.6562502861022947,2.836919736862183,2.551822376251221
82.6,2.691281795501709,2.926907777786255,2.5817606449127197
82.62,2.7360053062438965,2.893262529373169,2.583314800262451
82.64,2.780728816986084,2.859617280960083,2.5848689556121824
82.66,2.8254523277282715,2.8259720325469972,2.5864231109619142
82.68,2.870175838470459,2.792326784133911,2.5879772663116456
82.7,2.9148993492126465,2.758681535720825,2.589531421661377
82.72,2.953090715408325,2.71418719291687,2.6402276039123533
82.74,2.991282081604004,2.669692850112915,2.69092378616333
82.76,3.0294734477996825,2.62519850730896,2.7416199684143066
82.78,3.0676648139953615,2.580704164505005,2.7923161506652834
82.8,3.10585618019104,2.53620982170105,2.8430123329162598
82.82,3.0004842281341553,2.5272305011749268,2.7606340885162353
82.84,2.8951122760772705,2.5182511806488037,2.6782558441162108
82.86,2.7897403240203857,2.5092718601226807,2.5958775997161867
82.88,2.684368371963501,2.5002925395965576,2.513499355316162
82.9,2.578996419906616,2.4913132190704346,2.4311211109161377
82.92,2.605873203277588,2.482517051696777,2.461827516555786
82.94,2.6327499866485597,2.47372088432312,2.4925339221954346
82.96,2.659626770019531,2.464924716949463,2.523240327835083
82.98,2.686503553390503,2.456128549575806,2.5539467334747314
83.0,2.7133803367614746,2.4473323822021484,2.58465313911438
83.02,2.7578506469726562,2.475163459777832,2.6543625831604003
83.04,2.802320957183838,2.5029945373535156,2.7240720272064207
83.06,2.8467912673950195,2.530825614929199,2.7937814712524416
83.08,2.891261577606201,2.558656692504883,2.863490915298462
83.1,2.935731887817383,2.5864877700805664,2.9332003593444824
83.12,2.89664044380188,2.520476245880127,2.8542722702026366
83.14,2.8575489997863768,2.4544647216796873,2.775344181060791
83.16,2.818457555770874,2.3884531974792482,2.6964160919189455
83.18,2.779366111755371,2.3224416732788087,2.6174880027770997
83.2,2.740274667739868,2.256430149078369,2.538559913635254
83.22,2.7767991542816164,2.317922496795654,2.5893068313598633
83.24,2.813323640823364,2.3794148445129393,2.6400537490844727
83.26,2.8498481273651124,2.440907192230225,2.690800666809082
83.28,2.88637261390686,2.50239953994751,2.7415475845336914
83.3,2.9228971004486084,2.563891887664795,2.792294502258301
83.32,2.9486480236053465,2.5935761451721193,2.7847838401794434
83.34,2.974398946762085,2.6232604026794433,2.777273178100586
83.36,3.000149869918823,2.6529446601867677,2.7697625160217285
83.38,3.0259007930755617,2.6826289176940916,2.762251853942871
83.4,3.0516517162323,2.712313175201416,2.7547411918640137
83.42,2.9883962154388426,2.6413341522216798,2.7086464881896974
83.44,2.925140714645386,2.5703551292419435,2.6625517845153808
83.46,2.8618852138519286,2.499376106262207,2.6164570808410645
83.48,2.798629713058472,2.4283970832824706,2.570362377166748
83.5,2.7353742122650146,2.3574180603027344,2.5242676734924316
83.52,2.746813726425171,2.4493265628814695,2.5515187263488768
83.54,2.758253240585327,2.541235065460205,2.5787697792053224
83.56,2.7696927547454835,2.6331435680389403,2.6060208320617675
83.58,2.7811322689056395,2.725052070617676,2.633271884918213
83.6,2.792571783065796,2.816960573196411,2.660522937774658
83.62,2.9260009765625,2.845169258117676,2.668598175048828
83.64,3.059430170059204,2.8733779430389403,2.676673412322998
83.66,3.1928593635559084,2.901586627960205,2.684748649597168
83.68,3.3262885570526124,2.9297953128814695,2.692823886871338
83.7,3.4597177505493164,2.9580039978027344,2.700899124145508
83.72,3.478232002258301,2.8906676292419435,2.731429100036621
83.74,3.4967462539672853,2.8233312606811523,2.7619590759277344
83.76,3.5152605056762694,2.7559948921203614,2.7924890518188477
83.78,3.533774757385254,2.68865852355957,2.823019027709961
83.8,3.5522890090942383,2.6213221549987793,2.853549003601074
83.82,3.447545623779297,2.610380744934082,2.814700126647949
83.84,3.3428022384643556,2.599439334869385,2.775851249694824
83.86,3.238058853149414,2.5884979248046873,2.737002372741699
83.88,3.1333154678344726,2.57755651473999,2.698153495788574
83.9,3.0285720825195312,2.566615104675293,2.659304618835449
83.92,3.045850133895874,2.5963298797607424,2.692310619354248
83.94,3.063128185272217,2.6260446548461913,2.725316619873047
83.96,3.0804062366485594,2.6557594299316407,2.7583226203918456
83.98,3.0976842880249023,2.6854742050170897,2.7913286209106447
84.0,3.114962339401245,2.715188980102539,2.8243346214294434
84.02,3.072814178466797,2.728835105895996,2.8511683464050295
84.04,3.0306660175323485,2.742481231689453,2.878002071380615
84.06,2.9885178565979005,2.75612735748291,2.9048357963562013
84.08,2.946369695663452,2.769773483276367,2.931669521331787
84.1,2.904221534729004,2.783419609069824,2.958503246307373
84.12,2.9867738246917725,2.7101386547088624,2.868402433395386
84.14,3.069326114654541,2.6368577003479006,2.7783016204833983
84.16,3.1518784046173094,2.5635767459869383,2.688200807571411
84.18,3.234430694580078,2.4902957916259765,2.5980999946594237
84.2,3.3169829845428467,2.4170148372650146,2.5079991817474365
84.22,3.215811824798584,2.4360611915588377,2.564787817001343
84.24,3.1146406650543215,2.455107545852661,2.621576452255249
84.26,3.0134695053100584,2.4741539001464843,2.6783650875091554
84.28,2.912298345565796,2.493200254440308,2.7351537227630613
84.3,2.811127185821533,2.512246608734131,2.7919423580169678
84.32,2.8888596057891847,2.4926602363586428,2.8008118629455567
84.34,2.966592025756836,2.473073863983154,2.8096813678741457
84.36,3.044324445724487,2.453487491607666,2.818550872802734
84.38,3.1220568656921386,2.4339011192321776,2.827420377731323
84.4,3.19978928565979,2.4143147468566895,2.836289882659912
84.42,3.065175247192383,2.4535561561584474,2.7956264495849608
84.44,2.9305612087249755,2.4927975654602053,2.75496301651001
84.46,2.7959471702575684,2.5320389747619627,2.7142995834350585
84.48,2.661333131790161,2.5712803840637206,2.6736361503601076
84.5,2.526719093322754,2.6105217933654785,2.6329727172851562
84.52,2.6084073543548585,2.5380778312683105,2.6363646507263185
84.54,2.690095615386963,2.4656338691711426,2.6397565841674804
84.56,2.771783876419067,2.3931899070739746,2.6431485176086427
84.58,2.853472137451172,2.3207459449768066,2.6465404510498045
84.6,2.9351603984832764,2.2483019828796387,2.649932384490967
84.62,2.8776055335998536,2.314055871963501,2.6285494804382323
84.64,2.820050668716431,2.379809761047363,2.607166576385498
84.66,2.7624958038330076,2.4455636501312257,2.585783672332764
84.68,2.704940938949585,2.5113175392150877,2.5644007682800294
84.7,2.647386074066162,2.57707142829895,2.543017864227295
84.72,2.7176710605621337,2.6167454719543457,2.5580698966979982
84.74,2.7879560470581053,2.656419515609741,2.573121929168701
84.76,2.8582410335540773,2.6960935592651367,2.5881739616394044
84.78,2.928526020050049,2.7357676029205322,2.6032259941101072
84.8,2.9988110065460205,2.7754416465759277,2.6182780265808105
84.82,2.8923071384429933,2.704665279388428,2.6432748317718504
84.84,2.785803270339966,2.633888912200928,2.6682716369628907
84.86,2.6792994022369383,2.5631125450134276,2.6932684421539306
84.88,2.572795534133911,2.4923361778259276,2.718265247344971
84.9,2.466291666030884,2.4215598106384277,2.7432620525360107
84.92,2.4522493839263917,2.4445033073425293,2.7014706134796143
84.94,2.4382071018218996,2.467446804046631,2.6596791744232178
84.96,2.424164819717407,2.4903903007507324,2.6178877353668213
84.98,2.410122537612915,2.513333797454834,2.576096296310425
85.0,2.396080255508423,2.5362772941589355,2.5343048572540283
85.02,2.495770263671875,2.59321551322937,2.5250555992126467
85.04,2.5954602718353272,2.6501537322998048,2.5158063411712646
85.06,2.695150279998779,2.707091951370239,2.506557083129883
85.08,2.7948402881622316,2.764030170440674,2.497307825088501
85.1,2.8945302963256836,2.8209683895111084,2.488058567047119
85.12,2.867810821533203,2.913362503051758,2.553769016265869
85.14,2.841091346740723,3.0057566165924072,2.619479465484619
85.16,2.814371871948242,3.0981507301330566,2.6851899147033693
85.18,2.7876523971557616,3.190544843673706,2.7509003639221192
85.2,2.7609329223632812,3.2829389572143555,2.816610813140869
85.22,2.924526405334473,3.154815196990967,2.7600653648376463
85.24,3.088119888305664,3.026691436767578,2.703519916534424
85.26,3.2517133712768556,2.8985676765441895,2.646974468231201
85.28,3.4153068542480467,2.770443916320801,2.5904290199279787
85.3,3.5789003372192383,2.642320156097412,2.533883571624756
85.32,3.393904685974121,2.5577643871307374,2.584982395172119
85.34,3.208909034729004,2.4732086181640627,2.6360812187194824
85.36,3.0239133834838867,2.3886528491973875,2.6871800422668457
85.38,2.8389177322387695,2.304097080230713,2.738278865814209
85.4,2.6539220809936523,2.219541311264038,2.7893776893615723
85.42,2.6974868774414062,2.2701135635375977,2.7307844161987305
85.44,2.74105167388916,2.3206858158111574,2.6721911430358887
85.46,2.784616470336914,2.3712580680847166,2.613597869873047
85.48,2.828181266784668,2.4218303203582763,2.555004596710205
85.5,2.871746063232422,2.472402572631836,2.4964113235473633
85.52,2.8250977039337157,2.48394570350647,2.51985650062561
85.54,2.7784493446350096,2.4954888343811037,2.5433016777038575
85.56,2.731800985336304,2.507031965255737,2.5667468547821044
85.58,2.6851526260375977,2.518575096130371,2.5901920318603517
85.6,2.6385042667388916,2.530118227005005,2.6136372089385986
85.62,2.5996549129486084,2.5295550346374513,2.7290971279144287
85.64,2.560805559158325,2.5289918422698974,2.844557046890259
85.66,2.521956205368042,2.528428649902344,2.960016965866089
85.68,2.483106851577759,2.52786545753479,3.075476884841919
85.7,2.4442574977874756,2.5273022651672363,3.190936803817749
85.72,2.4379465579986572,2.5642786979675294,3.113500881195068
85.74,2.431635618209839,2.6012551307678224,3.036064958572388
85.76,2.4253246784210205,2.638231563568115,2.958629035949707
85.78,2.419013738632202,2.675207996368408,2.8811931133270265
85.8,2.412702798843384,2.712184429168701,2.8037571907043457
85.82,2.4512720584869383,2.6835171699523928,2.7444713592529295
85.84,2.4898413181304933,2.654849910736084,2.6851855278015138
85.86,2.5284105777740478,2.6261826515197755,2.6258996963500976
85.88,2.5669798374176027,2.5975153923034666,2.566613864898682
85.9,2.6055490970611572,2.568848133087158,2.5073280334472656
85.92,2.5786497592926025,2.618520212173462,2.574292755126953
85.94,2.551750421524048,2.6681922912597655,2.641257476806641
85.96,2.524851083755493,2.7178643703460694,2.708222198486328
85.98,2.4979517459869385,2.767536449432373,2.7751869201660155
86.0,2.471052408218384,2.8172085285186768,2.842151641845703
86.02,2.519292449951172,2.776019334793091,2.729003572463989
86.04,2.56753249168396,2.734830141067505,2.615855503082275
86.06,2.615772533416748,2.693640947341919,2.5027074337005617
86.08,2.664012575149536,2.652451753616333,2.3895593643188477
86.1,2.712252616882324,2.611262559890747,2.276411294937134
86.12,2.733042860031128,2.661724853515625,2.312803840637207
86.14,2.7538331031799315,2.712187147140503,2.3491963863372805
86.16,2.7746233463287355,2.7626494407653808,2.3855889320373533
86.18,2.795413589477539,2.813111734390259,2.4219814777374267
86.2,2.8162038326263428,2.8635740280151367,2.4583740234375
86.22,2.7995347499847414,2.7658269882202147,2.5256489753723144
86.24,2.7828656673431396,2.668079948425293,2.5929239273071287
86.26,2.766196584701538,2.570332908630371,2.6601988792419435
86.28,2.7495275020599363,2.4725858688354494,2.727473831176758
86.3,2.732858419418335,2.3748388290405273,2.7947487831115723
86.32,2.8419109344482423,2.4061712265014648,2.7529462814331054
86.34,2.9509634494781496,2.437503623962402,2.7111437797546385
86.36,3.0600159645080565,2.46883602142334,2.669341278076172
86.38,3.169068479537964,2.5001684188842774,2.627538776397705
86.4,3.278120994567871,2.531500816345215,2.5857362747192383
86.42,3.124190902709961,2.4377287864685058,2.604072380065918
86.44,2.970260810852051,2.3439567565917967,2.6224084854125977
86.46,2.8163307189941404,2.250184726715088,2.6407445907592773
86.48,2.6624006271362304,2.156412696838379,2.659080696105957
86.5,2.5084705352783203,2.06264066696167,2.6774168014526367
86.52,2.6657601833343505,2.1605865478515627,2.6632998466491697
86.54,2.8230498313903807,2.258532428741455,2.649182891845703
86.56,2.9803394794464113,2.3564783096313477,2.6350659370422362
86.58,3.1376291275024415,2.45442419052124,2.6209489822387697
86.6,3.2949187755584717,2.552370071411133,2.6068320274353027
86.62,3.2164008140563967,2.4809677600860596,2.609218788146973
86.64,3.137882852554321,2.4095654487609863,2.6116055488586425
86.66,3.059364891052246,2.338163137435913,2.6139923095703126
86.68,2.9808469295501707,2.26676082611084,2.6163790702819822
86.7,2.9023289680480957,2.1953585147857666,2.6187658309936523
86.72,2.8789586067199706,2.237829875946045,2.6649914264678953
86.74,2.8555882453918455,2.280301237106323,2.7112170219421388
86.76,2.832217884063721,2.3227725982666017,2.7574426174163817
86.78,2.808847522735596,2.3652439594268797,2.803668212890625
86.8,2.7854771614074707,2.407715320587158,2.849893808364868
86.82,2.805937671661377,2.369409465789795,2.841264820098877
86.84,2.826398181915283,2.3311036109924315,2.832635831832886
86.86,2.8468586921691896,2.2927977561950685,2.8240068435668944
86.88,2.867319202423096,2.254491901397705,2.8153778553009032
86.9,2.887779712677002,2.216186046600342,2.806748867034912
86.92,2.8529364585876467,2.349588966369629,2.755871868133545
86.94,2.818093204498291,2.482991886138916,2.704994869232178
86.96,2.7832499504089356,2.616394805908203,2.6541178703308104
86.98,2.74840669631958,2.74979772567749,2.6032408714294433
87.0,2.7135634422302246,2.8832006454467773,2.552363872528076
87.02,2.7890909194946287,2.846722650527954,2.5182518482208254
87.04,2.8646183967590333,2.810244655609131,2.484139823913574
87.06,2.9401458740234374,2.7737666606903075,2.4500277996063233
87.08,3.015673351287842,2.7372886657714846,2.415915775299072
87.1,3.091200828552246,2.700810670852661,2.3818037509918213
87.12,3.014779233932495,2.667239809036255,2.4479712009429933
87.14,2.938357639312744,2.6336689472198485,2.514138650894165
87.16,2.8619360446929933,2.6000980854034426,2.5803061008453367
87.18,2.7855144500732423,2.566527223587036,2.6464735507965087
87.2,2.709092855453491,2.53295636177063,2.7126410007476807
87.22,2.656297969818115,2.509232234954834,2.781541109085083
87.24,2.6035030841827393,2.485508108139038,2.8504412174224854
87.26,2.550708198547363,2.4617839813232423,2.9193413257598877
87.28,2.4979133129119875,2.438059854507446,2.98824143409729
87.3,2.4451184272766113,2.4143357276916504,3.0571415424346924
87.32,2.4616858959198,2.5036593437194825,2.992867851257324
87.34,2.4782533645629883,2.5929829597473146,2.928594160079956
87.36,2.4948208332061768,2.6823065757751463,2.864320468902588
87.38,2.5113883018493652,2.7716301918029784,2.80004677772522
87.4,2.5279557704925537,2.8609538078308105,2.7357730865478516
87.42,2.6633121490478517,2.747566080093384,2.8045821666717528
87.44,2.7986685276031493,2.634178352355957,2.8733912467956544
87.46,2.9340249061584474,2.52079062461853,2.9422003269195556
87.48,3.069381284713745,2.4074028968811034,3.011009407043457
87.5,3.204737663269043,2.2940151691436768,3.0798184871673584
87.52,3.057771348953247,2.3567123413085938,2.9813211441040037
87.54,2.910805034637451,2.4194095134735107,2.8828238010406495
87.56,2.7638387203216555,2.4821066856384277,2.784326457977295
87.58,2.6168724060058595,2.5448038578033447,2.6858291149139406
87.6,2.4699060916900635,2.6075010299682617,2.587331771850586
87.62,2.5509743690490723,2.5402709007263184,2.546089601516724
87.64,2.632042646408081,2.473040771484375,2.5048474311828612
87.66,2.71311092376709,2.4058106422424315,2.463605260848999
87.68,2.7941792011260986,2.338580513000488,2.4223630905151365
87.7,2.8752474784851074,2.271350383758545,2.3811209201812744
87.72,2.8057112216949465,2.384015941619873,2.4635669708251955
87.74,2.736174964904785,2.496681499481201,2.546013021469116
87.76,2.666638708114624,2.6093470573425295,2.628459072113037
87.78,2.5971024513244627,2.7220126152038575,2.710905122756958
87.8,2.5275661945343018,2.8346781730651855,2.793351173400879
87.82,2.606817388534546,2.7679937362670897,2.7348328113555906
87.84,2.68606858253479,2.7013092994689942,2.676314449310303
87.86,2.7653197765350344,2.6346248626708983,2.6177960872650146
87.88,2.8445709705352784,2.567940425872803,2.5592777252197267
87.9,2.9238221645355225,2.501255989074707,2.5007593631744385
87.92,2.915266275405884,2.548165035247803,2.5644431591033934
87.94,2.906710386276245,2.5950740814208983,2.6281269550323487
87.96,2.8981544971466064,2.6419831275939942,2.6918107509613036
87.98,2.8895986080169678,2.6888921737670897,2.755494546890259
88.0,2.881042718887329,2.7358012199401855,2.819178342819214
88.02,2.8936134338378907,2.6645016193389894,2.7862393856048584
88.04,2.9061841487884523,2.593202018737793,2.753300428390503
88.06,2.9187548637390135,2.5219024181365968,2.7203614711761475
88.08,2.931325578689575,2.4506028175354,2.687422513961792
88.1,2.9438962936401367,2.379303216934204,2.6544835567474365
88.12,2.8717313766479493,2.409344482421875,2.68441219329834
88.14,2.799566459655762,2.439385747909546,2.714340829849243
88.16,2.727401542663574,2.4694270133972167,2.7442694664001466
88.18,2.6552366256713866,2.499468278884888,2.7741981029510496
88.2,2.583071708679199,2.5295095443725586,2.804126739501953
88.22,2.63193883895874,2.4978690147399902,2.7433749198913575
88.24,2.680805969238281,2.466228485107422,2.682623100280762
88.26,2.7296730995178224,2.4345879554748535,2.621871280670166
88.28,2.7785402297973634,2.402947425842285,2.5611194610595702
88.3,2.8274073600769043,2.371306896209717,2.5003676414489746
88.32,2.775763463973999,2.39805645942688,2.570822525024414
88.34,2.7241195678710937,2.424806022644043,2.6412774085998536
88.36,2.6724756717681886,2.451555585861206,2.711732292175293
88.38,2.620831775665283,2.478305149078369,2.7821871757507326
88.4,2.569187879562378,2.5050547122955322,2.852642059326172
88.42,2.533613109588623,2.5270137786865234,2.695379447937012
88.44,2.498038339614868,2.5489728450775146,2.5381168365478515
88.46,2.4624635696411135,2.570931911468506,2.3808542251586915
88.48,2.4268887996673585,2.592890977859497,2.223591613769531
88.5,2.3913140296936035,2.6148500442504883,2.066329002380371
88.52,2.3937422752380373,2.64472074508667,2.1726141929626466
88.54,2.3961705207824706,2.6745914459228515,2.278899383544922
88.56,2.3985987663269044,2.7044621467590333,2.385184574127197
88.58,2.4010270118713377,2.7343328475952147,2.4914697647094726
88.6,2.4034552574157715,2.7642035484313965,2.597754955291748
88.62,2.482626533508301,2.707451915740967,2.624105453491211
88.64,2.5617978096008303,2.6507002830505373,2.650455951690674
88.66,2.640969085693359,2.5939486503601072,2.6768064498901367
88.68,2.7201403617858886,2.5371970176696776,2.7031569480895996
88.7,2.799311637878418,2.480445384979248,2.7295074462890625
88.72,2.791309118270874,2.5021442413330077,2.8015812397003175
88.74,2.78330659866333,2.5238430976867674,2.8736550331115724
88.76,2.775304079055786,2.5455419540405275,2.945728826522827
88.78,2.767301559448242,2.567240810394287,3.017802619934082
88.8,2.7592990398406982,2.588939666748047,3.089876413345337
88.82,2.8029300689697267,2.5303300857543944,3.0393564224243166
88.84,2.846561098098755,2.471720504760742,2.988836431503296
88.86,2.8901921272277833,2.41311092376709,2.9383164405822755
88.88,2.9338231563568113,2.3545013427734376,2.8877964496612547
88.9,2.97745418548584,2.295891761779785,2.8372764587402344
88.92,3.005631351470947,2.3295751094818113,2.7522400856018066
88.94,3.0338085174560545,2.363258457183838,2.6672037124633787
88.96,3.0619856834411623,2.396941804885864,2.5821673393249513
88.98,3.0901628494262696,2.430625152587891,2.4971309661865235
89.0,3.118340015411377,2.464308500289917,2.4120945930480957
89.02,3.1252466201782227,2.515113878250122,2.484861660003662
89.04,3.1321532249450685,2.5659192562103272,2.5576287269592286
89.06,3.139059829711914,2.616724634170532,2.630395793914795
89.08,3.1459664344787597,2.6675300121307375,2.7031628608703615
89.1,3.1528730392456055,2.7183353900909424,2.7759299278259277
89.12,3.055203580856323,2.696830463409424,2.771689224243164
89.14,2.957534122467041,2.675325536727905,2.7674485206604005
89.16,2.859864664077759,2.653820610046387,2.7632078170776366
89.18,2.7621952056884767,2.632315683364868,2.7589671134948732
89.2,2.6645257472991943,2.6108107566833496,2.7547264099121094
89.22,2.796416234970093,2.6067933082580566,2.6826016426086428
89.24,2.928306722640991,2.6027758598327635,2.6104768753051757
89.26,3.0601972103118897,2.598758411407471,2.538352108001709
89.28,3.192087697982788,2.594740962982178,2.466227340698242
89.3,3.3239781856536865,2.5907235145568848,2.3941025733947754
89.32,3.26622052192688,2.536912536621094,2.502790021896362
89.34,3.208462858200073,2.483101558685303,2.6114774703979493
89.36,3.1507051944732667,2.4292905807495115,2.720164918899536
89.38,3.09294753074646,2.3754796028137206,2.8288523674011232
89.4,3.0351898670196533,2.3216686248779297,2.93753981590271
89.42,2.9472494602203367,2.334700107574463,2.891810941696167
89.44,2.8593090534210206,2.347731590270996,2.846082067489624
89.46,2.771368646621704,2.3607630729675293,2.800353193283081
89.48,2.683428239822388,2.3737945556640625,2.7546243190765383
89.5,2.5954878330230713,2.3868260383605957,2.708895444869995
89.52,2.61964864730835,2.4018555641174317,2.709570837020874
89.54,2.643809461593628,2.4168850898742678,2.710246229171753
89.56,2.6679702758789063,2.4319146156311033,2.710921621322632
89.58,2.6921310901641844,2.4469441413879394,2.7115970134735106
89.6,2.716291904449463,2.4619736671447754,2.7122724056243896
89.62,2.786983871459961,2.482028579711914,2.7602583885192873
89.64,2.857675838470459,2.502083492279053,2.8082443714141845
89.66,2.928367805480957,2.5221384048461912,2.856230354309082
89.68,2.999059772491455,2.54219331741333,2.9042163372039793
89.7,3.069751739501953,2.5622482299804688,2.952202320098877
89.72,2.967684268951416,2.4815175533294678,2.9125821590423584
89.74,2.865616798400879,2.400786876678467,2.87296199798584
89.76,2.763549327850342,2.320056200027466,2.8333418369293213
89.78,2.6614818572998047,2.239325523376465,2.7937216758728027
89.8,2.5594143867492676,2.158594846725464,2.754101514816284
89.82,2.652131748199463,2.185764455795288,2.786842441558838
89.84,2.744849109649658,2.212934064865112,2.819583368301392
89.86,2.8375664710998536,2.2401036739349367,2.852324295043945
89.88,2.9302838325500487,2.267273283004761,2.885065221786499
89.9,3.023001194000244,2.294442892074585,2.9178061485290527
89.92,3.0138607025146484,2.314937877655029,2.825286531448364
89.94,3.0047202110290527,2.3354328632354737,2.7327669143676756
89.96,2.995579719543457,2.355927848815918,2.6402472972869875
89.98,2.9864392280578613,2.3764228343963625,2.547727680206299
90.0,2.9772987365722656,2.3969178199768066,2.4552080631256104
90.02,2.9684329986572267,2.452201175689697,2.5717735290527344
90.04,2.9595672607421877,2.507484531402588,2.6883389949798584
90.06,2.9507015228271483,2.5627678871154784,2.8049044609069824
90.08,2.9418357849121093,2.6180512428283693,2.9214699268341064
90.1,2.9329700469970703,2.6733345985412598,3.0380353927612305
90.12,2.9319280624389648,2.625876522064209,2.957212543487549
90.14,2.930886077880859,2.5784184455871584,2.8763896942138674
90.16,2.929844093322754,2.5309603691101072,2.7955668449401854
90.18,2.9288021087646485,2.4835022926330566,2.714743995666504
90.2,2.927760124206543,2.436044216156006,2.6339211463928223
90.22,2.8636743068695067,2.406851577758789,2.6517651081085205
90.24,2.7995884895324705,2.3776589393615724,2.6696090698242188
90.26,2.7355026721954347,2.3484663009643554,2.687453031539917
90.28,2.6714168548583985,2.319273662567139,2.7052969932556152
90.3,2.6073310375213623,2.290081024169922,2.7231409549713135
90.32,2.5433959007263183,2.348845100402832,2.750408887863159
90.34,2.4794607639312742,2.4076091766357424,2.777676820755005
90.36,2.4155256271362306,2.466373252868652,2.8049447536468506
90.38,2.3515904903411866,2.5251373291015624,2.8322126865386963
90.4,2.2876553535461426,2.5839014053344727,2.859480619430542
90.42,2.4032215118408202,2.561175012588501,2.8113214492797853
90.44,2.518787670135498,2.538448619842529,2.7631622791290282
90.46,2.634353828430176,2.515722227096558,2.7150031089782716
90.48,2.7499199867248536,2.492995834350586,2.6668439388275145
90.5,2.8654861450195312,2.4702694416046143,2.618684768676758
90.52,2.7715150833129885,2.476725959777832,2.6848730564117433
90.54,2.6775440216064452,2.4831824779510496,2.7510613441467284
90.56,2.5835729598999024,2.4896389961242678,2.817249631881714
90.58,2.489601898193359,2.4960955142974854,2.883437919616699
90.6,2.3956308364868164,2.502552032470703,2.9496262073516846
90.62,2.4287604331970214,2.5110113620758057,2.841697597503662
90.64,2.4618900299072264,2.519470691680908,2.7337689876556395
90.66,2.495019626617432,2.5279300212860107,2.6258403778076174
90.68,2.528149223327637,2.5363893508911133,2.517911767959595
90.7,2.561278820037842,2.544848680496216,2.4099831581115723
90.72,2.628827381134033,2.509625768661499,2.4212961196899414
90.74,2.6963759422302247,2.4744028568267824,2.4326090812683105
90.76,2.763924503326416,2.4391799449920653,2.4439220428466797
90.78,2.8314730644226076,2.4039570331573485,2.455235004425049
90.8,2.899021625518799,2.368734121322632,2.466547966003418
90.82,2.845820093154907,2.374463129043579,2.4882845878601074
90.84,2.7926185607910154,2.3801921367645265,2.510021209716797
90.86,2.739417028427124,2.3859211444854735,2.5317578315734863
90.88,2.6862154960632325,2.391650152206421,2.553494453430176
90.9,2.633013963699341,2.397379159927368,2.5752310752868652
90.92,2.622832107543945,2.390813684463501,2.4918102264404296
90.94,2.61265025138855,2.384248208999634,2.408389377593994
90.96,2.602468395233154,2.3776827335357664,2.3249685287475588
90.98,2.592286539077759,2.3711172580718993,2.241547679901123
91.0,2.5821046829223633,2.3645517826080322,2.1581268310546875
91.02,2.651814603805542,2.4197813987731935,2.250475311279297
91.04,2.7215245246887205,2.4750110149383544,2.342823791503906
91.06,2.7912344455718996,2.5302406311035157,2.435172271728516
91.08,2.860944366455078,2.5854702472686766,2.527520751953125
91.1,2.930654287338257,2.640699863433838,2.6198692321777344
91.12,2.9809048175811768,2.630506420135498,2.610474681854248
91.14,3.0311553478240967,2.620312976837158,2.601080131530762
91.16,3.0814058780670166,2.6101195335388185,2.591685581207275
91.18,3.1316564083099365,2.5999260902404786,2.582291030883789
91.2,3.1819069385528564,2.5897326469421387,2.5728964805603027
91.22,2.9367717504501343,2.5782615184783935,2.53362135887146
91.24,2.691636562347412,2.5667903900146483,2.4943462371826173
91.26,2.44650137424469,2.5553192615509035,2.4550711154937743
91.28,2.2013661861419678,2.5438481330871583,2.415795993804932
91.3,1.9562309980392456,2.532377004623413,2.376520872116089
91.32,2.1299477100372313,2.5667375564575194,2.4179089069366455
91.34,2.3036644220352174,2.601098108291626,2.459296941757202
91.36,2.477381134033203,2.6354586601257326,2.500684976577759
91.38,2.651097846031189,2.669819211959839,2.5420730113983154
91.4,2.824814558029175,2.7041797637939453,2.583461046218872
91.42,2.7582694053649903,2.6192140102386476,2.5587369441986083
91.44,2.691724252700806,2.5342482566833495,2.5340128421783445
91.46,2.625179100036621,2.449282503128052,2.5092887401580812
91.48,2.5586339473724364,2.3643167495727537,2.4845646381378175
91.5,2.492088794708252,2.279350996017456,2.4598405361175537
91.52,2.583379793167114,2.329888343811035,2.523889398574829
91.54,2.6746707916259767,2.3804256916046143,2.5879382610321047
91.56,2.765961790084839,2.4309630393981934,2.6519871234893797
91.58,2.8572527885437013,2.4815003871917725,2.716035985946655
91.6,2.9485437870025635,2.5320377349853516,2.7800848484039307
91.62,2.856738328933716,2.4811432361602783,2.7656912326812746
91.64,2.764932870864868,2.430248737335205,2.751297616958618
91.66,2.6731274127960205,2.379354238510132,2.736904001235962
91.68,2.581321954727173,2.3284597396850586,2.7225103855133055
91.7,2.489516496658325,2.2775652408599854,2.7081167697906494
91.72,2.5699012756347654,2.360542106628418,2.6942727088928224
91.74,2.650286054611206,2.4435189723968507,2.680428647994995
91.76,2.7306708335876464,2.526495838165283,2.666584587097168
91.78,2.811055612564087,2.609472703933716,2.6527405261993406
91.8,2.8914403915405273,2.6924495697021484,2.6388964653015137
91.82,2.931538152694702,2.6238828182220457,2.648790121078491
91.84,2.971635913848877,2.5553160667419434,2.6586837768554688
91.86,3.0117336750030517,2.4867493152618407,2.6685774326324463
91.88,3.0518314361572267,2.4181825637817385,2.678471088409424
91.9,3.0919291973114014,2.3496158123016357,2.6883647441864014
91.92,2.9367796897888185,2.278023862838745,2.6854723930358886
91.94,2.7816301822662353,2.2064319133758543,2.682580041885376
91.96,2.6264806747436524,2.134839963912964,2.6796876907348635
91.98,2.471331167221069,2.0632480144500733,2.6767953395843507
92.0,2.3161816596984863,1.9916560649871826,2.673902988433838
92.02,2.4107803821563722,2.0319472789764403,2.70635929107666
92.04,2.5053791046142577,2.072238492965698,2.7388155937194822
92.06,2.5999778270721436,2.1125297069549562,2.771271896362305
92.08,2.694576549530029,2.152820920944214,2.803728199005127
92.1,2.789175271987915,2.1931121349334717,2.836184501647949
92.12,2.8120046615600587,2.2393076419830322,2.715949201583862
92.14,2.8348340511322023,2.2855031490325928,2.595713901519775
92.16,2.8576634407043455,2.3316986560821533,2.4754786014556887
92.18,2.880492830276489,2.377894163131714,2.3552433013916017
92.2,2.903322219848633,2.4240896701812744,2.2350080013275146
92.22,2.8680917739868166,2.359074258804321,2.4105034828186036
92.24,2.832861328125,2.294058847427368,2.5859989643096926
92.26,2.7976308822631837,2.229043436050415,2.761494445800781
92.28,2.762400436401367,2.164028024673462,2.93698992729187
92.3,2.727169990539551,2.099012613296509,3.112485408782959
92.32,2.71639461517334,2.1709861755371094,3.0512332916259766
92.34,2.705619239807129,2.24295973777771,2.989981174468994
92.36,2.694843864440918,2.3149333000183105,2.9287290573120117
92.38,2.684068489074707,2.386906862258911,2.8674769401550293
92.4,2.673293113708496,2.4588804244995117,2.806224822998047
92.42,2.6401811599731446,2.427867126464844,2.779556226730347
92.44,2.607069206237793,2.3968538284301757,2.7528876304626464
92.46,2.5739572525024412,2.365840530395508,2.7262190341949464
92.48,2.5408452987670898,2.3348272323608397,2.699550437927246
92.5,2.5077333450317383,2.303813934326172,2.672881841659546
92.52,2.6212198734283447,2.302740955352783,2.670891857147217
92.54,2.734706401824951,2.3016679763793944,2.668901872634888
92.56,2.8481929302215576,2.300594997406006,2.6669118881225584
92.58,2.961679458618164,2.2995220184326173,2.6649219036102294
92.6,3.0751659870147705,2.2984490394592285,2.6629319190979004
92.62,3.046354389190674,2.362683820724487,2.6906057834625243
92.64,3.0175427913665773,2.426918601989746,2.7182796478271483
92.66,2.9887311935424803,2.491153383255005,2.7459535121917726
92.68,2.9599195957183837,2.555388164520264,2.7736273765563966
92.7,2.931107997894287,2.6196229457855225,2.8013012409210205
92.72,2.8776583671569824,2.544810342788696,2.766573762893677
92.74,2.8242087364196777,2.46999773979187,2.731846284866333
92.76,2.770759105682373,2.395185136795044,2.697118806838989
92.78,2.7173094749450684,2.320372533798218,2.6623913288116454
92.8,2.6638598442077637,2.2455599308013916,2.6276638507843018
92.82,2.611087465286255,2.243210220336914,2.644722080230713
92.84,2.558315086364746,2.2408605098724363,2.661780309677124
92.86,2.5055427074432375,2.238510799407959,2.678838539123535
92.88,2.4527703285217286,2.2361610889434815,2.695896768569946
92.9,2.3999979496002197,2.233811378479004,2.7129549980163574
92.92,2.4580051422119142,2.2715486526489257,2.730503225326538
92.94,2.5160123348236083,2.3092859268188475,2.7480514526367186
92.96,2.574019527435303,2.3470232009887697,2.7655996799468996
92.98,2.632026720046997,2.3847604751586915,2.78314790725708
93.0,2.6900339126586914,2.4224977493286133,2.8006961345672607
93.02,2.7369422912597656,2.4480809211730956,2.7463075637817385
93.04,2.78385066986084,2.473664093017578,2.6919189929962157
93.06,2.830759048461914,2.4992472648620607,2.6375304222106934
93.08,2.8776674270629883,2.524830436706543,2.5831418514251707
93.1,2.9245758056640625,2.5504136085510254,2.5287532806396484
93.12,2.8462214946746824,2.479753875732422,2.5555065155029295
93.14,2.767867183685303,2.409094142913818,2.582259750366211
93.16,2.6895128726959228,2.338434410095215,2.609012985229492
93.18,2.611158561706543,2.2677746772766114,2.6357662200927736
93.2,2.532804250717163,2.197114944458008,2.6625194549560547
93.22,2.5469256401062013,2.30525426864624,2.652533197402954
93.24,2.5610470294952394,2.4133935928344727,2.6425469398498533
93.26,2.575168418884277,2.521532917022705,2.632560682296753
93.28,2.5892898082733153,2.6296722412109377,2.6225744247436524
93.3,2.6034111976623535,2.73781156539917,2.6125881671905518
93.32,2.5952983856201173,2.6899360179901124,2.6094272136688232
93.34,2.587185573577881,2.642060470581055,2.6062662601470947
93.36,2.5790727615356444,2.594184923171997,2.603105306625366
93.38,2.570959949493408,2.5463093757629394,2.5999443531036377
93.4,2.562847137451172,2.498433828353882,2.596783399581909
93.42,2.6126555442810058,2.553327035903931,2.7206514835357667
93.44,2.6624639511108397,2.6082202434539794,2.844519567489624
93.46,2.712272357940674,2.6631134510040284,2.9683876514434813
93.48,2.762080764770508,2.718006658554077,3.092255735397339
93.5,2.811889171600342,2.772899866104126,3.2161238193511963
93.52,2.777908945083618,2.696761131286621,3.134926509857178
93.54,2.7439287185668944,2.620622396469116,3.053729200363159
93.56,2.709948492050171,2.5444836616516113,2.9725318908691407
93.58,2.6759682655334474,2.4683449268341064,2.891334581375122
93.6,2.6419880390167236,2.3922061920166016,2.8101372718811035
93.62,2.5737133979797364,2.3490355968475343,2.79561333656311
93.64,2.505438756942749,2.305865001678467,2.7810894012451173
93.66,2.4371641159057615,2.2626944065093992,2.766565465927124
93.68,2.3688894748687743,2.219523811340332,2.752041530609131
93.7,2.300614833831787,2.1763532161712646,2.7375175952911377
93.72,2.3970084190368652,2.156189298629761,2.7832245349884035
93.74,2.4934020042419434,2.136025381088257,2.828931474685669
93.76,2.5897955894470215,2.1158614635467528,2.8746384143829347
93.78,2.6861891746520996,2.095697546005249,2.9203453540802
93.8,2.7825827598571777,2.075533628463745,2.966052293777466
93.82,2.7766357421875,2.1140411853790284,2.8966482162475584
93.84,2.7706887245178224,2.1525487422943117,2.8272441387176515
93.86,2.7647417068481444,2.1910562992095945,2.757840061187744
93.88,2.7587946891784667,2.229563856124878,2.688435983657837
93.9,2.752847671508789,2.268071413040161,2.6190319061279297
93.92,2.771119976043701,2.2807285308837892,2.6546624183654783
93.94,2.789392280578613,2.293385648727417,2.6902929306030274
93.96,2.8076645851135256,2.306042766571045,2.725923442840576
93.98,2.8259368896484376,2.3186998844146727,2.761553955078125
94.0,2.8442091941833496,2.331357002258301,2.797184467315674
94.02,2.810083103179932,2.2926069259643556,2.7211987495422365
94.04,2.7759570121765136,2.2538568496704103,2.6452130317687987
94.06,2.741830921173096,2.2151067733764647,2.5692273139953614
94.08,2.7077048301696776,2.1763566970825194,2.4932415962219237
94.1,2.6735787391662598,2.137606620788574,2.4172558784484863
94.12,2.6893710136413573,2.2026321411132814,2.4815266609191893
94.14,2.705163288116455,2.267657661437988,2.5457974433898927
94.16,2.720955562591553,2.3326831817626954,2.6100682258605956
94.18,2.7367478370666505,2.397708702087402,2.674339008331299
94.2,2.752540111541748,2.4627342224121094,2.738609790802002
94.22,2.795823860168457,2.406099462509155,2.6310988426208497
94.24,2.839107608795166,2.349464702606201,2.5235878944396974
94.26,2.882391357421875,2.2928299427032472,2.4160769462585447
94.28,2.925675106048584,2.236195182800293,2.3085659980773925
94.3,2.968958854675293,2.179560422897339,2.2010550498962402
94.32,2.92154860496521,2.2240782737731934,2.2732004165649413
94.34,2.874138355255127,2.268596124649048,2.3453457832336424
94.36,2.826728105545044,2.313113975524902,2.417491149902344
94.38,2.779317855834961,2.3576318264007567,2.489636516571045
94.4,2.731907606124878,2.4021496772766113,2.561781883239746
94.42,2.7207414150238036,2.368023729324341,2.5153925895690916
94.44,2.7095752239227293,2.3338977813720705,2.4690032958984376
94.46,2.6984090328216555,2.2997718334197996,2.422614002227783
94.48,2.687242841720581,2.265645885467529,2.376224708557129
94.5,2.676076650619507,2.231519937515259,2.3298354148864746
94.52,2.6929771900177,2.203099775314331,2.289212131500244
94.54,2.7098777294158936,2.1746796131134034,2.2485888481140135
94.56,2.726778268814087,2.1462594509124755,2.2079655647277834
94.58,2.7436788082122803,2.117839288711548,2.167342281341553
94.6,2.7605793476104736,2.08941912651062,2.1267189979553223
94.62,2.7775949001312257,2.2468916893005373,2.2239652633666993
94.64,2.7946104526519777,2.404364252090454,2.3212115287780763
94.66,2.8116260051727293,2.561836814880371,2.418457794189453
94.68,2.8286415576934814,2.719309377670288,2.51570405960083
94.7,2.8456571102142334,2.876781940460205,2.612950325012207
94.72,2.8496444702148436,2.7720890045166016,2.5097488880157472
94.74,2.853631830215454,2.667396068572998,2.406547451019287
94.76,2.8576191902160644,2.5627031326293945,2.3033460140228272
94.78,2.861606550216675,2.458010196685791,2.200144577026367
94.8,2.865593910217285,2.3533172607421875,2.0969431400299072
94.82,2.811509943008423,2.3567831039428713,2.1730701446533205
94.84,2.7574259757995607,2.3602489471435546,2.2491971492767333
94.86,2.703342008590698,2.3637147903442384,2.3253241539001466
94.88,2.649258041381836,2.3671806335449217,2.4014511585235594
94.9,2.5951740741729736,2.3706464767456055,2.4775781631469727
94.92,2.6403523445129395,2.354075717926025,2.531103086471558
94.94,2.6855306148529055,2.3375049591064454,2.5846280097961425
94.96,2.730708885192871,2.320934200286865,2.6381529331207276
94.98,2.775887155532837,2.3043634414672853,2.6916778564453123
95.0,2.8210654258728027,2.287792682647705,2.7452027797698975
95.02,2.736091709136963,2.2681607723236086,2.6488624572753907
95.04,2.6511179924011232,2.2485288619995116,2.552522134780884
95.06,2.566144275665283,2.228896951675415,2.4561818122863768
95.08,2.4811705589294433,2.209265041351318,2.35984148979187
95.1,2.3961968421936035,2.1896331310272217,2.2635011672973633
95.12,2.465649461746216,2.244153928756714,2.2865419387817383
95.14,2.5351020812988283,2.298674726486206,2.3095827102661133
95.16,2.6045547008514403,2.3531955242156983,2.3326234817504883
95.18,2.6740073204040526,2.4077163219451903,2.3556642532348633
95.2,2.743459939956665,2.4622371196746826,2.3787050247192383
95.22,2.665890169143677,2.4576840877532957,2.393642854690552
95.24,2.5883203983306884,2.4531310558319093,2.408580684661865
95.26,2.5107506275177003,2.4485780239105224,2.423518514633179
95.28,2.4331808567047117,2.444024991989136,2.438456344604492
95.3,2.3556110858917236,2.439471960067749,2.4533941745758057
95.32,2.4852310180664063,2.3747663497924805,2.420589876174927
95.34,2.614850950241089,2.310060739517212,2.3877855777740478
95.36,2.7444708824157713,2.2453551292419434,2.354981279373169
95.38,2.874090814590454,2.180649518966675,2.32217698097229
95.4,3.0037107467651367,2.1159439086914062,2.289372682571411
95.42,2.992978048324585,2.210519218444824,2.273815870285034
95.44,2.982245349884033,2.305094528198242,2.2582590579986572
95.46,2.9715126514434815,2.3996698379516603,2.2427022457122803
95.48,2.9607799530029295,2.494245147705078,2.2271454334259033
95.5,2.950047254562378,2.588820457458496,2.2115886211395264
95.52,3.0092599391937256,2.5266160011291503,2.327399206161499
95.54,3.0684726238250732,2.4644115447998045,2.4432097911834716
95.56,3.127685308456421,2.402207088470459,2.5590203762054444
95.58,3.1868979930877686,2.3400026321411134,2.674830961227417
95.6,3.246110677719116,2.2777981758117676,2.7906415462493896
95.62,3.1358038902282717,2.330745267868042,2.746457815170288
95.64,3.0254971027374267,2.3836923599243165,2.7022740840911865
95.66,2.915190315246582,2.4366394519805907,2.658090353012085
95.68,2.804883527755737,2.4895865440368654,2.6139066219329834
95.7,2.6945767402648926,2.5425336360931396,2.569722890853882
95.72,2.7334545612335206,2.5350325107574463,2.4962793827056884
95.74,2.7723323822021486,2.527531385421753,2.422835874557495
95.76,2.811210203170776,2.5200302600860596,2.349392366409302
95.78,2.850088024139404,2.512529134750366,2.2759488582611085
95.8,2.8889658451080322,2.505028009414673,2.202505350112915
95.82,2.856160068511963,2.456370735168457,2.2490578651428224
95.84,2.8233542919158934,2.407713460922241,2.2956103801727297
95.86,2.7905485153198244,2.3590561866760256,2.3421628952026365
95.88,2.757742738723755,2.3103989124298097,2.388715410232544
95.9,2.7249369621276855,2.2617416381835938,2.435267925262451
95.92,2.7502349376678468,2.291958141326904,2.4844446659088133
95.94,2.775532913208008,2.322174644470215,2.533621406555176
95.96,2.8008308887481688,2.3523911476135253,2.582798147201538
95.98,2.82612886428833,2.382607650756836,2.6319748878479006
96.0,2.851426839828491,2.4128241539001465,2.6811516284942627
96.02,2.863959455490112,2.503566837310791,2.668329286575317
96.04,2.876492071151733,2.5943095207214357,2.655506944656372
96.06,2.8890246868133547,2.68505220413208,2.6426846027374267
96.08,2.9015573024749757,2.7757948875427245,2.6298622608184816
96.1,2.9140899181365967,2.866537570953369,2.617039918899536
96.12,2.8843255043029785,2.752660846710205,2.710382890701294
96.14,2.8545610904693604,2.638784122467041,2.8037258625030517
96.16,2.824796676635742,2.5249073982238768,2.8970688343048097
96.18,2.795032262802124,2.411030673980713,2.990411806106567
96.2,2.765267848968506,2.297153949737549,3.083754777908325
96.22,2.7410358428955077,2.293907403945923,3.057982349395752
96.24,2.7168038368225096,2.290660858154297,3.0322099208831785
96.26,2.692571830749512,2.287414312362671,3.0064374923706056
96.28,2.6683398246765138,2.284167766571045,2.9806650638580323
96.3,2.6441078186035156,2.280921220779419,2.954892635345459
96.32,2.6698209762573244,2.266985845565796,2.92312273979187
96.34,2.6955341339111327,2.2530504703521728,2.8913528442382814
96.36,2.7212472915649415,2.23911509513855,2.859582948684692
96.38,2.74696044921875,2.2251797199249266,2.8278130531311034
96.4,2.7726736068725586,2.2112443447113037,2.7960431575775146
96.42,2.8245248794555664,2.1892378330230713,2.799567127227783
96.44,2.876376152038574,2.167231321334839,2.8030910968780516
96.46,2.928227424621582,2.1452248096466064,2.8066150665283205
96.48,2.98007869720459,2.123218297958374,2.810139036178589
96.5,3.0319299697875977,2.1012117862701416,2.8136630058288574
96.52,2.9730600833892824,2.1621875762939453,2.8036381721496584
96.54,2.9141901969909667,2.223163366317749,2.793613338470459
96.56,2.8553203105926515,2.2841391563415527,2.78358850479126
96.58,2.7964504241943358,2.3451149463653564,2.7735636711120604
96.6,2.7375805377960205,2.40609073638916,2.7635388374328613
96.62,2.809341382980347,2.4502766609191893,2.7388812065124513
96.64,2.8811022281646728,2.494462585449219,2.714223575592041
96.66,2.952863073348999,2.538648509979248,2.6895659446716307
96.68,3.024623918533325,2.5828344345092775,2.6649083137512206
96.7,3.0963847637176514,2.6270203590393066,2.6402506828308105
96.72,3.130495548248291,2.6335853099823,2.687673568725586
96.74,3.1646063327789307,2.640150260925293,2.7350964546203613
96.76,3.1987171173095703,2.646715211868286,2.7825193405151367
96.78,3.23282790184021,2.653280162811279,2.829942226409912
96.8,3.2669386863708496,2.6598451137542725,2.8773651123046875
96.82,3.0541031837463377,2.619389533996582,2.802295970916748
96.84,2.8412676811218263,2.5789339542388916,2.7272268295288087
96.86,2.6284321784973144,2.538478374481201,2.652157688140869
96.88,2.415596675872803,2.4980227947235107,2.57708854675293
96.9,2.202761173248291,2.4575672149658203,2.5020194053649902
96.92,2.3311418533325194,2.4314598083496093,2.602677583694458
96.94,2.459522533416748,2.4053524017333983,2.703335762023926
96.96,2.5879032135009767,2.3792449951171877,2.8039939403533936
96.98,2.716283893585205,2.3531375885009767,2.9046521186828613
97.0,2.8446645736694336,2.3270301818847656,3.005310297012329
97.02,2.8093442916870117,2.291924333572388,2.9050553321838377
97.04,2.77402400970459,2.25681848526001,2.8048003673553468
97.06,2.738703727722168,2.2217126369476317,2.7045454025268554
97.08,2.703383445739746,2.186606788635254,2.6042904376983644
97.1,2.668063163757324,2.151500940322876,2.504035472869873
97.12,2.6273064613342285,2.232879066467285,2.535427713394165
97.14,2.586549758911133,2.314257192611694,2.566819953918457
97.16,2.545793056488037,2.3956353187561037,2.598212194442749
97.18,2.5050363540649414,2.477013444900513,2.629604434967041
97.2,2.4642796516418457,2.558391571044922,2.660996675491333
97.22,2.473028802871704,2.577575349807739,2.5983441829681397
97.24,2.4817779541015623,2.5967591285705565,2.5356916904449465
97.26,2.490527105331421,2.615942907333374,2.4730391979217528
97.28,2.4992762565612794,2.6351266860961915,2.4103867053985595
97.3,2.5080254077911377,2.654310464859009,2.347734212875366
97.32,2.554639720916748,2.59162278175354,2.386088180541992
97.34,2.601254034042358,2.528935098648071,2.4244421482086183
97.36,2.647868347167969,2.4662474155426026,2.462796115875244
97.38,2.694482660293579,2.4035597324371336,2.5011500835418703
97.4,2.7410969734191895,2.340872049331665,2.539504051208496
97.42,2.828115940093994,2.3725522994995116,2.63505539894104
97.44,2.915134906768799,2.404232549667358,2.730606746673584
97.46,3.0021538734436035,2.4359127998352053,2.8261580944061278
97.48,3.089172840118408,2.467593050003052,2.921709442138672
97.5,3.176191806793213,2.4992733001708984,3.017260789871216
97.52,3.0855868339538572,2.4437952518463133,2.900206184387207
97.54,2.994981861114502,2.3883172035217286,2.7831515789031984
97.56,2.9043768882751464,2.3328391551971435,2.6660969734191893
97.58,2.813771915435791,2.2773611068725588,2.5490423679351806
97.6,2.7231669425964355,2.2218830585479736,2.431987762451172
97.62,2.8773699760437013,2.27067551612854,2.4471818447113036
97.64,3.031573009490967,2.3194679737091066,2.4623759269714354
97.66,3.1857760429382322,2.3682604312896727,2.4775700092315676
97.68,3.339979076385498,2.417052888870239,2.4927640914916993
97.7,3.4941821098327637,2.4658453464508057,2.507958173751831
97.72,3.344793939590454,2.5546955108642577,2.492982530593872
97.74,3.1954057693481444,2.64354567527771,2.478006887435913
97.76,3.046017599105835,2.7323958396911623,2.4630312442779543
97.78,2.8966294288635255,2.8212460041046143,2.448055601119995
97.8,2.747241258621216,2.9100961685180664,2.433079957962036
97.82,2.661644124984741,2.7610981941223143,2.482941818237305
97.84,2.5760469913482664,2.6121002197265626,2.532803678512573
97.86,2.490449857711792,2.4631022453308105,2.582665538787842
97.88,2.4048527240753175,2.3141042709350588,2.63252739906311
97.9,2.3192555904388428,2.1651062965393066,2.682389259338379
97.92,2.394734191894531,2.215566349029541,2.7745664596557615
97.94,2.47021279335022,2.2660264015197753,2.8667436599731446
97.96,2.545691394805908,2.31648645401001,2.9589208602905273
97.98,2.621169996261597,2.366946506500244,3.0510980606079103
98.0,2.696648597717285,2.4174065589904785,3.143275260925293
98.02,2.700627565383911,2.4039477825164797,3.0973228931427004
98.04,2.704606533050537,2.3904890060424804,3.0513705253601073
98.06,2.708585500717163,2.3770302295684815,3.0054181575775147
98.08,2.712564468383789,2.3635714530944822,2.9594657897949217
98.1,2.716543436050415,2.3501126766204834,2.913513422012329
98.12,2.682929754257202,2.375612735748291,2.9051658630371096
98.14,2.6493160724639893,2.4011127948760986,2.8968183040618896
98.16,2.6157023906707764,2.4266128540039062,2.88847074508667
98.18,2.5820887088775635,2.452112913131714,2.88012318611145
98.2,2.5484750270843506,2.4776129722595215,2.8717756271362305
98.22,2.6715869903564453,2.606475496292114,2.8385149002075196
98.24,2.79469895362854,2.735338020324707,2.8052541732788088
98.26,2.9178109169006348,2.8642005443573,2.7719934463500975
98.28,3.0409228801727295,2.9930630683898927,2.7387327194213866
98.3,3.164034843444824,3.1219255924224854,2.705471992492676
98.32,2.989425706863403,3.0814011096954346,2.630260467529297
98.34,2.8148165702819825,3.040876626968384,2.555048942565918
98.36,2.6402074337005614,3.000352144241333,2.479837417602539
98.38,2.465598297119141,2.9598276615142822,2.40462589263916
98.4,2.2909891605377197,2.9193031787872314,2.3294143676757812
98.42,2.316358947753906,2.7979751586914063,2.3681013107299806
98.44,2.3417287349700926,2.6766471385955812,2.4067882537841796
98.46,2.3670985221862795,2.5553191184997557,2.445475196838379
98.48,2.392468309402466,2.4339910984039306,2.484162139892578
98.5,2.4178380966186523,2.3126630783081055,2.5228490829467773
98.52,2.5265994548797606,2.3360923290252686,2.58577823638916
98.54,2.6353608131408692,2.359521579742432,2.648707389831543
98.56,2.7441221714019775,2.3829508304595945,2.711636543273926
98.58,2.852883529663086,2.4063800811767577,2.7745656967163086
98.6,2.9616448879241943,2.429809331893921,2.8374948501586914
98.62,2.9906562328338624,2.431912422180176,2.8024215698242188
98.64,3.0196675777435305,2.4340155124664307,2.767348289489746
98.66,3.048678922653198,2.4361186027526855,2.7322750091552734
98.68,3.077690267562866,2.4382216930389404,2.697201728820801
98.7,3.106701612472534,2.4403247833251953,2.662128448486328
98.72,3.0208709716796873,2.436538314819336,2.724134159088135
98.74,2.935040330886841,2.4327518463134767,2.7861398696899413
98.76,2.849209690093994,2.428965377807617,2.848145580291748
98.78,2.7633790493011476,2.4251789093017577,2.9101512908935545
98.8,2.677548408508301,2.4213924407958984,2.9721570014953613
98.82,2.7050236225128175,2.4771018028259277,2.866743278503418
98.84,2.732498836517334,2.532811164855957,2.7613295555114745
98.86,2.7599740505218504,2.5885205268859863,2.6559158325195313
98.88,2.787449264526367,2.6442298889160156,2.5505021095275877
98.9,2.814924478530884,2.699939250946045,2.4450883865356445
98.92,2.7896186828613283,2.572926664352417,2.586081027984619
98.94,2.7643128871917724,2.445914077758789,2.7270736694335938
98.96,2.739007091522217,2.3189014911651613,2.8680663108825684
98.98,2.713701295852661,2.1918889045715333,3.009058952331543
99.0,2.6883955001831055,2.0648763179779053,3.1500515937805176
99.02,2.6423684120178224,2.114004039764404,3.076039695739746
99.04,2.5963413238525392,2.163131761550903,3.0020277976989744
99.06,2.5503142356872557,2.2122594833374025,2.9280158996582033
99.08,2.5042871475219726,2.2613872051239015,2.8540040016174317
99.1,2.4582600593566895,2.3105149269104004,2.77999210357666
99.12,2.556141901016235,2.2935876846313477,2.794447898864746
99.14,2.6540237426757813,2.276660442352295,2.808903694152832
99.16,2.751905584335327,2.259733200073242,2.823359489440918
99.18,2.8497874259948732,2.2428059577941895,2.837815284729004
99.2,2.947669267654419,2.2258787155151367,2.85227108001709
99.22,2.9240763664245604,2.2579788684844972,2.7475571632385254
99.24,2.9004834651947022,2.2900790214538573,2.642843246459961
99.26,2.8768905639648437,2.322179174423218,2.5381293296813965
99.28,2.8532976627349855,2.354279327392578,2.433415412902832
99.3,2.829704761505127,2.3863794803619385,2.3287014961242676
99.32,2.7859801769256594,2.3765191078186034,2.3658636093139647
99.34,2.7422555923461913,2.3666587352752684,2.403025722503662
99.36,2.6985310077667237,2.3567983627319338,2.4401878356933593
99.38,2.6548064231872557,2.3469379901885987,2.477349948883057
99.4,2.611081838607788,2.3370776176452637,2.514512062072754
99.42,2.612675094604492,2.351623773574829,2.4935579776763914
99.44,2.614268350601196,2.3661699295043945,2.4726038932800294
99.46,2.6158616065979006,2.38071608543396,2.451649808883667
99.48,2.6174548625946046,2.3952622413635254,2.430695724487305
99.5,2.6190481185913086,2.409808397293091,2.4097416400909424
99.52,2.6125175952911377,2.432255172729492,2.343538761138916
99.54,2.605987071990967,2.4547019481658934,2.2773358821868896
99.56,2.599456548690796,2.477148723602295,2.2111330032348633
99.58,2.592926025390625,2.4995954990386964,2.144930124282837
99.6,2.586395502090454,2.5220422744750977,2.0787272453308105
99.62,2.54814133644104,2.494224214553833,2.1618673324584963
99.64,2.509887170791626,2.466406154632568,2.2450074195861816
99.66,2.4716330051422117,2.438588094711304,2.3281475067138673
99.68,2.4333788394927978,2.410770034790039,2.4112875938415526
99.7,2.395124673843384,2.3829519748687744,2.4944276809692383
99.72,2.444551372528076,2.3627975463867186,2.4031925201416016
99.74,2.4939780712127684,2.342643117904663,2.311957359313965
99.76,2.543404769897461,2.3224886894226073,2.220722198486328
99.78,2.5928314685821534,2.302334260940552,2.1294870376586914
99.8,2.6422581672668457,2.282179832458496,2.0382518768310547
99.82,2.6718276023864744,2.3090639114379883,2.0665058135986327
99.84,2.7013970375061036,2.3359479904174805,2.0947597503662108
99.86,2.7309664726257323,2.3628320693969727,2.1230136871337892
99.88,2.7605359077453615,2.389716148376465,2.1512676239013673
99.9,2.7901053428649902,2.416600227355957,2.1795215606689453
99.92,2.7798613548278808,2.4175570964813233,2.3025206565856933
99.94,2.7696173667907713,2.4185139656066896,2.4255197525024412
99.96,2.7593733787536623,2.4194708347320555,2.5485188484191896
99.98,2.749129390716553,2.420427703857422,2.6715179443359376
100.0,2.7388854026794434,2.421384572982788,2.7945170402526855
