Time_ns,RMSD_Protein_A,RMSD_Ligand_A,Rg_A,Hbonds,SASA_A2
0.0,0.0,0.0,25.587828496628532,0.0,21166.59765625
0.02,0.85438895,0.61818165,25.71845426659251,0.0,21170.1517578125
0.04,1.0437108,0.5845284,25.536689792527667,0.0,21173.705859375
0.06,1.064009,0.6441199,25.530709981864742,0.0,21177.2599609375
0.08,1.0489883,0.7419097,25.567208735170116,0.0,21180.8140625
0.1,1.0166833,0.5006028,25.536535239895905,0.0,21184.3681640625
0.12,1.0268099,0.76348054,25.42860027266927,0.0,21187.922265625
0.14,0.9800014,0.6336577,25.43799712706822,0.0,21191.4763671875
0.16,0.9850303,0.43577725,25.470126914533008,0.0,21195.03046875
0.18,1.0704904,0.6340494,25.471939955867033,0.0,21198.5845703125
0.2,1.3374367,0.6409681,25.477830103619223,0.0,21202.138671875
0.22,1.3358277,0.46977812,25.4501503905638,0.4,21235.4107421875
0.24,1.2854444,0.6063229,25.451658751392856,0.8,21268.6828125
0.26,1.0893832,0.95190614,25.401756085671177,1.2000000000000002,21301.9548828125
0.28,0.9479821,0.7606095,25.49565315299442,1.6,21335.226953125
0.3,1.0549561,0.93108284,25.523569354408902,2.0,21368.4990234375
0.32,0.9830218,0.48918232,25.37478983983561,1.8,21401.77109375
0.34,1.1221857,1.276864,25.53867076673812,1.6,21435.0431640625
0.36,1.0516449,1.5314312,25.57605284103864,1.4,21468.315234375
0.38,1.0537984,1.5076439,25.521485809292873,1.2,21501.5873046875
0.4,1.1754657,1.5979288,25.753118205787338,1.0,21534.859375
0.42,1.0537984,1.542165,25.577087180900993,1.2,21525.4216796875
0.44,1.1166813,1.6084934,25.5309176152172,1.4,21515.983984375
0.46,1.0542947,1.6158988,25.62436286165213,1.6,21506.5462890625
0.48,1.1239455,1.6469489,25.56632242792687,1.8,21497.10859375
0.5,1.0551214,1.5437357,25.684159420757652,2.0,21487.6708984375
0.52,1.0620403,1.6353061,25.63431828677626,2.0,21478.233203125
0.54,1.0484341,1.624188,25.487918147763324,2.0,21468.7955078125
0.56,1.2313055,1.6707968,25.640628786399738,2.0,21459.3578125
0.58,1.1331652,1.7740029,25.563397413402843,2.0,21449.9201171875
0.6,1.1669291,1.4896001,25.531042109393756,2.0,21440.482421875
0.62,1.0863376,1.7552168,25.599598974243484,1.8,21437.8208984375
0.64,1.0914091,1.5480965,25.783140837006954,1.6,21435.159375
0.66,1.0295237,1.552691,25.633643638928042,1.4,21432.4978515625
0.68,1.1768001,1.7715988,25.58416884141598,1.2,21429.836328125
0.7,1.2619407,1.563332,25.48582673542835,1.0,21427.1748046875
0.72,1.3295467,1.5737805,25.4820175985974,0.8,21424.51328125
0.74,1.1307002,1.8268253,25.526049542106666,0.6,21421.8517578125
0.76,1.1169937,1.4094936,25.57946933878362,0.3999999999999999,21419.190234375
0.78,1.232721,1.2192432,25.549305805823124,0.19999999999999996,21416.5287109375
0.8,1.3192763,1.4282186,25.547883773659166,0.0,21413.8671875
0.82,1.3540664,1.5530206,25.672086097438694,0.0,21437.1826171875
0.84,1.3817728,1.4226271,25.785467228703926,0.0,21460.498046875
0.86,1.4061673,1.5215887,25.855900540055217,0.0,21483.8134765625
0.88,1.442167,1.6419059,25.725252005596563,0.0,21507.12890625
0.9,1.6403593,1.5827305,25.676140900120167,0.0,21530.4443359375
0.92,1.2003243,1.9016577,25.705653904697904,0.0,21553.759765625
0.94,1.2820936,1.6739123,25.872212193090547,0.0,21577.0751953125
0.96,1.4143698,1.7781674,25.95806809207412,0.0,21600.390625
0.98,1.3219173,1.6817611,25.68124984335902,0.0,21623.7060546875
1.0,1.4174078,1.8233843,25.662208496312733,0.0,21647.021484375
1.02,1.5074375,1.8200507,25.712037973031713,0.0,21630.5974609375
1.04,1.3095027,1.6712105,25.76388653590531,0.0,21614.1734375
1.06,1.2942772,1.828581,25.839660041242553,0.0,21597.7494140625
1.08,1.4706248,1.760288,26.04405411834039,0.0,21581.325390625
1.1,1.2661254,1.7534142,25.953581768776587,0.0,21564.9013671875
1.12,1.3394345,1.7586715,25.927013033236243,0.0,21548.47734375
1.14,1.5920203,1.7549474,25.95502820436666,0.0,21532.0533203125
1.16,1.7425637,1.7637695,25.59264500075151,0.0,21515.629296875
1.18,1.6173412,1.7880328,25.67537239982432,0.0,21499.2052734375
1.2,1.4648424,1.8081414,25.533759651929174,0.0,21482.78125
1.22,1.4812977,1.7111462,25.697500103705412,0.0,21541.6521484375
1.24,1.5000544,1.8430067,25.869344951576974,0.0,21600.523046875
1.26,1.4846295,1.6564012,25.704239193366472,0.0,21659.3939453125
1.28,1.5425061,1.6283834,25.680235981053755,0.0,21718.26484375
1.3,1.3535082,1.6147485,25.588725503449105,0.0,21777.1357421875
1.32,1.4987361,1.7698277,25.584222498284102,0.0,21836.006640625
1.34,1.5576563,1.7053598,25.718524046370117,0.0,21894.8775390625
1.36,1.3577962,1.7724605,25.747641796314802,0.0,21953.7484375
1.38,1.3323855,1.863307,25.571455823442907,0.0,22012.6193359375
1.4,1.3670121,1.7889565,25.683247063499962,0.0,22071.490234375
1.42,1.3090587,1.8617461,25.756649695948823,0.0,22061.2806640625
1.44,1.299253,1.8407986,25.607695080906797,0.0,22051.07109375
1.46,1.3706641,1.9289607,25.600864471867958,0.0,22040.8615234375
1.48,1.2772787,1.790241,25.561795722095944,0.0,22030.651953125
1.5,1.2118433,1.8641498,25.53213998024759,0.0,22020.4423828125
1.52,1.3792043,1.8668569,25.682613216356792,0.0,22010.2328125
1.54,1.3127391,1.7543287,25.7054482431628,0.0,22000.0232421875
1.56,1.3039422,1.6659279,25.74718686059385,0.0,21989.813671875
1.58,1.220923,1.8478453,25.818504702323565,0.0,21979.6041015625
1.6,1.3467488,1.758969,25.728052489360213,0.0,21969.39453125
1.62,1.2357352,1.764399,25.804016750638663,0.0,21952.4658203125
1.64,1.2815495,1.8539503,25.63681264675197,0.0,21935.537109375
1.66,1.3699855,1.8817184,25.627127480555107,0.0,21918.6083984375
1.68,1.453209,1.8415794,25.634845814404944,0.0,21901.6796875
1.7,1.580146,1.8308115,25.40424757000883,0.0,21884.7509765625
1.72,1.43906,1.809519,25.563204228341082,0.0,21867.822265625
1.74,1.4918942,1.9266123,25.544883074132166,0.0,21850.8935546875
1.76,1.4556868,1.8441881,25.57365617396001,0.0,21833.96484375
1.78,1.6540515,1.701205,25.574543974026692,0.0,21817.0361328125
1.8,1.6021385,1.8171875,25.477509836854143,0.0,21800.107421875
1.82,1.5515614,1.8773224,25.436024217990408,0.2,21838.3474609375
1.84,1.825073,1.7618227,25.320713695081803,0.4,21876.5875
1.86,1.7538688,1.7137399,25.420601538572953,0.6000000000000001,21914.8275390625
1.88,1.8871136,1.8408245,25.5688334756309,0.8,21953.067578125
1.9,2.067415,1.7984782,25.264787271926433,1.0,21991.3076171875
1.92,2.2082088,1.8287005,25.263619757599002,1.0,22029.54765625
1.94,2.485098,1.828581,25.12464241258535,1.0,22067.7876953125
1.96,2.404979,1.7993951,25.236800674176585,1.0,22106.027734375
1.98,2.277001,1.739911,25.538500971269418,1.0,22144.2677734375
2.0,2.2424798,1.8939412,25.53437248435141,1.0,22182.5078125
2.02,2.0353382,1.8874656,25.506630536175805,1.0,22131.5642578125
2.04,1.9985056,1.8128102,25.461091099865985,1.0,22080.620703125
2.06,2.2072608,1.7964972,25.530607909098695,1.0,22029.6771484375
2.08,2.2746255,1.9473808,25.518252674335432,1.0,21978.73359375
2.1,2.129629,1.8530416,25.46738263732946,1.0,21927.7900390625
2.12,2.0243702,1.8103366,25.47191114720938,1.2,21876.846484375
2.14,1.9450576,1.8414552,25.50680420887502,1.4,21825.9029296875
2.16,1.9335778,1.7375503,25.529757254887414,1.6,21774.959375
2.18,1.9662505,1.7894528,25.60227508892119,1.8,21724.0158203125
2.2,1.974923,1.8545494,25.662575482741165,2.0,21673.072265625
2.22,1.8643985,1.7583294,25.68492577856631,2.0,21698.8646484375
2.24,2.208893,1.7894912,25.79054154545112,2.0,21724.65703125
2.26,2.1026819,1.9198854,25.922624576706493,2.0,21750.4494140625
2.28,1.8757129,1.7068436,25.80113401722643,2.0,21776.241796875
2.3,1.6590693,1.7962365,25.753307079611453,2.0,21802.0341796875
2.32,1.8113579,1.9505929,25.77142192935792,1.6,21827.8265625
2.34,1.8867133,1.9951497,25.798305674772312,1.2,21853.6189453125
2.36,1.9119012,1.7920599,25.90683787439701,0.7999999999999998,21879.411328125
2.38,1.9181845,1.576771,25.949538020749007,0.3999999999999999,21905.2037109375
2.4,1.7669775,1.8486065,25.876838454311258,0.0,21930.99609375
2.42,1.8325744,1.771772,25.96642687220166,0.0,21930.082421875
2.44,2.0405295,1.7026232,26.14071294479247,0.0,21929.16875
2.46,2.1086445,1.851382,26.12055384919894,0.0,21928.255078125
2.48,2.2121012,1.8312886,26.09398020517643,0.0,21927.34140625
2.5,2.2533407,1.9283317,26.11217665070199,0.0,21926.427734375
2.52,2.337964,1.7077588,26.114731909464677,0.0,21925.5140625
2.54,2.0354524,1.7977934,25.908731995309022,0.0,21924.600390625
2.56,2.046645,1.7496996,25.782298463945757,0.0,21923.68671875
2.58,2.0062563,1.8383474,25.751406462084816,0.0,21922.773046875
2.6,2.0760849,1.8196524,25.845991199224308,0.0,21921.859375
2.62,2.1949015,1.8096702,25.876163369170044,0.0,21897.60703125
2.64,2.5281157,1.8397264,25.774202231007592,0.0,21873.3546875
2.66,1.9950122,1.9401236,25.496481307792237,0.0,21849.10234375
2.68,2.0290737,1.857765,25.576368288393695,0.0,21824.85
2.7,1.9557571,1.8404244,25.722558271697615,0.0,21800.59765625
2.72,2.0753007,1.9048101,25.59554247665437,0.0,21776.3453125
2.74,2.2266898,1.8360474,25.662329398845923,0.0,21752.09296875
2.76,2.0363946,1.8849598,25.689197130151875,0.0,21727.840625
2.78,1.9518597,1.8333758,25.741683176374842,0.0,21703.58828125
2.8,1.962285,1.8522574,25.740044879641843,0.0,21679.3359375
2.82,2.2624543,1.8072492,25.687419823074503,0.0,21702.2705078125
2.84,2.1934443,1.7967993,25.64150460887474,0.0,21725.205078125
2.86,2.1544592,1.8310437,25.7267843035749,0.0,21748.1396484375
2.88,2.2587256,1.8174105,25.700738391407615,0.0,21771.07421875
2.9,2.4166248,1.7742897,25.771048541321612,0.0,21794.0087890625
2.92,2.1958282,1.7893053,25.771808459017556,0.0,21816.943359375
2.94,2.0259202,1.8214519,25.836673621946417,0.0,21839.8779296875
2.96,2.073255,1.7948749,25.85358420108939,0.0,21862.8125
2.98,2.0957868,1.8502414,25.839441460783053,0.0,21885.7470703125
3.0,2.073367,1.8348502,25.887883102352816,0.0,21908.681640625
3.02,2.1135182,1.829721,25.986255929104942,0.0,21882.137890625
3.04,2.0611918,1.8826236,25.74412029610034,0.0,21855.594140625
3.06,2.2855625,1.830951,25.642062822412115,0.0,21829.050390625
3.08,2.1725414,1.8960984,25.788970089398408,0.0,21802.506640625
3.1,2.2775114,1.8456879,25.753144325629357,0.0,21775.962890625
3.12,2.2007992,1.8485246,25.710450246314657,0.2,21749.419140625
3.14,1.9086454,1.8462455,25.811905276496407,0.4,21722.875390625
3.16,1.8348567,1.7805777,25.83088894360145,0.6000000000000001,21696.331640625
3.18,2.1717384,1.7976763,25.96133171955502,0.8,21669.787890625
3.2,2.0078495,1.71106,25.784018517547537,1.0,21643.244140625
3.22,1.9210006,1.7396523,25.66357325229165,0.8,21657.721875
3.24,1.9528422,1.787643,25.679334271342572,0.6,21672.199609375
3.26,1.8052504,1.8351657,25.679023278457894,0.3999999999999999,21686.67734375
3.28,2.320219,1.8420333,25.730572039203395,0.19999999999999996,21701.155078125
3.3,2.1179416,1.8517901,25.76091639791938,0.0,21715.6328125
3.32,2.1167889,1.8353248,25.674799831833926,0.0,21730.110546875
3.34,2.0467017,1.8026235,25.712308389092424,0.0,21744.58828125
3.36,1.9329764,1.7740281,25.71364833855118,0.0,21759.066015625
3.38,1.9092847,1.8180262,25.671200112705762,0.0,21773.54375
3.4,1.7618382,1.8426056,25.654466338995956,0.0,21788.021484375
3.42,1.8547707,1.827616,25.770909769880618,0.0,21784.4513671875
3.44,1.7879729,1.7307633,25.575982436077204,0.0,21780.88125
3.46,1.9013219,1.7272055,25.48326260322103,0.0,21777.3111328125
3.48,2.009036,1.8450016,25.418603950204698,0.0,21773.741015625
3.5,2.3736928,1.831739,25.3268097741943,0.0,21770.1708984375
3.52,2.5224993,1.7881088,25.491933564300577,0.0,21766.60078125
3.54,2.9566245,1.8042582,25.465672786649606,0.0,21763.0306640625
3.56,2.9736214,1.8620684,25.333188708366457,0.0,21759.460546875
3.58,2.9859505,1.800055,25.373896352057706,0.0,21755.8904296875
3.6,2.909956,1.8847203,25.628030160566627,0.0,21752.3203125
3.62,2.636393,1.8280263,25.392965647176542,0.0,21719.2947265625
3.64,2.700976,1.6794729,25.30125862795102,0.0,21686.269140625
3.66,2.8029559,1.899472,25.474667879593245,0.0,21653.2435546875
3.68,2.762641,1.7171466,25.37976001437911,0.0,21620.21796875
3.7,2.6738737,1.8413782,25.602613031617103,0.0,21587.1923828125
3.72,2.595081,1.8595488,25.540967698824055,0.0,21554.166796875
3.74,2.728043,1.8605238,25.570883309968696,0.0,21521.1412109375
3.76,2.8691387,1.8184997,25.424217387804436,0.0,21488.115625
3.78,2.7709816,1.7803074,25.558728611235036,0.0,21455.0900390625
3.8,2.7155924,1.7091453,25.594274691019546,0.0,21422.064453125
3.82,3.0787876,1.7034945,25.641675628583048,0.0,21412.0751953125
3.84,3.0539541,1.7887957,25.692076411374227,0.0,21402.0859375
3.86,3.120104,1.6752154,25.723182181407065,0.0,21392.0966796875
3.88,3.1633804,1.8053157,25.695707896637803,0.0,21382.107421875
3.9,3.0598114,1.8656952,25.524872421474956,0.0,21372.1181640625
3.92,2.7449942,1.8183663,25.631812262515716,0.0,21362.12890625
3.94,3.0542207,1.893596,25.691476471929583,0.0,21352.1396484375
3.96,2.9472117,1.9164269,25.560508747815724,0.0,21342.150390625
3.98,2.8711033,1.8910725,25.644681663345757,0.0,21332.1611328125
4.0,2.8641505,1.8981972,25.594748140322153,0.0,21322.171875
4.02,3.0087569,1.8925211,25.587057403511103,0.0,21336.9865234375
4.04,3.1676223,1.902275,25.33968582836051,0.0,21351.801171875
4.06,3.0558763,1.8838809,25.375179698468546,0.0,21366.6158203125
4.08,2.7231808,1.8324524,25.403554319717372,0.0,21381.43046875
4.1,2.430488,1.8622808,25.652628306947236,0.0,21396.2451171875
4.12,2.2365878,1.9280924,25.72010964512662,0.0,21411.059765625
4.14,2.0556004,1.9777429,25.657221287879302,0.0,21425.8744140625
4.16,2.1123352,1.8611064,25.32258304876313,0.0,21440.6890625
4.18,2.433643,1.7679375,25.402529569561594,0.0,21455.5037109375
4.2,2.5135422,1.8604583,25.407586682457087,0.0,21470.318359375
4.22,2.6391253,1.7852587,25.46845792642432,0.0,21473.3330078125
4.24,2.8163624,1.9139628,25.34147259203472,0.0,21476.34765625
4.26,2.4461985,1.8032545,25.58570060035036,0.0,21479.3623046875
4.28,2.5664983,1.7992883,25.46458365880121,0.0,21482.376953125
4.3,2.4230387,1.8047945,25.440295457341627,0.0,21485.3916015625
4.32,2.7013848,1.7647481,25.5322467654436,0.0,21488.40625
4.34,2.4909153,1.7977014,25.507055150436756,0.0,21491.4208984375
4.36,2.7413282,1.789314,25.410070056473213,0.0,21494.435546875
4.38,2.6115594,1.8245845,25.445041324534156,0.0,21497.4501953125
4.4,2.7064369,1.8845818,25.48904558909108,0.0,21500.46484375
4.42,2.638707,1.8921735,25.39537705079745,0.0,21547.2517578125
4.44,2.5335822,1.681093,25.287943855879767,0.0,21594.038671875
4.46,2.7166624,1.8344289,25.194533716914776,0.0,21640.8255859375
4.48,2.7301521,1.8775721,25.29759089402507,0.0,21687.6125
4.5,2.6651857,1.8050135,25.55750301179041,0.0,21734.3994140625
4.52,2.4311578,1.8213041,25.551416878130485,0.0,21781.186328125
4.54,2.3096728,1.8497047,25.629980382911825,0.0,21827.9732421875
4.56,2.2797818,1.8758346,25.611375805356932,0.0,21874.76015625
4.58,2.4896317,1.8530129,25.576328998013853,0.0,21921.5470703125
4.6,2.182605,1.8449712,25.50344343641537,0.0,21968.333984375
4.62,2.132602,1.8781136,25.623034029140523,0.0,21945.2689453125
4.64,2.0489159,1.7714999,25.52386603962422,0.0,21922.20390625
4.66,1.9512044,1.8477688,25.443531173771067,0.0,21899.1388671875
4.68,2.039817,1.7408336,25.443439982698713,0.0,21876.073828125
4.7,2.0223591,1.7747972,25.423143045609244,0.0,21853.0087890625
4.72,2.2781749,1.7534068,25.57183971768238,0.0,21829.94375
4.74,2.0982816,1.8379271,25.631579780087698,0.0,21806.8787109375
4.76,2.3986623,1.8162347,25.481462020417208,0.0,21783.813671875
4.78,2.3885598,1.6148059,25.58865107623873,0.0,21760.7486328125
4.8,2.3974261,1.6317647,25.391019093579,0.0,21737.68359375
4.82,2.4116406,1.9459391,25.507465062071518,0.0,21753.7111328125
4.84,2.6233296,2.0147185,25.35292710005649,0.0,21769.738671875
4.86,2.4656777,1.963295,25.38736136803786,0.0,21785.7662109375
4.88,2.5266898,1.8537892,25.248077648110826,0.0,21801.79375
4.9,2.274012,1.964327,25.60795061409923,0.0,21817.8212890625
4.92,2.1729693,1.8368783,25.59502006621016,0.0,21833.848828125
4.94,2.1448054,1.8738732,25.811236674014182,0.0,21849.8763671875
4.96,2.12471,1.9198233,25.82309587850039,0.0,21865.90390625
4.98,1.9770117,1.9743326,25.841157248645867,0.0,21881.9314453125
5.0,2.0553176,1.8235574,25.76211122088139,0.0,21897.958984375
5.02,2.1953516,1.8426878,25.71973828692926,0.0,21916.7208984375
5.04,2.1866229,1.7863644,25.660770054816368,0.0,21935.4828125
5.06,2.0914001,1.6952325,25.837511766633643,0.0,21954.2447265625
5.08,2.2795012,1.7909207,25.960061146869656,0.0,21973.006640625
5.1,2.157856,1.8209367,25.861292895113714,0.0,21991.7685546875
5.12,2.2636871,1.8294728,25.922985635926473,0.0,22010.53046875
5.14,2.3325875,1.8174984,26.072590146183284,0.0,22029.2923828125
5.16,2.1527586,1.8203782,26.050331598004817,0.0,22048.054296875
5.18,2.2100244,1.8414552,26.007118294618596,0.0,22066.8162109375
5.2,2.4343357,1.7759497,25.918831147833718,0.0,22085.578125
5.22,2.4865243,1.7979985,25.99970004215601,0.0,22060.2826171875
5.24,2.5158074,1.8346255,25.999095264851412,0.0,22034.987109375
5.26,2.3563402,1.8385047,25.725483346023704,0.0,22009.6916015625
5.28,2.2155147,1.8210846,25.732883263626455,0.0,21984.39609375
5.3,2.3017313,1.9255028,25.806982587477194,0.0,21959.1005859375
5.32,2.4816103,1.8281722,25.921938075787743,0.0,21933.805078125
5.34,2.4402266,1.8336766,25.776099903210778,0.0,21908.5095703125
5.36,2.2105503,1.8560469,25.76047863575832,0.0,21883.2140625
5.38,2.200641,1.727747,25.93257092271938,0.0,21857.9185546875
5.4,2.2282033,1.7896665,25.798985479243616,0.0,21832.623046875
5.42,2.2466493,1.9352554,25.681573261497668,0.0,21811.6755859375
5.44,2.3848822,1.8126732,25.58451170285865,0.0,21790.728125
5.46,2.0675275,1.9048809,25.540478254556636,0.0,21769.7806640625
5.48,2.4428694,1.8432449,25.458565201201615,0.0,21748.833203125
5.5,2.12881,1.8447349,25.667848293318265,0.0,21727.8857421875
5.52,1.9967306,1.9210516,25.653615712447156,0.0,21706.93828125
5.54,2.213756,1.8219061,25.595209561163333,0.0,21685.9908203125
5.56,2.3555508,1.9245483,25.389885618112295,0.0,21665.043359375
5.58,2.478352,1.8708396,25.55882391177983,0.0,21644.0958984375
5.6,2.5175169,1.8319349,25.683295624698893,0.0,21623.1484375
5.62,2.4364123,1.8321898,25.59918846590548,0.0,21613.0583984375
5.64,2.2873673,1.8177717,25.658816592610197,0.0,21602.968359375
5.66,2.4111826,1.854582,25.802401927831994,0.0,21592.8783203125
5.68,2.4324963,1.8950686,25.760902488373212,0.0,21582.78828125
5.7,2.3696485,1.6960745,25.712482022237225,0.0,21572.6982421875
5.72,2.5137734,1.7863566,25.68924334850039,0.0,21562.608203125
5.74,2.5874538,1.8550712,25.58190161732929,0.0,21552.5181640625
5.76,2.3757734,1.8260806,25.492348954246992,0.0,21542.428125
5.78,2.4968126,1.829964,25.431705607629578,0.0,21532.3380859375
5.8,2.5983045,1.7525284,25.37446897938836,0.0,21522.248046875
5.82,2.4195578,1.7568293,25.4526300772768,0.0,21532.8607421875
5.84,2.4045439,1.8109006,25.510708374652005,0.0,21543.4734375
5.86,2.513866,1.8576534,25.357423456723915,0.0,21554.0861328125
5.88,2.3696241,1.8481581,25.436424895565338,0.0,21564.698828125
5.9,2.4619737,1.8571362,25.40512349889319,0.0,21575.3115234375
5.92,2.5305057,1.8947732,25.35158014320634,0.0,21585.92421875
5.94,2.3804421,1.4060934,25.359427220889607,0.0,21596.5369140625
5.96,2.6589842,1.3809918,25.496856848056364,0.0,21607.149609375
5.98,2.5809755,1.8129964,25.511182594163103,0.0,21617.7623046875
6.0,2.5833619,1.831752,25.607290756509716,0.0,21628.375
6.02,2.6627634,1.7318989,25.5008214561817,0.0,21578.2048828125
6.04,2.544274,1.7993762,25.46570139398802,0.0,21528.034765625
6.06,2.6993828,1.7673655,25.528964955906247,0.0,21477.8646484375
6.08,2.933928,1.8104528,25.44008023165304,0.0,21427.69453125
6.1,2.9662623,1.8722918,25.65556747893218,0.0,21377.5244140625
6.12,2.6211796,1.8951381,25.58492052222876,0.0,21327.354296875
6.14,2.632156,1.8159615,25.49201043413659,0.0,21277.1841796875
6.16,2.8981862,1.7958992,25.580219018920168,0.0,21227.0140625
6.18,2.6884427,1.8009748,25.524129973686346,0.0,21176.8439453125
6.2,2.519617,1.8635938,25.652613312136523,0.0,21126.673828125
6.22,2.6144958,1.8484116,25.624454280992786,0.0,21165.9794921875
6.24,2.399365,1.7882806,25.612397680298542,0.0,21205.28515625
6.26,2.287342,1.7761503,25.73264308076918,0.0,21244.5908203125
6.28,2.3011,1.8240495,25.763137122773834,0.0,21283.896484375
6.3,2.33179,1.762539,25.86560370714998,0.0,21323.2021484375
6.32,2.310151,1.8187673,25.79674365283423,0.0,21362.5078125
6.34,2.3422117,1.7004448,25.64729442248077,0.0,21401.8134765625
6.36,2.1996632,1.859619,25.750830529605718,0.0,21441.119140625
6.38,2.1747074,1.8605615,25.6947079531853,0.0,21480.4248046875
6.4,2.1268704,1.776125,25.816444412865923,0.0,21519.73046875
6.42,2.385808,1.9384552,25.810659348554154,0.0,21491.8537109375
6.44,2.3198183,1.8997622,25.777486606197876,0.0,21463.976953125
6.46,2.3898735,1.8220586,25.718038153496096,0.0,21436.1001953125
6.48,2.4972084,1.8368661,25.623195048806625,0.0,21408.2234375
6.5,2.5886667,1.8220263,25.866393712337093,0.0,21380.3466796875
6.52,2.6527464,1.8635886,25.947566232670113,0.4,21352.469921875
6.54,2.3541684,1.723044,25.83126951346015,0.8,21324.5931640625
6.56,2.163828,1.8207033,25.859561800121107,1.2000000000000002,21296.71640625
6.58,2.2667665,1.6637781,25.78356746192462,1.6,21268.8396484375
6.6,2.093317,1.8068075,25.64698865616727,2.0,21240.962890625
6.62,2.4105558,1.8021263,25.80696554796857,1.6,21246.3380859375
6.64,2.3312912,1.8083035,25.754435915281015,1.2,21251.71328125
6.66,2.3678327,1.8307542,25.72239805151952,0.7999999999999998,21257.0884765625
6.68,2.2843413,1.7323095,25.746861038323047,0.3999999999999999,21262.463671875
6.7,2.1937358,1.8979881,25.71524770550723,0.0,21267.8388671875
6.72,2.3401759,1.8543029,25.66489985152494,0.0,21273.2140625
6.74,2.682837,1.7509055,25.70201133385432,0.0,21278.5892578125
6.76,2.4041572,1.8048582,25.757022838863605,0.0,21283.964453125
6.78,2.5724933,1.7878352,25.905173925495454,0.0,21289.3396484375
6.8,2.4905186,1.840749,25.83077891544676,0.0,21294.71484375
6.82,2.389679,1.848778,25.851668867963653,0.0,21309.7259765625
6.84,2.3416905,1.6654993,25.839833188387406,0.0,21324.737109375
6.86,2.2397563,1.7720491,25.872415185845913,0.0,21339.7482421875
6.88,2.262223,1.6719253,25.68303442444264,0.0,21354.759375
6.9,2.3081372,1.7852564,25.721027081893467,0.0,21369.7705078125
6.92,2.2087088,1.8406806,25.66402342777114,0.4,21384.781640625
6.94,2.3573022,1.6912527,25.732432626827602,0.8,21399.7927734375
6.96,2.2816424,1.7022221,25.659350977793075,1.2000000000000002,21414.80390625
6.98,2.4185486,1.6625739,25.486686151049817,1.6,21429.8150390625
7.0,2.4917789,1.8828516,25.60527846484939,2.0,21444.826171875
7.02,2.5635524,1.7563071,25.663566380097393,1.6,21423.541015625
7.04,2.3697467,1.7759387,25.715119943399248,1.2,21402.255859375
7.06,2.312892,1.880295,25.703678954780422,0.7999999999999998,21380.970703125
7.08,2.197707,1.6296241,25.48019847973424,0.3999999999999999,21359.685546875
7.1,2.3631392,1.7345676,25.50010771337829,0.0,21338.400390625
7.12,2.2108395,1.8931072,25.668579524589695,0.0,21317.115234375
7.14,2.3102517,1.753242,25.652449339650893,0.0,21295.830078125
7.16,2.1302567,1.7482233,25.515178693845876,0.0,21274.544921875
7.18,2.0718527,1.8251839,25.407354842061252,0.0,21253.259765625
7.2,2.1204927,1.8444587,25.45026687752516,0.0,21231.974609375
7.22,2.0744882,1.8558118,25.527561617066578,0.0,21222.264453125
7.24,1.9616629,1.8415732,25.476371602259135,0.0,21212.554296875
7.26,2.1489754,1.8189726,25.493090476777233,0.0,21202.844140625
7.28,2.26456,1.7844242,25.430678073100733,0.0,21193.133984375
7.3,2.4994884,1.844731,25.528788194407944,0.0,21183.423828125
7.32,2.3375413,1.790201,25.462742891495274,0.0,21173.713671875
7.34,2.2963207,1.8373357,25.419012337692415,0.0,21164.003515625
7.36,2.4172983,1.833496,25.483449744684897,0.0,21154.293359375
7.38,2.2493901,1.7769121,25.636594947019713,0.0,21144.583203125
7.4,1.9540324,1.837302,25.54804278443003,0.0,21134.873046875
7.42,1.9516215,1.8047704,25.45511772355255,0.0,21172.95625
7.44,2.0338812,1.8032707,25.584767982810284,0.0,21211.039453125
7.46,2.1813264,1.8199737,25.404080816796707,0.0,21249.12265625
7.48,2.2043357,1.7321653,25.332406281761624,0.0,21287.205859375
7.5,2.264483,1.8569632,25.362147175035684,0.0,21325.2890625
7.52,2.3290462,1.7138832,25.356640218398717,0.0,21363.372265625
7.54,2.3852966,1.699477,25.392221526625725,0.0,21401.45546875
7.56,2.21105,1.7193424,25.4672826560393,0.0,21439.538671875
7.58,2.3132188,1.6274617,25.441204236979967,0.0,21477.621875
7.6,2.411689,1.708876,25.34970469327221,0.0,21515.705078125
7.62,2.565003,1.84565,25.55259458687811,0.0,21513.6259765625
7.64,2.4439635,1.8381209,25.53967361352307,0.0,21511.546875
7.66,2.1711764,1.7861526,25.553061786068454,0.0,21509.4677734375
7.68,2.2344036,1.8153195,25.567375766041085,0.0,21507.388671875
7.7,2.3958738,1.7835178,25.469689079175375,0.0,21505.3095703125
7.72,2.372762,1.80771,25.70134251203524,0.0,21503.23046875
7.74,2.2695086,1.8132904,25.75542848000319,0.0,21501.1513671875
7.76,2.3029687,1.7461926,25.601119901370353,0.0,21499.072265625
7.78,2.0937057,1.8822794,25.65957931663791,0.0,21496.9931640625
7.8,2.4266107,1.8264222,25.54075364252858,0.0,21494.9140625
7.82,2.2960927,1.8263285,25.5098781035744,0.0,21537.010546875
7.84,2.266356,1.8494879,25.57475976181066,0.0,21579.10703125
7.86,2.2894504,1.8847842,25.5160999358472,0.0,21621.203515625
7.88,2.248408,1.8181682,25.52281794141424,0.0,21663.3
7.9,2.2567432,1.8290495,25.633685253346382,0.0,21705.396484375
7.92,2.2813365,1.7877457,25.704374529150286,0.0,21747.49296875
7.94,2.131866,1.7876767,25.596510054470365,0.0,21789.589453125
7.96,2.0972564,1.7011795,25.682747645583753,0.0,21831.6859375
7.98,2.1577754,1.7363745,25.644270267369897,0.0,21873.782421875
8.0,2.3207202,1.7320602,25.795869911352302,0.0,21915.87890625
8.02,2.3368948,1.7776177,25.817763945982858,0.0,21857.79453125
8.04,2.6214676,1.8490161,25.570018825217815,0.0,21799.71015625
8.06,2.4603913,1.8758442,25.757604333201726,0.0,21741.62578125
8.08,2.1342368,1.8489456,25.759503576445006,0.0,21683.54140625
8.1,2.3155043,1.8488135,25.79701117673524,0.0,21625.45703125
8.12,2.158287,1.6990397,25.68453674284838,0.0,21567.37265625
8.14,2.1339643,1.7555963,25.7629517015258,0.0,21509.28828125
8.16,2.15003,1.7953008,25.85669753602096,0.0,21451.20390625
8.18,2.0391617,1.7970561,25.649724391493685,0.0,21393.11953125
8.2,2.1717653,1.9114691,25.75789776274052,0.0,21335.03515625
8.22,2.4554484,1.857322,25.546469160208108,0.0,21347.1294921875
8.24,2.134264,1.8150948,25.551333200669433,0.0,21359.223828125
8.26,2.2462611,1.887421,25.40822434297002,0.0,21371.3181640625
8.28,2.1770585,1.8070574,25.365304191718316,0.0,21383.4125
8.3,2.402585,1.7190714,25.240281446157404,0.0,21395.5068359375
8.32,1.9988544,1.7882508,25.44616903250069,0.0,21407.601171875
8.34,2.1219726,1.7723758,25.424391436839887,0.0,21419.6955078125
8.36,2.0176973,1.7787958,25.544721241572432,0.0,21431.78984375
8.38,2.0425227,1.7789977,25.466007303268036,0.0,21443.8841796875
8.4,1.9589052,1.7989888,25.527063236914223,0.0,21455.978515625
8.42,1.9086759,1.762247,25.543597294642574,0.0,21455.805859375
8.44,1.8180206,1.7914681,25.525460736350407,0.0,21455.633203125
8.46,1.9358612,1.8152671,25.396398721363983,0.0,21455.460546875
8.48,1.9655409,1.8069302,25.56797489528432,0.0,21455.287890625
8.5,1.9486706,1.8162333,25.469282712847736,0.0,21455.115234375
8.52,2.0314791,1.7929456,25.480281518315635,0.0,21454.942578125
8.54,2.2718127,1.7629662,25.490589576454884,0.0,21454.769921875
8.56,2.2330763,1.8471812,25.228603519263434,0.0,21454.597265625
8.58,1.8997009,1.805882,25.430344568729023,0.0,21454.424609375
8.6,1.942845,1.8051565,25.41639487510105,0.0,21454.251953125
8.62,2.017899,1.8587364,25.37630077635123,0.0,21479.6486328125
8.64,1.94039,1.8188021,25.38521624740103,0.0,21505.0453125
8.66,2.178473,1.8157382,25.354258712490818,0.0,21530.4419921875
8.68,2.1607096,1.8630828,25.389269775138153,0.0,21555.838671875
8.7,2.169221,1.8597299,25.397554790804104,0.0,21581.2353515625
8.72,2.2154884,1.7804012,25.317318576897094,0.0,21606.63203125
8.74,2.3472197,1.8375493,25.571031036588153,0.0,21632.0287109375
8.76,2.3469224,1.7766153,25.669701168851866,0.0,21657.425390625
8.78,2.3243241,1.8124534,25.695987965469623,0.0,21682.8220703125
8.8,2.455993,1.7945976,25.468481114875814,0.0,21708.21875
8.82,2.4838812,1.785181,25.595478015585208,0.0,21704.053125
8.84,2.6039805,1.8652637,25.645063207660435,0.0,21699.8875
8.86,2.3611457,1.8333545,25.518205289913695,0.0,21695.721875
8.88,2.1300383,1.7984283,25.635465415227365,0.0,21691.55625
8.9,2.1572094,1.836673,25.557446031281877,0.0,21687.390625
8.92,2.1805267,1.8731792,25.585374221741493,0.0,21683.225
8.94,1.876983,1.8720185,25.704378146694925,0.0,21679.059375
8.96,1.9336679,1.8205931,25.476534315030378,0.0,21674.89375
8.98,2.0112915,1.7892294,25.57880871117227,0.0,21670.728125
9.0,2.1585834,1.84175,25.700504702268532,0.0,21666.5625
9.02,2.1392422,1.7617167,25.734234249467946,0.0,21654.24921875
9.04,2.211812,1.8701296,25.658901092204893,0.0,21641.9359375
9.06,2.2342997,1.797543,25.669205259472243,0.0,21629.62265625
9.08,2.2275772,1.7451538,25.52793472991361,0.0,21617.309375
9.1,2.0790226,1.7746328,25.49731277374999,0.0,21604.99609375
9.12,2.3729334,1.7181224,25.655666491858465,0.0,21592.6828125
9.14,2.329695,1.8460959,25.581984769340224,0.0,21580.36953125
9.16,2.2790933,1.7973261,25.585301181972554,0.0,21568.05625
9.18,2.2338572,1.8060111,25.49904375198774,0.0,21555.74296875
9.2,2.2760305,1.6732997,25.78468472148223,0.0,21543.4296875
9.22,2.1915884,1.726188,25.743504220328465,0.0,21539.045703125
9.24,2.1038702,1.8129084,25.73958816935663,0.0,21534.66171875
9.26,2.2823555,1.8860108,25.647299569167878,0.0,21530.277734375
9.28,2.254501,1.7772915,25.50546366315317,0.0,21525.89375
9.3,2.2143075,1.8281031,25.37623635035059,0.0,21521.509765625
9.32,2.205074,1.9139738,25.508056697150415,0.0,21517.12578125
9.34,2.1896248,1.862936,25.638091413139644,0.0,21512.741796875
9.36,2.2482529,1.7314017,25.53984864872482,0.0,21508.3578125
9.38,2.5333986,1.8036698,25.585060926866735,0.0,21503.973828125
9.4,2.3304183,1.8439934,25.463057206872563,0.0,21499.58984375
9.42,2.3139224,1.8062626,25.462247859360794,0.0,21481.5802734375
9.44,2.2250967,1.8339442,25.550013527189943,0.0,21463.570703125
9.46,2.0617275,1.7591261,25.6365502467618,0.0,21445.5611328125
9.48,2.093039,1.8237364,25.528665501589487,0.0,21427.5515625
9.5,2.1413608,1.8442261,25.60380448553321,0.0,21409.5419921875
9.52,2.1927552,1.8755378,25.580037551750685,0.0,21391.532421875
9.54,2.2548363,1.755184,25.568823091017528,0.0,21373.5228515625
9.56,2.2944973,1.7662477,25.53344874685216,0.0,21355.51328125
9.58,2.0570138,1.8034722,25.539958846008105,0.0,21337.5037109375
9.6,2.23999,1.7332298,25.641292629533275,0.0,21319.494140625
9.62,2.2247834,1.7150856,25.57515379784676,0.0,21306.186328125
9.64,2.0564487,1.7425771,25.46832571665979,0.0,21292.878515625
9.66,1.7834156,1.8620768,25.608748519619713,0.0,21279.570703125
9.68,1.9092543,1.7993693,25.63506487203663,0.0,21266.262890625
9.7,2.0695229,1.745991,25.56735870456334,0.0,21252.955078125
9.72,1.9514726,1.7376066,25.519954284763543,0.0,21239.647265625
9.74,1.9226644,1.8112861,25.619517037179435,0.0,21226.339453125
9.76,1.896332,1.8254291,25.6308410325276,0.0,21213.031640625
9.78,1.846856,1.7744929,25.755834135648932,0.0,21199.723828125
9.8,1.9365817,1.7641336,25.59757739348178,0.0,21186.416015625
9.82,1.9425757,1.8048093,25.615918912046013,0.0,21180.43984375
9.84,2.0243127,1.6952705,25.5479910452415,0.0,21174.463671875
9.86,2.1051407,1.8140854,25.41655010935521,0.0,21168.4875
9.88,2.072694,1.8873475,25.52190390699604,0.0,21162.511328125
9.9,2.2324255,1.7838354,25.568106760781262,0.0,21156.53515625
9.92,2.2252014,1.8016173,25.597141208938154,0.0,21150.558984375
9.94,2.3167844,1.7624562,25.51765173408022,0.0,21144.5828125
9.96,2.1890407,1.8644936,25.53061845559806,0.0,21138.606640625
9.98,2.3929362,1.8541795,25.566961607127926,0.0,21132.63046875
10.0,2.354045,1.852573,25.381101067071683,0.0,21126.654296875
10.02,2.529403,1.8666472,25.464028485730303,0.0,21105.8220703125
10.04,2.5130796,1.8054999,25.501288012418964,0.0,21084.98984375
10.06,2.515299,1.8264414,25.36940726521029,0.0,21064.1576171875
10.08,2.3321638,1.8590956,25.430277234613552,0.0,21043.325390625
10.1,2.177966,1.7839377,25.536270853766542,0.0,21022.4931640625
10.12,2.1076796,1.8519635,25.345573781012043,0.0,21001.6609375
10.14,2.327598,1.8317236,25.31180933727294,0.0,20980.8287109375
10.16,2.2942693,1.7905121,25.435510172674178,0.0,20959.996484375
10.18,2.4336193,1.8252301,25.275504297192622,0.0,20939.1642578125
10.2,2.4263473,1.8139671,25.346184242640213,0.0,20918.33203125
10.22,2.43111,1.790678,25.2318348081755,0.0,20925.399609375
10.24,2.5934675,1.7858124,25.258330037642764,0.0,20932.4671875
10.26,2.486431,1.8509318,25.489408471891327,0.0,20939.534765625
10.28,2.3740845,1.8068922,25.418889766008263,0.0,20946.60234375
10.3,2.3096728,1.763072,25.392026382120264,0.0,20953.669921875
10.32,2.4747374,1.8372012,25.32558270631176,0.0,20960.7375
10.34,2.3717818,1.7487783,25.137233933201955,0.0,20967.805078125
10.36,2.2140713,1.7688669,25.307812206256138,0.0,20974.87265625
10.38,2.3593726,1.8285687,25.343723010344895,0.0,20981.940234375
10.4,2.3116853,1.8098965,25.44608698178605,0.0,20989.0078125
10.42,2.203307,1.7593429,25.282577018696152,0.0,20996.8171875
10.44,2.309824,1.755367,25.269147885861397,0.0,21004.6265625
10.46,2.2981427,1.7566864,25.33329686968161,0.0,21012.4359375
10.48,2.1937358,1.6691381,25.381382792473385,0.0,21020.2453125
10.5,2.2225876,1.8271577,25.4920093172371,0.0,21028.0546875
10.52,2.29285,1.7385329,25.40443725920629,0.0,21035.8640625
10.54,2.2652016,1.7837372,25.531568452166237,0.0,21043.6734375
10.56,2.4462698,1.7363777,25.461943653205775,0.0,21051.4828125
10.58,2.4655364,1.7582209,25.35960790303603,0.0,21059.2921875
10.6,2.4184523,1.7733798,25.296794791987686,0.0,21067.1015625
10.62,2.3996315,1.7197753,25.19770804872905,0.2,21058.0228515625
10.64,2.299508,1.7201065,25.34957857171969,0.4,21048.944140625
10.66,2.3125653,1.7811407,25.392812331068843,0.6000000000000001,21039.8654296875
10.68,2.450709,1.8097548,25.306537382086734,0.8,21030.78671875
10.7,2.3140228,1.7380884,25.28292470377368,1.0,21021.7080078125
10.72,2.2588544,1.7994068,25.28079754081076,0.8,21012.629296875
10.74,2.247115,1.7872483,25.31278720942953,0.6,21003.5505859375
10.76,2.172354,1.7067862,25.369469693890704,0.3999999999999999,20994.471875
10.78,2.638597,1.8106984,25.13477692630923,0.19999999999999996,20985.3931640625
10.8,2.6843748,1.7484119,25.1399028525217,0.0,20976.314453125
10.82,2.5848017,1.8284506,25.114634571953417,0.0,20992.288671875
10.84,2.745968,1.8034372,25.075489416461842,0.0,21008.262890625
10.86,2.7623043,1.8352964,25.27632376537892,0.0,21024.237109375
10.88,2.7889638,1.8800263,25.325282090863684,0.0,21040.211328125
10.9,2.61374,1.9024194,25.731499096864702,0.0,21056.185546875
10.92,2.3585594,1.801179,25.541252675794546,0.0,21072.159765625
10.94,2.4469824,1.8094401,25.62653347051836,0.0,21088.133984375
10.96,2.20626,1.8879313,25.734839855655352,0.0,21104.108203125
10.98,2.2684839,1.8657209,25.688299059296583,0.0,21120.082421875
11.0,2.2685096,1.8602555,25.65237715593401,0.0,21136.056640625
11.02,2.3391323,1.8613265,25.763938964321564,0.0,21168.0076171875
11.04,2.6471307,1.8125138,25.764060832516556,0.0,21199.95859375
11.06,2.6589184,1.872536,25.648606285695358,0.0,21231.9095703125
11.08,2.6940587,1.8543475,25.668085333550792,0.0,21263.860546875
11.1,2.696129,1.8028523,25.641402377856878,0.0,21295.8115234375
11.12,2.8307734,1.7361403,25.598337041407756,0.0,21327.7625
11.14,2.6324213,1.8507932,25.50534895505149,0.0,21359.7134765625
11.16,2.5257003,1.77511,25.533671055391892,0.0,21391.664453125
11.18,2.4148204,1.7064286,25.513090440273167,0.0,21423.6154296875
11.2,2.62778,1.8143605,25.608159776565103,0.0,21455.56640625
11.22,2.587364,1.7856648,25.630571123428666,0.0,21411.2240234375
11.24,2.825964,1.8232405,25.702821117208675,0.0,21366.881640625
11.26,2.6414812,1.8447704,25.617419067215078,0.0,21322.5392578125
11.28,2.6297922,1.7299908,25.582271863930913,0.0,21278.196875
11.3,2.44325,1.8465638,25.691530938012658,0.0,21233.8544921875
11.32,2.435028,1.8241963,25.52106565334112,0.0,21189.512109375
11.34,2.4952989,1.849032,25.779577419414682,0.0,21145.1697265625
11.36,2.518625,1.7811737,25.60419920325863,0.0,21100.82734375
11.38,2.4629178,1.7802507,25.59992015294941,0.0,21056.4849609375
11.4,2.248382,1.8287789,25.713263094851516,0.0,21012.142578125
11.42,2.1567514,1.8453376,25.754511317990637,0.0,21005.7556640625
11.44,2.4857526,1.7748983,25.65986470203768,0.0,20999.36875
11.46,2.434885,1.8193263,25.51887730778298,0.0,20992.9818359375
11.48,2.6664066,1.8846874,25.51772121993158,0.0,20986.594921875
11.5,2.917497,1.8224273,25.547398608473966,0.0,20980.2080078125
11.52,2.9211607,1.88572,25.55166498300479,0.0,20973.82109375
11.54,3.1387532,1.6776991,25.451561112108074,0.0,20967.4341796875
11.56,2.8890257,1.7724583,25.367339119743484,0.0,20961.047265625
11.58,2.8145866,1.8530681,25.50235476741613,0.0,20954.6603515625
11.6,3.0708098,1.8183787,25.727511384645332,0.0,20948.2734375
11.62,3.0324845,1.812089,25.59607419128037,0.0,20991.788671875
11.64,3.197067,1.7723347,25.64690530460515,0.0,21035.30390625
11.66,3.1307611,1.7658722,25.649850340008683,0.0,21078.819140625
11.68,2.9505038,1.8431048,25.640221036825164,0.0,21122.334375
11.7,2.7984521,1.8123226,25.537971635085704,0.0,21165.849609375
11.72,3.0790522,1.7434758,25.708729886580794,0.0,21209.36484375
11.74,2.9161217,1.8215005,25.756376451874342,0.0,21252.880078125
11.76,2.9389956,1.8160433,25.86203203630578,0.0,21296.3953125
11.78,3.1414375,1.8336465,25.662217467192075,0.0,21339.910546875
11.8,3.4306445,1.8078792,25.6817982583366,0.0,21383.42578125
11.82,3.5689816,1.8284177,25.45287412691763,0.0,21363.4638671875
11.84,3.6229243,1.7881403,25.271171220324735,0.0,21343.501953125
11.86,3.582572,1.7650826,25.265741657815557,0.0,21323.5400390625
11.88,3.70008,1.8088502,25.134801937139347,0.0,21303.578125
11.9,3.7601085,1.724711,25.25172795150477,0.0,21283.6162109375
11.92,3.8889647,1.7474002,25.422032195625125,0.0,21263.654296875
11.94,3.7905178,1.8219315,25.357968483406456,0.0,21243.6923828125
11.96,3.743981,1.8213348,25.117462698071247,0.0,21223.73046875
11.98,3.7947786,1.8803627,25.313862618559334,0.0,21203.7685546875
12.0,3.736692,1.8560476,25.29858817744828,0.0,21183.806640625
12.02,3.274174,1.8292397,25.401414810601533,0.0,21205.731640625
12.04,3.4935734,1.8079847,25.408249737771147,0.0,21227.656640625
12.06,3.4820235,1.9027519,25.42521777676294,0.0,21249.581640625
12.08,3.4471085,1.8501437,25.406394135384204,0.0,21271.506640625
12.1,3.296591,1.8664138,25.393860702789205,0.0,21293.431640625
12.12,3.3109834,1.8546681,25.328076115521338,0.0,21315.356640625
12.14,3.5751982,1.7582304,25.33979723328244,0.0,21337.281640625
12.16,3.385514,1.9196821,25.489302738902424,0.0,21359.206640625
12.18,3.2715275,1.8941855,25.375997178963054,0.0,21381.131640625
12.2,3.0166483,1.7675416,25.31730454872862,0.0,21403.056640625
12.22,3.3537207,1.9117868,25.226054625020943,0.0,21384.5908203125
12.24,3.267901,1.8395274,25.194152597824733,0.0,21366.125
12.26,3.4161437,1.8113265,25.229350195019762,0.0,21347.6591796875
12.28,3.5379007,1.8114526,25.14519940274925,0.0,21329.193359375
12.3,3.312686,1.8176165,25.36422552902954,0.0,21310.7275390625
12.32,3.3843806,1.83915,25.37407829123511,0.2,21292.26171875
12.34,3.4166882,1.781698,25.376784574164848,0.4,21273.7958984375
12.36,3.3514495,1.800894,25.31204709117445,0.6000000000000001,21255.330078125
12.38,3.3378239,1.8031921,25.282856928758903,0.8,21236.8642578125
12.4,3.2530499,1.8682156,25.332961619054633,1.0,21218.3984375
12.42,2.911234,1.8864459,25.33094880555394,0.8,21247.7078125
12.44,2.8878384,1.8513478,25.506131061783634,0.6,21277.0171875
12.46,2.6453953,1.8376968,25.5594316918991,0.3999999999999999,21306.3265625
12.48,2.882822,1.8151388,25.51996710061831,0.19999999999999996,21335.6359375
12.5,2.833831,1.8779247,25.537639480239577,0.0,21364.9453125
12.52,2.8574655,1.873826,25.38737268970566,0.0,21394.2546875
12.54,3.0367372,1.8300737,25.46604815290872,0.0,21423.5640625
12.56,2.8457446,1.816075,25.554210979986113,0.0,21452.8734375
12.58,2.6390595,1.8001789,25.40716493639691,0.0,21482.1828125
12.6,2.7806356,1.7972987,25.453554233390797,0.0,21511.4921875
12.62,2.7979536,1.7813493,25.561209962248775,0.0,21478.8853515625
12.64,2.7534094,1.8292795,25.56888091193104,0.0,21446.278515625
12.66,2.5422857,1.7825038,25.543409909388544,0.0,21413.6716796875
12.68,2.3566363,1.8336529,25.72662600266174,0.0,21381.06484375
12.7,2.5946329,1.8378057,25.859041780925033,0.0,21348.4580078125
12.72,2.523467,1.8906683,25.79966362041638,0.0,21315.851171875
12.74,2.4315403,1.8656772,25.62835433747535,0.0,21283.2443359375
12.76,2.5884647,1.8255212,25.67876001966258,0.0,21250.6375
12.78,2.7723029,1.8193911,25.643962294145002,0.0,21218.0306640625
12.8,2.810329,1.8310398,25.731374415126393,0.0,21185.423828125
12.82,2.4028995,1.8492687,25.721750180543555,0.0,21212.2013671875
12.84,2.4298663,1.7207432,25.77050816700185,0.0,21238.97890625
12.86,2.4009876,1.7443733,25.779896274567378,0.0,21265.7564453125
12.88,2.5492268,1.7763517,25.722273518223766,0.0,21292.533984375
12.9,2.7304075,1.8931383,25.618976310555492,0.0,21319.3115234375
12.92,2.4809775,1.816671,25.744363618338383,0.0,21346.0890625
12.94,2.6773715,1.8091595,25.832912957496283,0.0,21372.8666015625
12.96,2.6251018,1.7559924,25.66965644725457,0.0,21399.644140625
12.98,2.4567027,1.7915347,25.70454697186691,0.0,21426.4216796875
13.0,2.415831,1.864474,25.811759490240284,0.0,21453.19921875
13.02,2.5791059,1.8883853,25.70795764047501,0.0,21452.1859375
13.04,2.5820565,1.8648622,25.629048566675404,0.0,21451.17265625
13.06,2.39762,1.8443798,25.444255064460876,0.0,21450.159375
13.08,2.3680046,1.8451089,25.38870110709488,0.0,21449.14609375
13.1,2.6194267,1.8589108,25.324104105920924,0.0,21448.1328125
13.12,2.776954,1.811238,25.41231013479468,0.0,21447.11953125
13.14,3.0136988,1.8730198,25.433915513031643,0.0,21446.10625
13.16,3.153995,1.8268261,25.28496605082274,0.0,21445.09296875
13.18,2.754444,1.7985772,25.276233720621228,0.0,21444.0796875
13.2,2.9406765,1.7838157,25.362854946575716,0.0,21443.06640625
13.22,2.8846564,1.7516767,25.372996643934886,0.0,21451.0875
13.24,2.6515627,1.7620974,25.50132573877967,0.0,21459.10859375
13.26,2.6959782,1.8120611,25.619102871153387,0.0,21467.1296875
13.28,2.6231525,1.7580575,25.562011856742743,0.0,21475.15078125
13.3,2.737997,1.8242226,25.64748989312354,0.0,21483.171875
13.32,3.0612924,1.8169652,25.670336505667727,0.0,21491.19296875
13.34,3.4222813,1.7093389,25.584177624157192,0.0,21499.2140625
13.36,3.3726635,1.7575898,25.731792951931563,0.0,21507.23515625
13.38,3.2863479,1.7437404,25.49172104530948,0.0,21515.25625
13.4,3.2394052,1.7633718,25.48469490441129,0.0,21523.27734375
13.42,2.9548547,1.7129893,25.49395996056573,0.0,21497.991015625
13.44,3.0101285,1.8829798,25.347640991515988,0.0,21472.7046875
13.46,2.8999708,1.8129663,25.34502133872308,0.0,21447.418359375
13.48,3.2030616,1.8329054,25.409151959831874,0.0,21422.13203125
13.5,3.3805137,1.7677034,25.315981812493938,0.0,21396.845703125
13.52,3.3791552,1.7938542,25.28372934909029,0.0,21371.559375
13.54,3.4349627,1.7368357,25.452399204601782,0.0,21346.273046875
13.56,3.4074032,1.7477236,25.303495427588757,0.0,21320.98671875
13.58,3.2735703,1.8412671,25.26498880049648,0.0,21295.700390625
13.6,3.402162,1.7307204,25.39702951451689,0.0,21270.4140625
13.62,3.5776198,1.7621673,25.310430958848855,0.0,21251.5638671875
13.64,3.3909354,1.6808226,25.32779554247817,0.0,21232.713671875
13.66,3.3889632,1.7537051,25.246330780200488,0.0,21213.8634765625
13.68,3.518344,1.7234493,25.353175411116958,0.0,21195.01328125
13.7,3.1187437,1.7720823,25.427065024327753,0.0,21176.1630859375
13.72,3.072759,1.7066087,25.41137106068172,0.0,21157.312890625
13.74,3.1107936,1.7494632,25.501741560804017,0.0,21138.4626953125
13.76,3.0514789,1.7850615,25.358788598046406,0.0,21119.6125
13.78,3.2557468,1.6858115,25.322197043858992,0.0,21100.7623046875
13.8,3.4169436,1.7726734,25.50952894234853,0.0,21081.912109375
13.82,2.9632232,1.7399384,25.439734057519065,0.0,21056.144921875
13.84,3.2653384,1.7576354,25.580584305111195,0.0,21030.377734375
13.86,3.069409,1.7568724,25.409430817741622,0.0,21004.610546875
13.88,2.8404284,1.7486861,25.419811905416523,0.0,20978.843359375
13.9,3.0154152,1.6162418,25.543839769152726,0.0,20953.076171875
13.92,3.1081579,1.8419023,25.407152286441892,0.0,20927.308984375
13.94,2.9985967,1.8407726,25.417593245251823,0.0,20901.541796875
13.96,3.284862,1.8315604,25.429266898768716,0.0,20875.774609375
13.98,3.1964853,1.8067625,25.33706231675506,0.0,20850.007421875
14.0,3.037694,1.8235981,25.310136179718587,0.0,20824.240234375
14.02,3.0381534,1.7431797,25.43180614855521,0.0,20841.0939453125
14.04,2.6683898,1.7756226,25.340502984616272,0.0,20857.94765625
14.06,2.8254702,1.8437964,25.327425613267,0.0,20874.8013671875
14.08,2.8859258,1.8283255,25.488315559708127,0.0,20891.655078125
14.1,2.7343643,1.8308598,25.456730870461985,0.0,20908.5087890625
14.12,2.875655,1.8464651,25.39856043995396,0.0,20925.3625
14.14,2.972331,1.7419726,25.443360865030776,0.0,20942.2162109375
14.16,3.2230525,1.8381941,25.480755973940813,0.0,20959.069921875
14.18,3.5005214,1.8482393,25.273400155393347,0.0,20975.9236328125
14.2,3.5310755,1.8552759,25.40496317459816,0.0,20992.77734375
14.22,3.6368725,1.8424435,25.384122768863847,0.0,21004.4986328125
14.24,3.557595,1.8235205,25.256330942666576,0.0,21016.219921875
14.26,3.5236597,1.7412937,25.34182478513062,0.0,21027.9412109375
14.28,3.4759583,1.7658889,25.49931306513361,0.0,21039.6625
14.3,3.0431428,1.8357389,25.51725860232921,0.0,21051.3837890625
14.32,3.3273408,1.8399749,25.343299270893453,0.0,21063.105078125
14.34,3.3441567,1.8262072,25.331335319095952,0.0,21074.8263671875
14.36,3.3341818,1.8274801,25.491408721928504,0.0,21086.54765625
14.38,3.4727964,1.8468282,25.297620523083474,0.0,21098.2689453125
14.4,3.4991927,1.7943099,25.184150996171976,0.0,21109.990234375
14.42,3.5238743,1.858962,25.37809136736675,0.0,21115.8169921875
14.44,3.435893,1.8061436,25.228114371125287,0.0,21121.64375
14.46,3.3486385,1.8535063,25.210301423779885,0.0,21127.4705078125
14.48,3.6137512,1.8052473,25.23379861835435,0.0,21133.297265625
14.5,3.4368405,1.8714983,25.18285289271916,0.0,21139.1240234375
14.52,3.6986187,1.8278675,25.16122591921116,0.0,21144.95078125
14.54,3.6242077,1.8052273,25.12080423383623,0.0,21150.7775390625
14.56,3.7631836,1.8053973,25.25894913704463,0.0,21156.604296875
14.58,3.5183768,1.8525927,25.327152144794894,0.0,21162.4310546875
14.6,3.6777198,1.8536462,25.1786448259493,0.0,21168.2578125
14.62,3.8501477,1.772569,25.120082290524877,0.0,21179.82734375
14.64,3.655191,1.6916366,25.107355364912536,0.0,21191.396875
14.66,3.7016664,1.7597319,25.206537705732252,0.0,21202.96640625
14.68,3.557726,1.826912,25.407765722717368,0.0,21214.5359375
14.7,3.5718307,1.8684678,25.25800495111796,0.0,21226.10546875
14.72,3.5452375,1.8148985,25.20409683598754,0.0,21237.675
14.74,3.3856514,1.774345,25.24423451763048,0.0,21249.24453125
14.76,3.352334,1.8002974,25.360058913343593,0.0,21260.8140625
14.78,3.326642,1.8532504,25.286202614156664,0.0,21272.38359375
14.8,3.2713146,1.8374623,25.403988061172104,0.0,21283.953125
14.82,3.0878372,1.8493452,25.346569817258086,0.0,21259.475
14.84,3.1395864,1.8250926,25.480674473079276,0.0,21234.996875
14.86,3.023116,1.8950139,25.498659468573685,0.0,21210.51875
14.88,3.0155306,1.8451438,25.468406835264897,0.0,21186.040625
14.9,3.2040956,1.8239973,25.375895226548096,0.0,21161.5625
14.92,3.2995698,1.8772986,25.27958971492407,0.0,21137.084375
14.94,3.312651,1.774696,25.290040957459397,0.0,21112.60625
14.96,3.4184742,1.8601136,25.4686170298124,0.0,21088.128125
14.98,3.2923388,1.8438635,25.390115773230526,0.0,21063.65
15.0,3.3025103,1.806129,25.38591445919153,0.0,21039.171875
15.02,3.427627,1.8001704,25.51084128819447,0.0,21025.207421875
15.04,3.3923748,1.8590593,25.232447873545865,0.0,21011.24296875
15.06,3.4361129,1.7921741,25.169060796077247,0.0,20997.278515625
15.08,3.4759917,1.8342624,25.16331269233795,0.0,20983.3140625
15.1,3.5102057,1.8036542,25.311270234144928,0.0,20969.349609375
15.12,3.6317062,1.7167252,25.202580241849226,0.0,20955.38515625
15.14,3.4121766,1.7630194,25.219749420056484,0.0,20941.420703125
15.16,3.262649,1.6738033,25.242294144689698,0.0,20927.45625
15.18,3.2003746,1.716873,25.303631909244157,0.0,20913.491796875
15.2,3.1027856,1.770311,25.095651399869435,0.0,20899.52734375
15.22,2.9900746,1.7400538,25.031308972893154,0.0,20900.458203125
15.24,3.3254185,1.7613219,25.093459269562285,0.0,20901.3890625
15.26,3.408802,1.9053931,25.085709943111336,0.0,20902.319921875
15.28,3.362324,1.7579633,25.104628834305075,0.0,20903.25078125
15.3,3.4496536,1.7669202,25.113161729850102,0.0,20904.181640625
15.32,3.387059,1.7673519,25.073525955040914,0.0,20905.1125
15.34,3.5061958,1.7200266,25.01658204171873,0.0,20906.043359375
15.36,3.3080328,1.8818018,25.057336299243236,0.0,20906.97421875
15.38,3.2213926,1.7697936,25.13613421084581,0.0,20907.905078125
15.4,3.1824703,1.8095075,25.008203484891787,0.0,20908.8359375
15.42,3.2725046,1.8642145,25.059394953158996,0.0,20931.7296875
15.44,3.1452656,1.8270097,25.11686498780261,0.0,20954.6234375
15.46,3.1662087,1.8438277,25.15292471437043,0.0,20977.5171875
15.48,3.5324252,1.8013098,25.191303648483483,0.0,21000.4109375
15.5,3.4014103,1.810318,25.167992634770442,0.0,21023.3046875
15.52,3.3013663,1.7348303,25.25919062384515,0.0,21046.1984375
15.54,3.1387901,1.9325933,25.21173062460404,0.0,21069.0921875
15.56,3.1205325,1.7949046,25.208460617743626,0.0,21091.9859375
15.58,3.2492952,1.7973487,25.29005930808748,0.0,21114.8796875
15.6,3.2216997,1.817436,25.270804932082843,0.0,21137.7734375
15.62,3.1634722,1.8136214,25.22570456343384,0.0,21124.876171875
15.64,3.038268,1.8198435,25.260139973701598,0.0,21111.97890625
15.66,3.2467537,1.8349342,25.141888972561148,0.0,21099.081640625
15.68,2.9956877,1.7370472,25.215933486216507,0.0,21086.184375
15.7,2.9932613,1.7624483,25.27649678867978,0.0,21073.287109375
15.72,3.0815806,1.7146899,25.29814279295249,0.0,21060.38984375
15.74,3.1491256,1.7767777,25.1955893886433,0.0,21047.492578125
15.76,2.9170785,1.7751836,25.34664694523364,0.0,21034.5953125
15.78,3.1209798,1.7871855,25.353638814650576,0.0,21021.698046875
15.8,2.9987907,1.7688336,25.275243651867797,0.0,21008.80078125
15.82,2.8872948,1.791656,25.304471461584832,0.0,21010.2498046875
15.84,2.8274858,1.8069302,25.18062930592299,0.0,21011.698828125
15.86,2.9959397,1.8353187,25.055903155153437,0.0,21013.1478515625
15.88,2.99912,1.8378799,25.140368362921745,0.0,21014.596875
15.9,3.140975,1.8328847,25.06728164421494,0.0,21016.0458984375
15.92,3.307804,1.8299365,24.923249240791915,0.0,21017.494921875
15.94,3.334147,1.7972559,25.05905661678749,0.0,21018.9439453125
15.96,3.409484,1.7804122,25.195518972219716,0.0,21020.39296875
15.98,3.3415833,1.7718496,25.172759035775446,0.0,21021.8419921875
16.0,3.3216405,1.7689495,25.12469031185332,0.0,21023.291015625
16.02,3.3106675,1.8213557,25.325513726685713,0.0,20996.9818359375
16.04,3.5084999,1.7457379,25.23313018124324,0.0,20970.67265625
16.06,3.564304,1.7899339,25.36662241369088,0.0,20944.3634765625
16.08,3.3483605,1.7389911,25.406413977394067,0.0,20918.054296875
16.1,3.0919194,1.7706507,25.369125033571507,0.0,20891.7451171875
16.12,3.233388,1.7758471,25.386775594020882,0.0,20865.4359375
16.14,2.9439163,1.7554461,25.416213555403356,0.0,20839.1267578125
16.16,2.9793825,1.7082891,25.324451863316174,0.0,20812.817578125
16.18,3.0312386,1.778441,25.37859825899231,0.0,20786.5083984375
16.2,3.1214638,1.8554673,25.43677190281512,0.0,20760.19921875
16.22,2.8770494,1.724406,25.286277339901545,0.2,20778.9751953125
16.24,2.943482,1.7215807,25.321415064786862,0.4,20797.751171875
16.26,3.1030104,1.792851,25.278554799600283,0.6000000000000001,20816.5271484375
16.28,2.940854,1.7801625,25.24528414407746,0.8,20835.303125
16.3,2.9374526,1.7636955,25.30411973915512,1.0,20854.0791015625
16.32,3.0530596,1.8007468,25.401103645180147,0.8,20872.855078125
16.34,3.1882915,1.8838449,25.336194153750142,0.6,20891.6310546875
16.36,3.2308521,1.8538505,25.418737637646586,0.3999999999999999,20910.40703125
16.38,3.2174206,1.7766035,25.46598431909331,0.19999999999999996,20929.1830078125
16.4,3.3681622,1.8254137,25.496028928388665,0.0,20947.958984375
16.42,3.233514,1.8928678,25.380711194053312,0.0,20942.125390625
16.44,3.2710478,1.8582385,25.51191078267463,0.0,20936.291796875
16.46,3.034037,1.8890038,25.521049973253533,0.0,20930.458203125
16.48,3.2113986,1.8867112,25.357189178223773,0.0,20924.624609375
16.5,3.1808991,1.8562471,25.288307299795974,0.0,20918.791015625
16.52,3.158452,1.8511553,25.266873429668326,0.0,20912.957421875
16.54,3.3204505,1.893987,25.401034230769035,0.0,20907.123828125
16.56,3.595141,1.7981445,25.330586170381743,0.0,20901.290234375
16.58,3.5223067,1.9057332,25.58225175286696,0.0,20895.456640625
16.6,3.4030676,1.8319334,25.545299439518626,0.0,20889.623046875
16.62,3.701902,1.7873133,25.374339846833287,0.0,20899.7751953125
16.64,3.8514912,1.7246199,25.424177220885078,0.0,20909.92734375
16.66,3.6724687,1.7401762,25.13808371174995,0.0,20920.0794921875
16.68,3.5610247,1.7302948,25.21267911336117,0.0,20930.231640625
16.7,3.4301362,1.732031,25.278615649440674,0.0,20940.3837890625
16.72,3.5121098,1.8234665,25.399701771303253,0.0,20950.5359375
16.74,3.6896653,1.8093603,25.351830592009,0.0,20960.6880859375
16.76,3.4921587,1.8287803,25.293364100645768,0.0,20970.840234375
16.78,3.373284,1.7477709,25.294741301551632,0.0,20980.9923828125
16.8,3.1631417,1.8176012,25.326822277448947,0.0,20991.14453125
16.82,3.2399254,1.7939761,25.178079251349974,0.0,20987.09296875
16.84,3.5427442,1.8386573,25.19424585591167,0.0,20983.04140625
16.86,3.450867,1.8259976,25.236364186382726,0.0,20978.98984375
16.88,3.5069752,1.8352705,25.209344404715537,0.0,20974.93828125
16.9,3.608262,1.796263,25.119729493115344,0.0,20970.88671875
16.92,3.7870965,1.8209052,25.12829811936134,0.0,20966.83515625
16.94,3.3243518,1.7418188,25.3078454346737,0.0,20962.78359375
16.96,3.4095523,1.7983277,25.230203510226445,0.0,20958.73203125
16.98,3.3318624,1.726624,25.13624505436134,0.0,20954.68046875
17.0,3.086444,1.7552192,25.151325395355997,0.0,20950.62890625
17.02,2.9338489,1.7184145,25.246640094020677,0.0,20940.8912109375
17.04,3.3610444,1.6654918,25.249249435279005,0.0,20931.153515625
17.06,3.2330287,1.7246598,25.32642677126024,0.0,20921.4158203125
17.08,3.3656762,1.7014014,25.464017171500938,0.0,20911.678125
17.1,3.416297,1.7606483,25.55328358397205,0.0,20901.9404296875
17.12,3.3108606,1.7527045,25.544529316169143,0.0,20892.202734375
17.14,3.037675,1.7667439,25.430420786211144,0.0,20882.4650390625
17.16,3.2290528,1.7229869,25.518894208248568,0.0,20872.72734375
17.18,3.2806654,1.8308259,25.34195728003137,0.0,20862.9896484375
17.2,3.3142123,1.7829776,25.251765724374742,0.0,20853.251953125
17.22,3.2303123,1.7735885,25.11941514069441,0.0,20843.7544921875
17.24,3.0548108,1.8678213,25.12702547021714,0.0,20834.25703125
17.26,3.076767,1.7647631,25.19243921056635,0.0,20824.7595703125
17.28,2.8762817,1.8139925,25.27365544987412,0.0,20815.262109375
17.3,3.0502596,1.816241,25.200478213663647,0.0,20805.7646484375
17.32,2.906218,1.9072677,25.198952760748966,0.0,20796.2671875
17.34,3.173324,1.8002584,25.352091886269697,0.0,20786.7697265625
17.36,3.1279004,1.8081505,25.320144561644735,0.0,20777.272265625
17.38,3.0856338,1.8086376,25.24182590422775,0.0,20767.7748046875
17.4,3.2774744,1.8644981,25.165932902042822,0.0,20758.27734375
17.42,3.2109823,1.8466383,25.144745043762704,0.0,20789.2732421875
17.44,3.342505,1.8939581,25.262622756999754,0.0,20820.269140625
17.46,3.1407342,1.848769,25.274786236131913,0.0,20851.2650390625
17.48,3.0054517,1.7779647,25.568270579763492,0.0,20882.2609375
17.5,2.769261,1.7852163,25.47538208194917,0.0,20913.2568359375
17.52,2.927085,1.7578189,25.514704481999765,0.0,20944.252734375
17.54,3.0148365,1.8509114,25.319197107400374,0.0,20975.2486328125
17.56,2.9363241,1.7536132,25.417286770360164,0.0,21006.24453125
17.58,2.9780362,1.8814983,25.29090614001536,0.0,21037.2404296875
17.6,3.0864248,1.7365651,25.208969198149696,0.0,21068.236328125
17.62,3.0733263,1.8036277,25.29761897844277,0.0,21021.662890625
17.64,2.9874098,1.7843733,25.174097350189694,0.0,20975.089453125
17.66,3.3958344,1.8959142,25.26827230766184,0.0,20928.516015625
17.68,3.1442487,1.916746,25.378954353469503,0.0,20881.942578125
17.7,3.1018863,1.7827541,25.32167362875733,0.0,20835.369140625
17.72,3.2511911,1.8345046,25.296362994620445,0.0,20788.795703125
17.74,3.4637456,1.694377,25.30515792621096,0.0,20742.222265625
17.76,3.2980542,1.811238,25.405763803532324,0.0,20695.648828125
17.78,3.3806858,1.8124115,25.24505267024268,0.0,20649.075390625
17.8,3.299975,1.7808068,25.230095651731,0.0,20602.501953125
17.82,3.3563714,1.8660928,25.316666207685547,0.0,20669.786328125
17.84,3.0926151,1.8532807,25.411083996935883,0.0,20737.070703125
17.86,3.4354532,1.7590711,25.344930569968405,0.0,20804.355078125
17.88,3.4196982,1.8344694,25.34507433462774,0.0,20871.639453125
17.9,3.433185,1.8268175,25.33449738080501,0.0,20938.923828125
17.92,3.3273408,1.8075509,25.54920886786477,0.0,21006.208203125
17.94,3.4256763,1.7630043,25.285590584062867,0.0,21073.492578125
17.96,3.3977854,1.7388952,25.21497581609694,0.0,21140.776953125
17.98,3.5338235,1.7343444,25.12829364322137,0.0,21208.061328125
18.0,3.5735393,1.7331408,25.257246232610733,0.0,21275.345703125
18.02,3.7291708,1.8362415,25.167241647804207,0.0,21273.2958984375
18.04,3.7065628,1.8684263,25.17866896720332,0.0,21271.24609375
18.06,3.6324105,1.8820201,25.312651515367644,0.0,21269.1962890625
18.08,3.808021,1.7395322,25.188884680621765,0.0,21267.146484375
18.1,3.5935073,1.6990429,25.28129087183004,0.0,21265.0966796875
18.12,3.3174376,1.8574941,25.274968943840918,0.0,21263.046875
18.14,3.391981,1.8296866,25.236587612599056,0.0,21260.9970703125
18.16,3.4475806,1.7743876,25.145110819151625,0.0,21258.947265625
18.18,3.5638964,1.8207096,25.30156471389812,0.0,21256.8974609375
18.2,3.5114145,1.784245,25.386043920142782,0.0,21254.84765625
18.22,3.3961768,1.7306758,25.239501537676666,0.0,21213.2193359375
18.24,3.3836076,1.7935774,25.354127098071366,0.0,21171.591015625
18.26,3.5778632,1.7759465,25.332737241168388,0.0,21129.9626953125
18.28,3.6318662,1.7803752,25.268558693287094,0.0,21088.334375
18.3,3.4036825,1.8587031,25.228151098321156,0.0,21046.7060546875
18.32,3.4302042,1.8549638,25.272449097292235,0.0,21005.077734375
18.34,3.6279109,1.7959982,25.391235173923725,0.0,20963.4494140625
18.36,3.9090466,1.821354,25.406086982237376,0.0,20921.82109375
18.38,3.5494814,1.7141433,25.297419472700557,0.0,20880.1927734375
18.4,3.4857109,1.7453145,25.325687394686454,0.0,20838.564453125
18.42,3.427678,1.7903969,25.3240291159754,0.0,20886.8099609375
18.44,3.5966763,1.8563733,25.247970480396077,0.0,20935.05546875
18.46,3.5078702,1.7058088,25.272062010809115,0.0,20983.3009765625
18.48,3.4000087,1.7503792,25.121929471831148,0.0,21031.546484375
18.5,3.2930274,1.6828357,25.151987111968413,0.0,21079.7919921875
18.52,3.0167255,1.8220562,25.258361074095266,0.0,21128.0375
18.54,3.2225835,1.8364813,25.434400584036414,0.0,21176.2830078125
18.56,3.1593719,1.9239936,25.46141338109699,0.0,21224.528515625
18.58,3.097723,1.8014219,25.35354244971363,0.0,21272.7740234375
18.6,3.1975033,1.8426079,25.272665180873126,0.0,21321.01953125
18.62,3.2399254,1.8427252,25.32783707805672,0.0,21311.8240234375
18.64,2.8493166,1.7911205,25.355484831284294,0.0,21302.628515625
18.66,3.1661723,1.7391112,25.517923543410795,0.0,21293.4330078125
18.68,3.3823533,1.7575388,25.41139396669501,0.0,21284.2375
18.7,3.3760402,1.71369,25.5154202820493,0.0,21275.0419921875
18.72,3.3079097,1.7238569,25.538432243998976,0.0,21265.846484375
18.74,2.9978213,1.726343,25.409095166898936,0.0,21256.6509765625
18.76,3.3542924,1.7875277,25.395625937861993,0.0,21247.45546875
18.78,3.4234357,1.7936283,25.42308043589788,0.0,21238.2599609375
18.8,3.7853618,1.7511219,25.557641695332386,0.0,21229.064453125
18.82,3.6963236,1.8144625,25.399554569571265,0.0,21243.682421875
18.84,3.80515,1.7878014,25.46151894014821,0.0,21258.300390625
18.86,3.7668738,1.7721155,25.48666486792947,0.0,21272.918359375
18.88,3.9627905,1.836211,25.443002493652106,0.0,21287.536328125
18.9,3.9588425,1.7597287,25.471706438513703,0.0,21302.154296875
18.92,3.8000903,1.789546,25.41598093526442,0.0,21316.772265625
18.94,3.6823323,1.7932265,25.53474843119879,0.0,21331.390234375
18.96,3.8000135,1.8246429,25.527283494711966,0.0,21346.008203125
18.98,3.6226835,1.7742652,25.34545092506891,0.0,21360.626171875
19.0,3.708836,1.7761185,25.532427148680075,0.0,21375.244140625
19.02,3.7397397,1.777612,25.522939226487797,0.0,21344.0404296875
19.04,3.5559607,1.7379278,25.460524713590832,0.0,21312.83671875
19.06,3.567092,1.7924981,25.522751870390646,0.0,21281.6330078125
19.08,3.630842,1.8210577,25.51709847794056,0.0,21250.429296875
19.1,3.4908435,1.7764938,25.360535761496102,0.0,21219.2255859375
19.12,3.5530498,1.8652366,25.351721449857074,0.0,21188.021875
19.14,3.3777273,1.8430911,25.312233757788192,0.0,21156.8181640625
19.16,3.364346,1.8600874,25.33906960434284,0.0,21125.614453125
19.18,3.3083315,1.8324019,25.39928156547202,0.0,21094.4107421875
19.2,3.7369099,1.7207562,25.256647163309324,0.0,21063.20703125
19.22,3.6653547,1.8343877,25.275733143854737,0.0,21064.762890625
19.24,3.7372363,1.8389684,25.271858194586404,0.0,21066.31875
19.26,3.7118437,1.8284613,25.306749093659406,0.0,21067.874609375
19.28,3.6977384,1.834731,25.073701088316966,0.0,21069.43046875
19.3,4.0096145,1.880371,25.144828042047482,0.0,21070.986328125
19.32,3.9932427,1.8333523,25.09025465139171,0.0,21072.5421875
19.34,3.7322714,1.841692,25.17414067858706,0.0,21074.098046875
19.36,3.7829194,1.8429747,25.241219623727396,0.0,21075.65390625
19.38,3.5977268,1.8871193,25.202680273610582,0.0,21077.209765625
19.4,3.3806858,1.8325931,25.265744802087443,0.0,21078.765625
19.42,3.6436749,1.9276232,25.340107609163418,0.0,21094.378125
19.44,3.5277157,1.8753664,25.2733751088928,0.0,21109.990625
19.46,3.8987577,1.6962581,25.06414925461131,0.0,21125.603125
19.48,3.8293624,1.8540865,25.065607657639696,0.0,21141.215625
19.5,3.7739038,1.805162,25.087204176792955,0.0,21156.828125
19.52,3.7660556,1.8390133,25.02387218057722,0.0,21172.440625
19.54,3.6480436,1.8799287,25.171497277715783,0.0,21188.053125
19.56,3.349298,1.8315008,25.331804839764224,0.0,21203.665625
19.58,3.3446784,1.8605931,25.42109049626948,0.0,21219.278125
19.6,3.2862244,1.8529153,25.343303168325487,0.0,21234.890625
19.62,3.10668,1.859619,25.38547567621068,0.0,21238.0529296875
19.64,3.1978488,1.8514698,25.324698802022645,0.0,21241.215234375
19.66,3.3629634,1.787063,25.339124281254882,0.0,21244.3775390625
19.68,3.544532,1.7458038,25.419909753593576,0.0,21247.53984375
19.7,3.4665303,1.8380072,25.38592169893997,0.0,21250.7021484375
19.72,3.5780098,1.8090641,25.372165290816135,0.0,21253.864453125
19.74,3.6827583,1.8262072,25.294404955949727,0.0,21257.0267578125
19.76,3.562412,1.8348418,25.374975649089855,0.0,21260.1890625
19.78,3.5530007,1.8429177,25.48069518919049,0.0,21263.3513671875
19.8,3.6541572,1.8979238,25.576784114249463,0.0,21266.513671875
19.82,3.586707,1.8442147,25.48877020675697,0.0,21245.9935546875
19.84,3.3941224,1.7262675,25.244349014984916,0.0,21225.4734375
19.86,3.3619092,1.8297172,25.26047683638148,0.0,21204.9533203125
19.88,3.756381,1.6814458,25.286598035962136,0.0,21184.433203125
19.9,3.7111235,1.7226167,25.355221142767558,0.0,21163.9130859375
19.92,3.6715345,1.7100066,25.404605231040684,0.0,21143.39296875
19.94,3.3871617,1.7223023,25.409622555808703,0.0,21122.8728515625
19.96,3.5438764,1.7669631,25.443497067431547,0.0,21102.352734375
19.98,3.2621324,1.7844462,25.354757452751056,0.0,21081.8326171875
20.0,3.3569083,1.7914267,25.409773824340473,0.0,21061.3125
20.02,3.238472,1.7808447,25.3542757137036,0.0,21068.64921875
20.04,3.2119777,1.8062967,25.37888842464929,0.0,21075.9859375
20.06,3.2088275,1.8317161,25.32542223214942,0.0,21083.32265625
20.08,3.2159748,1.749075,25.323748901313913,0.0,21090.659375
20.1,3.3731117,1.7462994,25.421256527747616,0.0,21097.99609375
20.12,3.3206604,1.739487,25.247286828634813,0.0,21105.3328125
20.14,3.3437917,1.7513757,25.459686015418054,0.0,21112.66953125
20.16,3.392615,1.711161,25.286186366330043,0.0,21120.00625
20.18,3.2456973,1.7538916,25.35855150501801,0.0,21127.34296875
20.2,3.4136415,1.7382071,25.269827715463855,0.0,21134.6796875
20.22,3.3808923,1.7790986,25.298563801374094,0.0,21094.6154296875
20.24,3.1891847,1.761763,25.29761042247084,0.0,21054.551171875
20.26,3.0572453,1.72957,25.29708515450792,0.0,21014.4869140625
20.28,3.4275084,1.7540643,25.294261228312966,0.0,20974.42265625
20.3,3.3398433,1.7611284,25.421679912928653,0.0,20934.3583984375
20.32,3.2940865,1.7162635,25.43192345578955,0.0,20894.294140625
20.34,2.9217176,1.732545,25.460866783854858,0.0,20854.2298828125
20.36,3.0797505,1.7870952,25.3949223002185,0.0,20814.165625
20.38,3.212195,1.8420058,25.153488224652392,0.0,20774.1013671875
20.4,3.3994958,1.7329068,25.081425053880917,0.0,20734.037109375
20.42,3.0769558,1.6909575,25.23580008287075,0.0,20753.1728515625
20.44,3.0161667,1.7494761,25.547504800811534,0.0,20772.30859375
20.46,3.2208874,1.714496,25.309950408657386,0.0,20791.4443359375
20.48,3.3264322,1.748249,25.158955997161687,0.0,20810.580078125
20.5,3.160586,1.7744344,25.423188927434417,0.0,20829.7158203125
20.52,3.2587628,1.7487006,25.423790798278937,0.0,20848.8515625
20.54,3.112979,1.8649523,25.4511669588419,0.0,20867.9873046875
20.56,3.3809266,1.860082,25.404536733094545,0.0,20887.123046875
20.58,3.2925508,1.9023765,25.16239268148823,0.0,20906.2587890625
20.6,3.2383463,1.838079,25.240333268845603,0.0,20925.39453125
20.62,3.7468674,1.8537242,25.204414882676076,0.0,20916.858984375
20.64,3.4920092,1.857133,25.43577925068638,0.0,20908.3234375
20.66,3.3847756,1.8474454,25.397827574702273,0.0,20899.787890625
20.68,3.4931574,1.8021053,25.292166945324833,0.0,20891.25234375
20.7,3.5576115,1.7503047,25.377229853964124,0.0,20882.716796875
20.72,3.942466,1.8130746,25.264152877156384,0.0,20874.18125
20.74,3.856815,1.7454665,25.437462822576432,0.0,20865.645703125
20.76,3.5965471,1.7939848,25.24404406816589,0.0,20857.11015625
20.78,3.6633878,1.7825158,25.47507346774311,0.0,20848.574609375
20.8,3.8418956,1.8054222,25.3757786907568,0.0,20840.0390625
20.82,3.8070745,1.7978722,25.499395485241575,0.0,20864.834375
20.84,3.6380873,1.804656,25.543358931341707,0.0,20889.6296875
20.86,3.555454,1.8189385,25.4741691449858,0.0,20914.425
20.88,3.4393091,1.8435067,25.41392646603288,0.0,20939.2203125
20.9,3.5545218,1.7626472,25.338175695078085,0.0,20964.015625
20.92,3.61912,1.7456119,25.35858443909676,0.0,20988.8109375
20.94,3.4533927,1.8089182,25.365091011265438,0.0,21013.60625
20.96,3.4033065,1.7358186,25.21645148913735,0.0,21038.4015625
20.98,3.4514902,1.8085601,25.32221182069033,0.0,21063.196875
21.0,3.6116595,1.6256665,25.31085004162697,0.0,21087.9921875
21.02,3.3374581,1.7580009,25.337884489161965,0.0,21060.55859375
21.04,3.419681,1.8059139,25.133932507994714,0.0,21033.125
21.06,3.5893316,1.8145576,25.22746446814219,0.0,21005.69140625
21.08,3.9505818,1.7253208,25.053606486881243,0.0,20978.2578125
21.1,3.9722693,1.8472025,25.275106806833804,0.0,20950.82421875
21.12,4.0385914,1.829587,25.24659319231744,0.0,20923.390625
21.14,3.6669562,1.8773959,25.310705226676763,0.0,20895.95703125
21.16,3.685914,1.8322611,25.245645060188522,0.0,20868.5234375
21.18,3.6711547,1.8339977,25.287343022086155,0.0,20841.08984375
21.2,3.3871963,1.8145971,25.211434904811515,0.0,20813.65625
21.22,3.5270236,1.8337271,25.13147432228535,0.0,20818.7927734375
21.24,3.3297334,1.8769072,25.183027260904275,0.0,20823.929296875
21.26,3.243691,1.8737639,25.195227568325972,0.0,20829.0658203125
21.28,3.570659,1.8481908,25.246851775668226,0.0,20834.20234375
21.3,3.3782263,1.8029954,25.59805755579468,0.0,20839.3388671875
21.32,3.4144588,1.7581595,25.367636692378177,0.0,20844.475390625
21.34,3.383006,1.7067056,25.347201677881475,0.0,20849.6119140625
21.36,3.5712612,1.8161986,25.42034922666765,0.0,20854.7484375
21.38,3.521432,1.7093658,25.423784190966433,0.0,20859.8849609375
21.4,3.4415221,1.7782888,25.53480596850133,0.0,20865.021484375
21.42,3.3989143,1.8209774,25.473061665074248,0.0,20882.1943359375
21.44,3.4469736,1.8354731,25.467956986703243,0.0,20899.3671875
21.46,3.2902193,1.8982267,25.364044077123555,0.0,20916.5400390625
21.48,3.2297368,1.8825215,25.460757043694468,0.0,20933.712890625
21.5,3.0370626,1.8891597,25.515496752005525,0.0,20950.8857421875
21.52,3.1931374,1.8811585,25.53417402022375,0.0,20968.05859375
21.54,3.1758878,1.8258247,25.56385901451796,0.0,20985.2314453125
21.56,3.438954,1.8608863,25.506075034174675,0.0,21002.404296875
21.58,2.9728591,1.8354523,25.5951336173662,0.0,21019.5771484375
21.6,3.288682,1.880001,25.714002472073076,0.0,21036.75
21.62,3.2110908,1.8336536,25.665029927533368,0.0,21047.1759765625
21.64,3.2620432,1.8995037,25.434649826638452,0.0,21057.601953125
21.66,3.0696929,1.8410445,25.568513479713097,0.0,21068.0279296875
21.68,3.0916376,1.870916,25.526885938796205,0.0,21078.45390625
21.7,3.3389206,1.7274094,25.383059277150846,0.0,21088.8798828125
21.72,3.3058705,1.8244376,25.452258181693246,0.0,21099.305859375
21.74,3.1080267,1.7532821,25.429558163264204,0.0,21109.7318359375
21.76,3.2225475,1.7501861,25.418481505048575,0.0,21120.1578125
21.78,3.0998616,1.7608298,25.450770326550778,0.0,21130.5837890625
21.8,2.9604757,1.7712686,25.44092483513377,0.0,21141.009765625
21.82,3.18758,1.8551292,25.339986091828393,0.0,21087.5765625
21.84,2.8880396,1.9620688,25.22017382664124,0.0,21034.143359375
21.86,2.9032362,1.8427014,25.351069481087993,0.0,20980.71015625
21.88,2.9405775,1.7498312,25.227915030735566,0.0,20927.276953125
21.9,2.9687304,1.8006729,25.235236301066003,0.0,20873.84375
21.92,2.8736532,1.8138666,25.15418108647434,0.0,20820.410546875
21.94,2.8423514,1.8768137,25.289637258310492,0.0,20766.97734375
21.96,2.685544,1.9177847,25.405053884051895,0.0,20713.544140625
21.98,2.723629,1.7475783,25.303726646384142,0.0,20660.1109375
22.0,2.6906471,1.7635388,25.29798659982773,0.0,20606.677734375
22.02,2.7051263,1.8793333,25.439815949510432,0.0,20649.4828125
22.04,2.878645,1.8936871,25.24854403835558,0.0,20692.287890625
22.06,2.677176,1.8269182,25.26592196873249,0.0,20735.09296875
22.08,2.8692806,1.8028134,25.38288784515352,0.0,20777.898046875
22.1,2.663571,1.7636526,25.62279369836929,0.0,20820.703125
22.12,2.6966467,1.88522,25.54239998756829,0.0,20863.508203125
22.14,2.7334075,1.8275576,25.59820440031928,0.0,20906.31328125
22.16,2.651212,1.8414217,25.609356134644607,0.0,20949.118359375
22.18,3.1400123,1.8770163,25.57438625822343,0.0,20991.9234375
22.2,2.9607701,1.9288887,25.62859962772068,0.0,21034.728515625
22.22,2.794877,1.9369506,25.540547015265,0.0,21046.3435546875
22.24,2.6796503,1.8560243,25.66403014391705,0.0,21057.95859375
22.26,2.5307357,1.7148411,25.563888119845736,0.0,21069.5736328125
22.28,2.7169406,1.7559541,25.547405061528966,0.0,21081.188671875
22.3,2.710643,1.863821,25.590501239093943,0.0,21092.8037109375
22.32,2.6733518,1.830617,25.667360351111004,0.0,21104.41875
22.34,2.7952929,1.9111954,25.60576642156046,0.0,21116.0337890625
22.36,2.8408585,1.9071044,25.54736662099568,0.0,21127.648828125
22.38,2.91662,1.8226212,25.563826011651823,0.0,21139.2638671875
22.4,3.0571315,1.833532,25.6584035591019,0.0,21150.87890625
22.42,2.7878175,1.8796997,25.586920443982514,0.0,21144.631640625
22.44,2.7148218,1.8128,25.492984778694357,0.0,21138.384375
22.46,2.847521,1.8395128,25.487777553745158,0.0,21132.137109375
22.48,2.6893077,1.7937167,25.609831792357088,0.0,21125.88984375
22.5,2.5596037,1.8142926,25.77117647249572,0.0,21119.642578125
22.52,2.5306437,1.8156509,25.674217009862307,0.0,21113.3953125
22.54,2.5577412,1.7916764,25.66310898520431,0.0,21107.148046875
22.56,2.6323547,1.779384,25.524891048894606,0.0,21100.90078125
22.58,2.5032995,1.7848824,25.510526094883904,0.0,21094.653515625
22.6,2.6128502,1.8515493,25.50035158536037,0.0,21088.40625
22.62,2.5326414,1.8778021,25.5401896862099,0.0,21081.03046875
22.64,2.6346505,1.828532,25.640127045546585,0.0,21073.6546875
22.66,2.6501813,1.8859172,25.585486446715038,0.0,21066.27890625
22.68,2.5596266,1.851638,25.518093322461386,0.0,21058.903125
22.7,2.595999,1.902039,25.56984291373324,0.0,21051.52734375
22.72,2.7950227,1.873882,25.67703709608033,0.0,21044.1515625
22.74,2.6864314,1.8125191,25.49077952784108,0.0,21036.77578125
22.76,2.6911445,1.8807678,25.763930149584304,0.0,21029.4
22.78,2.6777623,1.8118435,25.51369304088725,0.0,21022.02421875
22.8,2.691922,1.8107797,25.437754919739138,0.0,21014.6484375
22.82,2.6480749,1.8170601,25.51741377474965,0.0,21047.53671875
22.84,2.7393556,1.8398407,25.586357303502968,0.0,21080.425
22.86,2.6669514,1.8149556,25.418571693828845,0.0,21113.31328125
22.88,2.7286398,1.8510909,25.48464582905844,0.0,21146.2015625
22.9,2.6921592,1.807561,25.345349207555437,0.0,21179.08984375
22.92,2.4640975,1.831647,25.497675442980633,0.0,21211.978125
22.94,2.4571288,1.7623479,25.421322573835564,0.0,21244.86640625
22.96,2.66368,1.7909749,25.29158830135263,0.0,21277.7546875
22.98,2.5958424,1.8279964,25.549651777241383,0.0,21310.64296875
23.0,2.650905,1.769831,25.63154889793727,0.0,21343.53125
23.02,2.7963116,1.8426901,25.735885972920023,0.0,21312.3443359375
23.04,2.5214388,1.7503889,25.595189892658755,0.0,21281.157421875
23.06,2.618628,1.7252434,25.638916409369283,0.0,21249.9705078125
23.08,2.738167,1.8465927,25.752427823918097,0.0,21218.78359375
23.1,2.5992885,1.8035352,25.825252407157734,0.0,21187.5966796875
23.12,2.558309,1.8051643,25.825497948070538,0.0,21156.409765625
23.14,2.4670682,1.8008308,25.860531231784144,0.0,21125.2228515625
23.16,2.4840217,1.737375,25.576782828967875,0.0,21094.0359375
23.18,2.5374565,1.8171744,25.58055992930911,0.0,21062.8490234375
23.2,2.323674,1.8002903,25.672568072650645,0.0,21031.662109375
23.22,2.2773583,1.7652454,25.685833280732645,0.0,21089.2916015625
23.24,2.1186552,1.7797362,25.55697314252648,0.0,21146.92109375
23.26,2.1376114,1.8526254,25.597044163599865,0.0,21204.5505859375
23.28,2.2112603,1.8308959,25.411443674583836,0.0,21262.180078125
23.3,2.0661495,1.8170763,25.579986341324634,0.0,21319.8095703125
23.32,2.3644423,1.8608193,25.5297812925792,0.0,21377.4390625
23.34,2.3945146,1.8010365,25.54061028667335,0.0,21435.0685546875
23.36,2.5628946,1.802916,25.481986459830985,0.0,21492.698046875
23.38,2.565615,1.8766904,25.476568740149048,0.0,21550.3275390625
23.4,2.5256312,1.888801,25.474490031731225,0.0,21607.95703125
23.42,2.736808,1.9203507,25.620600815437356,0.0,21546.6767578125
23.44,2.686561,1.8064815,25.599263194377787,0.0,21485.396484375
23.46,2.5071743,1.7966986,25.62460489269381,0.0,21424.1162109375
23.48,2.4747374,1.8879685,25.690781828024377,0.0,21362.8359375
23.5,2.550686,1.8085314,25.7186457481777,0.0,21301.5556640625
23.52,2.5561497,1.8380439,25.68661739248863,0.0,21240.275390625
23.54,2.648777,1.7946476,25.607283638117817,0.0,21178.9951171875
23.56,2.6716337,1.8126338,25.596967770192354,0.0,21117.71484375
23.58,2.6740909,1.7740843,25.626052760518604,0.0,21056.4345703125
23.6,2.8046765,1.7647035,25.5751563817988,0.0,20995.154296875
23.62,2.761294,1.8016508,25.70306022672433,0.0,21037.94921875
23.64,2.491592,1.7505379,25.536917522238795,0.0,21080.744140625
23.66,2.5736907,1.8182762,25.676913336594644,0.0,21123.5390625
23.68,2.6442525,1.8198929,25.828985504265578,0.0,21166.333984375
23.7,2.266664,1.8232496,25.815147088743448,0.0,21209.12890625
23.72,2.1952984,1.7879167,25.809228147097727,0.0,21251.923828125
23.74,2.1607366,1.7666607,25.956219879054068,0.0,21294.71875
23.76,2.1574788,1.7677867,25.798353211798247,0.0,21337.513671875
23.78,2.0912333,1.8131374,25.921745853025044,0.0,21380.30859375
23.8,2.2598834,1.7581786,25.942521087925353,0.0,21423.103515625
23.82,2.268894,1.832613,25.931778053206486,0.0,21391.3015625
23.84,2.3974988,1.7645016,26.004128956446152,0.0,21359.499609375
23.86,2.6077507,1.7484986,25.976265060109522,0.0,21327.69765625
23.88,2.3697958,1.7870702,25.82541520108463,0.0,21295.895703125
23.9,2.5216465,1.8476905,26.00747529558751,0.0,21264.09375
23.92,2.6468673,1.83569,26.062747681841728,0.0,21232.291796875
23.94,2.6038022,1.838671,25.989769028578845,0.0,21200.48984375
23.96,2.9180746,1.8914181,26.136640626065176,0.0,21168.687890625
23.98,3.0158582,1.7778598,26.235313390894838,0.0,21136.8859375
24.0,2.92905,1.7940521,26.210031905999163,0.0,21105.083984375
24.02,2.596447,1.8662988,26.043086856480897,0.0,21147.71796875
24.04,2.5130334,1.8132393,25.965079148388305,0.0,21190.351953125
24.06,2.543497,1.8589485,25.883680342917273,0.0,21232.9859375
24.08,2.5233288,1.777088,25.93841456161786,0.0,21275.619921875
24.1,2.3046844,1.9034337,25.92840214262756,0.0,21318.25390625
24.12,2.114618,1.683882,26.006191796603503,0.0,21360.887890625
24.14,2.1225202,1.8681006,25.940446516252315,0.0,21403.521875
24.16,2.5010228,1.8442041,25.915683646511688,0.0,21446.155859375
24.18,2.2062335,1.9414836,26.018397559350692,0.0,21488.78984375
24.2,2.3663347,1.824533,26.026137890432043,0.0,21531.423828125
24.22,2.5789027,1.826241,25.930207092715154,0.0,21521.5072265625
24.24,2.405849,1.8455648,25.987593776442054,0.0,21511.590625
24.26,2.5764222,1.8352361,25.96193659097439,0.0,21501.6740234375
24.28,2.3034482,1.8962663,25.988710260791162,0.0,21491.757421875
24.3,2.4962072,1.8862853,25.84719713535478,0.0,21481.8408203125
24.32,2.388365,1.7303605,25.71059528163893,0.0,21471.92421875
24.34,2.5065484,1.7506291,25.86294973635543,0.0,21462.0076171875
24.36,2.522545,1.8194419,25.78000203579773,0.0,21452.091015625
24.38,2.7600515,1.7966713,25.665120880830948,0.0,21442.1744140625
24.4,2.5614655,1.7743087,25.65048795203051,0.0,21432.2578125
24.42,2.6723948,1.6935532,25.46958577125229,0.0,21406.2587890625
24.44,2.6263857,1.8432928,25.479503784390026,0.0,21380.259765625
24.46,2.6452637,1.8175625,25.485734911001057,0.0,21354.2607421875
24.48,2.8118591,1.7674361,25.634689621447052,0.0,21328.26171875
24.5,2.867254,1.7021718,25.713278536833357,0.0,21302.2626953125
24.52,2.3594217,1.7469932,25.726067396307077,0.0,21276.263671875
24.54,2.2069712,1.8090516,25.802637670224414,0.0,21250.2646484375
24.56,2.2223783,1.7933171,25.752228867548528,0.0,21224.265625
24.58,2.304533,1.872059,25.953622738693003,0.0,21198.2666015625
24.6,2.4230149,1.8460245,26.078222975103248,0.0,21172.267578125
24.62,2.2410016,1.8042824,26.01681008011509,0.0,21259.53203125
24.64,2.3118865,1.8024695,25.997545803905524,0.0,21346.796484375
24.66,2.2827885,1.8316355,25.956717187050987,0.0,21434.0609375
24.68,2.4284785,1.8459152,26.08191461635043,0.0,21521.325390625
24.7,2.148299,1.7888234,26.135095214224723,0.0,21608.58984375
24.72,2.0005405,1.8398224,25.986658907970195,0.0,21695.854296875
24.74,2.2000597,1.813896,26.08802951266954,0.0,21783.11875
24.76,2.26212,1.8500943,26.05066227646634,0.0,21870.383203125
24.78,2.1610863,1.8481315,25.94488015071445,0.0,21957.64765625
24.8,2.201354,1.805743,26.154501518715314,0.0,22044.912109375
24.82,2.086586,1.7989529,26.041689048518933,0.0,21984.3447265625
24.84,2.0338526,1.7797599,25.979194561666787,0.0,21923.77734375
24.86,2.0420103,1.8145964,25.825508819695735,0.0,21863.2099609375
24.88,2.183883,1.7377664,25.76602049028912,0.0,21802.642578125
24.9,2.2367697,1.792027,25.856333921435855,0.0,21742.0751953125
24.92,2.1184082,1.8369601,25.78124069481957,0.0,21681.5078125
24.94,2.088563,1.8408519,25.67811745209399,0.0,21620.9404296875
24.96,2.0534217,1.8471692,25.614775700307586,0.0,21560.373046875
24.98,2.0503905,1.7381239,25.819011502169992,0.0,21499.8056640625
25.0,2.031765,1.7982981,25.652326598389863,0.0,21439.23828125
25.02,2.1344547,1.8683019,25.526073112089772,0.0,21422.255078125
25.04,2.5270808,1.869693,25.574452481537037,0.0,21405.271875
25.06,2.4750664,1.8512425,25.560107616268404,0.0,21388.288671875
25.08,2.5419197,1.8213518,25.534730768252963,0.0,21371.30546875
25.1,2.323824,1.8157452,25.547031729190756,0.0,21354.322265625
25.12,2.4348133,1.868094,25.502183940932433,0.0,21337.3390625
25.14,2.4916854,1.7918713,25.638778198405085,0.0,21320.355859375
25.16,2.76384,1.8610454,25.73455872847635,0.0,21303.37265625
25.18,2.7773933,1.8325188,25.702169263108114,0.0,21286.389453125
25.2,2.4101458,1.8712443,25.652117945202694,0.0,21269.40625
25.22,2.4579093,1.8938909,25.735069377307354,0.0,21284.2978515625
25.24,2.6469111,1.7813091,25.793215632102697,0.0,21299.189453125
25.26,2.8178067,1.851669,25.738045497674385,0.0,21314.0810546875
25.28,2.8517435,1.8250741,25.800343809813672,0.0,21328.97265625
25.3,2.6727428,1.8756528,25.72800355853087,0.0,21343.8642578125
25.32,2.4707646,1.9506835,25.85035695053332,0.2,21358.755859375
25.34,2.3132691,1.8057392,25.80440513830745,0.4,21373.6474609375
25.36,2.4020286,1.7843385,25.813189218154015,0.6000000000000001,21388.5390625
25.38,2.4884171,1.7784442,25.84123730850226,0.8,21403.4306640625
25.4,2.3817115,1.8234859,25.811599172990256,1.0,21418.322265625
25.42,2.225593,1.7252265,25.66249394446058,1.0,21352.852734375
25.44,2.3504617,1.7886101,25.694469244295316,1.0,21287.383203125
25.46,2.5834742,1.7066866,25.792295525307708,1.0,21221.913671875
25.48,2.521416,1.7083607,25.746006234997566,1.0,21156.444140625
25.5,2.5297937,1.7832881,25.68910525201111,1.0,21090.974609375
25.52,2.3626225,1.8109097,25.742361364789087,0.8,21025.505078125
25.54,2.6526368,1.8037062,25.820732541722457,0.6,20960.035546875
25.56,2.647877,1.844163,25.769874143815326,0.3999999999999999,20894.566015625
25.58,2.5407987,1.8681616,25.69256137636109,0.19999999999999996,20829.096484375
25.6,2.6723948,1.815155,25.70839680354622,0.0,20763.626953125
25.62,2.4564662,1.7920012,25.937934778458782,0.0,20814.586328125
25.64,2.4168415,1.8048357,25.847903339584324,0.0,20865.545703125
25.66,2.486501,1.7781264,25.8652641540803,0.0,20916.505078125
25.68,2.590597,1.905589,26.036680585109572,0.0,20967.464453125
25.7,2.6188054,1.8689203,26.109351751404937,0.0,21018.423828125
25.72,2.648141,1.8554717,26.10533183161209,0.0,21069.383203125
25.74,2.5821016,1.827879,25.912392926561324,0.0,21120.342578125
25.76,2.6211574,1.8977413,25.939677539930692,0.0,21171.301953125
25.78,2.4655364,1.8150578,25.9610520098897,0.0,21222.261328125
25.8,2.6563594,1.8231497,25.904775917294405,0.0,21273.220703125
25.82,2.5046463,1.7399668,26.12065134847184,0.0,21262.7919921875
25.84,2.656622,1.835946,26.026818713668657,0.0,21252.36328125
25.86,2.6551337,1.7717435,26.035295133864658,0.0,21241.9345703125
25.88,2.4633663,1.8971152,26.095423292011706,0.0,21231.505859375
25.9,2.315655,1.8362997,25.847135515262792,0.0,21221.0771484375
25.92,2.5627813,1.8704873,26.010220861269566,0.0,21210.6484375
25.94,2.647921,1.8615578,25.748796240861953,0.0,21200.2197265625
25.96,2.4310143,1.9392574,25.763585440174598,0.0,21189.791015625
25.98,2.638751,1.8786309,25.876014988733417,0.0,21179.3623046875
26.0,2.343105,1.8592594,25.797811134944144,0.0,21168.93359375
26.02,2.2859948,1.7680154,25.996515813285498,0.0,21199.317578125
26.04,2.4317555,1.8223133,25.88934504543186,0.0,21229.7015625
26.06,2.4123878,1.8086641,25.80780837298237,0.0,21260.085546875
26.08,2.2012482,1.7822813,25.789451549647097,0.0,21290.46953125
26.1,2.3961892,1.8161337,25.710370234437473,0.0,21320.853515625
26.12,2.5089593,1.8770363,25.79562104877173,0.0,21351.2375
26.14,2.2117333,1.8277931,25.835851663317705,0.0,21381.621484375
26.16,2.2988253,1.8800168,25.930058005059713,0.0,21412.00546875
26.18,2.3400269,1.8288064,26.073568062706958,0.0,21442.389453125
26.2,2.5302532,1.8364949,26.057787601913507,0.0,21472.7734375
26.22,2.4963002,1.8811101,26.046004769923968,0.0,21451.0603515625
26.24,2.2620945,1.8838412,26.057733620333572,0.0,21429.347265625
26.26,2.3073814,1.9401084,26.095152300878585,0.0,21407.6341796875
26.28,2.3385606,1.8545933,25.88869965058845,0.0,21385.92109375
26.3,2.1876862,1.8026376,25.791699646421755,0.0,21364.2080078125
26.32,2.1167336,1.7797418,25.800285186472696,0.0,21342.494921875
26.34,1.9260776,1.7307706,25.756283988788965,0.0,21320.7818359375
26.36,2.0691576,1.8584466,25.747572805023808,0.0,21299.06875
26.38,2.069579,1.8110151,25.615925865287487,0.0,21277.3556640625
26.4,2.1274443,1.8928583,25.83919083509619,0.0,21255.642578125
26.42,2.221541,1.7923174,25.848205451322833,0.0,21264.165234375
26.44,2.3895087,1.8436313,25.861770240917505,0.0,21272.687890625
26.46,2.4372234,1.8385817,25.969890738471555,0.0,21281.210546875
26.48,2.472035,1.7818862,26.018975682052154,0.0,21289.733203125
26.5,2.4602258,1.812314,25.924171942119333,0.0,21298.255859375
26.52,2.5413706,1.9487169,25.991422164011095,0.0,21306.778515625
26.54,2.2693038,1.9096435,25.95155400696791,0.0,21315.301171875
26.56,2.1292467,1.8856962,26.056283597919425,0.0,21323.823828125
26.58,2.1662445,1.8361247,26.103389790603366,0.0,21332.346484375
26.6,2.1401117,1.8994468,26.252113233911984,0.0,21340.869140625
26.62,2.0161123,1.8542053,26.076732449200012,0.0,21345.524609375
26.64,2.0371935,1.8955873,26.004782728309888,0.0,21350.180078125
26.66,2.1105459,1.908313,26.023648863458128,0.0,21354.835546875
26.68,2.1129131,1.9061173,26.131081059828055,0.0,21359.491015625
26.7,2.0712914,1.9022262,26.07067704879377,0.0,21364.146484375
26.72,1.852042,1.9477465,25.958781381043373,0.2,21368.801953125
26.74,1.7604189,1.877404,25.859926227571957,0.4,21373.457421875
26.76,1.858684,1.8940766,25.913433870428317,0.6000000000000001,21378.112890625
26.78,1.7718397,1.8238242,26.02055723264209,0.8,21382.768359375
26.8,1.8182765,1.7650213,26.12541264171344,1.0,21387.423828125
26.82,1.810684,1.8381643,25.932744373400233,0.8,21378.3515625
26.84,1.9289124,1.7851205,25.914106970887552,0.6,21369.279296875
26.86,1.8708723,1.8125756,25.933194985141625,0.3999999999999999,21360.20703125
26.88,1.9852859,1.7030704,25.975052570904893,0.19999999999999996,21351.134765625
26.9,1.9178511,1.7775323,25.90424281824124,0.0,21342.0625
26.92,1.8174131,1.786479,25.8898899246,0.0,21332.990234375
26.94,1.9115669,1.8432997,25.965886333588774,0.0,21323.91796875
26.96,1.8997009,1.8460237,25.95034362593899,0.0,21314.845703125
26.98,1.769903,1.9312161,25.95739355062723,0.0,21305.7734375
27.0,1.7386229,1.7724906,25.878458044793966,0.0,21296.701171875
27.02,1.7210145,1.7017771,25.852751792918735,0.0,21281.3630859375
27.04,1.7791079,1.8342624,25.8641102020919,0.0,21266.025
27.06,1.9600325,1.7355925,26.00197067524565,0.0,21250.6869140625
27.08,1.7672079,1.7748319,25.973819682099325,0.0,21235.348828125
27.1,1.9982147,1.778661,25.9790431642411,0.0,21220.0107421875
27.12,2.1515434,1.9058893,26.04647712610403,0.0,21204.67265625
27.14,1.7868346,1.8289851,25.869308900786564,0.0,21189.3345703125
27.16,1.8328598,1.8587282,26.051589887445566,0.0,21173.996484375
27.18,1.8172851,1.9286342,26.06895659549781,0.0,21158.6583984375
27.2,1.9895853,1.7532598,26.10126844329303,0.0,21143.3203125
27.22,1.9633807,1.7915034,25.989306539700948,0.0,21171.396484375
27.24,1.9833524,1.7025532,26.01596790174206,0.0,21199.47265625
27.26,1.8804175,1.8303871,26.038437682230455,0.0,21227.548828125
27.28,1.7957261,1.8151867,25.9275967462146,0.0,21255.625
27.3,1.7880703,1.7483885,25.995973508714435,0.0,21283.701171875
27.32,2.1051683,1.8937345,25.934960701089157,0.0,21311.77734375
27.34,1.9874221,1.898243,25.97340326477921,0.0,21339.853515625
27.36,1.9894977,1.9340187,25.89270755979877,0.0,21367.9296875
27.38,1.9355009,1.9190304,25.923423007408676,0.0,21396.005859375
27.4,1.7934264,1.904908,25.852901393650974,0.0,21424.08203125
27.42,1.7792714,1.8758084,25.99567124502274,0.0,21434.326171875
27.44,1.7271507,1.8271937,25.775164960438474,0.0,21444.5703125
27.46,2.0994449,1.8398339,26.056713738765996,0.0,21454.814453125
27.48,2.1473517,1.8843429,26.07902151947313,0.0,21465.05859375
27.5,2.1401389,1.7377076,26.150558665460363,0.0,21475.302734375
27.52,2.2025418,1.8460975,26.10049420580045,0.0,21485.546875
27.54,2.0602891,1.7768805,25.96798227144327,0.0,21495.791015625
27.56,2.2732964,1.7899048,26.107004439874018,0.0,21506.03515625
27.58,2.2492094,1.8273895,25.940545615683547,0.0,21516.279296875
27.6,2.2536502,1.7897763,25.973150998925576,0.0,21526.5234375
27.62,2.1778326,1.8144827,25.96956796818504,0.0,21536.7466796875
27.64,2.509399,1.83062,25.9380418416063,0.0,21546.969921875
27.66,2.7221346,1.7092495,26.02432614418113,0.0,21557.1931640625
27.68,2.6825771,1.8085663,26.141062646286617,0.0,21567.41640625
27.7,2.6208913,1.8105441,26.209032288213127,0.0,21577.6396484375
27.72,2.5380063,1.8260667,26.089344377295625,0.0,21587.862890625
27.74,2.596111,1.831435,26.13069908672351,0.0,21598.0861328125
27.76,2.5638244,1.756181,26.07418379659859,0.0,21608.309375
27.78,2.429938,1.869774,25.86304956238788,0.0,21618.5326171875
27.8,2.3602347,1.7696819,25.87110403007535,0.0,21628.755859375
27.82,2.4599187,1.8986958,25.81372443712922,0.0,21624.9306640625
27.84,2.3097484,1.8219354,25.840200621209814,0.0,21621.10546875
27.86,2.078044,1.6832681,25.982402243810547,0.0,21617.2802734375
27.88,2.07404,1.8027021,25.869356401317276,0.0,21613.455078125
27.9,2.1830842,1.8552587,25.947124080627695,0.0,21609.6298828125
27.92,1.9585193,1.8701491,25.59003262242163,0.0,21605.8046875
27.94,1.8290501,1.8325979,25.674420183909472,0.0,21601.9794921875
27.96,1.8279374,1.7695416,25.677179955432294,0.0,21598.154296875
27.98,1.9151213,1.8341813,25.761025309375952,0.0,21594.3291015625
28.0,2.047071,1.8170817,25.827877955535506,0.0,21590.50390625
28.02,2.1983943,1.8479235,25.916015646763967,0.0,21541.6673828125
28.04,2.372125,1.8706762,25.99026542303531,0.0,21492.830859375
28.06,2.512131,1.7783298,25.96003994395787,0.0,21443.9943359375
28.08,2.5827768,1.8736352,25.99472507244503,0.0,21395.1578125
28.1,2.421455,1.8530554,25.83900591161775,0.0,21346.3212890625
28.12,2.5674043,1.8204954,25.845402185295704,0.0,21297.484765625
28.14,2.6692173,1.892636,25.922554172916584,0.0,21248.6482421875
28.16,2.599177,1.8644311,25.768295031833574,0.0,21199.81171875
28.18,2.661606,1.8831688,25.76379347335751,0.0,21150.9751953125
28.2,2.524388,1.8457776,25.732264670942364,0.0,21102.138671875
28.22,2.4383202,1.951628,25.560083968819264,0.0,21142.5279296875
28.24,2.3721983,1.83675,25.638425073840516,0.0,21182.9171875
28.26,2.5141666,1.9153714,25.816812997706847,0.0,21223.3064453125
28.28,2.6164293,1.8527858,25.767001501586616,0.0,21263.695703125
28.3,2.3695996,1.8802928,25.90929856620013,0.0,21304.0849609375
28.32,2.3120625,1.8561263,25.960221387783157,0.0,21344.47421875
28.34,2.2059438,1.8755646,26.008839353861898,0.0,21384.8634765625
28.36,2.1382096,1.8155421,26.006684481703992,0.0,21425.252734375
28.38,2.0059667,1.8291224,26.127419835553674,0.0,21465.6419921875
28.4,2.347071,1.792786,26.204012464316722,0.0,21506.03125
28.42,2.0217268,1.8321524,25.971326860660874,0.0,21492.4962890625
28.44,2.1149755,1.7759016,26.04927042723284,0.0,21478.961328125
28.46,2.2162492,1.8609678,25.97175370598226,0.0,21465.4263671875
28.48,1.9655704,1.8317618,25.861493514429434,0.0,21451.89140625
28.5,1.9917462,1.8318301,25.95719591325013,0.0,21438.3564453125
28.52,2.0285583,1.9020655,25.70824500154943,0.0,21424.821484375
28.54,2.0046623,1.9039154,25.724764870890475,0.0,21411.2865234375
28.56,1.8344449,1.903746,25.708595141262368,0.0,21397.7515625
28.58,1.788363,1.78761,25.68783263042186,0.0,21384.2166015625
28.6,1.9084625,1.803277,25.73214032212816,0.0,21370.681640625
28.62,1.8231292,1.8195128,25.924734037074355,0.0,21394.3560546875
28.64,1.9585787,1.8981463,25.823444040451147,0.0,21418.03046875
28.66,2.07782,1.792164,25.73701428617097,0.0,21441.7048828125
28.68,1.9159406,1.8156387,25.748421387677784,0.0,21465.379296875
28.7,1.8181164,1.7996311,25.71703260898066,0.0,21489.0537109375
28.72,1.9113235,1.8138789,25.799331848448197,0.0,21512.728125
28.74,1.9738631,1.9086835,25.66385596691022,0.0,21536.4025390625
28.76,2.0312786,1.8292059,25.753687175560582,0.0,21560.076953125
28.78,2.027985,1.8303342,25.676544927017595,0.0,21583.7513671875
28.8,1.9603586,1.8172623,25.69840725142511,0.0,21607.42578125
28.82,1.8924351,1.7853506,25.73332477468405,0.0,21633.4498046875
28.84,1.9400905,1.8017496,25.75287216317006,0.0,21659.473828125
28.86,1.8599344,1.876174,25.815191529939675,0.0,21685.4978515625
28.88,1.8391602,1.7857677,25.612307199170914,0.0,21711.521875
28.9,2.2158031,1.82444,25.605093513616556,0.0,21737.5458984375
28.92,2.2059174,1.8318629,25.681237774415443,0.0,21763.569921875
28.94,2.4056797,1.7362194,25.825092879219337,0.0,21789.5939453125
28.96,2.1343455,1.8124139,25.887199825840458,0.0,21815.61796875
28.98,2.0866976,1.8199861,26.10968014294,0.0,21841.6419921875
29.0,2.1696765,1.7578508,25.966179093884875,0.0,21867.666015625
29.02,2.2144125,1.7800655,25.98261904384554,0.0,21858.427734375
29.04,2.1485963,1.8207271,25.98000234961784,0.0,21849.189453125
29.06,2.1173654,1.8180286,25.894223240896714,0.0,21839.951171875
29.08,2.181726,1.7904665,26.077694624789707,0.0,21830.712890625
29.1,2.1855593,1.730298,26.061032716246963,0.0,21821.474609375
29.12,2.2401457,1.7646375,26.06807786035442,0.0,21812.236328125
29.14,2.1923044,1.8158858,26.173254774239965,0.0,21802.998046875
29.16,2.0468438,1.8584746,26.001678117482044,0.0,21793.759765625
29.18,1.9964684,1.8828835,25.885967780107233,0.0,21784.521484375
29.2,2.1518946,1.7879183,25.833884690879138,0.0,21775.283203125
29.22,1.921999,1.715859,25.755675736690044,0.0,21778.9259765625
29.24,2.2272902,1.8108532,25.78151193300502,0.0,21782.56875
29.26,2.140003,1.708414,25.78670021429003,0.0,21786.2115234375
29.28,2.0001628,1.7763832,25.780777766848534,0.0,21789.854296875
29.3,2.0487456,1.831363,25.743403749557427,0.0,21793.4970703125
29.32,2.1565895,1.8137894,25.882483501377695,0.0,21797.13984375
29.34,2.071544,1.864872,25.892121425008988,0.0,21800.7826171875
29.36,2.1690066,1.781662,26.019048379675706,0.0,21804.425390625
29.38,2.2701488,1.7565658,26.000324049186485,0.0,21808.0681640625
29.4,2.3322885,1.7380433,26.08447111755357,0.0,21811.7109375
29.42,2.2530568,1.8824389,26.051873179460735,0.0,21754.21484375
29.44,2.640755,1.7469257,25.95252788006638,0.0,21696.71875
29.46,2.69906,1.7920012,25.87887669090621,0.0,21639.22265625
29.48,2.5908213,1.8665092,25.82993036892553,0.0,21581.7265625
29.5,2.6699357,1.8696916,25.774028817749848,0.0,21524.23046875
29.52,2.6816666,1.9403036,25.71073136841435,0.0,21466.734375
29.54,2.4892113,1.8119698,25.681651755204257,0.0,21409.23828125
29.56,2.2429981,1.8359466,25.571566434753265,0.0,21351.7421875
29.58,2.284545,1.8067267,25.6155714457037,0.0,21294.24609375
29.6,2.1315386,1.7893507,25.624626830318977,0.0,21236.75
29.62,2.3877563,1.8895323,25.49805368601128,0.0,21282.64140625
29.64,2.2276554,1.7431773,25.582568383883874,0.0,21328.5328125
29.66,1.9753939,1.8221385,25.595364985839648,0.0,21374.42421875
29.68,1.9434731,1.7511122,25.718094085709225,0.0,21420.315625
29.7,2.1076796,1.8904065,25.668789036197058,0.0,21466.20703125
29.72,2.1113994,1.8115664,25.75824305163584,0.0,21512.0984375
29.74,2.1872077,1.7691104,25.89238087745813,0.0,21557.98984375
29.76,2.00559,1.8385284,25.85495075924672,0.0,21603.88125
29.78,2.0257766,1.734046,25.804298484697036,0.0,21649.77265625
29.8,1.9426355,1.842063,25.843572408327184,0.0,21695.6640625
29.82,2.0963414,1.7960982,25.607859537579035,0.0,21683.1087890625
29.84,2.3059452,1.8234804,25.752074963586303,0.0,21670.553515625
29.86,2.3228483,1.859401,25.868772300861917,0.0,21657.9982421875
29.88,2.3047347,1.8191142,25.658578103814943,0.0,21645.44296875
29.9,2.389022,1.7593215,26.042699432157924,0.0,21632.8876953125
29.92,2.3071547,1.8144757,25.9156532456013,0.0,21620.332421875
29.94,2.326199,1.796943,25.925003302270525,0.0,21607.7771484375
29.96,2.3038013,1.8004118,25.71603511685215,0.0,21595.221875
29.98,2.377901,1.7962552,25.80664587777914,0.0,21582.6666015625
30.0,2.3528593,1.7922986,25.77848173976126,0.0,21570.111328125
30.02,2.3581157,1.8191367,25.940029663852723,0.0,21585.177734375
30.04,2.141985,1.7334701,25.840708837760687,0.0,21600.244140625
30.06,2.3427577,1.8232405,25.690182775979316,0.0,21615.310546875
30.08,2.0479794,1.74501,25.684303109503333,0.0,21630.376953125
30.1,2.1255307,1.7547668,25.746586062151597,0.0,21645.443359375
30.12,2.1417408,1.8439645,25.833514106981497,0.0,21660.509765625
30.14,2.0953984,1.844144,25.909404599090514,0.0,21675.576171875
30.16,2.207893,1.7797433,25.833184017789893,0.0,21690.642578125
30.18,2.3502142,1.8932027,25.885007545608318,0.0,21705.708984375
30.2,2.203096,1.7734271,25.950509493078005,0.0,21720.775390625
30.22,2.3887544,1.7688425,25.865539574529084,0.0,21717.362890625
30.24,2.4907987,1.8060491,25.997014774646942,0.0,21713.950390625
30.26,2.5820339,1.7870277,25.83546506621998,0.0,21710.537890625
30.28,2.620847,1.8107867,25.904975204810498,0.0,21707.125390625
30.3,2.6492598,1.8491648,26.059249203310245,0.0,21703.712890625
30.32,2.7567644,1.8583502,26.25380751591657,0.0,21700.300390625
30.34,2.8923438,1.7804611,26.135989689307113,0.0,21696.887890625
30.36,3.0930848,1.8596153,26.198312117483482,0.0,21693.475390625
30.38,3.0199609,1.8711447,26.055584232422603,0.0,21690.062890625
30.4,2.991532,1.7898836,26.21113209840573,0.0,21686.650390625
30.42,2.775153,1.8455678,26.25844649192558,0.0,21671.1375
30.44,2.709764,1.8753844,26.091592434761587,0.0,21655.624609375
30.46,2.6150963,1.8346047,26.086173678440282,0.0,21640.11171875
30.48,2.5912251,1.8816199,26.045639164036068,0.0,21624.598828125
30.5,2.5012553,1.8308835,26.071526003316343,0.0,21609.0859375
30.52,2.4031172,1.7940998,26.153985259196663,0.0,21593.573046875
30.54,2.386807,1.8227636,26.090010684828087,0.0,21578.06015625
30.56,2.264483,1.8439782,26.04455410983021,0.0,21562.547265625
30.58,2.466055,1.8019956,26.13005453365296,0.0,21547.034375
30.6,2.5668156,1.7681469,26.18210323370083,0.0,21531.521484375
30.62,2.427928,1.7945678,25.945389021005454,0.0,21516.636328125
30.64,2.6012335,1.8543732,26.145711455461896,0.0,21501.751171875
30.66,2.453388,1.8469709,26.2278196189005,0.0,21486.866015625
30.68,2.188297,1.8416883,26.147933865654206,0.0,21471.980859375
30.7,2.1914823,1.8327501,26.06815189488397,0.0,21457.095703125
30.72,2.0471563,1.7845249,25.868799477184773,0.0,21442.210546875
30.74,2.0907328,1.8562465,25.963395727382196,0.0,21427.325390625
30.76,1.995158,1.778512,25.70206327487789,0.0,21412.440234375
30.78,2.3688145,1.8590353,25.847943170651376,0.0,21397.555078125
30.8,2.3014789,1.760864,25.611738897678492,0.0,21382.669921875
30.82,2.1730497,1.7328463,25.7569789684321,0.0,21413.34296875
30.84,2.4062839,1.8277656,25.67845826529212,0.0,21444.016015625
30.86,2.6932817,1.8804843,25.49076060906046,0.0,21474.6890625
30.88,2.5843966,1.8050711,25.537563133328213,0.0,21505.362109375
30.9,2.7735817,1.9170284,25.508366572644704,0.0,21536.03515625
30.92,2.699792,1.9217203,25.491084665858352,0.0,21566.708203125
30.94,2.609912,1.9287672,25.545229297225248,0.0,21597.38125
30.96,2.3779745,1.8492377,25.646586343278695,0.0,21628.054296875
30.98,2.65382,1.8265182,25.84212835473521,0.0,21658.72734375
31.0,2.3163326,1.8131078,25.70661695757269,0.0,21689.400390625
31.02,2.2921147,1.7779189,25.639487353175138,0.0,21692.4287109375
31.04,2.4636023,1.8220394,25.698289145245337,0.0,21695.45703125
31.06,2.4675865,1.842834,25.755296061338253,0.0,21698.4853515625
31.08,2.1725144,1.8509651,25.750410795010794,0.0,21701.513671875
31.1,2.4281194,1.8297524,25.759195596791656,0.0,21704.5419921875
31.12,2.6671696,1.7942811,25.808850238797646,0.0,21707.5703125
31.14,2.5745487,1.8252231,25.751298622143963,0.0,21710.5986328125
31.16,2.513866,1.8110414,25.937060936685633,0.0,21713.626953125
31.18,2.4956017,1.8138287,25.72600798480189,0.0,21716.6552734375
31.2,2.40935,1.7475253,25.682222420233987,0.0,21719.68359375
31.22,2.5777078,1.6777568,25.8085717348781,0.0,21726.8771484375
31.24,2.6323106,1.8153768,26.034946369767354,0.0,21734.070703125
31.26,2.6237063,1.7956258,25.853406786747165,0.0,21741.2642578125
31.28,2.7066517,1.8064885,25.8624846628895,0.0,21748.4578125
31.3,2.5920553,1.8046771,25.831614165055043,0.0,21755.6513671875
31.32,2.4385347,1.8305825,26.006065447596317,0.0,21762.844921875
31.34,2.37817,1.7918634,25.672713977835947,0.0,21770.0384765625
31.36,2.4661963,1.8394755,25.76005496459,0.0,21777.23203125
31.38,2.2583137,1.8054627,25.647873611123494,0.0,21784.4255859375
31.4,2.2365098,1.803574,25.79079842100804,0.0,21791.619140625
31.42,1.9797443,1.8554825,25.78347903578393,0.0,21788.779296875
31.44,2.1011052,1.8562049,25.687162500221568,0.0,21785.939453125
31.46,2.084663,1.894532,25.71828974982173,0.0,21783.099609375
31.48,1.8826728,1.8275852,25.525435110329987,0.0,21780.259765625
31.5,2.0533087,1.8089695,25.870755700141913,0.0,21777.419921875
31.52,2.1279905,1.9131662,25.705205606472216,0.0,21774.580078125
31.54,2.3856375,1.8483021,25.925402802632593,0.0,21771.740234375
31.56,2.5685587,1.9149101,25.90151962527959,0.0,21768.900390625
31.58,2.5035782,1.8292595,25.845167802295933,0.0,21766.060546875
31.6,2.4884171,1.8626934,25.771531081206863,0.0,21763.220703125
31.62,2.4370563,1.8522468,25.627973012850987,0.0,21726.959375
31.64,2.154648,1.7397393,25.54466233119612,0.0,21690.698046875
31.66,2.2884092,1.8079739,25.379463936132098,0.0,21654.43671875
31.68,2.4520133,1.8418634,25.484201485144496,0.0,21618.175390625
31.7,2.174654,1.8371279,25.57729836512349,0.0,21581.9140625
31.72,2.1201637,1.814451,25.59396681245841,0.0,21545.652734375
31.74,2.2630193,1.7138677,25.62197923989869,0.0,21509.39140625
31.76,2.3701882,1.8164039,25.4979854589882,0.0,21473.130078125
31.78,2.3638768,1.8472792,25.574928591546602,0.0,21436.86875
31.8,2.3348043,1.7624937,25.538537887096957,0.0,21400.607421875
31.82,2.1943717,1.7126054,25.516682800516968,0.2,21392.8064453125
31.84,2.3744028,1.7827005,25.55799189403421,0.4,21385.00546875
31.86,2.4005518,1.7336407,25.588251785456663,0.6000000000000001,21377.2044921875
31.88,2.2574642,1.6700436,25.53042082290661,0.8,21369.403515625
31.9,2.575971,1.8122143,25.779440250328175,1.0,21361.6025390625
31.92,2.4575546,1.8183062,25.590995864001588,0.8,21353.8015625
31.94,2.5900583,1.8083391,25.60631535050106,0.6,21346.0005859375
31.96,2.7239704,1.753402,25.67378718049099,0.3999999999999999,21338.199609375
31.98,2.5914946,1.7892717,25.681372160912797,0.19999999999999996,21330.3986328125
32.0,2.3171859,1.8959002,25.802357946187495,0.0,21322.59765625
32.02,2.260758,1.7645676,25.63382594181033,0.0,21338.578515625
32.04,2.3931305,1.8766522,25.628259378603673,0.0,21354.559375
32.06,2.3944905,1.8163275,25.72588129139238,0.0,21370.540234375
32.08,2.4065979,1.9020708,25.778077321144586,0.0,21386.52109375
32.1,2.2928247,1.8405045,25.926013062001484,0.0,21402.501953125
32.12,2.176097,1.8947837,25.777316561537734,0.0,21418.4828125
32.14,2.1560774,1.7721806,25.803068839120836,0.0,21434.463671875
32.16,2.114728,1.853003,25.72898178089693,0.0,21450.44453125
32.18,2.1420393,1.867243,25.518371727209445,0.0,21466.425390625
32.2,2.0921502,1.8460184,25.613943337800464,0.0,21482.40625
32.22,2.1063278,1.8386695,25.48369510784156,0.0,21526.4212890625
32.24,2.025834,1.8552163,25.48294017992233,0.0,21570.436328125
32.26,2.039247,1.8496993,25.56288174545188,0.0,21614.4513671875
32.28,2.1220546,1.8185143,25.570117489041966,0.0,21658.46640625
32.3,2.0921502,1.8344114,25.489411819332936,0.0,21702.4814453125
32.32,1.9950122,1.8480443,25.611951556507904,0.0,21746.496484375
32.34,2.1405463,1.8105412,25.674950752511165,0.0,21790.5115234375
32.36,2.1195605,1.8609784,25.57175847963982,0.0,21834.5265625
32.38,2.1793535,1.8234373,25.761733745084186,0.0,21878.5416015625
32.4,2.15694,1.8382225,25.738485944034398,0.0,21922.556640625
32.42,2.352785,1.7921108,25.780438611344657,0.0,21884.198046875
32.44,2.366703,1.8609263,25.749295107810617,0.0,21845.839453125
32.46,2.308389,1.7667948,25.810138724219158,0.0,21807.480859375
32.48,2.5902605,1.8158704,25.89823633536237,0.0,21769.122265625
32.5,2.4481225,1.8771739,25.79901385488409,0.0,21730.763671875
32.52,2.3874643,1.89108,25.68757761173556,0.0,21692.405078125
32.54,2.421815,1.8468728,25.622927044216727,0.0,21654.046484375
32.56,2.1985266,1.862253,25.601726605125236,0.0,21615.687890625
32.58,2.152948,1.7812445,25.719683938376882,0.0,21577.329296875
32.6,1.9152731,1.7967188,25.816655677833044,0.0,21538.970703125
32.62,2.0011506,1.8861864,25.79884231546582,0.0,21533.655078125
32.64,2.009065,1.8418536,25.730068072345944,0.0,21528.339453125
32.66,2.2219336,1.8393161,25.573921900429685,0.0,21523.023828125
32.68,2.30062,1.8460624,25.695389049948936,0.0,21517.708203125
32.7,2.341343,1.8545275,25.76979453895791,0.0,21512.392578125
32.72,2.3790498,1.7909914,25.834888167018345,0.0,21507.076953125
32.74,2.2291944,1.867599,25.84685466862347,0.0,21501.761328125
32.76,2.345089,1.8283386,25.982045951504485,0.0,21496.445703125
32.78,2.3676362,1.8156363,26.0823265976402,0.0,21491.130078125
32.8,2.4290051,1.8682605,25.849287802542857,0.0,21485.814453125
32.82,2.2851808,1.8420948,25.91854274086955,0.0,21484.3607421875
32.84,2.2476063,1.6758138,25.98472133612343,0.0,21482.90703125
32.86,2.0367086,1.8882143,25.84542515675903,0.0,21481.4533203125
32.88,2.1266243,1.8225836,25.82636615875507,0.0,21479.999609375
32.9,2.1199992,1.8607476,25.766268207169794,0.0,21478.5458984375
32.92,2.0081677,1.7270131,25.750195493206107,0.0,21477.0921875
32.94,2.046929,1.9152923,25.890241425736342,0.0,21475.6384765625
32.96,2.085109,1.8892992,25.921235822363762,0.0,21474.184765625
32.98,2.1912966,1.8947475,25.96398272797964,0.0,21472.7310546875
33.0,1.9770706,1.8222541,25.89102383220093,0.0,21471.27734375
33.02,2.0102797,1.8117391,25.732790200437048,0.0,21480.2634765625
33.04,2.222509,1.7993468,25.684217447524293,0.0,21489.249609375
33.06,2.199531,1.6695976,25.569402780746003,0.0,21498.2357421875
33.08,2.217062,1.8614643,25.6194138906463,0.0,21507.221875
33.1,2.2030432,1.8372624,25.70486434277987,0.0,21516.2080078125
33.12,2.1010778,1.7520075,25.75440850941493,0.0,21525.194140625
33.14,2.1540813,1.7474185,25.64324018166861,0.0,21534.1802734375
33.16,2.204072,1.8759115,25.85398879401428,0.0,21543.16640625
33.18,2.252902,1.7990646,25.77247593414385,0.0,21552.1525390625
33.2,2.2870371,1.7131096,25.705064110556197,0.0,21561.138671875
33.22,2.34107,1.881169,25.788801676048475,0.0,21589.895703125
33.24,2.2289338,1.7922492,25.70963299814162,0.0,21618.652734375
33.26,2.265997,1.699525,25.692407963450968,0.0,21647.409765625
33.28,2.0682864,1.7629653,25.781232494857747,0.0,21676.166796875
33.3,2.2308366,1.7313216,25.79129817598176,0.0,21704.923828125
33.32,2.057692,1.7515359,25.936375346169825,0.0,21733.680859375
33.34,2.547174,1.8440117,25.91051189416731,0.0,21762.437890625
33.36,2.7393343,1.7836632,25.99165377689617,0.0,21791.194921875
33.38,2.782161,1.8205247,25.83009451645147,0.0,21819.951953125
33.4,2.9846847,1.8585199,25.839330925412824,0.0,21848.708984375
33.42,2.8200955,1.8749185,25.93217205084271,0.0,21801.6759765625
33.44,2.6570594,1.8381324,25.661326935627685,0.0,21754.64296875
33.46,2.809005,1.8043857,25.547852074609697,0.0,21707.6099609375
33.48,2.6320457,1.8326666,25.571417440186174,0.0,21660.576953125
33.5,2.5813808,1.8711724,25.599253556859715,0.0,21613.5439453125
33.52,2.506131,1.7455099,25.470458710882703,0.0,21566.5109375
33.54,2.3863685,1.8418543,25.441609521325116,0.0,21519.4779296875
33.56,2.7287462,1.7425658,25.256821355038753,0.0,21472.444921875
33.58,2.9926786,1.7462215,25.25930824382177,0.0,21425.4119140625
33.6,3.0673816,1.8707174,25.27345716446053,0.0,21378.37890625
33.62,3.0975356,1.870464,25.346973774986303,0.0,21386.3841796875
33.64,2.7224975,1.8402493,25.391103195407748,0.0,21394.389453125
33.66,2.787588,1.7726109,25.398955114455347,0.0,21402.3947265625
33.68,2.8135333,1.8687124,25.554494823525378,0.0,21410.4
33.7,2.7773097,1.773186,25.363638841017337,0.0,21418.4052734375
33.72,2.8164861,1.7993708,25.421155577005614,0.0,21426.410546875
33.74,2.677784,1.7588,25.447933427423127,0.0,21434.4158203125
33.76,2.7297688,1.7759941,25.424547616300167,0.0,21442.42109375
33.78,2.9028156,1.8265934,25.56346149711285,0.0,21450.4263671875
33.8,2.887617,1.818607,25.680954398111435,0.0,21458.431640625
33.82,2.6910794,1.7683635,25.607398026104015,0.0,21460.636328125
33.84,2.4737978,1.7947757,25.720879720113334,0.0,21462.841015625
33.86,2.7295132,1.9490507,25.56242809281607,0.0,21465.045703125
33.88,2.7636087,1.7980564,25.57338769871894,0.0,21467.250390625
33.9,2.6170514,1.8302737,25.53905446475381,0.0,21469.455078125
33.92,2.6114037,1.7973683,25.44483958903829,0.0,21471.659765625
33.94,2.638707,1.7153317,25.448575429313802,0.0,21473.864453125
33.96,2.969396,1.7720443,25.411314408702033,0.0,21476.069140625
33.98,2.7549715,1.743446,25.411033904651113,0.0,21478.273828125
34.0,2.7674553,1.8673843,25.31545643784306,0.0,21480.478515625
34.02,2.860068,1.8871534,25.394705505723657,0.0,21487.2927734375
34.04,2.837562,1.8553305,25.41266961760966,0.0,21494.10703125
34.06,2.7224123,1.6802151,25.40362169257959,0.0,21500.9212890625
34.08,2.4953918,1.7259393,25.46179798647625,0.0,21507.735546875
34.1,2.5116448,1.7346492,25.58700597407058,0.0,21514.5498046875
34.12,2.4873424,1.7354462,25.42177057067796,0.0,21521.3640625
34.14,2.6350033,1.8037155,25.50361482653922,0.0,21528.1783203125
34.16,2.5514379,1.7602649,25.52406802219883,0.0,21534.992578125
34.18,2.5081248,1.8145925,25.392030731723377,0.0,21541.8068359375
34.2,2.4611945,1.8156463,25.445039799921,0.0,21548.62109375
34.22,2.5631669,1.8459091,25.483571772576727,0.0,21531.2009765625
34.24,2.7377424,1.8636261,25.43885862547791,0.0,21513.780859375
34.26,2.8487048,1.8745317,25.397193185320678,0.0,21496.3607421875
34.28,2.666341,1.8026936,25.559201789779614,0.0,21478.940625
34.3,2.6691957,1.8519886,25.81245017870485,0.0,21461.5205078125
34.32,2.5789702,1.9041421,25.84343791592515,0.0,21444.100390625
34.34,2.5600352,1.922112,25.722495791661775,0.0,21426.6802734375
34.36,2.5510504,1.8864347,25.66446934247527,0.0,21409.26015625
34.38,2.6281335,1.8894975,25.882042057052846,0.0,21391.8400390625
34.4,2.7012558,1.9389529,26.0278798639448,0.0,21374.419921875
34.42,2.907038,1.8698896,26.081622635004607,0.0,21380.3568359375
34.44,3.158084,1.8498101,25.990751854106552,0.0,21386.29375
34.46,2.9685543,1.8491838,26.012025012039643,0.0,21392.2306640625
34.48,3.2698748,1.8426286,26.07577358056412,0.0,21398.167578125
34.5,3.081562,1.835505,26.166607220970125,0.0,21404.1044921875
34.52,2.973387,1.8357029,25.943889633902177,0.0,21410.04140625
34.54,2.796686,1.8110709,25.94672148776768,0.0,21415.9783203125
34.56,2.698349,1.8235643,25.98414492650385,0.0,21421.915234375
34.58,2.6765897,1.7276757,26.16663925107245,0.0,21427.8521484375
34.6,2.4758177,1.7729218,26.07918873161925,0.0,21433.7890625
34.62,2.542354,1.7933717,25.85866569779006,0.0,21419.046875
34.64,2.4172263,1.753654,25.82244827105075,0.0,21404.3046875
34.66,2.284036,1.7884154,25.66980993033999,0.0,21389.5625
34.68,2.3695996,1.7626431,25.89948812512713,0.0,21374.8203125
34.7,2.5747972,1.7055869,25.94197832126884,0.0,21360.078125
34.72,2.6871018,1.7642179,25.963452678684945,0.0,21345.3359375
34.74,2.3565621,1.8111188,25.98536246607528,0.0,21330.59375
34.76,2.4746437,1.6949116,25.92409982795916,0.0,21315.8515625
34.78,2.4082396,1.7152835,25.95898776616479,0.0,21301.109375
34.8,2.3638768,1.7307324,25.908613593907802,0.0,21286.3671875
34.82,2.482336,1.762932,25.93639908188104,0.0,21294.9796875
34.84,2.6004734,1.7862475,26.036886619922758,0.0,21303.5921875
34.86,2.6088202,1.7989982,25.953020489139437,0.0,21312.2046875
34.88,2.6458569,1.7670631,26.099963966646555,0.0,21320.8171875
34.9,3.0208654,1.8099825,25.957321981822187,0.0,21329.4296875
34.92,3.0258834,1.80568,26.0517661554079,0.0,21338.0421875
34.94,3.0646517,1.8437182,25.95912922836294,0.0,21346.6546875
34.96,3.0852568,1.8452913,25.982285555164548,0.0,21355.2671875
34.98,3.2842958,1.8321263,26.122354063384535,0.0,21363.8796875
35.0,3.140586,1.7261701,25.968942763125273,0.0,21372.4921875
35.02,2.6926775,1.7552879,26.00174129700923,0.0,21396.251171875
35.04,2.6639419,1.6938894,26.015138231157056,0.0,21420.01015625
35.06,2.7095494,1.7479458,25.959885114788918,0.0,21443.769140625
35.08,2.897464,1.7047405,26.03665967117797,0.0,21467.528125
35.1,2.4013507,1.7324163,26.032623433695875,0.0,21491.287109375
35.12,2.308238,1.8302904,25.991316110369045,0.0,21515.04609375
35.14,2.5189939,1.8103148,25.907006661354956,0.0,21538.805078125
35.16,2.3797092,1.8036479,25.854486904074317,0.0,21562.5640625
35.18,2.2341435,1.837334,25.853157036479253,0.0,21586.323046875
35.2,2.2695599,1.7927954,25.934723418716004,0.0,21610.08203125
35.22,2.129356,1.7500364,25.817102357708812,0.0,21596.3935546875
35.24,2.2165902,1.8114216,25.838376805908403,0.0,21582.705078125
35.26,2.045963,1.8404863,25.67311414779196,0.0,21569.0166015625
35.28,2.1624308,1.746187,25.649129792181196,0.0,21555.328125
35.3,2.0695229,1.8053554,25.666612514648357,0.0,21541.6396484375
35.32,2.0593297,1.7388942,25.747959114259544,0.0,21527.951171875
35.34,2.0498235,1.7418903,25.68748955988319,0.0,21514.2626953125
35.36,2.1787665,1.7552528,25.66443808664065,0.0,21500.57421875
35.38,1.8989358,1.7321588,25.745802555198473,0.0,21486.8857421875
35.4,2.08056,1.7776822,25.677768241784207,0.0,21473.197265625
35.42,2.3414423,1.8212055,25.804404055079818,0.0,21502.9298828125
35.44,2.421431,1.8084787,25.91976974195671,0.0,21532.6625
35.46,2.3113334,1.7616905,26.01013039171613,0.0,21562.3951171875
35.48,2.347715,1.7811643,25.828128628844436,0.0,21592.127734375
35.5,2.5000696,1.7189997,25.86966858087235,0.0,21621.8603515625
35.52,2.8003416,1.8120812,25.979883309446457,0.0,21651.59296875
35.54,2.6931307,1.8623358,25.812301492133653,0.0,21681.3255859375
35.56,2.6085753,1.7622317,25.869657522819182,0.0,21711.058203125
35.58,2.6172957,1.7716937,25.882129185446423,0.0,21740.7908203125
35.6,2.7347684,1.8457245,26.042450827026087,0.0,21770.5234375
35.62,2.390287,1.8096446,25.806927336473695,0.0,21754.3046875
35.64,2.3546622,1.7846215,25.764951864010254,0.0,21738.0859375
35.66,2.3971837,1.8493257,25.81330336888932,0.0,21721.8671875
35.68,2.3974261,1.817632,25.91111868252846,0.0,21705.6484375
35.7,2.4164805,1.7727627,25.901269231521816,0.0,21689.4296875
35.72,2.4774373,1.8251233,25.88908324515767,0.0,21673.2109375
35.74,2.2971811,1.7877378,25.938372112211937,0.0,21656.9921875
35.76,2.9414272,1.8239695,25.82222955415289,0.0,21640.7734375
35.78,2.6863015,1.8630873,25.782940857871598,0.0,21624.5546875
35.8,2.4078777,1.8070567,25.878191520584647,0.0,21608.3359375
35.82,2.5407302,1.766732,25.893317707088073,0.0,21600.7580078125
35.84,2.6846132,1.846111,25.99856278007192,0.0,21593.180078125
35.86,2.3422863,1.8373685,25.81812017220377,0.0,21585.6021484375
35.88,2.378292,1.7321079,25.84498072487774,0.0,21578.02421875
35.9,2.4164324,1.8361987,25.950366456197816,0.0,21570.4462890625
35.92,2.4235904,1.8894781,25.75865873816783,0.0,21562.868359375
35.94,2.3750637,1.892401,25.85412168203742,0.0,21555.2904296875
35.96,2.6382663,1.9267136,25.89840882567905,0.0,21547.7125
35.98,2.6739824,1.7807131,25.825684787606097,0.0,21540.1345703125
36.0,2.6775668,1.7947781,25.75430494606044,0.0,21532.556640625
36.02,2.6175177,1.8343793,25.788855702313324,0.0,21485.3134765625
36.04,2.7259543,1.8059053,25.734082417443986,0.0,21438.0703125
36.06,3.167365,1.8491815,25.80977088336974,0.0,21390.8271484375
36.08,3.126711,1.7824261,25.74421284077239,0.0,21343.583984375
36.1,3.040563,1.7484319,25.74413568593943,0.0,21296.3408203125
36.12,3.0427608,1.8079458,25.750100709668043,0.0,21249.09765625
36.14,2.9350176,1.8558996,25.70524630666736,0.0,21201.8544921875
36.16,2.9194489,1.8654833,25.7226041889904,0.0,21154.611328125
36.18,3.1228044,1.767025,25.761345452893263,0.0,21107.3681640625
36.2,2.962301,1.8274133,25.769610336167148,0.0,21060.125
36.22,3.09686,1.8286092,25.732978172270137,0.0,21083.6671875
36.24,2.9463637,1.8338716,25.738305061342828,0.0,21107.209375
36.26,2.9953384,1.8191221,25.716956564849482,0.0,21130.7515625
36.28,3.170172,1.848709,25.733137108516615,0.0,21154.29375
36.3,2.936423,1.8747203,25.71333435116916,0.0,21177.8359375
36.32,2.8338516,1.7981818,25.702728663716073,0.0,21201.378125
36.34,3.035799,1.7325693,25.71561895218568,0.0,21224.9203125
36.36,3.0688784,1.7256898,25.69118169295766,0.0,21248.4625
36.38,3.1566663,1.79978,25.74929157572948,0.0,21272.0046875
36.4,3.0271702,1.7970951,25.70483282787324,0.0,21295.546875
36.42,3.2868788,1.8720431,25.7117209344645,0.0,21320.1744140625
36.44,3.012136,1.766659,25.74678448606438,0.0,21344.801953125
36.46,2.9706097,1.7199498,25.671583557264373,0.0,21369.4294921875
36.48,3.0971227,1.8621331,25.59426156946458,0.0,21394.05703125
36.5,3.0830517,1.8606557,25.595404650304694,0.0,21418.6845703125
36.52,2.9797144,1.7351077,25.589480718478224,0.0,21443.312109375
36.54,2.9463043,1.7460376,25.912537456257642,0.0,21467.9396484375
36.56,2.5701194,1.6986029,25.609590856667225,0.0,21492.5671875
36.58,2.518671,1.7754576,25.625015292161805,0.0,21517.1947265625
36.6,2.626275,1.7600069,25.45273749732003,0.0,21541.822265625
36.62,2.9166002,1.8478764,25.324391313733415,0.0,21523.5255859375
36.64,2.7748597,1.7872248,25.635837608387373,0.0,21505.22890625
36.66,2.654455,1.6593535,25.48599160283999,0.0,21486.9322265625
36.68,2.7634404,1.6988349,25.331653440328544,0.0,21468.635546875
36.7,2.7253785,1.7834368,25.255618958821678,0.0,21450.3388671875
36.72,2.9187517,1.766397,25.350742307137132,0.0,21432.0421875
36.74,3.0825994,1.7257669,25.3680852478115,0.0,21413.7455078125
36.76,2.9869626,1.7499794,25.408186994365664,0.0,21395.448828125
36.78,3.050736,1.7835618,25.514429661008332,0.0,21377.1521484375
36.8,2.9580202,1.7751472,25.61909463027533,0.0,21358.85546875
36.82,2.8238652,1.8242517,25.74249434400098,0.0,21415.953515625
36.84,2.7075105,1.7985874,25.841746118901057,0.0,21473.0515625
36.86,2.6819053,1.8427486,25.76838508921231,0.0,21530.149609375
36.88,2.3767028,1.7988627,25.843702401081778,0.0,21587.24765625
36.9,2.4761698,1.8090688,25.904917283765748,0.0,21644.345703125
36.92,2.493108,1.7987216,25.934968584998938,0.0,21701.44375
36.94,2.4833899,1.7841153,25.90942527398717,0.0,21758.541796875
36.96,2.558559,1.7836561,26.011905398524796,0.0,21815.63984375
36.98,2.4949028,1.9814751,25.956158683734042,0.0,21872.737890625
37.0,2.2856896,1.8119287,25.807719225821728,0.0,21929.8359375
37.02,2.195219,1.879225,25.568673212147687,0.0,21877.685546875
37.04,2.0621223,1.841645,25.790715803791485,0.0,21825.53515625
37.06,2.1816194,1.7785001,25.53601789479657,0.0,21773.384765625
37.08,2.4054866,1.7545127,25.559260855701375,0.0,21721.234375
37.1,2.4758413,1.8067415,25.766892468309962,0.0,21669.083984375
37.12,2.5223148,1.8000387,25.73470534987568,0.0,21616.93359375
37.14,2.4521084,1.8820828,25.783860050520566,0.0,21564.783203125
37.16,2.1625383,1.883294,25.74681181261626,0.0,21512.6328125
37.18,2.266664,1.7630839,25.53853422097822,0.0,21460.482421875
37.2,2.334879,1.7563965,25.686227771093108,0.0,21408.33203125
37.22,2.4075396,1.8081452,25.84511686957262,0.0,21444.14296875
37.24,2.5021849,1.8044105,25.777816112239364,0.0,21479.95390625
37.26,2.4810245,1.8284822,26.030528520744465,0.0,21515.76484375
37.28,2.584734,1.8402431,25.771810427534596,0.0,21551.57578125
37.3,2.7461586,1.8222988,25.849058469873857,0.0,21587.38671875
37.32,2.5604894,1.7872255,25.647343252719693,0.0,21623.19765625
37.34,2.785544,1.7984027,25.738125820810936,0.0,21659.00859375
37.36,2.9727416,1.8689607,25.593123325382578,0.0,21694.81953125
37.38,3.0933104,1.8267853,25.683429386341935,0.0,21730.63046875
37.4,3.0930471,1.8666646,25.652463664607595,0.0,21766.44140625
37.42,2.9493608,1.8426286,25.678285112762023,0.0,21773.7267578125
37.44,3.023808,1.8698304,25.655270875093258,0.0,21781.012109375
37.46,2.9194288,1.8502073,25.690263377317166,0.0,21788.2974609375
37.48,2.7159777,1.8942943,25.653390125553955,0.0,21795.5828125
37.5,2.973465,1.836676,25.477634092962948,0.0,21802.8681640625
37.52,2.8863084,1.9466835,25.727190430919773,0.0,21810.153515625
37.54,2.7381458,1.7916598,25.57924161632466,0.0,21817.4388671875
37.56,2.8412058,1.7688987,25.79311546991025,0.0,21824.72421875
37.58,2.5536468,1.689459,25.672290009823293,0.0,21832.0095703125
37.6,2.4615958,1.7273088,25.703722237799678,0.0,21839.294921875
37.62,2.329695,1.6870607,25.748444816283964,0.0,21777.0017578125
37.64,2.2303936,1.7771213,25.777995855563184,0.0,21714.70859375
37.66,2.2279425,1.8589092,25.74299114851509,0.0,21652.4154296875
37.68,2.4406555,1.8041635,25.636386893574134,0.0,21590.122265625
37.7,2.021698,1.7546599,25.727905548652153,0.0,21527.8291015625
37.72,2.0905938,1.7671448,25.668655254474814,0.0,21465.5359375
37.74,2.1581523,1.8101251,25.726194787422052,0.0,21403.2427734375
37.76,2.3374918,1.7450438,25.740231569010845,0.0,21340.949609375
37.78,2.3660154,1.7739958,25.64535187502306,0.0,21278.6564453125
37.8,2.299786,1.8012966,25.553454980951372,0.0,21216.36328125
37.82,2.388803,1.796637,25.612183955719956,0.0,21220.303515625
37.84,2.2279165,1.8435955,25.58686105553941,0.0,21224.24375
37.86,2.5281157,1.7892709,25.679586345988863,0.0,21228.183984375
37.88,2.3987594,1.8110251,25.66538909442461,0.0,21232.12421875
37.9,2.367759,1.8472874,25.68983987310107,0.0,21236.064453125
37.92,2.391527,1.8236505,25.58966697851092,0.0,21240.0046875
37.94,2.3780477,1.6868137,25.6296512593589,0.0,21243.944921875
37.96,2.5183249,1.7020128,25.57917121974611,0.0,21247.88515625
37.98,2.478399,1.7654504,25.4986185064635,0.0,21251.825390625
38.0,2.6228642,1.7817855,25.469587595253547,0.0,21255.765625
38.02,2.426922,1.7654783,25.47886829743595,0.0,21301.455859375
38.04,2.205153,1.8779753,25.540476376191428,0.0,21347.14609375
38.06,2.235808,1.8025341,25.499407220094067,0.0,21392.836328125
38.08,2.2024627,1.7683135,25.729522224500627,0.0,21438.5265625
38.1,2.2118647,1.8656185,25.70294303887609,0.0,21484.216796875
38.12,2.4887676,1.8165885,25.851531508758903,0.0,21529.90703125
38.14,2.2764392,1.8556373,25.79659936952502,0.0,21575.597265625
38.16,2.3352027,1.713952,25.74016284528961,0.0,21621.2875
38.18,2.1224928,1.7992461,25.73228381504569,0.0,21666.977734375
38.2,2.4001644,1.69734,25.65682701925324,0.0,21712.66796875
38.22,2.331441,1.7923002,25.695184791369027,0.0,21732.8345703125
38.24,2.3423111,1.8393877,25.722113100721447,0.0,21753.001171875
38.26,2.3603578,1.8648397,25.67389153941162,0.0,21773.1677734375
38.28,2.1937623,1.8649826,25.810606820117485,0.0,21793.334375
38.3,2.1726484,1.8244638,25.662238806851953,0.0,21813.5009765625
38.32,1.9771292,1.870314,25.76595374404109,0.0,21833.667578125
38.34,1.7504185,1.8806762,25.764537959357106,0.0,21853.8341796875
38.36,1.8812828,1.8508576,25.70809641280173,0.0,21874.00078125
38.38,1.9026667,1.839859,25.930685815377032,0.0,21894.1673828125
38.4,1.8001233,1.8356044,25.745392259279587,0.0,21914.333984375
38.42,1.8786547,1.8413455,25.724488362169836,0.0,21868.3611328125
38.44,1.8700953,1.8259776,25.91812601810579,0.0,21822.38828125
38.46,1.843296,1.7941928,25.97487383533798,0.0,21776.4154296875
38.48,1.7810346,1.8137954,25.92691269410246,0.0,21730.442578125
38.5,1.746562,1.7923994,25.9122438009682,0.0,21684.4697265625
38.52,1.8024789,1.8244631,25.773924843450647,0.0,21638.496875
38.54,1.8259012,1.8136423,25.913538378128823,0.0,21592.5240234375
38.56,1.916517,1.809988,26.011281309632114,0.0,21546.551171875
38.58,1.8629323,1.8284713,25.99606004591097,0.0,21500.5783203125
38.6,1.8680427,1.8340001,25.896617258718205,0.0,21454.60546875
38.62,2.0488875,1.8856397,25.87097165008609,0.0,21423.4376953125
38.64,2.1681757,1.8657005,25.802208324999437,0.0,21392.269921875
38.66,2.2521794,1.8421369,25.70762160032575,0.0,21361.1021484375
38.68,2.250217,1.8202388,25.71641925693468,0.0,21329.934375
38.7,2.2091036,1.7881049,25.73826008387533,0.0,21298.7666015625
38.72,2.1261322,1.7494583,25.794618557195406,0.0,21267.598828125
38.74,2.1576407,1.794797,25.73632349823141,0.0,21236.4310546875
38.76,2.4002855,1.8267685,25.668782274356843,0.0,21205.26328125
38.78,2.3592987,1.7983387,25.732473764547862,0.0,21174.0955078125
38.8,2.4026575,1.817318,25.57583700650735,0.0,21142.927734375
38.82,2.473516,1.818003,25.75997291846107,0.0,21129.3365234375
38.84,2.4632246,1.8389394,25.66798483811642,0.0,21115.7453125
38.86,2.3946362,1.8356998,25.72125732622208,0.0,21102.1541015625
38.88,2.2681508,1.8195822,25.72484301986342,0.0,21088.562890625
38.9,2.242791,1.7022641,25.75902524860705,0.0,21074.9716796875
38.92,2.1776724,1.8998618,25.934672220988556,0.0,21061.38046875
38.94,2.1358702,1.816739,25.899351163949127,0.0,21047.7892578125
38.96,2.1679611,1.731396,26.006665417126072,0.0,21034.198046875
38.98,2.4657722,1.7934673,25.92177060265948,0.0,21020.6068359375
39.0,2.581246,1.8548088,25.933309074707918,0.0,21007.015625
39.02,2.3300192,1.6860662,25.850404767928623,0.0,21029.793359375
39.04,2.1925166,1.7841107,25.9392466996316,0.0,21052.57109375
39.06,2.2964725,1.7528397,25.895550754630904,0.0,21075.348828125
39.08,2.4345984,1.7911401,25.850007024263093,0.0,21098.1265625
39.1,2.2913284,1.7863071,25.851269364002537,0.0,21120.904296875
39.12,2.3095722,1.8116755,25.860493704236468,0.0,21143.68203125
39.14,2.4569159,1.7282965,25.926771617934584,0.0,21166.459765625
39.16,2.4558272,1.767556,26.059726732287736,0.0,21189.2375
39.18,2.6238174,1.7790836,25.8838595320853,0.0,21212.015234375
39.2,2.5484288,1.7982879,25.96460652158909,0.0,21234.79296875
39.22,2.5873418,1.8208914,25.949167728049165,0.2,21225.3951171875
39.24,2.5056205,1.7575381,25.96171803580287,0.4,21215.997265625
39.26,2.6510367,1.8070543,26.04319655065541,0.6000000000000001,21206.5994140625
39.28,2.5323658,1.7905284,26.038072614775366,0.8,21197.2015625
39.3,2.693411,1.752229,25.85923257789942,1.0,21187.8037109375
39.32,2.5960212,1.7269896,25.860208547456594,1.0,21178.405859375
39.34,2.5065253,1.7692823,25.69994260717118,1.0,21169.0080078125
39.36,2.7223694,1.7621936,25.82352151178889,1.0,21159.61015625
39.38,2.4865243,1.7599525,25.778678225847614,1.0,21150.2123046875
39.4,2.5729,1.7538906,25.801431901670906,1.0,21140.814453125
39.42,2.5967603,1.2598324,25.945755792091305,0.8,21155.2427734375
39.44,2.6472843,1.6679833,25.825324013904275,0.6,21169.67109375
39.46,2.8182194,1.6827582,25.760074814580378,0.3999999999999999,21184.0994140625
39.48,2.8415334,1.540266,25.863669458840448,0.19999999999999996,21198.527734375
39.5,3.1860116,1.8826712,25.86365266850435,0.0,21212.9560546875
39.52,3.3445392,1.8897854,25.99579647565061,0.2,21227.384375
39.54,3.2525315,1.8917947,25.881592525391316,0.4,21241.8126953125
39.56,3.1640787,1.9328742,25.764935987576784,0.6000000000000001,21256.241015625
39.58,2.9518828,1.8132432,25.73804211588112,0.8,21270.6693359375
39.6,2.8398757,1.8085036,25.66706381007674,1.0,21285.09765625
39.62,3.1508784,1.8846242,25.848577245579264,1.0,21298.1537109375
39.64,3.0143352,1.8861892,25.78455822339114,1.0,21311.209765625
39.66,3.1478703,1.8335571,25.82360934968944,1.0,21324.2658203125
39.68,2.941605,1.7830868,25.806778406425572,1.0,21337.321875
39.7,3.1909885,1.8099251,25.63546722244634,1.0,21350.3779296875
39.72,3.2923212,1.7747766,25.496356495982788,1.0,21363.433984375
39.74,3.0674577,1.7331562,25.62866755861167,1.0,21376.4900390625
39.76,3.0473995,1.8334485,25.5903582658739,1.0,21389.54609375
39.78,3.0626216,1.7985766,25.60632446712588,1.0,21402.6021484375
39.8,2.941032,1.8063308,25.716695337583992,1.0,21415.658203125
39.82,2.643351,1.8143969,25.57762476908081,1.0,21404.670703125
39.84,2.4401789,1.6740035,25.570891394822905,1.0,21393.683203125
39.86,2.3575733,1.7282073,25.53075537283682,1.0,21382.695703125
39.88,2.4629178,1.7139633,25.584328989427366,1.0,21371.708203125
39.9,2.5886667,1.8070598,25.458340236198183,1.0,21360.720703125
39.92,2.5398836,1.7565188,25.652076677727717,0.8,21349.733203125
39.94,2.5634618,1.8828151,25.618605832320632,0.6,21338.745703125
39.96,2.700696,1.7908635,25.656600146269206,0.3999999999999999,21327.758203125
39.98,2.597365,1.7703356,25.627578282705045,0.19999999999999996,21316.770703125
40.0,2.637385,1.7672313,25.87854058188846,0.0,21305.783203125
40.02,2.6347387,1.7342441,25.55628622670142,0.2,21332.1876953125
40.04,2.5142589,1.7469418,25.600486267056958,0.4,21358.5921875
40.06,2.40696,1.7724652,25.499375989456972,0.6000000000000001,21384.9966796875
40.08,2.5667024,1.5479643,25.52970051447657,0.8,21411.401171875
40.1,2.696431,1.7143986,25.507933988502117,1.0,21437.8056640625
40.12,2.6393237,1.6269772,25.435173143290157,0.8,21464.21015625
40.14,2.7596517,1.7052505,25.3623000405157,0.6,21490.6146484375
40.16,2.8674161,1.6962086,25.47095262656214,0.3999999999999999,21517.019140625
40.18,2.7301095,1.773231,25.48479338727133,0.19999999999999996,21543.4236328125
40.2,2.9698658,1.8828046,25.729273814423195,0.0,21569.828125
40.22,2.8680646,1.9259593,25.618931696901903,0.0,21544.06015625
40.24,2.6559215,1.8468167,25.501866624401103,0.0,21518.2921875
40.26,2.6161406,1.8080056,25.488932875514333,0.0,21492.52421875
40.28,2.691209,1.8343663,25.593033206788405,0.0,21466.75625
40.3,2.5,1.7369108,25.49569345667905,0.0,21440.98828125
40.32,2.4086258,1.7431217,25.48927474283909,0.0,21415.2203125
40.34,2.1959338,1.839942,25.600580798451908,0.0,21389.45234375
40.36,2.2918866,1.6294174,25.55945998126592,0.0,21363.684375
40.38,2.4177072,1.7706199,25.76573632823051,0.0,21337.91640625
40.4,2.4626346,1.8385321,25.7403429322582,0.0,21312.1484375
40.42,2.6178732,1.8206825,25.636119490035934,0.0,21283.6529296875
40.44,2.8377464,1.8068874,25.516651334799892,0.0,21255.157421875
40.46,2.9620852,1.7892036,25.522916551796023,0.0,21226.6619140625
40.48,2.8449068,1.8005731,25.494751851224763,0.0,21198.16640625
40.5,2.893911,1.8604733,25.557406953914132,0.0,21169.6708984375
40.52,3.1013613,1.7601318,25.50735511272309,0.0,21141.175390625
40.54,2.8560615,1.8407285,25.543410608439572,0.0,21112.6798828125
40.56,2.853333,1.8440627,25.519423313645678,0.0,21084.184375
40.58,2.8591332,1.7193555,25.48442620725599,0.0,21055.6888671875
40.6,2.7190793,1.7486508,25.711967196843858,0.0,21027.193359375
40.62,2.7124226,1.8343151,25.75178839400422,0.2,21018.2921875
40.64,2.5228217,1.813807,25.6924737358802,0.4,21009.391015625
40.66,2.6806693,1.6768713,25.853494560696,0.6000000000000001,21000.48984375
40.68,2.5055046,1.870656,25.817096782479236,0.8,20991.588671875
40.7,2.4821723,1.850168,25.700263009295547,1.0,20982.6875
40.72,2.7874632,1.9554393,25.699060007694108,0.8,20973.786328125
40.74,2.788443,1.8533133,25.640520802998246,0.6,20964.88515625
40.76,2.6557245,1.8522286,25.687206166948748,0.3999999999999999,20955.983984375
40.78,2.8824995,1.8094517,25.758032172962295,0.19999999999999996,20947.0828125
40.8,3.2442644,1.7807295,25.764057899471243,0.0,20938.181640625
40.82,3.0463693,1.7958117,25.8787445214299,0.0,20961.2451171875
40.84,3.0700908,1.84066,25.864779484707707,0.0,20984.30859375
40.86,2.8944535,1.7249061,25.804580125980454,0.0,21007.3720703125
40.88,2.983847,1.7649117,25.911187898566315,0.0,21030.435546875
40.9,2.8790488,1.8454144,25.80067698269007,0.0,21053.4990234375
40.92,2.9250188,1.7742264,25.828921121867488,0.2,21076.5625
40.94,2.6588967,1.6905676,25.587721787205137,0.4,21099.6259765625
40.96,2.6325977,1.8129145,25.686876479668065,0.6000000000000001,21122.689453125
40.98,2.5954616,1.8665602,25.646691996735136,0.8,21145.7529296875
41.0,2.6551774,1.8124881,25.743105256151214,1.0,21168.81640625
41.02,2.5890036,1.7098385,25.930357327316496,0.8,21165.1193359375
41.04,2.3971107,1.3911748,25.791921377046112,0.6,21161.422265625
41.06,2.3367205,1.5471171,25.828447866365806,0.3999999999999999,21157.7251953125
41.08,2.442441,1.7626431,25.779991895742775,0.19999999999999996,21154.028125
41.1,2.3581405,1.8364514,25.616701846097534,0.0,21150.3310546875
41.12,2.6721992,1.8355478,25.830103589350163,0.2,21146.633984375
41.14,2.7467513,1.8227042,25.667811379002043,0.4,21142.9369140625
41.16,2.8524568,1.8028064,25.73934455833914,0.6000000000000001,21139.23984375
41.18,2.9618888,1.9563816,25.648795380468417,0.8,21135.5427734375
41.2,3.1217432,1.9269035,25.542184536874952,1.0,21131.845703125
41.22,2.9455943,1.792984,25.56678669491812,0.8,21136.59375
41.24,2.919847,1.7930105,25.589183200826415,0.6,21141.341796875
41.26,2.7423036,1.9194901,25.70764634955083,0.3999999999999999,21146.08984375
41.28,2.8134298,1.8098081,25.715107401894528,0.19999999999999996,21150.837890625
41.3,2.8264165,1.8124998,25.61100369705493,0.0,21155.5859375
41.32,2.7310462,1.8377547,25.616143848920935,0.4,21160.333984375
41.34,2.804801,1.7272283,25.51814091479948,0.8,21165.08203125
41.36,2.687686,1.9316156,25.611825862737998,1.2000000000000002,21169.830078125
41.38,2.600183,1.8163321,25.563858015548966,1.6,21174.578125
41.4,2.9705117,1.9290857,25.50991667353939,2.0,21179.326171875
41.42,2.8575265,1.7684903,25.62748931138924,2.0,21186.9681640625
41.44,2.6915762,1.8076029,25.574315434647573,2.0,21194.61015625
41.46,2.665556,1.7747679,25.630398227785914,2.0,21202.2521484375
41.48,2.759441,1.9390607,25.67032374093321,2.0,21209.894140625
41.5,2.4442966,1.9648288,25.817250948669738,2.0,21217.5361328125
41.52,2.4420364,1.9475715,25.940944242418155,1.8,21225.178125
41.54,2.3718064,1.9202877,25.984258993542248,1.6,21232.8201171875
41.56,2.3891683,1.9180166,25.79264923566438,1.4,21240.462109375
41.58,2.6053867,1.8296905,26.081458842267644,1.2,21248.1041015625
41.6,2.6164517,1.9451671,26.087665266865866,1.0,21255.74609375
41.62,2.5300922,1.8661124,25.96927407279825,1.0,21208.104296875
41.64,2.6848295,1.8069317,26.115952223825936,1.0,21160.4625
41.66,2.9633408,1.8287014,26.229269233693564,1.0,21112.820703125
41.68,2.5872517,1.8668196,25.943790422349146,1.0,21065.17890625
41.7,2.7095923,1.923871,25.934457740221028,1.0,21017.537109375
41.72,2.838197,1.7132373,26.15604985154502,0.8,20969.8953125
41.74,2.8750892,1.7675035,26.037393684443195,0.6,20922.253515625
41.76,2.5257003,1.5814478,25.887796671858233,0.3999999999999999,20874.61171875
41.78,2.4436781,1.865884,25.781463668128417,0.19999999999999996,20826.969921875
41.8,2.801981,1.8322732,25.917191106306912,0.0,20779.328125
41.82,2.8657937,1.8222117,26.020444950337524,0.0,20805.9060546875
41.84,2.770457,1.6707816,26.07701059191692,0.0,20832.483984375
41.86,2.7454388,1.7676829,25.910319236584595,0.0,20859.0619140625
41.88,2.6417232,1.7746391,25.98237114729608,0.0,20885.63984375
41.9,2.4889543,1.7503567,25.838664445934917,0.0,20912.2177734375
41.92,2.5877008,1.8538392,26.054936596904135,0.0,20938.795703125
41.94,2.5408907,1.7961476,26.138380865412763,0.0,20965.3736328125
41.96,2.7257624,1.7951024,26.111566485118388,0.0,20991.9515625
41.98,2.8360662,1.8749101,26.155696439803037,0.0,21018.5294921875
42.0,2.7761164,1.8172932,26.13985291463208,0.0,21045.107421875
42.02,3.002181,1.7891823,26.099899497457443,0.0,21045.34609375
42.04,2.6289964,1.78477,25.921161132078197,0.0,21045.584765625
42.06,2.5783615,1.7392612,25.967315387228965,0.0,21045.8234375
42.08,2.7039657,1.6887698,26.050597038020562,0.0,21046.062109375
42.1,2.7462223,1.6741886,25.997836074614597,0.0,21046.30078125
42.12,2.5244803,1.7530437,26.169153647735936,0.0,21046.539453125
42.14,2.565932,1.7126054,26.038739333202532,0.0,21046.778125
42.16,2.5421026,1.7462302,25.967620821931575,0.0,21047.016796875
42.18,2.4915454,1.7879074,25.88470858259011,0.0,21047.25546875
42.2,2.64478,1.7500997,25.890457194197936,0.0,21047.494140625
42.22,2.7458622,1.8144625,26.026900112276255,0.0,21092.889453125
42.24,2.735427,1.8592179,26.069457881699396,0.0,21138.284765625
42.26,2.4866645,1.80519,25.9008508714452,0.0,21183.680078125
42.28,2.6090431,1.7768252,26.020810489012213,0.0,21229.075390625
42.3,2.667213,1.7778976,26.028333045157964,0.0,21274.470703125
42.32,2.6747212,1.8079109,26.09759778526785,0.0,21319.866015625
42.34,2.6098895,1.7276676,26.04650831376931,0.0,21365.261328125
42.36,2.3423111,1.8217831,25.961268232766514,0.0,21410.656640625
42.38,2.415085,1.8067454,25.944104902469263,0.0,21456.051953125
42.4,2.2183464,1.842598,25.899373718499696,0.0,21501.447265625
42.42,2.3342566,1.7642306,25.68002006884718,0.0,21464.2052734375
42.44,2.5315163,1.7730855,25.711304112538592,0.0,21426.96328125
42.46,2.6891131,1.7145859,25.76494052400136,0.0,21389.7212890625
42.48,2.750072,1.8100924,25.79459668491493,0.0,21352.479296875
42.5,2.752206,1.7928625,25.669955507238278,0.0,21315.2373046875
42.52,2.9432251,1.8049638,25.78927849904695,0.0,21277.9953125
42.54,2.9156833,1.8836975,25.859231800371916,0.0,21240.7533203125
42.56,2.5116448,1.7743483,25.75919163526409,0.0,21203.511328125
42.58,2.475771,1.8302553,26.001980972493918,0.0,21166.2693359375
42.6,2.401617,1.8230305,25.989178947179113,0.0,21129.02734375
42.62,2.542354,1.8195508,26.05203493251365,0.0,21139.5603515625
42.64,2.4428694,1.8467051,25.946180222706104,0.0,21150.093359375
42.66,2.6582189,1.7963599,25.83326565873154,0.0,21160.6263671875
42.68,2.7250159,1.8025823,25.715356345504947,0.0,21171.159375
42.7,2.7877135,1.7966619,25.654442472076294,0.0,21181.6923828125
42.72,2.8886435,1.6615235,25.85233684449478,0.0,21192.225390625
42.74,2.9460285,1.8105822,25.830415914482675,0.0,21202.7583984375
42.76,2.8932881,1.7454753,25.774502547506806,0.0,21213.29140625
42.78,2.9650273,1.8051457,25.73131912846479,0.0,21223.8244140625
42.8,2.7606413,1.737429,25.700639257724536,0.0,21234.357421875
42.82,2.6865177,1.9023104,25.678681708808583,0.0,21207.56875
42.84,2.6214237,1.7997355,25.62178448712752,0.0,21180.780078125
42.86,2.6168962,1.8162973,25.688549436261173,0.0,21153.99140625
42.88,2.5785873,1.8440641,25.838828551653528,0.0,21127.202734375
42.9,2.7200625,1.892853,25.78506602794091,0.0,21100.4140625
42.92,2.6554182,1.8904835,25.84040160817917,0.0,21073.625390625
42.94,2.700481,1.8331134,25.818704544547227,0.0,21046.83671875
42.96,2.8081772,1.8348525,25.60897560656337,0.0,21020.048046875
42.98,2.8369064,1.7707007,25.674178178922183,0.0,20993.259375
43.0,2.6520448,1.821642,25.729700471790977,0.0,20966.470703125
43.02,2.7117367,1.7499954,25.754051665625987,0.0,20981.425
43.04,2.512293,1.7885143,25.574543391630108,0.0,20996.379296875
43.06,2.3893626,1.7904792,25.645216024954237,0.0,21011.33359375
43.08,2.47861,1.8167667,25.754246216067123,0.0,21026.287890625
43.1,2.6555495,1.8404975,25.886408627070633,0.0,21041.2421875
43.12,2.6981335,1.8543746,25.778614207059107,0.0,21056.196484375
43.14,2.7485285,1.8266158,25.740779211611468,0.0,21071.15078125
43.16,3.0336537,1.8332174,25.72883401034307,0.0,21086.105078125
43.18,2.8524363,1.8533276,25.722811920523174,0.0,21101.059375
43.2,2.968887,1.9182527,25.934154522885002,0.0,21116.013671875
43.22,2.678652,1.8727278,25.906139105123387,0.0,21170.928125
43.24,2.7255278,1.7997139,26.005483502926804,0.0,21225.842578125
43.26,2.3274982,1.7441256,25.910893725666707,0.0,21280.75703125
43.28,2.1522996,1.761142,25.84588520760792,0.0,21335.671484375
43.3,2.4158552,1.7235649,25.88015999195037,0.0,21390.5859375
43.32,2.1513002,1.7784522,25.92455377487111,0.0,21445.500390625
43.34,2.4465075,1.8940871,25.746817987545402,0.0,21500.41484375
43.36,2.5369754,1.9406636,25.66012463898104,0.0,21555.329296875
43.38,2.444368,1.8220586,25.702566698534266,0.0,21610.24375
43.4,2.7428546,1.8619186,25.629290442055606,0.0,21665.158203125
43.42,2.631118,1.7857348,25.671098080505487,0.0,21605.684375
43.44,2.4173946,1.8934236,25.536683887228865,0.0,21546.210546875
43.46,2.5278857,1.8405389,25.606094601986253,0.0,21486.73671875
43.48,2.6473503,1.8123776,25.720042814276706,0.0,21427.262890625
43.5,2.4319706,1.8186755,25.77571591329843,0.0,21367.7890625
43.52,2.27437,1.8581758,25.814179023124385,0.0,21308.315234375
43.54,2.290212,1.8397858,25.702759383453888,0.0,21248.84140625
43.56,2.363582,1.8562948,25.82346941504163,0.0,21189.367578125
43.58,2.271531,1.7168599,25.73375686244416,0.0,21129.89375
43.6,2.284545,1.8222024,25.747290802876396,0.0,21070.419921875
43.62,2.5659094,1.883253,25.789556803080337,0.0,21079.482421875
43.64,2.6598585,1.7641186,25.91024823160715,0.0,21088.544921875
43.66,2.608107,1.730521,25.800644675714423,0.0,21097.607421875
43.68,2.9405575,1.9110487,25.853419527894275,0.0,21106.669921875
43.7,2.522384,1.8042909,25.804336389086203,0.0,21115.732421875
43.72,2.69753,1.8571889,25.96263948437096,0.0,21124.794921875
43.74,2.7469206,1.8844293,25.738378046036896,0.0,21133.857421875
43.76,2.8255525,1.8285358,25.731396937176246,0.0,21142.919921875
43.78,2.9913573,1.8501308,25.93107605189063,0.0,21151.982421875
43.8,3.0834289,1.7854552,25.910405956219243,0.0,21161.044921875
43.82,2.894373,1.7526644,25.78577522957253,0.0,21177.3380859375
43.84,3.034171,1.80019,25.86239180827323,0.0,21193.63125
43.86,3.2948449,1.7616222,25.797162661268512,0.0,21209.9244140625
43.88,3.495154,1.7188381,25.926454342108,0.0,21226.217578125
43.9,3.492708,1.7722548,26.002100114348437,0.0,21242.5107421875
43.92,3.2948098,1.7925208,25.80486630936651,0.0,21258.80390625
43.94,3.2768002,1.7335235,25.860376259773112,0.0,21275.0970703125
43.96,3.199121,1.8390653,25.927867703889543,0.0,21291.390234375
43.98,3.3484473,1.8626212,25.90592604768785,0.0,21307.6833984375
44.0,3.6038613,1.8256211,25.930060418327635,0.0,21323.9765625
44.02,3.5035257,1.978128,25.80050959871358,0.0,21343.9640625
44.04,3.3645706,1.9146047,25.76014759029732,0.0,21363.9515625
44.06,3.4169436,1.7663653,25.526769321357786,0.0,21383.9390625
44.08,3.333868,1.676959,25.515835758497264,0.0,21403.9265625
44.1,3.131485,1.8467536,25.617674568940913,0.0,21423.9140625
44.12,2.9675748,1.9054072,25.68630595814621,0.0,21443.9015625
44.14,2.9931448,1.8549986,25.74154002863992,0.0,21463.8890625
44.16,2.9876242,1.7912215,25.683378483738824,0.0,21483.8765625
44.18,2.8598042,1.791382,25.76050853739877,0.0,21503.8640625
44.2,2.6327744,1.8262877,25.591026510757974,0.0,21523.8515625
44.22,2.5897894,1.8570471,25.528436717720346,0.0,21543.1791015625
44.24,2.3736193,1.8632574,25.676039174313487,0.0,21562.506640625
44.26,2.438058,1.8671808,25.68326381140625,0.0,21581.8341796875
44.28,2.1499758,1.8530824,25.783135741265642,0.0,21601.16171875
44.3,2.3081877,1.9378374,25.761778118082415,0.0,21620.4892578125
44.32,2.5062003,1.806098,25.846091680962374,0.0,21639.816796875
44.34,2.842597,1.8050416,25.708035651770295,0.0,21659.1443359375
44.36,2.587948,1.7596394,25.792504588993825,0.0,21678.471875
44.38,2.5696447,1.8553668,25.626516764861407,0.0,21697.7994140625
44.4,2.7447615,1.7418566,25.856157944698978,0.0,21717.126953125
44.42,2.877676,1.7832079,25.757687204276788,0.0,21690.5533203125
44.44,2.9752045,1.7557783,25.68916858992944,0.0,21663.9796875
44.46,2.893208,1.8054681,25.82098498723973,0.0,21637.4060546875
44.48,2.9093566,1.6768236,25.872845211704593,0.0,21610.832421875
44.5,2.758303,1.7730072,25.705192810993633,0.0,21584.2587890625
44.52,2.5351877,1.7712734,25.729266670848865,0.0,21557.68515625
44.54,2.2579277,1.89468,25.679753144402397,0.0,21531.1115234375
44.56,2.4616904,1.6502547,25.873679720361192,0.0,21504.537890625
44.58,2.5927055,1.8794265,25.57457277906105,0.0,21477.9642578125
44.6,2.5456903,1.8716265,25.63492575895049,0.0,21451.390625
44.62,2.7858777,1.8717861,25.43417805839159,0.0,21470.7345703125
44.64,2.6269832,1.86171,25.641183754260773,0.0,21490.078515625
44.66,2.5267818,1.8038844,25.66559379473184,0.0,21509.4224609375
44.68,2.3476653,1.9024453,25.67909732654939,0.0,21528.76640625
44.7,2.3980322,1.8572819,25.609581720750505,0.0,21548.1103515625
44.72,2.533995,1.8701671,25.46924814173654,0.0,21567.454296875
44.74,2.5507543,1.7902198,25.576362473039296,0.0,21586.7982421875
44.76,2.6686075,1.9340839,25.65534715647965,0.0,21606.1421875
44.78,2.8281024,1.9594939,25.766889928151244,0.0,21625.4861328125
44.8,2.7745457,1.8064909,25.6113466896117,0.0,21644.830078125
44.82,2.9841976,1.8507068,25.677920484379555,0.0,21634.6630859375
44.84,2.7051692,1.769761,25.44472333997814,0.0,21624.49609375
44.86,2.5859709,1.8314662,25.523899260785875,0.0,21614.3291015625
44.88,2.64467,1.8098919,25.559663548230706,0.0,21604.162109375
44.9,2.5815387,1.8332489,25.632410638118937,0.0,21593.9951171875
44.92,2.882943,1.8248866,25.510242120397933,0.0,21583.828125
44.94,3.0028393,1.8765216,25.35615887000406,0.0,21573.6611328125
44.96,2.9329572,1.811629,25.364190596097576,0.0,21563.494140625
44.98,3.1879268,1.7992976,25.478894693478576,0.0,21553.3271484375
45.0,3.1142302,1.8574638,25.421083228968662,0.0,21543.16015625
45.02,3.0824482,1.8120371,25.50418235589875,0.0,21532.07265625
45.04,3.1435833,1.7895405,25.583182319536494,0.0,21520.98515625
45.06,3.096766,1.8914825,25.41092179714873,0.0,21509.89765625
45.08,3.2580316,1.866307,25.48427954498274,0.0,21498.81015625
45.1,3.1777725,1.843292,25.228490004806098,0.0,21487.72265625
45.12,3.2344487,1.8017238,25.346373336513462,0.0,21476.63515625
45.14,3.1995752,1.8895954,25.43531499204105,0.0,21465.54765625
45.16,3.5496287,1.7904736,25.514330060469476,0.0,21454.46015625
45.18,3.3749552,1.8536909,25.420439642644897,0.0,21443.37265625
45.2,3.5743523,1.9119703,25.341273131771768,0.0,21432.28515625
45.22,3.2695193,1.7786059,25.467091082235708,0.0,21423.1060546875
45.24,3.2416654,1.7646708,25.40557679853743,0.0,21413.926953125
45.26,3.4244037,1.8099988,25.398263066973065,0.0,21404.7478515625
45.28,3.4422317,1.8882478,25.29717196765403,0.0,21395.56875
45.3,3.086839,1.887866,25.387444538878285,0.0,21386.3896484375
45.32,3.0407543,1.8881208,25.48454590357402,0.0,21377.210546875
45.34,3.06059,1.9061997,25.435175713840252,0.0,21368.0314453125
45.36,3.0218272,1.7665575,25.471930195851055,0.0,21358.85234375
45.38,3.008641,1.8247699,25.60190999837733,0.0,21349.6732421875
45.4,2.7475977,1.7961318,25.534850937795206,0.0,21340.494140625
45.42,2.5047853,1.7978473,25.73032216651873,0.2,21310.9708984375
45.44,2.7836232,1.8767196,25.521838668787275,0.4,21281.44765625
45.46,2.8729045,1.8433743,25.58822846903488,0.6000000000000001,21251.9244140625
45.48,2.8766859,1.8626122,25.535257276255948,0.8,21222.401171875
45.5,3.0762568,1.871741,25.665513513751566,1.0,21192.8779296875
45.52,3.0570362,1.8727921,25.661407891240835,0.8,21163.3546875
45.54,3.0516505,1.9005216,25.596637863902032,0.6,21133.8314453125
45.56,3.3639488,1.8399146,25.363142831699097,0.3999999999999999,21104.308203125
45.58,3.4862113,1.9513001,25.43556113926011,0.19999999999999996,21074.7849609375
45.6,3.3645535,1.9292834,25.328044955026577,0.0,21045.26171875
45.62,3.4496877,1.9079478,25.401563597668613,0.0,21068.3513671875
45.64,3.3789315,1.8054852,25.30376963683542,0.0,21091.441015625
45.66,3.3328915,1.896946,25.280388787147537,0.0,21114.5306640625
45.68,3.2360296,1.8486717,25.349883157842545,0.0,21137.6203125
45.7,3.2386332,1.8694335,25.398261783023408,0.0,21160.7099609375
45.72,2.9229312,1.8617401,25.37522053645981,0.0,21183.799609375
45.74,2.9446075,1.8085903,25.423071066092014,0.0,21206.8892578125
45.76,3.1567397,1.8577871,25.355761350634225,0.0,21229.97890625
45.78,3.17173,1.8311815,25.5010157017835,0.0,21253.0685546875
45.8,3.249331,1.830961,25.4484177894777,0.0,21276.158203125
45.82,3.49999,1.8381379,25.316686893436888,0.0,21257.1392578125
45.84,3.4328637,1.8670621,25.397900412856625,0.0,21238.1203125
45.86,3.0999181,1.876523,25.298155310997256,0.0,21219.1013671875
45.88,3.1850626,1.7487359,25.60208773764662,0.0,21200.082421875
45.9,3.2122493,1.7768694,25.58418926240007,0.0,21181.0634765625
45.92,3.2368379,1.8551558,25.484266607130678,0.0,21162.04453125
45.94,3.3440351,1.8828351,25.689672679340127,0.0,21143.0255859375
45.96,3.154953,1.7022212,25.618477755356082,0.0,21124.006640625
45.98,2.9821908,1.8419509,25.62135252023831,0.0,21104.9876953125
46.0,3.2158303,1.9172324,25.67823369356828,0.0,21085.96875
46.02,3.146411,1.9300983,25.674047420437972,0.0,21103.97890625
46.04,3.027151,1.8593324,25.6547387380788,0.0,21121.9890625
46.06,3.3226204,1.8301021,25.71467964197503,0.0,21139.99921875
46.08,3.1761441,1.7735189,25.725728492528486,0.0,21158.009375
46.1,3.0876675,1.7777264,25.591538355059328,0.0,21176.01953125
46.12,3.0990553,1.8171458,25.57974462965463,0.0,21194.0296875
46.14,3.1821048,1.7117813,25.61659099472807,0.0,21212.03984375
46.16,3.0034974,1.8299502,25.612856446220928,0.0,21230.05
46.18,3.003594,1.8065833,25.678988866786185,0.0,21248.06015625
46.2,2.9754195,1.809499,25.663067498575664,0.0,21266.0703125
46.22,3.018093,1.8039582,25.758517122894617,0.0,21289.7712890625
46.24,2.9580202,1.7894309,25.760878125965366,0.0,21313.472265625
46.26,2.9641843,1.8005481,25.497754984322203,0.0,21337.1732421875
46.28,2.9712358,1.9080125,25.660872109942538,0.0,21360.87421875
46.3,2.9992752,1.8913343,25.531730320844904,0.0,21384.5751953125
46.32,3.126748,1.7759537,25.735237105056964,0.0,21408.276171875
46.34,2.8881202,1.8146294,25.601584800608816,0.0,21431.9771484375
46.36,2.814855,1.8537378,25.548570628197137,0.0,21455.678125
46.38,3.0870085,1.7630401,25.608093949499356,0.0,21479.3791015625
46.4,2.999353,1.792599,25.528137924760728,0.0,21503.080078125
46.42,2.7883387,1.8207164,25.431622648318456,0.0,21481.5453125
46.44,2.685847,1.7599814,25.499394669593688,0.0,21460.010546875
46.46,2.7918804,1.7945702,25.398992526633343,0.0,21438.47578125
46.48,2.79392,1.7704012,25.446975774697883,0.0,21416.941015625
46.5,3.0373306,1.7956843,25.51987418392899,0.0,21395.40625
46.52,2.7395465,1.8096282,25.50231594782739,0.0,21373.871484375
46.54,2.9152446,1.8309631,25.444618065316664,0.0,21352.33671875
46.56,2.970766,1.8325129,25.524923197339433,0.0,21330.801953125
46.58,2.9119327,1.8154206,25.533207911355596,0.0,21309.2671875
46.6,2.7564478,1.8367356,25.53608641834026,0.0,21287.732421875
46.62,2.893469,1.7242913,25.51292152394253,0.0,21303.8083984375
46.64,3.0895307,1.7369729,25.602108675978812,0.0,21319.884375
46.66,2.7655008,1.8507136,25.66023543267601,0.0,21335.9603515625
46.68,3.02075,1.8893683,25.86847988466868,0.0,21352.036328125
46.7,3.1337304,1.8364959,25.718031453264913,0.0,21368.1123046875
46.72,2.7865243,1.8914856,25.670664255689534,0.0,21384.18828125
46.74,2.5419881,1.8140135,25.798481291083085,0.0,21400.2642578125
46.76,2.4728105,1.8614311,25.710803254852802,0.0,21416.340234375
46.78,2.7387614,1.7494919,25.667553947968607,0.0,21432.4162109375
46.8,2.8814304,1.7831098,25.654561705537382,0.0,21448.4921875
46.82,2.8125,1.7120476,25.637116161784924,0.0,21458.2392578125
46.84,2.822218,1.7545798,25.747008308444364,0.0,21467.986328125
46.86,3.1724632,1.7973089,25.645493413824937,0.0,21477.7333984375
46.88,3.1790528,1.8234959,25.60290080851228,0.0,21487.48046875
46.9,3.246342,1.7799151,25.71090032220535,0.0,21497.2275390625
46.92,2.903857,1.7454336,25.55653684072786,0.0,21506.974609375
46.94,2.767014,1.7672337,25.65226976668239,0.0,21516.7216796875
46.96,2.654652,1.7540907,25.59606853612365,0.0,21526.46875
46.98,2.6665375,1.7765032,25.58332170675568,0.0,21536.2158203125
47.0,2.902956,1.8244792,25.484694683332275,0.0,21545.962890625
47.02,2.989569,1.7982247,25.49548591152414,0.0,21533.73984375
47.04,3.0130043,1.8616195,25.594222050838887,0.0,21521.516796875
47.06,2.8403058,1.7861526,25.49885763775904,0.0,21509.29375
47.08,2.998558,1.8142593,25.352392985576692,0.0,21497.070703125
47.1,3.022616,1.8202673,25.421470340746705,0.0,21484.84765625
47.12,2.8177655,1.7894919,25.411862487109723,0.0,21472.624609375
47.14,2.7667408,1.7849805,25.494041643429128,0.0,21460.4015625
47.16,2.7651434,1.8143566,25.538547332067168,0.0,21448.178515625
47.18,3.0009997,1.8307762,25.583210184468214,0.0,21435.95546875
47.2,2.8821363,1.7942367,25.514846588390697,0.0,21423.732421875
47.22,2.888744,1.7110207,25.60403190684307,0.0,21432.228515625
47.24,3.1203275,1.7905159,25.504973548907603,0.0,21440.724609375
47.26,3.1053886,1.7503936,25.644901297737952,0.0,21449.220703125
47.28,2.8832052,1.8205447,25.613575905256027,0.0,21457.716796875
47.3,3.1577895,1.8101537,25.730651103959655,0.0,21466.212890625
47.32,2.9955325,1.6764079,25.642508820335692,0.0,21474.708984375
47.34,2.9781923,1.8178511,25.895025091598583,0.0,21483.205078125
47.36,2.8647997,1.9067949,25.86170224948947,0.0,21491.701171875
47.38,2.9012933,1.8344175,25.810290999913942,0.0,21500.197265625
47.4,2.5324578,1.7361233,25.786053372715045,0.0,21508.693359375
47.42,2.7074244,1.7955922,25.586018550987667,0.0,21501.4953125
47.44,2.6962156,1.8046997,25.591563567824096,0.0,21494.297265625
47.46,2.5458956,1.7971356,25.774266570867972,0.0,21487.09921875
47.48,2.649238,1.6914079,25.699672003550532,0.0,21479.901171875
47.5,2.7924843,1.8716438,25.42426043579725,0.0,21472.703125
47.52,2.9350374,1.7974042,25.499889103122108,0.0,21465.505078125
47.54,2.7754254,1.9003652,25.496271148632253,0.0,21458.30703125
47.56,2.9375715,1.9108865,25.674418821790002,0.0,21451.108984375
47.58,2.7506847,1.8654667,25.689556283711962,0.0,21443.9109375
47.6,2.738252,1.8032413,25.537110323830518,0.0,21436.712890625
47.62,2.7057064,1.8702712,25.713883046638706,0.0,21430.3544921875
47.64,2.502092,1.7429721,25.69153757613796,0.0,21423.99609375
47.66,2.5308964,1.832822,25.79863410459238,0.0,21417.6376953125
47.68,2.5033925,1.8309257,25.86860132503594,0.0,21411.279296875
47.7,2.545462,1.8176813,25.849248028260924,0.0,21404.9208984375
47.72,2.708734,1.8282404,25.792854810632253,0.0,21398.5625
47.74,2.487249,1.7508037,25.788143941175655,0.0,21392.2041015625
47.76,2.5725162,1.818799,25.83523306385034,0.0,21385.845703125
47.78,2.5450735,1.8401022,25.72728961395875,0.0,21379.4873046875
47.8,2.569215,1.8847373,25.694825332710188,0.0,21373.12890625
47.82,2.5342245,1.7975343,25.80911381228294,0.0,21391.3751953125
47.84,2.821435,1.8141836,25.621800092764747,0.0,21409.621484375
47.86,2.4965098,1.7666805,25.60256015794748,0.0,21427.8677734375
47.88,2.5978794,1.8820729,25.548068471059473,0.0,21446.1140625
47.9,2.6215122,1.8731987,25.396586417111187,0.0,21464.3603515625
47.92,2.5110893,1.845216,25.495308723455704,0.0,21482.606640625
47.94,2.3637786,1.7800246,25.613838388621826,0.0,21500.8529296875
47.96,2.242169,1.7999482,25.773476060916853,0.0,21519.09921875
47.98,2.5424001,1.8359559,25.819984903245018,0.0,21537.3455078125
48.0,2.4650173,1.809612,25.85348043027072,0.0,21555.591796875
48.02,2.2755454,1.8200486,26.00846928085076,0.0,21534.5802734375
48.04,2.353526,1.8334386,25.877952453606955,0.0,21513.56875
48.06,2.4874592,1.7698586,25.863192390377932,0.0,21492.5572265625
48.08,2.5821466,1.8294721,25.832914534512064,0.0,21471.545703125
48.1,2.673417,1.857649,25.786218507716725,0.0,21450.5341796875
48.12,2.6035788,1.8516849,25.67309049510321,0.0,21429.52265625
48.14,2.6721992,1.851188,25.601738847105846,0.0,21408.5111328125
48.16,2.4465785,1.8257188,25.741163701045323,0.0,21387.499609375
48.18,2.3970866,1.7355294,25.772848379147803,0.0,21366.4880859375
48.2,2.6494133,1.8679378,25.724004558844115,0.0,21345.4765625
48.22,2.6765027,1.8306537,25.651755353732035,0.0,21350.53203125
48.24,2.4923618,1.7912858,25.727782124029023,0.0,21355.5875
48.26,2.1260228,1.8688934,25.76573060417634,0.0,21360.64296875
48.28,2.057692,1.532246,25.674191135347648,0.0,21365.6984375
48.3,2.1817527,1.7318544,25.565132898726564,0.0,21370.75390625
48.32,2.5331233,1.7781192,25.3558592430003,0.0,21375.809375
48.34,2.533743,1.8305947,25.512146513542607,0.0,21380.86484375
48.36,2.68379,1.7992244,25.574795925977064,0.0,21385.9203125
48.38,2.6912305,1.8522446,25.52992018625766,0.0,21390.97578125
48.4,2.5222456,1.7815052,25.473384978484614,0.0,21396.03125
48.42,2.7381248,1.7411858,25.485296168422256,0.0,21409.456640625
48.44,2.7827458,1.6496426,25.60073909870297,0.0,21422.88203125
48.46,2.5577638,1.8302186,25.61294606167175,0.0,21436.307421875
48.48,2.6500275,1.8108323,25.620600002429764,0.0,21449.7328125
48.5,2.6226208,1.7364012,25.839187734302058,0.0,21463.158203125
48.52,2.4730692,1.8035103,25.73466239783683,0.0,21476.58359375
48.54,2.6213572,1.8625368,25.574846652371953,0.0,21490.008984375
48.56,2.4979763,1.8561542,25.749830194211004,0.0,21503.434375
48.58,2.3378646,1.8184922,25.627381565086935,0.0,21516.859765625
48.6,2.278634,1.8383278,25.711700596942766,0.0,21530.28515625
48.62,2.1969132,1.7643006,25.64498662263842,0.0,21530.1552734375
48.64,2.3812964,1.8630947,25.499556945656977,0.0,21530.025390625
48.66,2.3824923,1.8339442,25.665468014152204,0.0,21529.8955078125
48.68,2.5801647,1.8170547,25.63867070760255,0.0,21529.765625
48.7,2.3422365,1.7247996,25.64417291199056,0.0,21529.6357421875
48.72,2.6726341,1.7825017,25.543516791456994,0.0,21529.505859375
48.74,2.890997,1.7693149,25.79534635565024,0.0,21529.3759765625
48.76,2.8437827,1.8453643,25.677576534949672,0.0,21529.24609375
48.78,2.6519794,1.8473217,25.512548484027047,0.0,21529.1162109375
48.8,2.5656602,1.8577704,25.412506480715436,0.0,21528.986328125
48.82,2.5240657,1.9937152,25.546057729837543,0.0,21521.319140625
48.84,2.6647928,1.7110109,25.350669620454013,0.0,21513.651953125
48.86,2.6688254,1.7743633,25.290453884108075,0.0,21505.984765625
48.88,2.6240168,1.7498183,25.303336364779305,0.0,21498.317578125
48.9,2.7566166,1.8051697,25.432904240963474,0.0,21490.650390625
48.92,2.613762,1.8235512,25.41157198057258,0.0,21482.983203125
48.94,2.6642475,1.7666218,25.508881845689032,0.0,21475.316015625
48.96,2.527058,1.6989224,25.497326533980193,0.0,21467.648828125
48.98,2.6574314,1.8341436,25.60890694117304,0.0,21459.981640625
49.0,2.1955104,1.8338562,25.466817124938416,0.0,21452.314453125
49.02,2.476616,1.832952,25.467326285893847,0.0,21445.5513671875
49.04,2.501418,1.8667624,25.51100436055895,0.0,21438.78828125
49.06,2.59864,1.81775,25.532025671678497,0.0,21432.0251953125
49.08,2.544,1.8543255,25.510156453233,0.0,21425.262109375
49.1,2.5224302,1.8371587,25.51946838476866,0.0,21418.4990234375
49.12,2.4202063,1.808198,25.407916956185538,0.0,21411.7359375
49.14,2.2072873,1.8468981,25.61178295052311,0.0,21404.9728515625
49.16,2.1930468,1.7543073,25.472030863780766,0.0,21398.209765625
49.18,2.2647653,1.8312764,25.397127862313,0.0,21391.4466796875
49.2,2.214885,1.7877347,25.407645459692493,0.0,21384.68359375
49.22,2.5297709,1.6058327,25.393188316028443,0.0,21404.7732421875
49.24,2.4963934,1.682439,25.379187361700225,0.0,21424.862890625
49.26,2.473915,1.790722,25.369074732219637,0.0,21444.9525390625
49.28,2.4924319,1.7369559,25.646269480677724,0.0,21465.0421875
49.3,2.462611,1.7289326,25.46162536924891,0.0,21485.1318359375
49.32,2.6522422,1.7407129,25.503413842291813,0.0,21505.221484375
49.34,2.4321618,1.6524203,25.51248504683061,0.0,21525.3111328125
49.36,2.371267,1.7898853,25.49967224739591,0.0,21545.40078125
49.38,2.436317,1.8541508,25.569943692164408,0.0,21565.4904296875
49.4,2.346873,1.7773722,25.49929673926655,0.0,21585.580078125
49.42,2.3459315,1.8030212,25.47487302844943,0.0,21576.1263671875
49.44,2.407395,1.8444376,25.467401480523947,0.0,21566.67265625
49.46,2.390044,1.7463996,25.365476695475987,0.0,21557.2189453125
49.48,2.5149062,1.8628515,25.509986290499146,0.0,21547.765234375
49.5,2.6367676,1.9563745,25.38980098761311,0.0,21538.3115234375
49.52,2.4319706,1.8331602,25.63775374238151,0.0,21528.8578125
49.54,2.8159287,1.8511872,25.521113470385014,0.0,21519.4041015625
49.56,2.885704,1.8482643,25.60861269133621,0.0,21509.950390625
49.58,2.991338,1.8255827,25.58865342963472,0.0,21500.4966796875
49.6,2.8127894,1.832176,25.566598141871015,0.0,21491.04296875
49.62,2.6440108,1.8556993,25.41689672097111,0.0,21499.9037109375
49.64,2.6959782,1.801945,25.290299764623363,0.0,21508.764453125
49.66,2.897123,1.8440125,25.356237205251656,0.0,21517.6251953125
49.68,2.9435608,1.784616,25.338719241244718,0.0,21526.4859375
49.7,3.2168965,1.9153054,25.296619686242504,0.0,21535.3466796875
49.72,3.1398458,1.8881668,25.31188835475652,0.0,21544.207421875
49.74,3.3765051,1.8457974,25.286217860833283,0.0,21553.0681640625
49.76,3.5192027,1.8650885,25.282843890379063,0.0,21561.92890625
49.78,2.878928,1.8411901,25.46598028134641,0.0,21570.7896484375
49.8,2.7698066,1.9000353,25.484008882467577,0.0,21579.650390625
49.82,2.5605347,1.827292,25.289227996324648,0.0,21565.919140625
49.84,2.5650258,1.8573868,25.40331740619154,0.0,21552.187890625
49.86,2.6678667,1.851865,25.34447047417833,0.0,21538.456640625
49.88,2.8242354,1.8624495,25.27307083356316,0.0,21524.725390625
49.9,2.848358,1.7540258,25.270143342296173,0.0,21510.994140625
49.92,2.8403876,1.8512577,25.383657004965418,0.0,21497.262890625
49.94,2.8041792,1.8821445,25.351991921689038,0.0,21483.531640625
49.96,2.992698,1.7245622,25.30122330032728,0.0,21469.800390625
49.98,2.816672,1.8194157,25.466374110381697,0.0,21456.069140625
50.0,2.8593566,1.8478204,25.461616116359703,0.0,21442.337890625
50.02,2.6897616,1.8916065,25.336806572574446,0.0,21440.40390625
50.04,2.4932246,1.8555261,25.53798953272439,0.0,21438.469921875
50.06,2.6157851,1.9651186,25.439443107440617,0.0,21436.5359375
50.08,2.4699175,1.8378562,25.518196838232218,0.0,21434.601953125
50.1,2.3526864,1.649164,25.420899328018024,0.0,21432.66796875
50.12,2.3088675,1.8630158,25.573847777353244,0.0,21430.733984375
50.14,2.3476653,1.8779051,25.623691388538102,0.0,21428.8
50.16,2.6391034,1.8787503,25.482902261681552,0.0,21426.866015625
50.18,2.5700746,1.705692,25.665840078516162,0.0,21424.93203125
50.2,2.6829672,1.7457901,25.598404294228516,0.0,21422.998046875
50.22,2.3847115,1.8424428,25.405473103533716,0.0,21415.980859375
50.24,2.487319,1.8961502,25.526847900223814,0.0,21408.963671875
50.26,2.5257463,1.7857355,25.614346501047883,0.0,21401.946484375
50.28,2.3215718,1.7802035,25.569038450291334,0.0,21394.929296875
50.3,2.4364839,1.8255335,25.72270643761964,0.0,21387.912109375
50.32,2.3334596,1.6134427,25.69146325310843,0.0,21380.894921875
50.34,2.2160919,1.7521995,25.40648935274119,0.0,21373.877734375
50.36,2.2787106,1.8436351,25.44024050144619,0.0,21366.860546875
50.38,2.2916837,1.8664325,25.783884519330847,0.0,21359.843359375
50.4,2.1475139,1.8348556,25.73585757279441,0.0,21352.826171875
50.42,2.1410623,1.9004714,25.733835828312245,0.0,21325.5408203125
50.44,1.9423363,1.9023775,25.764501441807365,0.0,21298.25546875
50.46,1.9178815,1.7698514,25.679041877489396,0.0,21270.9701171875
50.48,1.9034607,1.7618115,25.686618389472933,0.0,21243.684765625
50.5,2.0168042,1.8240249,25.70983631680843,0.0,21216.3994140625
50.52,2.0284436,1.8769087,25.575158651116872,0.0,21189.1140625
50.54,1.8741627,1.7999032,25.667234551090633,0.0,21161.8287109375
50.56,2.0791066,1.7617264,25.488705395373245,0.0,21134.543359375
50.58,2.0365944,1.8762242,25.550970612949563,0.0,21107.2580078125
50.6,2.1550527,1.8653907,25.45160691702754,0.0,21079.97265625
50.62,2.451326,1.5709538,25.354304046648366,0.0,21154.3810546875
50.64,2.2534952,1.8594433,25.1650785523455,0.0,21228.789453125
50.66,2.114893,1.8253193,25.3919986426651,0.0,21303.1978515625
50.68,2.0995555,1.7907517,25.4094393282516,0.0,21377.60625
50.7,2.1397042,1.8443888,25.356182358877554,0.0,21452.0146484375
50.72,2.1877923,1.8112117,25.511892132083943,0.0,21526.423046875
50.74,2.0929835,1.8206432,25.60522477291908,0.0,21600.8314453125
50.76,2.0642636,1.8436375,25.644297158188113,0.0,21675.23984375
50.78,2.088869,1.8380821,25.68436781415416,0.0,21749.6482421875
50.8,2.1243815,1.878504,25.762814452973988,0.0,21824.056640625
50.82,2.2078402,1.7036064,25.584464659417293,0.0,21827.291015625
50.84,2.314927,1.8462372,25.373666521384184,0.0,21830.525390625
50.86,2.1927817,1.8661568,25.491650653298557,0.0,21833.759765625
50.88,2.6833353,1.8701934,25.313160377272187,0.0,21836.994140625
50.9,2.6914682,1.8524307,25.418617548778435,0.0,21840.228515625
50.92,2.663309,1.8408093,25.246090385060388,0.0,21843.462890625
50.94,2.8516822,1.8617362,25.392229082963304,0.0,21846.697265625
50.96,2.8166926,1.9079875,25.30930429604041,0.0,21849.931640625
50.98,2.96132,1.8901994,25.307643932796,0.0,21853.166015625
51.0,2.8989081,1.8863313,25.276604978340423,0.0,21856.400390625
51.02,2.8297875,1.8754921,25.199481074203014,0.0,21852.724609375
51.04,2.938541,1.7516447,25.060604069719542,0.0,21849.048828125
51.06,2.752037,1.884619,25.291351002577244,0.0,21845.373046875
51.08,2.9232693,1.8903226,25.307340687028976,0.0,21841.697265625
51.1,2.753304,1.873019,25.307225228366352,0.0,21838.021484375
51.12,2.7490783,1.8604689,25.203882673103344,0.0,21834.345703125
51.14,2.5269656,1.8126732,25.3509773402844,0.0,21830.669921875
51.16,2.4756064,1.9692336,25.347080505335132,0.0,21826.994140625
51.18,2.5001163,1.8078132,25.377070657569988,0.0,21823.318359375
51.2,2.4034073,1.9021864,25.551102776278537,0.0,21819.642578125
51.22,2.5633936,1.801014,25.48972014918916,0.0,21814.5244140625
51.24,2.4357202,1.8841636,25.684904584013175,0.0,21809.40625
51.26,2.4431548,1.9038548,25.674687497611078,0.0,21804.2880859375
51.28,2.327548,1.8095244,25.80293374203785,0.0,21799.169921875
51.3,2.1433415,1.825618,25.642377661895157,0.0,21794.0517578125
51.32,2.0814257,1.8595617,25.4688948825711,0.0,21788.93359375
51.34,2.2437236,1.7950298,25.467325339138295,0.0,21783.8154296875
51.36,2.260578,1.7751085,25.594176327611095,0.0,21778.697265625
51.38,2.2877486,1.925416,25.4975502471251,0.0,21773.5791015625
51.4,2.4596586,1.9450914,25.497805047009766,0.0,21768.4609375
51.42,2.7816389,1.8066305,25.562826453811297,0.0,21777.0951171875
51.44,2.7336626,1.8332872,25.455974864459883,0.0,21785.729296875
51.46,2.604003,1.8069364,25.60203821636362,0.0,21794.3634765625
51.48,2.425149,1.7885137,25.42190179054051,0.0,21802.99765625
51.5,2.673417,1.8274647,25.529092972414958,0.0,21811.6318359375
51.52,2.5478127,1.7859924,25.44578752491791,0.0,21820.266015625
51.54,2.671133,1.7930505,25.428691175365795,0.0,21828.9001953125
51.56,2.5705492,1.780212,25.51062428302153,0.0,21837.534375
51.58,2.3370938,1.7722721,25.62360373052786,0.0,21846.1685546875
51.6,2.3276482,1.8109285,25.60288837397004,0.0,21854.802734375
51.62,2.383029,1.8348807,25.58724494429923,0.0,21828.2486328125
51.64,2.347715,1.8758361,25.774770778446694,0.0,21801.69453125
51.66,2.078799,1.9055882,25.72375675004117,0.0,21775.1404296875
51.68,2.1151404,1.9539398,25.5981636016117,0.0,21748.586328125
51.7,2.1229584,1.7526469,25.586459070952383,0.0,21722.0322265625
51.72,2.3466501,1.878566,25.731027251703672,0.0,21695.478125
51.74,2.0223591,1.9066117,25.7527465473302,0.0,21668.9240234375
51.76,2.0238247,1.8611772,25.579213610225814,0.0,21642.369921875
51.78,2.322373,1.6840627,25.494421182996238,0.0,21615.8158203125
51.8,2.6527903,1.7545534,25.45603600327385,0.0,21589.26171875
51.82,2.605052,1.8250186,25.374291261494886,0.4,21591.3013671875
51.84,2.5018826,1.6475449,25.6604678925215,0.8,21593.341015625
51.86,2.4958112,1.7197337,25.618845798328746,1.2000000000000002,21595.3806640625
51.88,2.6737432,1.9130964,25.520983507676913,1.6,21597.4203125
51.9,2.4314208,1.7242897,25.70993969731071,2.0,21599.4599609375
51.92,2.4900517,1.9207019,25.53907971147275,1.6,21601.499609375
51.94,2.3489773,1.8362285,25.57440831275036,1.2,21603.5392578125
51.96,2.2418575,1.8928272,25.785244771196446,0.7999999999999998,21605.57890625
51.98,2.2410796,1.9243318,25.582827478027962,0.3999999999999999,21607.6185546875
52.0,2.1530018,1.8032591,25.66448805497053,0.0,21609.658203125
52.02,2.2874947,1.9234884,25.622187570058962,0.0,21595.5
52.04,2.3370438,1.8686757,25.6771663915991,0.0,21581.341796875
52.06,2.0098171,1.9443334,25.74634759179049,0.0,21567.18359375
52.08,1.9977783,1.8690119,25.700180568394273,0.0,21553.025390625
52.1,2.1279085,1.817047,25.70430750206862,0.0,21538.8671875
52.12,1.9720365,1.8249465,25.674622139846615,0.2,21524.708984375
52.14,1.9491179,1.7306676,25.65873883552362,0.4,21510.55078125
52.16,2.2069185,1.8507962,25.58084775184984,0.6000000000000001,21496.392578125
52.18,2.2780218,1.8098476,25.442083204012476,0.8,21482.234375
52.2,2.3137968,1.8335909,25.612137762232056,1.0,21468.076171875
52.22,2.3898249,1.8097827,25.64419524352108,1.0,21477.3228515625
52.24,2.3814673,1.9101113,25.651883812584906,1.0,21486.56953125
52.26,2.3751614,1.9892448,25.502315309151392,1.0,21495.8162109375
52.28,2.3304183,1.9326062,25.604713260961237,1.0,21505.062890625
52.3,2.608887,1.871176,25.58579451481969,1.0,21514.3095703125
52.32,2.6522422,1.8653238,25.57138349445101,1.0,21523.55625
52.34,2.7922344,1.9628491,25.55736538205133,1.0,21532.8029296875
52.36,2.8190649,1.8770813,25.74031222478009,1.0,21542.049609375
52.38,2.799158,1.9363307,25.65518795596613,1.0,21551.2962890625
52.4,3.1304824,1.8419235,25.666386414080513,1.0,21560.54296875
52.42,2.9171183,1.9187279,25.717836905552783,0.8,21584.920703125
52.44,3.006631,1.8785869,25.75383045118386,0.6,21609.2984375
52.46,3.1075218,1.8961082,25.665646674858607,0.3999999999999999,21633.676171875
52.48,3.094738,1.7598171,25.681200484782867,0.19999999999999996,21658.05390625
52.5,3.3929405,1.8360131,25.562418638578535,0.0,21682.431640625
52.52,3.4011884,1.8933791,25.568177910406877,0.0,21706.809375
52.54,3.3718708,1.7002633,25.582720311709103,0.0,21731.187109375
52.56,3.100668,1.8559139,25.439491430535377,0.0,21755.56484375
52.58,3.1143234,1.8377135,25.43042086248154,0.0,21779.942578125
52.6,3.1951938,1.9000516,25.667827723727157,0.0,21804.3203125
52.62,3.2006288,1.8988724,25.54525688838976,0.0,21793.5982421875
52.64,3.025211,1.8528743,25.51086879457914,0.0,21782.876171875
52.66,3.4065163,1.8010483,25.564738489891017,0.0,21772.1541015625
52.68,3.297226,1.8143212,25.520572420967387,0.0,21761.43203125
52.7,3.337998,1.919319,25.285088491175326,0.0,21750.7099609375
52.72,3.405458,1.8823168,25.46156192695918,0.0,21739.987890625
52.74,3.2613661,1.860453,25.366764034235757,0.0,21729.2658203125
52.76,3.1744413,1.8355776,25.320547060783912,0.0,21718.54375
52.78,3.020577,1.8568219,25.538689271392286,0.0,21707.8216796875
52.8,2.9332147,1.8929768,25.545240137326193,0.0,21697.099609375
52.82,2.8192296,1.8302644,25.49736721636437,0.0,21659.053125
52.84,2.8041377,1.8826854,25.461383598831514,0.0,21621.006640625
52.86,2.8212085,1.8763206,25.460588953377894,0.0,21582.96015625
52.88,2.7997813,1.8634785,25.430139928025145,0.0,21544.913671875
52.9,3.1627007,1.8558745,25.375730405709707,0.0,21506.8671875
52.92,3.2060723,1.8453087,25.18405456265521,0.0,21468.820703125
52.94,3.0851626,1.8678154,25.264511654925037,0.0,21430.77421875
52.96,2.8756752,1.8679212,25.423397742920283,0.0,21392.727734375
52.98,2.825573,1.8970273,25.39280636031699,0.0,21354.68125
53.0,3.0842395,1.9155676,25.26343033543949,0.0,21316.634765625
53.02,2.9026556,1.7939262,25.440776293828826,0.0,21336.221875
53.04,2.9251578,1.8639693,25.49430404372906,0.0,21355.808984375
53.06,3.0775225,1.9025159,25.41096328182405,0.0,21375.39609375
53.08,3.1318378,1.780298,25.57334747708413,0.0,21394.983203125
53.1,2.9893355,1.7660271,25.43416138927838,0.0,21414.5703125
53.12,2.8459895,1.7604411,25.38841077188907,0.2,21434.157421875
53.14,2.9376307,1.8353438,25.557536270095213,0.4,21453.74453125
53.16,3.2960973,1.8001866,25.628564573496604,0.6000000000000001,21473.331640625
53.18,3.4159396,1.6968261,25.36483830024774,0.8,21492.91875
53.2,3.493024,1.8077598,25.502325279583346,1.0,21512.505859375
53.22,3.4205313,1.8361666,25.462953947364536,1.0,21493.1083984375
53.24,3.7041154,1.7542424,25.29959467191453,1.0,21473.7109375
53.26,3.4534767,1.8830401,25.444035499599806,1.0,21454.3134765625
53.28,3.3959544,1.7951665,25.298354982793217,1.0,21434.916015625
53.3,3.4134712,1.8039705,25.298988434271166,1.0,21415.5185546875
53.32,3.3637586,1.7614366,25.37268131201865,0.8,21396.12109375
53.34,3.5003388,1.853246,25.24914098362293,0.6,21376.7236328125
53.36,3.8898613,1.7709289,25.409703320065056,0.3999999999999999,21357.326171875
53.38,3.7179778,1.8685105,25.230532736013078,0.19999999999999996,21337.9287109375
53.4,3.5504148,1.8348854,25.127554187534482,0.0,21318.53125
53.42,3.2987065,1.6789342,25.124613393292698,0.0,21315.9669921875
53.44,3.3350012,1.8821036,25.10239581238593,0.0,21313.402734375
53.46,3.2251077,1.8017817,25.23569669092451,0.0,21310.8384765625
53.48,3.2228181,1.8204206,25.20657329791806,0.0,21308.27421875
53.5,3.047495,1.8482758,25.27541121194108,0.0,21305.7099609375
53.52,3.003749,1.7523363,25.13388159780114,0.0,21303.145703125
53.54,2.9754586,1.747079,25.180715491607252,0.0,21300.5814453125
53.56,2.7506425,1.7491144,25.25305645598419,0.0,21298.0171875
53.58,2.811611,1.7673011,25.31071806157996,0.0,21295.4529296875
53.6,2.8516622,1.7795384,25.261699365571456,0.0,21292.888671875
53.62,3.3448865,1.8365843,25.18970954986122,0.2,21294.770703125
53.64,3.3169122,1.7845948,25.292029716874723,0.4,21296.652734375
53.66,3.4272203,1.8106503,25.29355034180727,0.6000000000000001,21298.534765625
53.68,3.5720751,1.8262671,25.310429641442646,0.8,21300.416796875
53.7,3.3542233,1.8700892,25.391306760636162,1.0,21302.298828125
53.72,3.5519207,1.81826,25.477253631152546,0.8,21304.180859375
53.74,3.5536716,1.8438907,25.28308016042841,0.6,21306.062890625
53.76,3.4285936,1.747173,25.513281227174346,0.3999999999999999,21307.944921875
53.78,3.3350708,1.8453658,25.470408244455967,0.19999999999999996,21309.826953125
53.8,3.4728298,1.8132162,25.378820043823982,0.0,21311.708984375
53.82,3.6325226,1.7670584,25.319782539634023,0.0,21297.1177734375
53.84,3.6068761,1.723577,25.337924573561374,0.0,21282.5265625
53.86,3.407028,1.8152964,25.369144494778798,0.0,21267.9353515625
53.88,3.4971654,1.7555052,25.27658684992581,0.0,21253.344140625
53.9,3.5654454,1.7898446,25.179336065651206,0.0,21238.7529296875
53.92,3.7933538,1.8868881,25.390851007979045,0.0,21224.16171875
53.94,3.6584816,1.901834,25.28723642796567,0.0,21209.5705078125
53.96,3.659689,1.8243101,25.31175813844724,0.0,21194.979296875
53.98,3.6633086,1.8327463,25.325152222518067,0.0,21180.3880859375
54.0,3.957271,1.8303074,25.21132619736172,0.0,21165.796875
54.02,3.6563516,1.7882047,25.402023252392134,0.2,21190.7599609375
54.04,3.4397483,1.8396196,25.288388211449785,0.4,21215.723046875
54.06,3.4090748,1.7969257,25.254813432481487,0.6000000000000001,21240.6861328125
54.08,3.7058256,1.7801238,25.146408288981632,0.8,21265.64921875
54.1,3.7673056,1.7097802,25.155200255921052,1.0,21290.6123046875
54.12,3.8160264,1.7693442,25.142743799062444,0.8,21315.575390625
54.14,3.6033127,1.7945554,25.12918511618221,0.6,21340.5384765625
54.16,3.6011505,1.7007829,25.280210772357453,0.3999999999999999,21365.5015625
54.18,3.556075,1.8209206,25.29635229573688,0.19999999999999996,21390.4646484375
54.2,3.4215674,1.7912012,25.331142103501097,0.0,21415.427734375
54.22,3.5367503,1.7602785,25.430442602164863,0.2,21423.2740234375
54.24,3.4191372,1.7974174,25.343488896322192,0.4,21431.1203125
54.26,3.3232677,1.8111908,25.337454598507772,0.6000000000000001,21438.9666015625
54.28,3.1911707,1.9732676,25.262741268446295,0.8,21446.812890625
54.3,3.2754164,1.823079,25.28323430160163,1.0,21454.6591796875
54.32,3.3320715,1.8598814,25.283037651524033,0.8,21462.50546875
54.34,3.3899407,1.7464496,25.334090087262613,0.6,21470.3517578125
54.36,3.5161457,1.7699648,25.385629373450662,0.3999999999999999,21478.198046875
54.38,3.3128614,1.8560349,25.350248074521375,0.19999999999999996,21486.0443359375
54.4,3.159648,1.7682056,25.199100051803676,0.0,21493.890625
54.42,3.2241163,1.7723149,25.168503985126343,0.0,21503.3732421875
54.44,3.3556268,1.7598212,24.876124006176553,0.0,21512.855859375
54.46,3.3751445,1.7740922,25.020779127989524,0.0,21522.3384765625
54.48,3.6538548,1.7438143,25.024401749213414,0.0,21531.82109375
54.5,3.5326884,1.7810588,25.04829798947943,0.0,21541.3037109375
54.52,3.2728422,1.8396332,25.12826660502642,0.0,21550.786328125
54.54,3.350235,1.7585217,25.009945975486882,0.0,21560.2689453125
54.56,3.4569259,1.7904948,25.12366918251967,0.0,21569.7515625
54.58,3.3528712,1.7913617,25.175332894151616,0.0,21579.2341796875
54.6,3.2504401,1.8787444,25.097831708990764,0.0,21588.716796875
54.62,3.4662623,1.7601621,25.11654675625436,0.0,21547.3943359375
54.64,3.215107,1.7776783,25.22988511975513,0.0,21506.071875
54.66,3.3604045,1.7563103,25.12748612106218,0.0,21464.7494140625
54.68,3.0187287,1.770913,25.19928863254034,0.0,21423.426953125
54.7,2.6773715,1.7944382,25.418544706969772,0.0,21382.1044921875
54.72,3.0071723,1.8067858,25.4148226511048,0.0,21340.78203125
54.74,2.9220164,1.8157089,25.23949635355755,0.0,21299.4595703125
54.76,2.9090168,1.833496,25.259246780711365,0.0,21258.137109375
54.78,2.747661,1.8481741,25.351244434752964,0.0,21216.8146484375
54.8,2.9634783,1.8005061,25.297897416066675,0.0,21175.4921875
54.82,2.724632,1.7570319,25.23248199264692,0.0,21190.058984375
54.84,2.8267865,1.8111722,25.422076122990465,0.0,21204.62578125
54.86,2.7563426,1.7414178,25.576665144320746,0.0,21219.192578125
54.88,2.7237356,1.7663367,25.452315496978425,0.0,21233.759375
54.9,2.670654,1.7889056,25.18469569491703,0.0,21248.326171875
54.92,2.8314095,1.7627976,25.2781183916769,0.0,21262.89296875
54.94,2.661912,1.7715607,25.317023082944953,0.0,21277.459765625
54.96,2.8724394,1.8640083,25.200570835940187,0.0,21292.0265625
54.98,2.9229908,1.7105265,25.22856714227987,0.0,21306.593359375
55.0,3.119694,1.7959982,25.075450856028066,0.0,21321.16015625
55.02,2.9243426,1.7758929,25.173267315011834,0.0,21316.3876953125
55.04,2.883165,1.819159,25.15415192477283,0.0,21311.615234375
55.06,3.0388994,1.8241324,25.13224624705659,0.0,21306.8427734375
55.08,3.265374,1.8854144,25.023108109970835,0.0,21302.0703125
55.1,3.3088233,1.7921734,25.143479072566237,0.0,21297.2978515625
55.12,3.39479,1.8391538,25.15639053765385,0.0,21292.525390625
55.14,3.6549685,1.9647517,24.996178310185265,0.0,21287.7529296875
55.16,3.3149838,1.8712819,25.183128503956492,0.0,21282.98046875
55.18,3.668953,1.8311286,25.01064512218012,0.0,21278.2080078125
55.2,3.3624969,1.8313291,25.10496039262078,0.0,21273.435546875
55.22,3.4235036,1.842557,25.079074933886858,0.0,21288.491796875
55.24,3.4076083,1.7616332,25.248357991066772,0.0,21303.548046875
55.26,3.6236143,1.7839636,24.960035211194572,0.0,21318.604296875
55.28,3.5124903,1.7364537,25.016761442904215,0.0,21333.660546875
55.3,3.575149,1.8109416,25.09040473985328,0.0,21348.716796875
55.32,3.4221623,1.9304042,25.20780304894464,0.0,21363.773046875
55.34,3.7529132,1.9950507,25.06955430455733,0.0,21378.829296875
55.36,3.5956259,1.8607333,25.009771205654417,0.0,21393.885546875
55.38,3.37857,1.9168675,25.03506045235843,0.0,21408.941796875
55.4,3.285446,1.8675555,25.19272873686841,0.0,21423.998046875
55.42,3.337336,1.727031,25.209494570688893,0.0,21438.112890625
55.44,3.4230113,1.8310566,25.021882324282586,0.0,21452.227734375
55.46,3.211073,1.8422037,25.20365902850589,0.0,21466.342578125
55.48,3.2640743,1.8246944,25.078667306993218,0.0,21480.457421875
55.5,3.3168771,1.7788944,25.146788215704042,0.0,21494.572265625
55.52,3.3987432,1.8482293,25.013637445827655,0.0,21508.687109375
55.54,3.0771446,1.8394358,25.13835424138233,0.0,21522.801953125
55.56,3.2247474,1.787358,25.23897573939521,0.0,21536.916796875
55.58,2.9499521,1.8217244,25.221407549552094,0.0,21551.031640625
55.6,3.126339,1.8140211,25.396977158566134,0.0,21565.146484375
55.62,3.0890605,1.8340199,25.459721474090536,0.0,21535.6244140625
55.64,2.9502282,1.8109748,25.438397692139706,0.0,21506.10234375
55.66,3.037981,1.7800395,25.414472412323793,0.0,21476.5802734375
55.68,3.6220577,1.8156332,25.314476007366153,0.0,21447.058203125
55.7,3.4810886,1.897357,25.44470672255538,0.0,21417.5361328125
55.72,3.342366,1.7950938,25.543130519233053,0.0,21388.0140625
55.74,3.370543,1.7781224,25.617905025262196,0.0,21358.4919921875
55.76,3.5970643,1.9612274,25.50597754350861,0.0,21328.969921875
55.78,3.448811,1.7737269,25.194718247909087,0.0,21299.4478515625
55.8,3.5482695,1.7456536,25.06466564648662,0.0,21269.92578125
55.82,3.4300005,1.7764874,24.97748415039098,0.2,21274.670703125
55.84,3.3981104,1.8015403,25.19232324432588,0.4,21279.415625
55.86,3.4185421,1.7400103,25.242576551526845,0.6000000000000001,21284.160546875
55.88,3.3190494,1.7206347,25.21904470520715,0.8,21288.90546875
55.9,3.4993258,1.7317007,25.223988493573046,1.0,21293.650390625
55.92,3.2631123,1.7935477,25.253243542819803,0.8,21298.3953125
55.94,3.3611655,1.9431479,25.192626643933483,0.6,21303.140234375
55.96,3.2289445,1.9333173,25.251023455370998,0.3999999999999999,21307.88515625
55.98,3.4696481,1.9292718,25.306847814924733,0.19999999999999996,21312.630078125
56.0,3.522934,1.9164951,25.329089893959555,0.0,21317.375
56.02,3.623005,1.9201089,25.20401481871712,0.0,21365.7146484375
56.04,3.679853,1.91388,25.31707142065641,0.0,21414.054296875
56.06,3.5290995,2.0005705,25.25126989287208,0.0,21462.3939453125
56.08,3.534169,1.9356134,25.24376821837938,0.0,21510.73359375
56.1,3.4194431,1.9221725,25.16536699491366,0.0,21559.0732421875
56.12,3.5751328,1.8794804,25.088882327657256,0.0,21607.412890625
56.14,3.2742624,1.879993,25.168663368756143,0.0,21655.7525390625
56.16,3.0793352,1.82004,25.283362670983408,0.0,21704.0921875
56.18,3.463729,1.833766,25.08313638343683,0.0,21752.4318359375
56.2,3.835975,1.878121,25.264269165776447,0.0,21800.771484375
56.22,4.003187,1.6602213,25.169722598390468,0.0,21751.89453125
56.24,3.6783836,1.7932005,25.20045766310828,0.0,21703.017578125
56.26,3.8981762,1.7820301,25.181577369526952,0.0,21654.140625
56.28,3.686513,1.9011214,25.212740873787528,0.0,21605.263671875
56.3,3.571847,1.8674009,25.203425317088964,0.0,21556.38671875
56.32,3.4341502,1.9025846,25.250792887345188,0.0,21507.509765625
56.34,3.5131855,1.8935567,25.2414827296376,0.0,21458.6328125
56.36,3.442434,1.8659943,25.3150943111917,0.0,21409.755859375
56.38,3.574954,1.7512138,25.20951175686548,0.0,21360.87890625
56.4,3.648155,1.766428,25.137365412418973,0.0,21312.001953125
56.42,3.3566313,1.827919,25.023689064513647,0.0,21348.9259765625
56.44,3.3058705,1.8268085,25.075184944848296,0.0,21385.85
56.46,3.1825066,1.8856606,25.14832564310915,0.0,21422.7740234375
56.48,3.3510852,1.7812997,25.27092188723662,0.0,21459.698046875
56.5,3.2227278,1.7794107,25.246305538478634,0.0,21496.6220703125
56.52,3.1866684,1.858744,25.203636399307506,0.0,21533.54609375
56.54,3.2671537,1.8692197,25.08616820449495,0.0,21570.4701171875
56.56,3.2431173,1.8690194,25.057172316583337,0.0,21607.394140625
56.58,3.2230706,1.8346574,25.310311728944413,0.0,21644.3181640625
56.6,3.6501942,1.8952684,25.277275150833557,0.0,21681.2421875
56.62,3.4277966,1.8437927,25.114151634521825,0.0,21604.5439453125
56.64,3.4302888,1.81597,25.183131946290736,0.0,21527.845703125
56.66,3.2104573,1.8380919,25.288995626736682,0.0,21451.1474609375
56.68,3.3451474,1.8512137,25.144493462181412,0.0,21374.44921875
56.7,3.3976314,1.7706753,25.183577284976586,0.0,21297.7509765625
56.72,3.511911,1.792969,25.274139547170286,0.0,21221.052734375
56.74,3.304235,1.806771,25.216261490013782,0.0,21144.3544921875
56.76,3.4854274,1.813056,25.286282924996733,0.0,21067.65625
56.78,3.6105008,1.7552727,25.303196514177216,0.0,20990.9580078125
56.8,3.900487,1.7565291,25.07370552933699,0.0,20914.259765625
56.82,3.8830411,1.7288977,25.186733959861215,0.0,20935.491796875
56.84,3.718822,1.8242754,25.154480708169494,0.0,20956.723828125
56.86,3.7102306,1.8183794,25.25381876906629,0.0,20977.955859375
56.88,3.6159542,1.655162,25.30340413413723,0.0,20999.187890625
56.9,3.5278308,1.7513533,25.29262169806284,0.0,21020.419921875
56.92,3.522769,1.7910728,25.183084627159186,0.0,21041.651953125
56.94,3.4800198,1.8175393,25.23243575498818,0.0,21062.883984375
56.96,3.3312516,1.7763239,25.289001909687315,0.0,21084.116015625
56.98,3.603668,1.6851709,25.37585186897603,0.0,21105.348046875
57.0,3.445675,1.6816877,25.235837940115232,0.0,21126.580078125
57.02,3.6020384,1.768848,25.299769058257308,0.0,21106.0505859375
57.04,3.7106535,1.7513292,25.088394830083253,0.0,21085.52109375
57.06,3.4125173,1.8415534,25.197261627003723,0.0,21064.9916015625
57.08,3.2119055,1.821803,25.142464139825364,0.0,21044.462109375
57.1,3.112699,1.8126893,25.309195859421585,0.0,21023.9326171875
57.12,3.1247954,1.7337992,25.2652378885311,0.0,21003.403125
57.14,3.2370534,1.8492534,25.25936088558638,0.0,20982.8736328125
57.16,3.2388308,1.7965949,25.365750582386557,0.0,20962.344140625
57.18,3.114174,1.8323368,25.37078764903809,0.0,20941.8146484375
57.2,3.415446,1.6740931,25.307999795585037,0.0,20921.28515625
57.22,3.3053255,1.8184674,25.431573008465577,0.0,20945.028125
57.24,3.2909439,1.7775915,25.435004350455515,0.0,20968.77109375
57.26,3.355436,1.7028794,25.455076731572515,0.0,20992.5140625
57.28,3.4843934,1.8155437,25.54514128277677,0.0,21016.25703125
57.3,3.5514622,1.8109237,25.28042683761216,0.0,21040.0
57.32,3.3344607,1.8461416,25.285448784239264,0.0,21063.74296875
57.34,3.4548903,1.78952,25.15260630869898,0.0,21087.4859375
57.36,3.599746,1.7726338,25.042929072827086,0.0,21111.22890625
57.38,3.7210722,1.7459549,24.99451918317932,0.0,21134.971875
57.4,3.5570722,1.7807226,25.154173801553892,0.0,21158.71484375
57.42,3.3353672,1.8001041,25.329196343652967,0.0,21147.3408203125
57.44,3.1192281,1.8058307,25.27040943605749,0.0,21135.966796875
57.46,3.3896494,1.8315704,25.036389194650045,0.0,21124.5927734375
57.48,3.195976,1.7739934,25.21150010036715,0.0,21113.21875
57.5,3.405953,1.8581705,25.0847312010379,0.0,21101.8447265625
57.52,3.2504938,1.8290963,25.148726873995994,0.0,21090.470703125
57.54,3.232849,1.799006,25.256663787199358,0.0,21079.0966796875
57.56,3.3068202,1.8054774,25.178475300179905,0.0,21067.72265625
57.58,3.0526595,1.8324142,25.34105381280319,0.0,21056.3486328125
57.6,3.0506406,1.7919378,25.408668141860428,0.0,21044.974609375
57.62,3.2899191,1.9041592,25.368970159098374,0.0,21063.04375
57.64,3.4076762,1.7133422,25.453707414018783,0.0,21081.112890625
57.66,3.548253,1.8347447,25.38661110748958,0.0,21099.18203125
57.68,3.8834903,1.6611376,25.315265716509344,0.0,21117.251171875
57.7,3.692689,1.8071328,25.463781869469347,0.0,21135.3203125
57.72,3.5102723,1.8131357,25.34437471987403,0.0,21153.389453125
57.74,3.7077072,1.7672552,25.314957432001137,0.0,21171.45859375
57.76,3.3084896,1.831363,25.352980896362816,0.0,21189.527734375
57.78,3.607988,1.6781731,25.166239286972626,0.0,21207.596875
57.8,3.5527227,1.8088431,25.21974752983683,0.0,21225.666015625
57.82,3.5280287,1.8061267,25.289078370315295,0.0,21231.44375
57.84,3.4718087,1.7089679,25.3552486956141,0.0,21237.221484375
57.86,3.5099907,1.8661394,25.43707565949145,0.0,21242.99921875
57.88,3.4582875,1.8640926,25.41878867139856,0.0,21248.776953125
57.9,3.281498,1.7541146,25.454917771097772,0.0,21254.5546875
57.92,3.552117,1.845016,25.42890223173211,0.0,21260.332421875
57.94,3.0633616,1.8359727,25.414363428902817,0.0,21266.11015625
57.96,3.065998,1.8017566,25.32716679732949,0.0,21271.887890625
57.98,3.2905726,1.8136138,25.534753969021434,0.0,21277.665625
58.0,2.9162416,1.8811883,25.416423829903977,0.0,21283.443359375
58.02,3.040659,1.8410622,25.397387615017394,0.0,21294.856640625
58.04,3.0498405,1.8490274,25.409482126944315,0.0,21306.269921875
58.06,3.16259,1.8924842,25.253815238910228,0.0,21317.683203125
58.08,3.143361,1.7548172,25.13738331112681,0.0,21329.096484375
58.1,3.101474,1.834818,25.210217594580513,0.0,21340.509765625
58.12,3.0709612,1.8662221,25.183033631070025,0.0,21351.923046875
58.14,3.326572,1.8483517,25.304604434054774,0.0,21363.336328125
58.16,3.2086463,1.9460732,25.23740341918984,0.0,21374.749609375
58.18,3.2071967,1.7851149,25.13496606324677,0.0,21386.162890625
58.2,3.3048682,1.8316946,25.261924445654106,0.0,21397.576171875
58.22,3.22509,1.8609602,25.27296016887165,0.0,21410.888671875
58.24,3.3329961,1.8778394,25.436259223451824,0.0,21424.201171875
58.26,3.4909601,1.8319916,25.485209035049504,0.0,21437.513671875
58.28,3.7734725,1.9038616,25.293864882909528,0.0,21450.826171875
58.3,3.5050683,1.8804754,25.215154772752815,0.0,21464.138671875
58.32,3.8667347,1.858498,25.133731695100742,0.0,21477.451171875
58.34,3.646306,1.8801854,25.087035195792563,0.0,21490.763671875
58.36,3.5744336,1.7066629,25.167926124237447,0.0,21504.076171875
58.38,3.729436,1.8535206,25.281129960464316,0.0,21517.388671875
58.4,3.6549048,1.8666556,25.238569593640293,0.0,21530.701171875
58.42,3.398709,1.8766254,25.22928820840965,0.0,21525.5619140625
58.44,3.550693,1.855963,25.31328842322327,0.0,21520.42265625
58.46,3.6568446,1.9405262,25.193771612192943,0.0,21515.2833984375
58.48,3.608842,1.8954637,25.079851420992263,0.0,21510.144140625
58.5,3.5533442,1.622633,25.1293499788885,0.0,21505.0048828125
58.52,3.5020323,1.8206948,25.084857128980232,0.0,21499.865625
58.54,3.479602,1.7185615,25.26720327606087,0.0,21494.7263671875
58.56,3.5149884,1.8139894,25.214849019926405,0.0,21489.587109375
58.58,3.383247,1.7200019,25.26899239345973,0.0,21484.4478515625
58.6,3.4975977,1.8457184,25.223343188685746,0.0,21479.30859375
58.62,3.1958852,1.7791214,25.241437020072006,0.0,21472.1048828125
58.64,3.150325,1.7903147,25.27605943555889,0.0,21464.901171875
58.66,2.88657,1.8790653,25.326982589615913,0.0,21457.6974609375
58.68,2.863846,1.7721527,25.45708799551236,0.0,21450.49375
58.7,2.8516622,1.8036425,25.503265384634346,0.0,21443.2900390625
58.72,3.4485414,1.7789353,25.483361796044434,0.0,21436.086328125
58.74,3.6294966,1.7810147,25.458314916456928,0.0,21428.8826171875
58.76,3.5031774,1.8032693,25.558333900518324,0.0,21421.67890625
58.78,3.463058,1.8009073,25.586541646802743,0.0,21414.4751953125
58.8,3.452972,1.8307471,25.593495188933844,0.0,21407.271484375
58.82,3.4399343,1.7535453,25.522283098316475,0.0,21409.328515625
58.84,3.5344484,1.780951,25.3696227376944,0.0,21411.385546875
58.86,3.762674,1.8579297,25.45745085111969,0.0,21413.442578125
58.88,3.8638172,1.9081293,25.283942593931176,0.0,21415.499609375
58.9,3.7460608,1.7907392,25.314337355371702,0.0,21417.556640625
58.92,3.7108102,1.8692857,25.287274903716302,0.0,21419.613671875
58.94,3.7574794,1.8242233,25.325501147804417,0.0,21421.670703125
58.96,3.6369042,1.8642259,25.440248941901796,0.0,21423.727734375
58.98,3.5963693,1.8545766,25.438449158492894,0.0,21425.784765625
59.0,3.7609432,1.7997005,25.44721406997329,0.0,21427.841796875
59.02,3.7885237,1.8384658,25.365136377303152,0.0,21436.878515625
59.04,3.8898466,1.8272651,25.584035849718852,0.0,21445.915234375
59.06,3.875999,1.8764579,25.706049877814667,0.0,21454.951953125
59.08,3.6776092,1.7317426,25.642690342281615,0.0,21463.988671875
59.1,3.6115627,1.7111052,25.808631427217563,0.0,21473.025390625
59.12,3.6541572,1.8508637,25.780655700320125,0.0,21482.062109375
59.14,3.2570677,1.8780687,25.697686582562227,0.0,21491.098828125
59.16,3.1962488,1.896736,25.497223735098807,0.0,21500.135546875
59.18,3.3530097,1.8638632,25.54876148513077,0.0,21509.172265625
59.2,3.2439778,1.8801032,25.698658249507243,0.0,21518.208984375
59.22,3.295004,1.8040373,25.632241818084577,0.0,21553.4255859375
59.24,3.3522472,1.8511782,25.581731584417412,0.0,21588.6421875
59.26,3.7064528,1.7931105,25.44585435140656,0.0,21623.8587890625
59.28,3.2145467,1.9010197,25.508093871946414,0.0,21659.075390625
59.3,3.0818448,1.7991862,25.350251170353182,0.0,21694.2919921875
59.32,2.9867678,1.6977994,25.453882799810785,0.0,21729.50859375
59.34,3.0798638,1.778221,25.56414015596152,0.0,21764.7251953125
59.36,3.1587834,1.8446003,25.578260760524586,0.0,21799.941796875
59.38,3.1907334,1.8429382,25.535034167603087,0.0,21835.1583984375
59.4,3.0084286,1.7810824,25.573320931242677,0.0,21870.375
59.42,2.9430275,1.8016118,25.4959851540448,0.0,21819.26015625
59.44,3.0241923,1.8695062,25.52829983494671,0.0,21768.1453125
59.46,3.1471314,1.901421,25.567736175747996,0.0,21717.03046875
59.48,3.2844195,1.7342693,25.483902678280387,0.0,21665.915625
59.5,3.2836227,1.7470855,25.422265162271273,0.0,21614.80078125
59.52,3.2745824,1.7301254,25.389853725645352,0.0,21563.6859375
59.54,3.6689055,1.7918782,25.254779813920173,0.0,21512.57109375
59.56,3.3441567,1.8104489,25.390832520096946,0.0,21461.45625
59.58,3.093141,1.7933726,25.502348554863605,0.0,21410.34140625
59.6,3.2179806,1.5392468,25.37185765638276,0.0,21359.2265625
59.62,3.2520313,1.4868758,25.31566788011318,0.0,21357.920703125
59.64,3.1334891,1.7120247,25.45122427805851,0.0,21356.61484375
59.66,3.38699,1.9109254,25.524208823582747,0.0,21355.308984375
59.68,3.4974148,2.0374255,25.34500946645935,0.0,21354.003125
59.7,3.5857668,1.7417116,25.33706800789998,0.0,21352.697265625
59.72,3.7689872,1.8227928,25.373240859841133,0.0,21351.39140625
59.74,3.5726283,1.8173951,25.321389134216048,0.0,21350.085546875
59.76,3.5493178,1.8585811,25.36523840767556,0.0,21348.7796875
59.78,3.4673185,1.8619292,25.31776409836008,0.0,21347.473828125
59.8,2.9820933,1.7820073,25.327128264145454,0.0,21346.16796875
59.82,2.9155037,1.606575,25.453058364522548,0.0,21357.540234375
59.84,3.225342,1.813773,25.382107554272984,0.0,21368.9125
59.86,3.245769,1.8460419,25.321683645274934,0.0,21380.284765625
59.88,3.4109159,1.6791873,25.523776664772605,0.0,21391.65703125
59.9,3.4800365,1.8825014,25.382986170650398,0.0,21403.029296875
59.92,3.6303134,1.9009371,25.541690033319714,0.0,21414.4015625
59.94,3.5426295,1.8635247,25.449668973366197,0.0,21425.773828125
59.96,3.2291965,1.8602335,25.554333999907012,0.0,21437.14609375
59.98,3.4613285,1.8331764,25.52693493467837,0.0,21448.518359375
60.0,3.432423,1.9097397,25.413871341376897,0.0,21459.890625
60.02,3.3758333,1.8932021,25.46347468675309,0.0,21445.9345703125
60.04,3.2738013,1.8801615,25.435258961079292,0.0,21431.978515625
60.06,2.9130707,1.7418557,25.55411089860149,0.0,21418.0224609375
60.08,3.2673671,1.8295425,25.569794179789405,0.0,21404.06640625
60.1,3.2717052,1.7477837,25.40863779546559,0.0,21390.1103515625
60.12,3.0115569,1.766398,25.45586605452003,0.0,21376.154296875
60.14,3.1894944,1.7821664,25.52423268556431,0.0,21362.1982421875
60.16,3.4357917,1.8349129,25.58940628481244,0.0,21348.2421875
60.18,3.464635,1.927973,25.58196310473194,0.0,21334.2861328125
60.2,3.4118872,1.8349953,25.547426366073154,0.0,21320.330078125
60.22,3.6063604,1.781602,25.445795084951396,0.0,21354.7232421875
60.24,3.6036034,1.816431,25.614445194443118,0.0,21389.11640625
60.26,3.387728,1.9410248,25.60546980441532,0.0,21423.5095703125
60.28,3.3585877,1.8502225,25.628151808646763,0.0,21457.902734375
60.3,3.3088937,1.8743298,25.65898397475873,0.0,21492.2958984375
60.32,3.4101658,1.7834479,25.595331353255535,0.0,21526.6890625
60.34,3.7797065,1.829777,25.572190691392386,0.0,21561.0822265625
60.36,3.8296962,1.8026361,25.56106271926869,0.0,21595.475390625
60.38,4.0549808,1.8524284,25.613225117225337,0.0,21629.8685546875
60.4,3.9641104,1.9040391,25.574113604910043,0.0,21664.26171875
60.42,3.7341866,1.7859075,25.59684852244719,0.0,21605.312109375
60.44,3.529676,1.8870397,25.559625254199613,0.0,21546.3625
60.46,3.6809742,1.9719644,25.471898181127916,0.0,21487.412890625
60.48,3.8204565,1.838356,25.628446090807607,0.0,21428.46328125
60.5,4.0238547,1.8966968,25.566969016063304,0.0,21369.513671875
60.52,4.293106,1.8761479,25.656427254206967,0.0,21310.5640625
60.54,4.219921,1.9151531,25.75900947879065,0.0,21251.614453125
60.56,3.7197282,1.8953986,25.527335521661744,0.0,21192.66484375
60.58,3.807334,1.9159402,25.611861464887838,0.0,21133.715234375
60.6,3.7604642,1.91801,25.59299098908752,0.0,21074.765625
60.62,3.93649,1.833629,25.650449140064303,0.0,21108.669921875
60.64,3.9723425,1.8185322,25.791972791715057,0.0,21142.57421875
60.66,3.7877872,1.8295164,25.585197763233364,0.0,21176.478515625
60.68,3.2926035,1.6842909,25.647864448407645,0.0,21210.3828125
60.7,3.2566574,1.6197635,25.7577057069116,0.0,21244.287109375
60.72,3.2841718,1.8133492,25.73931502214705,0.0,21278.19140625
60.74,3.3155975,1.7258848,25.49450469937577,0.0,21312.095703125
60.76,3.419732,1.8911229,25.500486439322355,0.0,21346.0
60.78,3.262079,1.5984524,25.491119877062268,0.0,21379.904296875
60.8,3.3791897,1.866328,25.47322185359725,0.0,21413.80859375
60.82,3.3396866,1.8572086,25.39902628730016,0.0,21372.4169921875
60.84,3.277563,1.9420209,25.40826144377497,0.0,21331.025390625
60.86,3.4379058,1.8391682,25.311570153238712,0.0,21289.6337890625
60.88,3.4292889,1.8370547,25.354392103139183,0.0,21248.2421875
60.9,3.3451128,1.8209276,25.423162487922284,0.0,21206.8505859375
60.92,3.4972982,1.8875576,25.384161046207684,0.0,21165.458984375
60.94,3.5310426,1.7755193,25.289365690954497,0.0,21124.0673828125
60.96,3.5237753,1.8141589,25.299020459386988,0.0,21082.67578125
60.98,3.5327873,1.7725152,25.453404246516925,0.0,21041.2841796875
61.0,3.5873713,1.9494854,25.292544971745386,0.0,20999.892578125
61.02,3.3423138,1.8384719,25.47546387237515,0.0,21027.7533203125
61.04,3.2697856,1.7570481,25.516043608820386,0.0,21055.6140625
61.06,3.2747066,1.7618601,25.428304324959644,0.0,21083.4748046875
61.08,3.2256484,1.7466141,25.39898051607085,0.0,21111.335546875
61.1,3.2022264,1.732821,25.500888164951213,0.0,21139.1962890625
61.12,3.202789,1.6990397,25.503990593180244,0.0,21167.05703125
61.14,3.1445816,1.7314196,25.51874931819775,0.0,21194.9177734375
61.16,3.2806122,1.721905,25.615077559383586,0.0,21222.778515625
61.18,3.2543004,1.8761934,25.488825230244203,0.0,21250.6392578125
61.2,3.3670404,1.4797628,25.486449756730035,0.0,21278.5
61.22,3.5592613,1.3895355,25.42923910352238,0.0,21305.3576171875
61.24,3.3861148,1.4558278,25.550595952804468,0.0,21332.215234375
61.26,3.5268917,1.5356765,25.467162247743932,0.0,21359.0728515625
61.28,3.4371617,1.6521895,25.48707389702736,0.0,21385.93046875
61.3,3.7119222,1.5339758,25.5400168272268,0.0,21412.7880859375
61.32,3.725194,1.6176667,25.43733678299032,0.0,21439.645703125
61.34,3.6283917,1.6103408,25.522740801634193,0.0,21466.5033203125
61.36,3.689067,1.7353016,25.460163838705082,0.0,21493.3609375
61.38,3.838005,1.311713,25.39589736716948,0.0,21520.2185546875
61.4,3.5191038,1.5578823,25.479326858694975,0.0,21547.076171875
61.42,3.68189,1.4290345,25.51657495165849,0.0,21522.0220703125
61.44,3.5674503,1.6036199,25.339183905642464,0.0,21496.96796875
61.46,3.321588,1.4385002,25.513758684121477,0.0,21471.9138671875
61.48,3.1798754,1.7866777,25.5316640421805,0.0,21446.859765625
61.5,3.190278,1.5496784,25.340445479169524,0.0,21421.8056640625
61.52,3.2305107,1.8224795,25.443943098731033,0.0,21396.7515625
61.54,2.9845679,1.8803002,25.587286160822664,0.0,21371.6974609375
61.56,2.914826,1.846115,25.535497154756417,0.0,21346.643359375
61.58,3.2896187,1.8159746,25.588961906664885,0.0,21321.5892578125
61.6,3.3857884,1.8250979,25.60937521472927,0.0,21296.53515625
61.62,3.5064447,1.8756634,25.78897415166745,0.0,21297.444921875
61.64,3.4740684,1.8933338,25.71520522817324,0.0,21298.3546875
61.66,3.4534936,1.814447,25.795728381923,0.0,21299.264453125
61.68,3.3700945,1.8156185,25.621121809478158,0.0,21300.17421875
61.7,3.3596778,1.8644845,25.66344017418295,0.0,21301.083984375
61.72,3.3736978,1.7405243,25.830553528499458,0.0,21301.99375
61.74,3.626709,1.8380644,25.635330830992203,0.0,21302.903515625
61.76,3.683295,1.8764633,25.6000252760903,0.0,21303.81328125
61.78,3.6740828,1.8250618,25.70197112156587,0.0,21304.723046875
61.8,3.2030616,1.8426476,25.622015830053822,0.0,21305.6328125
61.82,3.2995343,1.7296205,25.56234756840686,0.0,21336.096484375
61.84,3.5149717,1.823442,25.54134591373039,0.0,21366.56015625
61.86,3.5682812,1.8437576,25.447166092859185,0.0,21397.023828125
61.88,3.4874115,1.7397008,25.475265300640118,0.0,21427.4875
61.9,3.2833219,1.7183576,25.50458585103618,0.0,21457.951171875
61.92,3.3962796,1.6878843,25.435766269607768,0.0,21488.41484375
61.94,3.3906782,1.8033485,25.558790347836712,0.0,21518.878515625
61.96,3.266175,1.6911532,25.581683315529666,0.0,21549.3421875
61.98,3.183785,1.7695044,25.5791785194266,0.0,21579.805859375
62.0,3.185592,1.7841728,25.672527688395007,0.0,21610.26953125
62.02,3.3011198,1.7619175,25.54138156479166,0.0,21615.166796875
62.04,3.2247653,1.7293073,25.53261561815107,0.0,21620.0640625
62.06,3.239082,1.6877928,25.573102076124954,0.0,21624.961328125
62.08,3.3211155,1.8613212,25.60275424395666,0.0,21629.85859375
62.1,3.7513947,1.7007524,25.53643764094668,0.0,21634.755859375
62.12,3.5089967,1.6569413,25.62781415995677,0.0,21639.653125
62.14,3.9301503,1.8031806,25.708060781644726,0.0,21644.550390625
62.16,3.997331,1.8472207,25.779221424651677,0.0,21649.44765625
62.18,3.823544,1.9065307,25.64360745871552,0.0,21654.344921875
62.2,3.742583,1.8371333,25.745008969365042,0.0,21659.2421875
62.22,3.4973316,1.8982179,25.691370974902263,0.0,21629.579296875
62.24,3.4909601,1.8875927,25.524804564631268,0.0,21599.91640625
62.26,3.4799027,1.9079266,25.572335027756175,0.0,21570.253515625
62.28,3.3922892,1.9361856,25.52552875384276,0.0,21540.590625
62.3,3.5502183,1.7643046,25.44587613088883,0.0,21510.927734375
62.32,3.516245,1.732031,25.53919148187605,0.0,21481.26484375
62.34,3.6680179,1.7515919,25.677397740651273,0.0,21451.601953125
62.36,3.4547389,1.9062902,25.636813566469215,0.0,21421.9390625
62.38,3.252246,1.833128,25.561790872510603,0.0,21392.276171875
62.4,3.2188294,1.842863,25.644639448828578,0.0,21362.61328125
62.42,3.7151935,1.8863357,25.539284094160823,0.0,21377.1921875
62.44,3.704947,1.7905638,25.312757082697477,0.0,21391.77109375
62.46,3.8657572,1.7039053,25.240737153876516,0.0,21406.35
62.48,3.917365,1.6445662,25.21003775173586,0.0,21420.92890625
62.5,4.2449307,1.715331,25.265005753230916,0.0,21435.5078125
62.52,4.172308,1.7759221,25.29666965530587,0.0,21450.08671875
62.54,3.7494264,1.8232834,25.554321344665915,0.0,21464.665625
62.56,3.7109666,1.7716509,25.478574399699767,0.0,21479.24453125
62.58,3.8596478,1.741921,25.703526838324645,0.0,21493.8234375
62.6,3.74724,1.8057492,25.65661200715173,0.0,21508.40234375
62.62,3.86684,1.6905187,25.603875400691273,0.0,21506.883984375
62.64,3.6537118,1.762083,25.618008188848172,0.0,21505.365625
62.66,4.0550957,1.8470361,25.64285456736283,0.0,21503.847265625
62.68,3.9362688,1.7769341,25.564440086740987,0.0,21502.32890625
62.7,4.1878138,1.8149966,25.397562835952048,0.0,21500.810546875
62.72,4.1198025,1.7256678,25.435053486762065,0.0,21499.2921875
62.74,4.12237,1.6755669,25.113174920155185,0.0,21497.773828125
62.76,4.128217,1.6681128,25.220078260517482,0.0,21496.25546875
62.78,4.0639877,1.780706,25.333111976787144,0.0,21494.737109375
62.8,3.8596628,1.7754285,25.17056864540431,0.0,21493.21875
62.82,3.913312,1.6549451,25.331669852756637,0.0,21501.4919921875
62.84,3.8688989,1.7480236,25.485505206969354,0.0,21509.765234375
62.86,3.8742588,1.8262763,25.402027056976184,0.0,21518.0384765625
62.88,3.5924397,1.74844,25.509034955803433,0.0,21526.31171875
62.9,3.728407,1.7417817,25.488044386791664,0.0,21534.5849609375
62.92,3.52704,1.7912889,25.50003092638059,0.0,21542.858203125
62.94,3.3609579,1.8875725,25.45193410391585,0.0,21551.1314453125
62.96,3.404007,1.7163216,25.45847027229364,0.0,21559.4046875
62.98,3.665926,1.8760266,25.398451239719858,0.0,21567.6779296875
63.0,3.7102306,1.8866272,25.579992422154003,0.0,21575.951171875
63.02,3.709557,1.8541032,25.50796495339498,0.0,21577.7765625
63.04,3.581582,1.8360788,25.531207767618845,0.0,21579.601953125
63.06,3.551037,1.8526388,25.372782609434232,0.0,21581.42734375
63.08,3.435233,1.9174783,25.21956302661282,0.0,21583.252734375
63.1,3.4647694,1.7623153,25.183073201869988,0.0,21585.078125
63.12,4.0056114,1.7761195,25.260428542575127,0.0,21586.903515625
63.14,4.0817566,1.8205886,25.17977477338671,0.0,21588.72890625
63.16,3.7700667,1.8096292,25.21591705962278,0.0,21590.554296875
63.18,3.9246593,1.6605701,25.143202482058026,0.0,21592.3796875
63.2,3.8185086,1.6623807,25.27691847017268,0.0,21594.205078125
63.22,3.6230206,1.6508554,25.376631887455833,0.0,21588.478125
63.24,3.8220997,1.7249995,25.46098191960869,0.0,21582.751171875
63.26,3.6905632,1.7178857,25.413151806808134,0.0,21577.02421875
63.28,3.7392268,1.8259284,25.255088114446526,0.0,21571.297265625
63.3,3.7376409,1.7440331,25.220995007336967,0.0,21565.5703125
63.32,3.4658096,1.8013487,25.25658580318943,0.0,21559.843359375
63.34,3.6525025,1.6647885,25.3207300488302,0.0,21554.11640625
63.36,3.7500775,1.7676122,25.20230372809129,0.0,21548.389453125
63.38,3.687396,1.7533125,25.2046696029472,0.0,21542.6625
63.4,3.704131,1.6172749,25.266477556240737,0.0,21536.935546875
63.42,3.756474,1.7263553,25.2945261570464,0.0,21526.92578125
63.44,3.899205,1.6679833,25.241748660019887,0.0,21516.916015625
63.46,3.9024534,1.783009,25.403513217665807,0.0,21506.90625
63.48,3.8843732,1.9207917,25.34010240480585,0.0,21496.896484375
63.5,3.572693,1.9233294,25.281575501013975,0.0,21486.88671875
63.52,3.5771484,1.6755946,25.48162764431247,0.0,21476.876953125
63.54,3.4243867,1.8652065,25.393287707731538,0.0,21466.8671875
63.56,3.5769372,1.6101884,25.325656084791092,0.0,21456.857421875
63.58,3.3484647,1.841322,25.313096598638218,0.0,21446.84765625
63.6,3.4598165,1.3603932,25.264677392023458,0.0,21436.837890625
63.62,3.588295,1.6723245,25.24630714691937,0.0,21460.541796875
63.64,3.6334987,1.6256268,25.1352455997189,0.0,21484.245703125
63.66,3.7249753,1.7582697,25.106304837871377,0.0,21507.949609375
63.68,3.6659098,1.5935589,25.166919226229414,0.0,21531.653515625
63.7,3.6088097,1.6528116,25.13528039253697,0.0,21555.357421875
63.72,3.474336,1.8354554,25.33675441313261,0.0,21579.061328125
63.74,3.3374753,1.8429214,25.3526279170596,0.0,21602.765234375
63.76,3.4131815,1.7676654,25.298702452688605,0.0,21626.469140625
63.78,3.4092453,1.7832166,25.40866495551294,0.0,21650.173046875
63.8,3.791913,1.782618,25.361276704877746,0.0,21673.876953125
63.82,3.547565,1.8109205,25.443200315098217,0.0,21668.0466796875
63.84,3.6059573,1.6117902,25.353861763776578,0.0,21662.21640625
63.86,3.7432046,1.7357193,25.499235357918664,0.0,21656.3861328125
63.88,3.470201,1.7139747,25.664746557479106,0.0,21650.555859375
63.9,3.549449,1.5699421,25.67601674256826,0.0,21644.7255859375
63.92,3.3762467,1.7329078,25.73309390432574,0.0,21638.8953125
63.94,3.53231,1.6454793,25.636363071076392,0.0,21633.0650390625
63.96,3.6012795,1.8892027,25.612927344194997,0.0,21627.234765625
63.98,3.5975168,1.8725429,25.743538353326265,0.0,21621.4044921875
64.0,3.7920814,1.809468,25.774502684437394,0.0,21615.57421875
64.02,3.7857456,1.8514668,25.746369028859384,0.0,21549.3763671875
64.04,3.623887,1.7893524,25.45036304866776,0.0,21483.178515625
64.06,3.7926488,1.8490654,25.45343871347381,0.0,21416.9806640625
64.08,3.8598886,1.4669936,25.61068477800002,0.0,21350.7828125
64.1,3.4965837,1.818455,25.457087847427328,0.0,21284.5849609375
64.12,3.7678456,1.7852547,25.400038379508988,0.0,21218.387109375
64.14,3.534761,1.8414415,25.372983769053153,0.0,21152.1892578125
64.16,3.1242,1.6800724,25.355274876149366,0.0,21085.99140625
64.18,2.9248,1.8870738,25.422897695700527,0.0,21019.7935546875
64.2,3.0410218,1.91611,25.453606049675756,0.0,20953.595703125
64.22,3.1859934,1.9277352,25.428254057917314,0.0,20999.26953125
64.24,3.13271,1.8580956,25.616850217712013,0.0,21044.943359375
64.26,3.3873165,1.8123381,25.496322026901336,0.0,21090.6171875
64.28,3.309842,1.8569285,25.482765317311383,0.0,21136.291015625
64.3,3.3080504,1.8291837,25.498878862574067,0.0,21181.96484375
64.32,3.2829502,1.8141751,25.630202902782663,0.0,21227.638671875
64.34,3.3235476,1.6268876,25.657842906677743,0.0,21273.3125
64.36,3.580949,1.75164,25.710836759642323,0.0,21318.986328125
64.38,3.5149884,1.8019309,25.684378942744175,0.0,21364.66015625
64.4,3.369284,1.4670795,25.530926828462142,0.0,21410.333984375
64.42,3.4048948,1.6857101,25.44654104186652,0.0,21391.5216796875
64.44,3.355973,1.722348,25.48432687548996,0.0,21372.709375
64.46,3.38826,1.7019064,25.450751331387384,0.0,21353.8970703125
64.48,3.4039726,1.6482843,25.440968176934916,0.0,21335.084765625
64.5,3.2525673,1.6069938,25.588940495315192,0.0,21316.2724609375
64.52,3.218324,1.7120467,25.589776098694664,0.0,21297.46015625
64.54,3.4494686,1.7532892,25.52101711519208,0.0,21278.6478515625
64.56,3.3055365,1.890321,25.578400249647423,0.0,21259.835546875
64.58,3.4537125,1.7174481,25.395767123654256,0.0,21241.0232421875
64.6,3.4026062,1.7500025,25.488346092810374,0.0,21222.2109375
64.62,3.6551592,1.7646565,25.535126533540623,0.0,21218.0541015625
64.64,3.705512,1.8583124,25.49750290150287,0.0,21213.897265625
64.66,3.3954577,1.8032528,25.619832715111862,0.0,21209.7404296875
64.68,3.4835424,1.7606115,25.622821340080538,0.0,21205.58359375
64.7,3.4959188,1.8340275,25.755799422481203,0.0,21201.4267578125
64.72,3.607102,1.67199,25.71796419098266,0.0,21197.269921875
64.74,3.4196134,1.7719668,25.749892557153448,0.0,21193.1130859375
64.76,3.2424185,1.8189131,25.62681154096952,0.0,21188.95625
64.78,3.4812388,1.6315789,25.686523213286275,0.0,21184.7994140625
64.8,3.65899,1.7967353,25.54092979131607,0.0,21180.642578125
64.82,3.5959492,1.6966194,25.751324950935903,0.0,21222.230859375
64.84,3.32353,1.7220849,25.821324424935668,0.0,21263.819140625
64.86,3.4489799,1.7800592,25.695615302262816,0.0,21305.407421875
64.88,3.2789109,1.7849374,25.724523351903343,0.0,21346.995703125
64.9,3.2408404,1.8390721,25.596277598713705,0.0,21388.583984375
64.92,3.1407342,1.9011031,25.67487687861106,0.0,21430.172265625
64.94,3.237251,1.8509743,25.632564815649026,0.0,21471.760546875
64.96,3.2449987,1.9526546,25.781628840122067,0.0,21513.348828125
64.98,3.3679895,1.902269,25.45655596596395,0.0,21554.937109375
65.0,3.581858,1.8305387,25.525942000146898,0.0,21596.525390625
65.02,3.6649427,1.8801242,25.623936236297222,0.0,21594.469921875
65.04,3.8040195,1.880224,25.581338295461777,0.0,21592.414453125
65.06,3.88569,1.8930175,25.626733221664146,0.0,21590.358984375
65.08,3.3725085,1.9463383,25.61892154024274,0.0,21588.303515625
65.1,3.4922254,1.890971,25.584883535127183,0.0,21586.248046875
65.12,3.451086,1.941839,25.65361431697181,0.2,21584.192578125
65.14,3.4477997,1.8767436,25.768349734004463,0.4,21582.137109375
65.16,3.4654403,1.9333153,25.766194243105257,0.6000000000000001,21580.081640625
65.18,3.6415844,1.8639165,25.74465297027334,0.8,21578.026171875
65.2,3.482274,1.9076258,25.728785829960614,1.0,21575.970703125
65.22,3.4153268,1.9602932,25.71419952553913,0.8,21573.11953125
65.24,3.444038,1.8882419,25.783988944880694,0.6,21570.268359375
65.26,3.244336,1.8474735,25.785010159162475,0.3999999999999999,21567.4171875
65.28,3.3733702,1.7431129,25.722567147595832,0.19999999999999996,21564.566015625
65.3,3.2611167,1.8522226,25.721391370459493,0.0,21561.71484375
65.32,2.9906967,1.7789,25.70730018883873,0.0,21558.863671875
65.34,3.4117339,1.9153684,25.88766111089871,0.0,21556.0125
65.36,3.4395456,1.9650993,25.85808751384245,0.0,21553.161328125
65.38,3.6050546,1.9661524,25.79147382988277,0.0,21550.31015625
65.4,3.447901,1.9239507,25.77591178320627,0.0,21547.458984375
65.42,3.2866488,1.9195755,25.68259640597644,0.2,21510.2798828125
65.44,3.5150876,1.9596047,25.70463741219362,0.4,21473.10078125
65.46,3.3364823,1.9228044,25.726650759644723,0.6000000000000001,21435.9216796875
65.48,3.3859947,1.9430822,25.71930021579881,0.8,21398.742578125
65.5,3.307576,1.8830771,25.782345843485942,1.0,21361.5634765625
65.52,3.242992,1.8183417,25.710004696063244,1.0,21324.384375
65.54,3.1769676,1.8123907,25.646988441394512,1.0,21287.2052734375
65.56,3.2059276,1.8709947,25.736309470735044,1.0,21250.026171875
65.58,3.2382205,1.811434,25.690155879855077,1.0,21212.8470703125
65.6,3.40006,1.8240356,25.77203099845111,1.0,21175.66796875
65.62,3.5228844,1.7199686,25.49324480516129,0.8,21174.830859375
65.64,3.2271261,1.864584,25.6254770263708,0.6,21173.99375
65.66,3.3478398,1.8936257,25.610035613782863,0.3999999999999999,21173.156640625
65.68,3.2134075,1.8954526,25.605330078388434,0.19999999999999996,21172.31953125
65.7,3.4854774,1.7748051,25.639739824019774,0.0,21171.482421875
65.72,3.6523435,1.8268845,25.623271983271906,0.0,21170.6453125
65.74,3.418372,1.8937546,25.7351551578253,0.0,21169.808203125
65.76,3.4637794,1.8641837,25.7186008279442,0.0,21168.97109375
65.78,3.6081815,1.8515258,25.9232221046212,0.0,21168.133984375
65.8,3.75915,1.8385215,25.683864144993972,0.0,21167.296875
65.82,4.101802,1.7782619,25.678099378871437,0.0,21180.992578125
65.84,3.8212934,1.8946571,25.67925262885844,0.0,21194.68828125
65.86,3.6259556,1.8585584,25.865730182799975,0.0,21208.383984375
65.88,3.4884784,1.7896276,25.85079030513121,0.0,21222.0796875
65.9,3.5566308,1.903088,25.66542320283461,0.0,21235.775390625
65.92,3.679379,1.8983791,25.697795180007496,0.0,21249.47109375
65.94,3.614057,1.8116809,25.48288063447241,0.0,21263.166796875
65.96,3.689555,1.828897,25.529981653644597,0.0,21276.8625
65.98,3.4251502,1.8074687,25.51938904606596,0.0,21290.558203125
66.0,3.5134006,1.697374,25.450290277348063,0.0,21304.25390625
66.02,3.6909568,1.8171567,25.42947939311506,0.2,21293.01953125
66.04,3.7877717,1.8585433,25.380664973764656,0.4,21281.78515625
66.06,3.6566062,1.6051637,25.276463993561215,0.6000000000000001,21270.55078125
66.08,3.7725637,1.4501262,25.357070372079207,0.8,21259.31640625
66.1,4.320101,1.6953368,25.324337124215717,1.0,21248.08203125
66.12,4.457985,1.7779111,25.32016008929969,0.8,21236.84765625
66.14,4.150811,1.84955,25.278637614798633,0.6,21225.61328125
66.16,4.0675907,1.8744502,25.26919697566314,0.3999999999999999,21214.37890625
66.18,3.977826,1.8481338,25.301274891987205,0.19999999999999996,21203.14453125
66.2,3.8765087,1.9948905,25.27302811185409,0.0,21191.91015625
66.22,3.8288462,1.7605709,25.33322033380927,0.0,21164.876171875
66.24,3.9079907,1.6205909,25.22319887121015,0.0,21137.8421875
66.26,3.9404013,1.3697988,25.303716051390094,0.0,21110.808203125
66.28,4.0116005,1.7085199,25.306394312140064,0.0,21083.77421875
66.3,4.0487404,1.8790414,25.381987167323693,0.0,21056.740234375
66.32,3.9965022,1.8687708,25.434997638586324,0.0,21029.70625
66.34,3.8274946,1.9275949,25.714101713699698,0.0,21002.672265625
66.36,3.9995117,1.9307309,25.52406098124262,0.0,20975.63828125
66.38,3.8205936,1.8248897,25.570512534005573,0.0,20948.604296875
66.4,3.5731163,1.8100561,25.460010092076214,0.0,20921.5703125
66.42,3.6661954,1.6615124,25.60157451304225,0.2,20943.8369140625
66.44,3.7583458,1.8377043,25.623648710670164,0.4,20966.103515625
66.46,3.8485317,1.625926,25.37010371617773,0.6000000000000001,20988.3701171875
66.48,4.0276666,1.6125488,25.41401868187201,0.8,21010.63671875
66.5,4.067834,1.8153102,25.443572257759286,1.0,21032.9033203125
66.52,4.089468,1.8994603,25.50878893190243,0.8,21055.169921875
66.54,3.6419516,1.9106905,25.452770604829308,0.6,21077.4365234375
66.56,3.5420225,1.8384032,25.45308815096325,0.3999999999999999,21099.703125
66.58,3.7230868,1.6763637,25.616935756107893,0.19999999999999996,21121.9697265625
66.6,3.7207127,1.6450113,25.451168544455594,0.0,21144.236328125
66.62,3.5471716,1.7713366,25.59849883344333,0.0,21152.383203125
66.64,3.601554,1.7768545,25.63139169451659,0.0,21160.530078125
66.66,3.4718924,1.7219318,25.719843886955076,0.0,21168.676953125
66.68,3.582361,1.7209607,25.557423228645813,0.0,21176.823828125
66.7,3.4881616,1.6498493,25.458086789565687,0.0,21184.970703125
66.72,3.8946702,1.703236,25.50514873947926,0.0,21193.117578125
66.74,3.902111,1.79303,25.340290145755556,0.0,21201.264453125
66.76,3.681464,1.6644497,25.487869597279506,0.0,21209.411328125
66.78,3.6354496,1.6593349,25.443977218179832,0.0,21217.558203125
66.8,3.4402552,1.5590729,25.440571458359575,0.0,21225.705078125
66.82,3.5802672,1.5334637,25.43314123005811,0.0,21235.1228515625
66.84,3.7828114,1.5828121,25.237497065335695,0.0,21244.540625
66.86,3.6987128,1.5628204,25.203819495744582,0.0,21253.9583984375
66.88,3.536274,1.6961398,25.291780835125973,0.0,21263.376171875
66.9,3.454621,1.6481942,25.41337092909188,0.0,21272.7939453125
66.92,3.4587412,1.5054964,25.35459348548453,0.0,21282.21171875
66.94,3.5936208,1.7039883,25.35060258821303,0.0,21291.6294921875
66.96,3.3479266,1.7127044,25.337484278631525,0.0,21301.047265625
66.98,3.3205729,1.7240937,25.381635778252225,0.0,21310.4650390625
67.0,3.4940724,1.8506191,25.370770858901693,0.0,21319.8828125
67.02,3.8016653,1.7051747,25.322279026409017,0.0,21313.116796875
67.04,3.6181078,1.7566489,25.2933997579691,0.0,21306.35078125
67.06,3.7297008,1.8351352,25.294459946787256,0.0,21299.584765625
67.08,3.5443683,1.7996576,25.189068034364833,0.0,21292.81875
67.1,3.5792766,1.7550442,25.237993819976,0.0,21286.052734375
67.12,3.6769137,1.6466713,25.139423096987805,0.0,21279.28671875
67.14,3.7855,1.7722747,25.27734201952192,0.0,21272.520703125
67.16,3.8290434,1.7655418,25.28165977817059,0.0,21265.7546875
67.18,3.8330188,1.823159,25.255370469756127,0.0,21258.988671875
67.2,4.0182743,1.731136,25.318099591051357,0.0,21252.22265625
67.22,3.6186056,1.7400746,25.278709935731992,0.2,21243.6453125
67.24,3.5012355,1.7392507,25.319996737090527,0.4,21235.06796875
67.26,3.7250848,1.8971825,25.126416747114128,0.6000000000000001,21226.490625
67.28,3.8547194,1.858664,25.31318693902221,0.8,21217.91328125
67.3,3.7926183,1.7926835,25.362832107498274,1.0,21209.3359375
67.32,3.6873803,1.8484396,25.27760973491165,0.8,21200.75859375
67.34,3.7803366,1.9238259,25.324566583166998,0.6,21192.18125
67.36,3.7064056,1.8680902,25.436445134874937,0.3999999999999999,21183.60390625
67.38,3.8782625,1.9316286,25.373923275525772,0.19999999999999996,21175.0265625
67.4,3.9100723,1.8437349,25.471648192634856,0.0,21166.44921875
67.42,3.9210286,1.9239222,25.52386174112264,0.2,21182.469140625
67.44,3.883146,1.9172552,25.60092756129954,0.4,21198.4890625
67.46,3.808265,1.8880591,25.44519496657196,0.6000000000000001,21214.508984375
67.48,4.133382,1.847466,25.485982407177023,0.8,21230.52890625
67.5,3.907232,1.869291,25.44487425565364,1.0,21246.548828125
67.52,3.8021395,1.9004714,25.37656318264299,0.8,21262.56875
67.54,3.782996,1.7969124,25.340532007331227,0.6,21278.588671875
67.56,3.8480031,1.9175361,25.397196047817403,0.3999999999999999,21294.60859375
67.58,3.929455,1.8994823,25.103303028626524,0.19999999999999996,21310.628515625
67.6,4.0205164,1.8631413,25.18988361988294,0.0,21326.6484375
67.62,3.968375,1.8953432,25.37406062615528,0.0,21339.472265625
67.64,4.166327,1.8732946,25.169254349716475,0.0,21352.29609375
67.66,3.7426763,1.8873965,25.227513257557284,0.0,21365.119921875
67.68,3.66007,1.8592275,25.32683484275339,0.0,21377.94375
67.7,3.958064,1.9409627,25.26844509735719,0.0,21390.767578125
67.72,4.125992,1.9119995,25.19011219175151,0.0,21403.59140625
67.74,4.1101403,1.8088502,25.18250068675747,0.0,21416.415234375
67.76,4.121185,1.8264422,25.26163453584429,0.0,21429.2390625
67.78,4.1300755,1.9225731,25.142548030093977,0.0,21442.062890625
67.8,4.3996305,1.9042336,25.091291943383645,0.0,21454.88671875
67.82,4.117742,1.7691343,25.261344895569042,0.0,21444.392578125
67.84,3.6760597,1.7962396,25.343234706960295,0.0,21433.8984375
67.86,3.4798694,1.8599334,25.356877479898476,0.0,21423.404296875
67.88,3.654189,1.7806596,25.26863989977899,0.0,21412.91015625
67.9,3.6137352,1.8462996,25.14442225087525,0.0,21402.416015625
67.92,3.5821662,1.8283794,25.215897461081354,0.0,21391.921875
67.94,3.7231336,1.770566,25.240713883468324,0.0,21381.427734375
67.96,3.893491,1.5796839,25.287902307807126,0.0,21370.93359375
67.98,3.8340197,1.8222687,25.300083309466906,0.0,21360.439453125
68.0,3.8127499,1.8134815,25.19178102699957,0.0,21349.9453125
68.02,4.047434,1.7918642,25.102692136813502,0.0,21345.42890625
68.04,4.0436835,1.7695241,25.22909480929652,0.0,21340.9125
68.06,4.207658,1.8149502,25.17591465727284,0.0,21336.39609375
68.08,4.245821,1.7349176,25.25483963057225,0.0,21331.8796875
68.1,4.369562,1.8107781,25.008225339702953,0.0,21327.36328125
68.12,4.398269,1.9167373,25.221914137038254,0.0,21322.846875
68.14,4.3996434,1.8136895,25.24627546258558,0.0,21318.33046875
68.16,4.3127074,1.7496668,25.153197187271576,0.0,21313.8140625
68.18,4.0657897,1.7666036,25.139818313103326,0.0,21309.29765625
68.2,4.344962,1.7741373,25.227120675873582,0.0,21304.78125
68.22,4.315416,1.9320931,25.298226353881553,0.0,21322.8484375
68.24,4.4425063,1.8628635,25.21449675456224,0.0,21340.915625
68.26,4.2405467,1.8927835,25.201646146607118,0.0,21358.9828125
68.28,4.4748645,1.8145137,25.166550871721345,0.0,21377.05
68.3,4.6670065,1.8528259,25.160173794818324,0.0,21395.1171875
68.32,4.459158,1.8586957,25.35175553559384,0.0,21413.184375
68.34,4.2890015,1.8105505,25.38856559085084,0.0,21431.2515625
68.36,4.337062,1.8828092,25.545241758941877,0.0,21449.31875
68.38,4.194055,1.886045,25.403220252414407,0.0,21467.3859375
68.4,3.960002,1.633688,25.383945833438787,0.0,21485.453125
68.42,4.0420446,1.8598514,25.22337106986099,0.0,21472.646875
68.44,4.248558,1.8370754,25.42842668246294,0.0,21459.840625
68.46,4.089084,1.8789862,25.189562367056183,0.0,21447.034375
68.48,4.1489487,1.8247621,25.40584927646538,0.0,21434.228125
68.5,3.9738493,1.6766105,25.463677115340694,0.0,21421.421875
68.52,4.2039814,1.9149928,25.346263875230953,0.0,21408.615625
68.54,4.173283,1.9559385,25.294186643170956,0.0,21395.809375
68.56,4.307259,1.8163568,25.188107071622746,0.0,21383.003125
68.58,4.1896315,1.8360245,25.208258752040877,0.0,21370.196875
68.6,4.2691274,1.8584098,25.29139924248236,0.0,21357.390625
68.62,4.2676563,1.8591505,25.414349804456485,0.0,21347.553125
68.64,4.064846,1.8785048,25.32706472244878,0.0,21337.715625
68.66,4.0308113,1.8604915,25.42989370846161,0.0,21327.878125
68.68,3.981288,1.7833,25.51844162142644,0.0,21318.040625
68.7,3.6736712,1.8188013,25.524583291051343,0.0,21308.203125
68.72,3.799478,1.8853192,25.424675946660283,0.0,21298.365625
68.74,3.8464923,1.889643,25.31652517538906,0.0,21288.528125
68.76,3.860446,1.8987927,25.29475685508274,0.0,21278.690625
68.78,4.172099,1.8779768,25.316543428539205,0.0,21268.853125
68.8,3.9232073,1.9365269,25.367086009673656,0.0,21259.015625
68.82,4.15161,1.9023826,25.305716396043316,0.0,21252.651953125
68.84,3.9668074,1.8775198,25.431416920449816,0.0,21246.28828125
68.86,4.064617,1.6523321,25.4749568972219,0.0,21239.924609375
68.88,3.9049551,1.8603264,25.301419306454175,0.0,21233.5609375
68.9,4.065232,1.7721851,25.027733041562364,0.0,21227.197265625
68.92,3.8106914,1.609365,25.3076701077812,0.0,21220.83359375
68.94,3.7458744,1.5783408,25.337536109256995,0.0,21214.469921875
68.96,3.9100873,1.8129455,25.29372638749505,0.0,21208.10625
68.98,4.141783,1.7892419,25.300998633735944,0.0,21201.742578125
69.0,4.109221,1.7801594,25.332454411000707,0.0,21195.37890625
69.02,3.945517,1.8188329,25.2195169882026,0.0,21207.798046875
69.04,3.6562724,1.7537236,25.38956093071778,0.0,21220.2171875
69.06,3.926229,1.7695289,25.350857115944528,0.0,21232.636328125
69.08,4.0543647,1.7872028,25.272296637774183,0.0,21245.05546875
69.1,4.275223,1.8295218,25.270422441645497,0.0,21257.474609375
69.12,4.2756033,1.8029511,25.163409118768172,0.0,21269.89375
69.14,4.2705703,1.7516167,25.32313885508882,0.0,21282.312890625
69.16,4.0825257,1.7151659,25.312608163760544,0.0,21294.73203125
69.18,4.0698195,1.8130894,25.37904683917711,0.0,21307.151171875
69.2,4.1313276,1.811366,25.470421744631327,0.0,21319.5703125
69.22,4.410016,1.874846,25.31487185335336,0.0,21329.051953125
69.24,4.2721896,1.8666346,25.15281815545076,0.0,21338.53359375
69.26,4.360827,1.8802799,25.05748234237545,0.0,21348.015234375
69.28,4.1637316,1.8438262,25.2176347217587,0.0,21357.496875
69.3,4.042447,1.8011043,25.238095766218013,0.0,21366.978515625
69.32,4.174356,1.7280028,25.22638913585926,0.0,21376.46015625
69.34,4.218075,1.8517067,25.263961138789355,0.0,21385.941796875
69.36,4.4196672,1.8414698,25.460798993176326,0.0,21395.4234375
69.38,4.643156,1.8163021,25.564865628008175,0.0,21404.905078125
69.4,4.368272,1.7805177,25.43513390150087,0.0,21414.38671875
69.42,4.489623,1.7469001,25.327257352408875,0.0,21385.900390625
69.44,4.3474503,1.6972839,25.387779644952637,0.0,21357.4140625
69.46,4.228329,1.7828989,25.393671492536114,0.0,21328.927734375
69.48,4.189132,1.7932593,25.398810980157876,0.0,21300.44140625
69.5,4.4196935,1.8128883,25.348090125267447,0.0,21271.955078125
69.52,4.333951,1.8181751,25.209457952099235,0.0,21243.46875
69.54,4.3320866,1.6843767,25.204978605718146,0.0,21214.982421875
69.56,4.5645585,1.7951375,25.207730179099297,0.0,21186.49609375
69.58,4.631975,1.8352385,25.19245461703473,0.0,21158.009765625
69.6,4.4885483,1.8281245,25.253464089444154,0.0,21129.5234375
69.62,4.056615,1.7672536,25.475535756857624,0.0,21148.2951171875
69.64,4.1429896,1.8565032,25.42780805327141,0.0,21167.066796875
69.66,3.954244,1.8376129,25.35359980573544,0.0,21185.8384765625
69.68,3.8799262,1.8794265,25.29131193332454,0.0,21204.61015625
69.7,3.88078,1.907261,25.278789388057593,0.0,21223.3818359375
69.72,3.7875261,1.9218996,25.27082220103848,0.0,21242.153515625
69.74,3.6139605,1.7525213,25.397106886598806,0.0,21260.9251953125
69.76,3.8656669,1.8545789,25.392395256549293,0.0,21279.696875
69.78,3.5986156,1.8471676,25.474791590811428,0.0,21298.4685546875
69.8,3.540955,1.774967,25.388551683648124,0.0,21317.240234375
69.82,3.744664,1.7851756,25.508820267104966,0.0,21310.8455078125
69.84,3.7264109,1.7832277,25.344760399460377,0.0,21304.45078125
69.86,3.7895207,1.8698168,25.342426155003842,0.0,21298.0560546875
69.88,3.6750162,1.8731891,25.312501797533116,0.0,21291.661328125
69.9,3.4979963,1.7823174,25.454854391589134,0.0,21285.2666015625
69.92,3.2781837,1.8892108,25.375699808434206,0.0,21278.871875
69.94,3.144711,1.8543248,25.3034235695088,0.0,21272.4771484375
69.96,2.835164,1.8768213,25.3762465320994,0.0,21266.082421875
69.98,2.8539033,1.6236663,25.419193271960232,0.0,21259.6876953125
70.0,3.1000116,1.7437686,25.298718883199072,0.0,21253.29296875
70.02,2.8579946,1.7385418,25.177924519068764,0.0,21260.2923828125
70.04,2.9894135,1.8180702,25.09891655749179,0.0,21267.291796875
70.06,3.0931222,1.8215812,25.27899192997335,0.0,21274.2912109375
70.08,3.209226,1.7061927,25.226175037116725,0.0,21281.290625
70.1,3.2583346,1.8521847,25.39255933246805,0.0,21288.2900390625
70.12,3.2649467,1.7150904,25.324512799829826,0.2,21295.289453125
70.14,2.9906383,1.8057795,25.384721683392332,0.4,21302.2888671875
70.16,3.0676851,1.8731718,25.520649235794714,0.6000000000000001,21309.28828125
70.18,2.8644347,1.863228,25.315414001533366,0.8,21316.2876953125
70.2,3.0217695,1.8586807,25.451935572834415,1.0,21323.287109375
70.22,2.7835395,1.8147347,25.527124980562697,1.0,21329.6208984375
70.24,3.0136216,1.8257241,25.45189607719127,1.0,21335.9546875
70.26,2.8952565,1.8980981,25.326671649619424,1.0,21342.2884765625
70.28,2.664444,1.823262,25.38364754417527,1.0,21348.622265625
70.3,2.6798453,1.7054058,25.512651745115345,1.0,21354.9560546875
70.32,2.6019707,1.7246003,25.591699291197713,1.0,21361.28984375
70.34,2.5775502,1.6838337,25.641086513543378,1.0,21367.6236328125
70.36,2.4442728,1.6441125,25.62696132272915,1.0,21373.957421875
70.38,2.4570813,1.616056,25.555179250125455,1.0,21380.2912109375
70.4,2.6742215,1.8410316,25.390583919997525,1.0,21386.625
70.42,2.9226925,1.732005,25.52034174300809,1.0,21387.719140625
70.44,2.745968,1.9288088,25.594569299833097,1.0,21388.81328125
70.46,2.850357,1.9064218,25.55850797961742,1.0,21389.907421875
70.48,2.623618,1.8832456,25.528900837820288,1.0,21391.0015625
70.5,2.635621,1.8185198,25.322069054342286,1.0,21392.095703125
70.52,2.6505542,1.8212332,25.534171382797002,1.0,21393.18984375
70.54,2.9006324,1.7664963,25.54993409960271,1.0,21394.283984375
70.56,2.8424742,1.7751749,25.549575097269933,1.0,21395.378125
70.58,2.9055178,1.6550341,25.71053216579427,1.0,21396.472265625
70.6,2.8122315,1.8627937,25.646063939785503,1.0,21397.56640625
70.62,2.637473,1.8430889,25.50920276819214,0.8,21336.7921875
70.64,2.752755,1.8497623,25.645547494149056,0.6,21276.01796875
70.66,2.6628945,1.7812659,25.665380716657747,0.3999999999999999,21215.24375
70.68,2.880825,1.7829752,25.748957587586364,0.19999999999999996,21154.46953125
70.7,2.9058778,1.798698,25.676377417519877,0.0,21093.6953125
70.72,3.0562377,1.8704634,25.516928870812265,0.0,21032.92109375
70.74,2.989511,1.8563333,25.519557014688374,0.0,20972.146875
70.76,3.0546584,1.7874719,25.634633265081508,0.0,20911.37265625
70.78,3.1334891,1.9002737,25.502383413401798,0.0,20850.5984375
70.8,3.1798387,1.8261427,25.433195994153483,0.0,20789.82421875
70.82,3.4579177,1.9221888,25.345525859319196,0.0,20877.171875
70.84,3.3004856,1.7808523,25.36564134620821,0.0,20964.51953125
70.86,3.2289085,1.7150104,25.410257089383926,0.0,21051.8671875
70.88,3.1887107,1.7608035,25.272409769956063,0.0,21139.21484375
70.9,3.359816,1.6560922,25.39100558817934,0.0,21226.5625
70.92,3.4351826,1.7093003,25.41996891618117,0.0,21313.91015625
70.94,3.1868508,1.7651327,25.538921484231064,0.0,21401.2578125
70.96,3.3836765,1.7568483,25.513651560354376,0.0,21488.60546875
70.98,3.3903182,1.8055986,25.3801814343044,0.0,21575.953125
71.0,3.304411,1.7356741,25.338784785347382,0.0,21663.30078125
71.02,3.3533912,1.5588093,25.45800982384541,0.0,21610.6697265625
71.04,3.3571854,1.7633272,25.469002575871134,0.0,21558.038671875
71.06,3.5372763,1.7686584,25.33181670707993,0.0,21505.4076171875
71.08,3.6462264,1.7832874,25.3675667458636,0.0,21452.7765625
71.1,3.4518435,1.8713396,25.30726766722597,0.0,21400.1455078125
71.12,3.444865,1.6652644,25.408258714452103,0.0,21347.514453125
71.14,3.7163515,1.7921311,25.23539268135427,0.0,21294.8833984375
71.16,3.7626276,1.8036237,25.141063842071357,0.0,21242.25234375
71.18,3.7190876,1.8125687,25.16028238498405,0.0,21189.6212890625
71.2,3.971713,1.6636313,25.029718266251262,0.0,21136.990234375
71.22,4.036605,1.7853491,25.015516292486065,0.0,21147.3548828125
71.24,4.072104,1.7086947,24.911366614597902,0.0,21157.71953125
71.26,3.7360854,1.5769631,25.143173137348192,0.0,21168.0841796875
71.28,3.1671083,1.8597661,25.285800432328607,0.0,21178.448828125
71.3,3.1732879,1.6195781,25.312341224401436,0.0,21188.8134765625
71.32,3.137827,1.8530416,25.236093378913537,0.2,21199.178125
71.34,3.0172455,1.7191205,25.274252403587653,0.4,21209.5427734375
71.36,3.2552114,1.7868943,25.272241463041077,0.6000000000000001,21219.907421875
71.38,3.1268408,1.5945996,25.328833814375038,0.8,21230.2720703125
71.4,3.2794604,1.6299655,25.119320933041955,1.0,21240.63671875
71.42,3.1184082,1.7599287,25.287076681591188,1.0,21255.575
71.44,3.216535,1.7061887,25.33862102125411,1.0,21270.51328125
71.46,3.0466747,1.5872822,25.381237997269025,1.0,21285.4515625
71.48,3.0990741,1.8744756,25.222935872895356,1.0,21300.38984375
71.5,2.9951053,1.6637443,25.159814615594613,1.0,21315.328125
71.52,2.9923093,1.7791198,25.21064598817571,0.8,21330.26640625
71.54,3.0619001,1.5025516,25.11670457313545,0.6,21345.2046875
71.56,3.1294239,1.7185435,25.229064434821716,0.3999999999999999,21360.14296875
71.58,2.9837885,1.704352,25.335917676855004,0.19999999999999996,21375.08125
71.6,2.8549826,1.6707438,25.341614556230283,0.0,21390.01953125
71.62,2.6095777,1.7224245,25.524448755116673,0.4,21354.9515625
71.64,2.5756323,1.6996553,25.52458122723558,0.8,21319.88359375
71.66,2.857262,1.6811337,25.481183358242653,1.2000000000000002,21284.815625
71.68,2.9916296,1.7275101,25.561350729283458,1.6,21249.74765625
71.7,2.8751092,1.6359783,25.442804089145326,2.0,21214.6796875
71.72,2.9240248,1.6412054,25.284296307979,1.8,21179.61171875
71.74,2.8199306,1.6478486,25.41078757560628,1.6,21144.54375
71.76,2.8512745,1.7255532,25.540439059456016,1.4,21109.47578125
71.78,2.914108,1.5837085,25.42477448608509,1.2,21074.4078125
71.8,3.2228723,1.7321135,25.354265228235736,1.0,21039.33984375
71.82,3.111672,1.6995299,25.388676751260242,0.8,21035.60078125
71.84,3.033807,1.707647,25.388628585906044,0.6,21031.86171875
71.86,3.3203454,1.7163568,25.36125627566472,0.3999999999999999,21028.12265625
71.88,2.9772356,1.7283387,25.38271353662757,0.19999999999999996,21024.38359375
71.9,3.027593,1.851285,25.360664527628707,0.0,21020.64453125
71.92,3.2061994,1.8745027,25.30104139089055,0.0,21016.90546875
71.94,2.9481387,1.8764901,25.27368185795651,0.0,21013.16640625
71.96,2.990347,1.8199337,25.29418151403949,0.0,21009.42734375
71.98,2.9538512,1.9327391,25.342574756797607,0.0,21005.68828125
72.0,2.8342004,1.90274,25.3523239779738,0.0,21001.94921875
72.02,2.769513,1.9558554,25.330761680715664,0.0,20993.63046875
72.04,2.872156,1.9305944,25.357448514494052,0.0,20985.31171875
72.06,2.9754195,1.6954452,25.389319564210613,0.0,20976.99296875
72.08,3.21621,1.791746,25.321739764469232,0.0,20968.67421875
72.1,3.3225503,1.8245547,25.320242266731164,0.0,20960.35546875
72.12,2.971881,1.8759654,25.36302603689499,0.4,20952.03671875
72.14,3.1177373,1.6980646,25.333150879326354,0.8,20943.71796875
72.16,3.1791987,1.8210254,25.282123105763738,1.2000000000000002,20935.39921875
72.18,3.2096605,1.6831889,25.402690644798277,1.6,20927.08046875
72.2,2.8263137,1.8054898,25.505661158461375,2.0,20918.76171875
72.22,2.8733494,1.817804,25.417326441403407,1.6,20954.0541015625
72.24,2.973739,1.9021244,25.561128644265537,1.2,20989.346484375
72.26,2.5997357,1.8982505,25.609039200209512,0.7999999999999998,21024.6388671875
72.28,2.5306206,1.8527124,25.570578662051457,0.3999999999999999,21059.93125
72.3,2.6401165,1.8142246,25.54626808926578,0.0,21095.2236328125
72.32,2.5049014,1.8672198,25.63826691996834,0.0,21130.516015625
72.34,2.5014877,1.8105876,25.416107333766767,0.0,21165.8083984375
72.36,2.6646185,1.9027414,25.42318574462601,0.0,21201.10078125
72.38,2.967281,1.8857521,25.401712190099843,0.0,21236.3931640625
72.4,2.7656693,1.8686643,25.518467166033318,0.0,21271.685546875
72.42,2.8593566,1.9029465,25.581239842344644,0.0,21256.77265625
72.44,2.8535163,1.859257,25.411295982771982,0.0,21241.859765625
72.46,2.7865243,1.8488607,25.440988692949627,0.0,21226.946875
72.48,2.9470148,1.8782247,25.51670540233344,0.0,21212.033984375
72.5,2.752079,1.787027,25.635653477583595,0.0,21197.12109375
72.52,2.933512,1.8044276,25.610478774681056,0.0,21182.208203125
72.54,3.012657,1.7886155,25.53000653578477,0.0,21167.2953125
72.56,2.9899578,1.7936611,25.564303059681666,0.0,21152.382421875
72.58,3.0110936,1.9149804,25.665303838381902,0.0,21137.46953125
72.6,3.051841,1.8129896,25.64406226416008,0.0,21122.556640625
72.62,3.2948625,1.7647641,25.62118649718159,0.0,21106.4267578125
72.64,3.3692148,1.8938738,25.60529452360886,0.0,21090.296875
72.66,3.4806042,1.9103528,25.66596726283207,0.0,21074.1669921875
72.68,3.2422569,1.928163,25.371928745725594,0.0,21058.037109375
72.7,3.309596,1.9008906,25.49048191684467,0.0,21041.9072265625
72.72,3.1564639,1.8718492,25.460866788646243,0.0,21025.77734375
72.74,3.2218077,1.9271953,25.499097858809566,0.0,21009.6474609375
72.76,3.2975433,1.864702,25.281015438779338,0.0,20993.517578125
72.78,3.0076747,1.8746341,25.318855234324435,0.0,20977.3876953125
72.8,2.722754,1.8536811,25.436379609779202,0.0,20961.2578125
72.82,2.9038968,1.9355338,25.536375764920084,0.2,20977.1515625
72.84,3.1703186,1.8986752,25.497211992170733,0.4,20993.0453125
72.86,2.9675555,1.8971937,25.470127033786486,0.6000000000000001,21008.9390625
72.88,3.1384015,1.8912143,25.339540008902905,0.8,21024.8328125
72.9,2.9652822,1.8711903,25.521752207904107,1.0,21040.7265625
72.92,3.014046,1.8573112,25.445063130808855,0.8,21056.6203125
72.94,2.9205637,1.7611363,25.502151334497995,0.6,21072.5140625
72.96,2.7215793,1.9263642,25.36961203237084,0.3999999999999999,21088.4078125
72.98,3.0542207,1.7112765,25.376292874894276,0.19999999999999996,21104.3015625
73.0,3.099937,1.877469,25.436171851772503,0.0,21120.1953125
73.02,3.0625834,1.8466756,25.4797048990066,0.2,21137.5205078125
73.04,3.2187934,1.9082682,25.374309549316333,0.4,21154.845703125
73.06,3.4259818,1.8954735,25.449573656567665,0.6000000000000001,21172.1708984375
73.08,3.2335682,1.7708368,25.368754288367587,0.8,21189.49609375
73.1,3.4521637,1.8182306,25.50328820225087,1.0,21206.8212890625
73.12,3.368352,1.9986017,25.32620183128326,0.8,21224.146484375
73.14,2.9922705,1.8776586,25.522383531504502,0.6,21241.4716796875
73.16,3.0990176,1.8736053,25.434548747917685,0.3999999999999999,21258.796875
73.18,2.9887524,1.8886237,25.534763489457216,0.19999999999999996,21276.1220703125
73.2,2.9044974,1.8414917,25.51030103532021,0.0,21293.447265625
73.22,2.7921305,1.7985375,25.63168079844429,0.0,21285.7009765625
73.24,2.6471746,1.7053509,25.52705946161083,0.0,21277.9546875
73.26,2.7497125,1.7805831,25.59730819325435,0.0,21270.2083984375
73.28,2.6449995,1.745231,25.442023096119254,0.0,21262.462109375
73.3,2.479384,1.7400689,25.47199697454007,0.0,21254.7158203125
73.32,2.4303687,1.863897,25.481276062169606,0.0,21246.96953125
73.34,2.5701425,1.8439538,25.609358683636877,0.0,21239.2232421875
73.36,2.441822,1.9215101,25.638848165560336,0.0,21231.476953125
73.38,2.4522505,1.8775727,25.5460448995277,0.0,21223.7306640625
73.4,2.6690211,1.9045193,25.420594946681774,0.0,21215.984375
73.42,2.66754,2.010608,25.566334035380773,0.0,21197.049609375
73.44,2.6384645,1.8085252,25.385922975110212,0.0,21178.11484375
73.46,2.722754,1.6706784,25.282239920643978,0.0,21159.180078125
73.48,2.8087978,1.6837621,25.333398802715784,0.0,21140.2453125
73.5,3.0598302,1.6270436,25.309531085254452,0.0,21121.310546875
73.52,2.9339478,1.798855,25.395397361787367,0.0,21102.37578125
73.54,3.105164,1.752041,25.28613053672844,0.0,21083.441015625
73.56,3.1505651,1.7293357,25.25588860256118,0.0,21064.50625
73.58,3.3991194,1.813333,25.16619080121892,0.0,21045.571484375
73.6,3.419783,1.8467726,25.117532828308093,0.0,21026.63671875
73.62,3.5575626,1.8860532,25.039821368155568,0.0,21057.424609375
73.64,3.3634303,1.5780334,25.140650964255208,0.0,21088.2125
73.66,3.1831458,1.7486036,25.288621330912108,0.0,21119.000390625
73.68,3.0807507,1.9407775,25.300847787193188,0.0,21149.78828125
73.7,3.234377,1.946862,24.94334699691475,0.0,21180.576171875
73.72,3.284738,1.5897268,24.96165177251417,0.2,21211.3640625
73.74,3.7948246,1.7831875,25.00757568369307,0.4,21242.151953125
73.76,3.6550796,1.921345,25.123790250995444,0.6000000000000001,21272.93984375
73.78,3.5904975,1.7855989,25.057324293800892,0.8,21303.727734375
73.8,3.5859776,1.7693728,25.150010317231466,1.0,21334.515625
73.82,3.2722914,1.6958927,25.26343875864468,1.0,21327.730078125
73.84,3.1746063,1.809023,25.23064095364459,1.0,21320.94453125
73.86,3.0863118,1.666549,25.303809486751007,1.0,21314.158984375
73.88,2.8889253,1.6978365,25.34472394487601,1.0,21307.3734375
73.9,2.7782931,1.7322488,25.362819451948518,1.0,21300.587890625
73.92,3.1143978,1.88473,25.221909973875313,1.0,21293.80234375
73.94,3.0025682,1.9675522,25.302922360390813,1.0,21287.016796875
73.96,2.7698066,1.9728241,25.327984657120556,1.0,21280.23125
73.98,2.5664303,1.839406,25.348580187189405,1.0,21273.445703125
74.0,2.415759,1.9866014,25.37914162614981,1.0,21266.66015625
74.02,2.4636493,1.9304622,25.31261431286753,0.8,21267.3494140625
74.04,2.5440912,1.8991088,25.24870890571101,0.6,21268.038671875
74.06,2.373521,1.8811555,25.25961062529527,0.3999999999999999,21268.7279296875
74.08,2.5245032,1.8830421,25.55000406353791,0.19999999999999996,21269.4171875
74.1,2.8229384,1.8824365,25.384379996621075,0.0,21270.1064453125
74.12,2.8761604,1.7937582,25.305603176554953,0.0,21270.795703125
74.14,3.0135636,1.7060432,25.311119824555156,0.0,21271.4849609375
74.16,2.7649755,1.836308,25.39731768983435,0.0,21272.17421875
74.18,2.799075,1.9100606,25.427178267382907,0.0,21272.8634765625
74.2,2.813017,1.960573,25.36184107165932,0.0,21273.552734375
74.22,2.6657085,1.8660214,25.288386516629537,0.0,21252.2693359375
74.24,2.5766704,1.9386187,25.291930288014697,0.0,21230.9859375
74.26,2.5591495,1.8849509,25.485402187895843,0.0,21209.7025390625
74.28,2.531103,1.7611499,25.348549054113295,0.0,21188.419140625
74.3,2.7395465,1.7860717,25.48777808893533,0.0,21167.1357421875
74.32,2.862567,1.8468008,25.329647598210194,0.0,21145.85234375
74.34,2.6751342,1.7282877,25.406466855601483,0.0,21124.5689453125
74.36,2.8089223,1.8182931,25.19519670095145,0.0,21103.285546875
74.38,2.589722,1.7866558,25.13157989120222,0.0,21082.0021484375
74.4,2.6907988,1.7863857,25.12972256809377,0.0,21060.71875
74.42,2.6139622,1.8036923,25.230991813865845,0.0,21040.9185546875
74.44,2.6198485,1.9785589,25.419027050135313,0.0,21021.118359375
74.46,2.7933583,1.8665415,25.325249406426874,0.0,21001.3181640625
74.48,2.8154955,1.8511865,25.121822975621875,0.0,20981.51796875
74.5,3.0779946,1.8405701,25.260699592311017,0.0,20961.7177734375
74.52,3.058196,1.8744187,25.135502657306382,0.0,20941.917578125
74.54,3.2908907,1.8535199,25.13549552183598,0.0,20922.1173828125
74.56,2.8872547,1.8689578,25.29034694788699,0.0,20902.3171875
74.58,2.8794527,1.8289015,25.216964688230668,0.0,20882.5169921875
74.6,2.9573324,1.8410037,25.301018855676563,0.0,20862.716796875
74.62,3.0836928,1.9012262,25.278981848542607,0.2,20854.2810546875
74.64,2.9424353,1.8810116,25.361984708587585,0.4,20845.8453125
74.66,2.8470306,1.9066632,25.191343027313486,0.6000000000000001,20837.4095703125
74.68,2.8688955,1.818789,25.303144011624838,0.8,20828.973828125
74.7,2.7391007,1.7840595,25.47529292474982,1.0,20820.5380859375
74.72,2.6294608,1.6893528,25.530782636484545,0.8,20812.10234375
74.74,2.60407,1.8205509,25.453612292542502,0.6,20803.6666015625
74.76,2.6632216,1.7577654,25.43115965847179,0.3999999999999999,20795.230859375
74.78,2.218923,1.629797,25.655188307433498,0.19999999999999996,20786.7951171875
74.8,2.3399522,1.7581365,25.72510112910223,0.0,20778.359375
74.82,2.3241742,1.9079734,25.610691039781848,0.0,20837.331640625
74.84,2.59275,1.7025186,25.586341570082382,0.0,20896.30390625
74.86,2.668455,1.7994349,25.507568348297184,0.0,20955.276171875
74.88,2.5898118,1.740335,25.462046880830194,0.0,21014.2484375
74.9,2.664902,1.720457,25.349660428222194,0.0,21073.220703125
74.92,2.8019187,1.8753815,25.26482068509372,0.0,21132.19296875
74.94,3.138994,1.6819837,25.463706671150774,0.0,21191.165234375
74.96,3.100293,1.8391447,25.196631053185293,0.0,21250.1375
74.98,3.2054017,1.7785671,25.36439400991582,0.0,21309.109765625
75.0,3.1381605,1.759546,25.376425445374693,0.0,21368.08203125
75.02,3.2655697,1.6889598,25.49921162551803,0.2,21337.8255859375
75.04,3.2400153,1.693828,25.450367591823714,0.4,21307.569140625
75.06,3.009182,1.7512835,25.34967901286068,0.6000000000000001,21277.3126953125
75.08,3.2577462,1.8852961,25.31933625400371,0.8,21247.05625
75.1,3.1917717,1.6135147,25.303850132087927,1.0,21216.7998046875
75.12,3.2725403,1.7191498,25.349077434748608,1.0,21186.543359375
75.14,2.9181342,1.7950985,25.447987341996516,1.0,21156.2869140625
75.16,2.9694743,1.8167582,25.352543096754655,1.0,21126.03046875
75.18,3.0553246,1.7298927,25.360927337103675,1.0,21095.7740234375
75.2,2.919827,1.7937745,25.46061702762628,1.0,21065.517578125
75.22,2.8975844,1.7372507,25.48597691266377,0.8,21096.005078125
75.24,3.178303,1.7730373,25.53479843263736,0.6,21126.492578125
75.26,2.8631353,1.7879905,25.483916996498532,0.3999999999999999,21156.980078125
75.28,2.9369378,1.837554,25.397097738885265,0.19999999999999996,21187.467578125
75.3,2.7059855,1.5658228,25.55178009645628,0.0,21217.955078125
75.32,2.9984999,1.6190317,25.59136121584792,0.0,21248.442578125
75.34,2.8304446,1.6552663,25.362280097951007,0.0,21278.930078125
75.36,2.7396312,1.6118025,25.374848117610817,0.0,21309.417578125
75.38,2.94806,1.6029586,25.28584816240309,0.0,21339.905078125
75.4,2.7638187,1.7080715,25.125367852034913,0.0,21370.392578125
75.42,2.86082,1.8068968,25.203508676011598,0.0,21344.394921875
75.44,2.8103497,1.8476595,25.224378533764003,0.0,21318.397265625
75.46,2.6529872,1.9045044,25.373847091007082,0.0,21292.399609375
75.48,2.907278,1.848319,25.361986768602726,0.0,21266.401953125
75.5,2.9348392,1.8434906,25.287830362320115,0.0,21240.404296875
75.52,2.9048576,1.8104242,25.48414733838628,0.0,21214.406640625
75.54,3.047781,1.8345559,25.305602951156576,0.0,21188.408984375
75.56,3.0330405,1.7419137,25.160644929593197,0.0,21162.411328125
75.58,3.107821,1.7583151,25.294289369252212,0.0,21136.413671875
75.6,3.1831458,1.5609338,25.296542880735306,0.0,21110.416015625
75.62,2.9020748,1.6582519,25.293785681901944,0.0,21109.5560546875
75.64,2.7750902,1.6493952,25.36724720077526,0.0,21108.69609375
75.66,2.8449476,1.5194415,25.472825463194788,0.0,21107.8361328125
75.68,2.6846132,1.711443,25.456980635230835,0.0,21106.976171875
75.7,2.5791059,1.6113873,25.410422603413075,0.0,21106.1162109375
75.72,2.7572913,1.55934,25.42383713804672,0.0,21105.25625
75.74,2.930895,1.7626941,25.286542032922483,0.0,21104.3962890625
75.76,2.8400192,1.8617506,25.39209816173184,0.0,21103.536328125
75.78,3.0513456,1.587639,25.39098376555514,0.0,21102.6763671875
75.8,2.8828623,1.6909748,25.15480800436498,0.0,21101.81640625
75.82,2.8138847,1.6295061,25.17739150747776,0.0,21091.7921875
75.84,2.7019227,1.8555421,25.262615122921193,0.0,21081.76796875
75.86,3.0094717,1.8623449,25.19154570732806,0.0,21071.74375
75.88,2.7869625,1.7286049,25.16490489112972,0.0,21061.71953125
75.9,2.8371933,1.6098852,25.311707329762953,0.0,21051.6953125
75.92,3.0238464,1.7360909,25.21510773552339,0.0,21041.67109375
75.94,2.9246607,1.8516476,25.223066367108157,0.0,21031.646875
75.96,2.855756,1.637,25.32234845892291,0.0,21021.62265625
75.98,2.8685713,1.6325861,25.374131930412425,0.0,21011.5984375
76.0,2.8441098,1.6873183,25.171385178920154,0.0,21001.57421875
76.02,2.8755946,1.8449743,25.246139546281782,0.0,20999.864453125
76.04,2.696431,1.8413295,25.325595885478243,0.0,20998.1546875
76.06,2.801151,1.6107475,25.382832662475852,0.0,20996.444921875
76.08,2.7116082,1.796526,25.3523267392362,0.0,20994.73515625
76.1,2.8191676,1.6689969,25.33539581371256,0.0,20993.025390625
76.12,2.7218356,1.8437182,25.303149872358812,0.0,20991.315625
76.14,2.900472,1.7532845,25.276521979293037,0.0,20989.605859375
76.16,2.8297052,1.6228213,25.248093659051065,0.0,20987.89609375
76.18,3.3704224,1.5696311,25.20175408842546,0.0,20986.186328125
76.2,3.5702844,1.7495859,25.106843993650063,0.0,20984.4765625
76.22,3.582718,1.7750847,25.0417709326682,0.0,21012.751953125
76.24,3.3238797,1.6548544,25.032384468134282,0.0,21041.02734375
76.26,3.435132,1.639864,24.980614638422487,0.0,21069.302734375
76.28,3.331583,1.6659532,25.254501332825342,0.0,21097.578125
76.3,3.2460914,1.7538466,25.19659192579697,0.0,21125.853515625
76.32,3.2304745,1.6594956,25.10641619736475,0.0,21154.12890625
76.34,3.1586912,1.6677116,25.11861847545511,0.0,21182.404296875
76.36,3.3517442,1.6933817,25.030575915911093,0.0,21210.6796875
76.38,3.2453034,1.7423227,24.996126079888068,0.0,21238.955078125
76.4,3.1495872,1.8384551,25.21903361544154,0.0,21267.23046875
76.42,3.1339529,1.7394387,25.145350903637965,0.0,21262.8859375
76.44,3.431119,1.6919326,25.146534643557974,0.0,21258.54140625
76.46,3.2816575,1.6995423,25.12977671081149,0.0,21254.196875
76.48,3.189057,1.8169929,25.166894681334803,0.0,21249.85234375
76.5,2.7468147,1.7708347,25.262419225235533,0.0,21245.5078125
76.52,2.853618,1.7335178,25.22705785374693,0.0,21241.16328125
76.54,2.9784849,1.8326039,25.333995756800288,0.0,21236.81875
76.56,2.861775,1.5000012,25.3245516880242,0.0,21232.47421875
76.58,2.700524,1.7853938,25.32359409435368,0.0,21228.1296875
76.6,2.7449517,1.8892013,25.401410352081662,0.0,21223.78515625
76.62,2.9162416,1.830312,25.334268335636082,0.0,21230.795703125
76.64,2.8437624,1.8466489,25.128990399388922,0.0,21237.80625
76.66,2.761841,1.8834488,25.35329578063002,0.0,21244.816796875
76.68,2.6400063,1.9300888,25.397675323504856,0.0,21251.82734375
76.7,2.8063755,1.9440491,25.255969822685994,0.0,21258.837890625
76.72,2.7700794,1.774085,25.117400876258994,0.0,21265.8484375
76.74,3.1559849,1.789398,25.14278170292824,0.0,21272.858984375
76.76,2.927442,1.8151635,25.158089246148787,0.0,21279.86953125
76.78,3.100068,1.6648417,25.157574459312137,0.0,21286.880078125
76.8,3.13979,1.6849778,25.22147075620706,0.0,21293.890625
76.82,3.1886377,1.6575396,25.23234824796787,0.0,21289.1330078125
76.84,3.1326356,1.8415397,25.488468087125842,0.0,21284.375390625
76.86,3.0387082,1.7278867,25.479884609209847,0.0,21279.6177734375
76.88,3.0749335,1.7426953,25.287665929476027,0.0,21274.86015625
76.9,3.157458,1.8250203,25.27783958346719,0.0,21270.1025390625
76.92,3.0027425,1.833379,25.227957929197906,0.0,21265.344921875
76.94,2.9391341,1.7728815,25.1718918063462,0.0,21260.5873046875
76.96,2.9770207,1.784858,25.014735690530706,0.0,21255.8296875
76.98,3.0074236,1.82046,25.009448558960152,0.0,21251.0720703125
77.0,3.15311,1.5935432,25.13036206900457,0.0,21246.314453125
77.02,3.0130239,1.7829971,25.18621152027047,0.0,21256.0453125
77.04,3.161818,1.7674742,25.050141398821243,0.0,21265.776171875
77.06,3.1662087,1.5016319,25.14340509810099,0.0,21275.50703125
77.08,3.030107,1.833558,25.259828520594528,0.0,21285.237890625
77.1,2.8891466,1.73644,25.253920908463833,0.0,21294.96875
77.12,2.9961922,1.8086075,25.22768787396917,0.0,21304.699609375
77.14,3.4557652,1.8015878,25.177850516654885,0.0,21314.43046875
77.16,3.4999733,1.8914522,25.037846757709215,0.0,21324.161328125
77.18,3.4973814,1.7890404,25.09861197414565,0.0,21333.8921875
77.2,3.5442042,1.7473912,24.946200559381268,0.0,21343.623046875
77.22,3.5012686,1.7601182,25.02458612168981,0.0,21318.8576171875
77.24,3.8162398,1.8544571,24.90064760210028,0.0,21294.0921875
77.26,4.0267572,1.8633189,25.092663333633137,0.0,21269.3267578125
77.28,3.9564042,1.8712511,25.123921187829495,0.0,21244.561328125
77.3,3.6973767,1.882105,25.36731150286709,0.0,21219.7958984375
77.32,3.5219274,1.7965978,25.306765019989875,0.0,21195.03046875
77.34,3.5275674,1.766979,25.216198800997752,0.0,21170.2650390625
77.36,3.7841787,1.7012265,25.346624756368897,0.0,21145.499609375
77.38,3.653123,1.8500875,25.209336549550137,0.0,21120.7341796875
77.4,3.6376557,1.7722033,25.105152476124402,0.0,21095.96875
77.42,3.692311,1.6075767,25.352853421338,0.0,21140.538671875
77.44,3.6085358,1.6421758,25.172140597016952,0.0,21185.10859375
77.46,2.9184332,1.6599603,25.422859505594054,0.0,21229.678515625
77.48,3.0802977,1.766259,25.264148266698342,0.0,21274.2484375
77.5,3.059602,1.5127219,25.30059648571491,0.0,21318.818359375
77.52,2.7727852,1.5449725,25.504086112098257,0.0,21363.38828125
77.54,2.8154955,1.6841686,25.501025658804878,0.0,21407.958203125
77.56,2.933393,1.8059939,25.432560416009867,0.0,21452.528125
77.58,3.1294239,1.8482476,25.428704884441306,0.0,21497.098046875
77.6,2.9419017,1.8383672,25.493133057914314,0.0,21541.66796875
77.62,2.7756138,1.9340848,25.514829043780317,0.0,21530.855078125
77.64,2.961575,1.8588489,25.35974229478661,0.0,21520.0421875
77.66,3.3125634,1.8820864,25.38814966800289,0.0,21509.229296875
77.68,3.4190524,1.6079135,25.321265401312566,0.0,21498.41640625
77.7,3.4913597,1.7069044,25.375950023524005,0.0,21487.603515625
77.72,3.191207,1.8288571,25.433157129885092,0.0,21476.790625
77.74,3.197758,1.6386586,25.355342738704945,0.0,21465.977734375
77.76,3.4686258,1.7435418,25.311109849315187,0.0,21455.16484375
77.78,3.5423996,1.8629802,25.333635966764227,0.0,21444.351953125
77.8,3.3503218,1.7531197,25.386112890971923,0.0,21433.5390625
77.82,3.294051,1.8870865,25.228881682182536,0.0,21424.9400390625
77.84,3.3540154,1.8405335,25.19993309309111,0.0,21416.341015625
77.86,3.61965,1.9260132,25.117127295074802,0.0,21407.7419921875
77.88,3.4991097,1.7713302,25.13101396324817,0.0,21399.14296875
77.9,3.382886,1.9102501,25.37682308630896,0.0,21390.5439453125
77.92,3.0973291,1.9326317,25.221383630147006,0.0,21381.944921875
77.94,2.8055677,1.7401125,25.33851884660308,0.0,21373.3458984375
77.96,2.9477444,1.8140119,25.27218999181177,0.0,21364.746875
77.98,2.8898306,1.7514942,25.29383574384745,0.0,21356.1478515625
78.0,2.4779065,1.7626209,25.38321487923209,0.0,21347.548828125
78.02,2.2885106,1.8285495,25.450390608427252,0.0,21378.5740234375
78.04,2.6883996,1.818088,25.449317318284663,0.0,21409.59921875
78.06,3.0064182,1.8934021,25.407379788187527,0.0,21440.6244140625
78.08,2.9673007,1.7927094,25.33505733704288,0.0,21471.649609375
78.1,3.0699577,1.8729284,25.442776339122663,0.0,21502.6748046875
78.12,2.9492428,1.9187154,25.39128741049651,0.0,21533.7
78.14,3.0725887,1.7875056,25.41053304539836,0.0,21564.7251953125
78.16,3.007926,1.7898422,25.282490878972222,0.0,21595.750390625
78.18,2.627094,1.7401793,25.455851367523028,0.0,21626.7755859375
78.2,2.8024168,1.801411,25.35535014082769,0.0,21657.80078125
78.22,2.7552667,1.5972447,25.35599524526736,0.0,21632.042578125
78.24,2.7428546,1.5937824,25.438059285131605,0.0,21606.284375
78.26,2.664204,1.7577583,25.535908078449616,0.0,21580.526171875
78.28,2.768904,1.8725609,25.576615385973692,0.0,21554.76796875
78.3,2.8104117,1.7872726,25.44056673207183,0.0,21529.009765625
78.32,3.1185389,1.8021232,25.242441345602494,0.0,21503.2515625
78.34,3.1050143,1.5249611,25.381808600143927,0.0,21477.493359375
78.36,3.0575686,1.8577645,25.33104883388704,0.0,21451.73515625
78.38,2.8732686,1.8086307,25.32395952964521,0.0,21425.976953125
78.4,3.0678556,1.7303216,25.331139278505912,0.0,21400.21875
78.42,3.2163002,1.5591205,25.45387405268339,0.0,21371.864453125
78.44,3.2921445,1.7153234,25.32965975678179,0.0,21343.51015625
78.46,3.015781,1.6877098,25.38790117191556,0.0,21315.155859375
78.48,2.9326396,1.7934391,25.42392529718328,0.0,21286.8015625
78.5,3.3306756,1.7188096,25.331545585398374,0.0,21258.447265625
78.52,3.058956,1.8174922,25.333837408602996,0.0,21230.09296875
78.54,3.2593157,1.8346055,25.485773174886628,0.0,21201.738671875
78.56,3.2539792,1.8949955,25.250212123557226,0.0,21173.384375
78.58,3.074688,1.8245661,25.430264068906446,0.0,21145.030078125
78.6,3.1919358,1.6218358,25.386845600712014,0.0,21116.67578125
78.62,3.3501482,1.8338631,25.316546351518138,0.0,21122.1091796875
78.64,3.18603,1.7656951,25.306592486592272,0.0,21127.542578125
78.66,2.9824636,1.696545,25.333150692426827,0.0,21132.9759765625
78.68,2.9176364,1.8140445,25.34380457181051,0.0,21138.409375
78.7,2.7300668,1.7432039,25.45305486486393,0.0,21143.8427734375
78.72,2.6680849,1.7842286,25.500616909118015,0.0,21149.276171875
78.74,2.8441505,1.7975242,25.342764663058123,0.0,21154.7095703125
78.76,2.7503042,1.8214643,25.529455529263583,0.0,21160.14296875
78.78,2.7731624,1.813462,25.491121304003457,0.0,21165.5763671875
78.8,3.020461,1.8936908,25.48314099795556,0.0,21171.009765625
78.82,3.0684807,1.6843575,25.36781926130587,0.0,21169.4748046875
78.84,3.145487,1.7956743,25.361316115533278,0.0,21167.93984375
78.86,2.89961,1.8531038,25.5116698264187,0.0,21166.4048828125
78.88,2.6901288,1.880198,25.447668501328707,0.0,21164.869921875
78.9,3.0832026,1.7266744,25.349754312641682,0.0,21163.3349609375
78.92,3.3081732,1.8101747,25.45196720532138,0.0,21161.8
78.94,3.3988116,1.8385643,25.471276516323123,0.0,21160.2650390625
78.96,3.1421037,1.8526828,25.35819840752314,0.0,21158.730078125
78.98,3.2273781,1.7346904,25.360800162455988,0.0,21157.1951171875
79.0,3.2313018,1.7143577,25.556926063626545,0.0,21155.66015625
79.02,3.3928547,1.9534553,25.388774539202352,0.0,21155.161328125
79.04,3.563929,1.8615382,25.228799268194333,0.0,21154.6625
79.06,3.4235206,1.8561436,25.177426326112272,0.0,21154.163671875
79.08,3.417913,1.8679212,25.297488140723793,0.0,21153.66484375
79.1,3.581809,1.6579008,25.400276021689088,0.0,21153.166015625
79.12,3.4723444,1.8154609,25.410363866873354,0.0,21152.6671875
79.14,3.1723166,1.8692046,25.549025796124706,0.0,21152.168359375
79.16,3.1302226,1.683029,25.62831102319104,0.0,21151.66953125
79.18,2.9324021,1.8888403,25.741401356168573,0.0,21151.170703125
79.2,3.0908287,1.8359519,25.524309723667685,0.0,21150.671875
79.22,3.130891,1.9083638,25.492869088199996,0.0,21143.378515625
79.24,3.1655848,1.8119334,25.478991794344033,0.0,21136.08515625
79.26,3.058367,1.8122886,25.461755780495295,0.0,21128.791796875
79.28,3.3961425,1.8904132,25.48332645575204,0.0,21121.4984375
79.3,3.2551935,1.7583542,25.450479525786555,0.0,21114.205078125
79.32,3.2602608,1.8971248,25.356174818704606,0.0,21106.91171875
79.34,3.1471314,1.8074237,25.39535493974065,0.0,21099.618359375
79.36,2.987449,1.8431665,25.42505658689947,0.0,21092.325
79.38,2.941546,1.9407892,25.44637627412459,0.0,21085.031640625
79.4,2.928276,1.8759558,25.427583522680287,0.0,21077.73828125
79.42,3.0520692,1.8517424,25.601911689710263,0.0,21061.36171875
79.44,3.07028,1.8719547,25.551291525654158,0.0,21044.98515625
79.46,3.0232887,1.8594282,25.515065491796104,0.0,21028.60859375
79.48,3.1285138,1.8719316,25.619299476583866,0.0,21012.23203125
79.5,3.4080174,1.7339684,25.546115712309234,0.0,20995.85546875
79.52,3.2662463,1.7276139,25.534663574788098,0.0,20979.47890625
79.54,3.3640003,1.7687155,25.477020251406863,0.0,20963.10234375
79.56,3.4057653,1.7970748,25.511102159691404,0.0,20946.72578125
79.58,3.4281697,1.8209169,25.34266990449742,0.0,20930.34921875
79.6,3.4427214,1.8064302,25.472902730033255,0.0,20913.97265625
79.62,3.5029287,1.7936493,25.567718931733392,0.0,20914.199609375
79.64,3.1554322,1.838324,25.465431721768674,0.0,20914.4265625
79.66,3.1398458,1.8069829,25.532077929328054,0.0,20914.653515625
79.68,3.3192596,1.764601,25.504818512470912,0.0,20914.88046875
79.7,3.322638,1.7649387,25.459742853831614,0.0,20915.107421875
79.72,3.2243326,1.8210669,25.392491537798808,0.0,20915.334375
79.74,3.0173612,1.7817452,25.34436093506026,0.0,20915.561328125
79.76,2.9029157,1.7969546,25.382259287058968,0.0,20915.78828125
79.78,3.2355266,1.8495903,25.268563746051427,0.0,20916.015234375
79.8,2.6824903,1.901651,25.26578856146628,0.0,20916.2421875
79.82,2.8198895,1.7952118,25.545713184674376,0.0,20937.092578125
79.84,2.794149,1.8096672,25.39013275321981,0.0,20957.94296875
79.86,2.882338,1.7005438,25.43908972853881,0.0,20978.793359375
79.88,2.9818203,1.769948,25.49999587203587,0.0,20999.64375
79.9,2.7936702,1.8490428,25.475343410853924,0.0,21020.494140625
79.92,2.7587667,1.8400639,25.420671614403936,0.0,21041.34453125
79.94,3.1183524,1.863435,25.414248964483615,0.0,21062.194921875
79.96,3.0361629,1.7915237,25.423371679380896,0.0,21083.0453125
79.98,3.0523932,1.7828392,25.510990164795764,0.0,21103.895703125
80.0,2.8574858,1.7764053,25.410416359430954,0.0,21124.74609375
80.02,3.147519,1.8534987,25.619551626615014,0.0,21121.252734375
80.04,3.032293,1.8436375,25.61109419622372,0.0,21117.759375
80.06,2.8574247,1.850459,25.545951286764293,0.0,21114.266015625
80.08,2.8023748,1.7994714,25.568035371366594,0.0,21110.77265625
80.1,2.8754125,1.838423,25.474368544418144,0.0,21107.279296875
80.12,2.9201853,1.8400075,25.32242441295193,0.0,21103.7859375
80.14,3.048277,1.8646898,25.49928014937693,0.0,21100.292578125
80.16,3.1852999,1.8432343,25.391931327699744,0.0,21096.79921875
80.18,3.0755954,1.7850065,25.39607989199051,0.0,21093.305859375
80.2,3.0890794,1.838491,25.399465898868595,0.0,21089.8125
80.22,2.9425535,1.7685713,25.4028216669149,0.0,21083.630859375
80.24,2.9233289,1.7469739,25.342964946558073,0.0,21077.44921875
80.26,3.0580628,1.7773178,25.38859430325848,0.0,21071.267578125
80.28,3.172225,1.7082825,25.358952164281547,0.0,21065.0859375
80.3,3.0194411,1.8131783,25.341962144062776,0.0,21058.904296875
80.32,2.9866705,1.8078604,25.52323371060949,0.0,21052.72265625
80.34,2.8439665,1.79627,25.49969793796935,0.0,21046.541015625
80.36,2.6600769,1.823695,25.56848040946089,0.0,21040.359375
80.38,2.5361965,1.8106937,25.682308664846857,0.0,21034.177734375
80.4,2.281413,1.7512627,25.446729639716295,0.0,21027.99609375
80.42,2.1818326,1.7976998,25.658339167993578,0.0,21075.4974609375
80.44,2.4705765,1.8378669,25.496326172596255,0.0,21122.998828125
80.46,2.5002556,1.8462455,25.56035321504106,0.0,21170.5001953125
80.48,2.4088671,1.8665903,25.803018566280823,0.0,21218.0015625
80.5,2.5381665,1.7899464,25.640659561260946,0.0,21265.5029296875
80.52,2.538304,1.8768691,25.633632717077326,0.0,21313.004296875
80.54,2.6811683,1.7733505,25.56093413682663,0.0,21360.5056640625
80.56,2.6890917,1.8333797,25.498650218218962,0.0,21408.00703125
80.58,2.8352258,1.8109275,25.43186510693216,0.0,21455.5083984375
80.6,2.7148857,1.8115239,25.579905227792676,0.0,21503.009765625
80.62,2.5154378,1.8552518,25.700272859839398,0.0,21448.395703125
80.64,2.7946482,1.8250988,25.73880234462927,0.0,21393.781640625
80.66,2.8310194,1.8719428,25.67799402220185,0.0,21339.167578125
80.68,2.7099137,1.7742146,25.61724288350991,0.0,21284.553515625
80.7,2.7012343,1.7512956,25.58579936877637,0.0,21229.939453125
80.72,2.8411856,1.8396797,25.594476965996936,0.0,21175.325390625
80.74,2.7960415,1.788116,25.5271592784311,0.0,21120.711328125
80.76,2.9408147,1.7755618,25.322431562670864,0.0,21066.097265625
80.78,2.9251578,1.7727827,25.459812033720226,0.0,21011.483203125
80.8,3.1379569,1.7874782,25.354854740142457,0.0,20956.869140625
80.82,2.843701,1.7841687,25.44514538659635,0.0,21007.1615234375
80.84,3.016263,1.8437614,25.528880085620948,0.0,21057.45390625
80.86,3.208628,1.8739719,25.59990029777763,0.0,21107.7462890625
80.88,3.258317,1.8131983,25.47411660106664,0.0,21158.038671875
80.9,2.889348,1.7811817,25.228225012960156,0.0,21208.3310546875
80.92,3.2819586,1.8178627,25.29584587216116,0.0,21258.6234375
80.94,2.9139483,1.8072592,25.47515467907647,0.0,21308.9158203125
80.96,2.7231808,1.7386272,25.674160627973407,0.0,21359.208203125
80.98,2.892605,1.7292286,25.836949164509704,0.0,21409.5005859375
81.0,2.9438374,1.775009,25.822927062840925,0.0,21459.79296875
81.02,3.1602736,1.7944257,25.795652911555266,0.0,21449.1931640625
81.04,3.3348966,1.8081849,25.807748339803474,0.0,21438.593359375
81.06,3.247613,1.7960598,25.66520191115579,0.0,21427.9935546875
81.08,3.3376493,1.7677686,25.572767014278085,0.0,21417.39375
81.1,3.494372,1.8195105,25.50492998352654,0.0,21406.7939453125
81.12,3.7235866,1.8952055,25.414171375479178,0.0,21396.194140625
81.14,3.4944386,1.8923595,25.3184329631244,0.0,21385.5943359375
81.16,3.3610964,1.8443403,25.440020017306153,0.0,21374.99453125
81.18,3.4234867,1.8367684,25.56665490721809,0.0,21364.3947265625
81.2,3.355644,1.8269919,25.506202292332354,0.0,21353.794921875
81.22,3.2295206,1.8475562,25.47820260171157,0.0,21352.3787109375
81.24,3.1895673,1.8123009,25.59797931116469,0.0,21350.9625
81.26,3.21677,1.7760003,25.569675889705938,0.0,21349.5462890625
81.28,3.4603713,1.7988799,25.649588134897833,0.0,21348.130078125
81.3,3.2772086,1.8071086,25.495658419411722,0.0,21346.7138671875
81.32,3.1001616,1.7881011,25.577699192019235,0.0,21345.29765625
81.34,3.1992483,1.7551737,25.55746533680513,0.0,21343.8814453125
81.36,3.20337,1.7529725,25.59011808038605,0.0,21342.465234375
81.38,3.4152248,1.7646337,25.503394312702213,0.0,21341.0490234375
81.4,3.1350472,1.8841681,25.510890357003873,0.0,21339.6328125
81.42,3.3341298,1.767982,25.4529006061393,0.0,21330.858203125
81.44,3.4476986,1.7946976,25.410134252334192,0.0,21322.08359375
81.46,3.3143525,1.8248305,25.48878807421543,0.0,21313.308984375
81.48,3.2038963,1.7938128,25.39413904651951,0.0,21304.534375
81.5,3.344765,1.7861571,25.351340661969,0.0,21295.759765625
81.52,3.491476,1.7795944,25.53455519695811,0.0,21286.98515625
81.54,3.4894278,1.7659094,25.314538858040372,0.0,21278.210546875
81.56,3.3825767,1.7382207,25.335788588289276,0.0,21269.4359375
81.58,3.1699886,1.8101895,25.37420321409097,0.0,21260.661328125
81.6,3.135529,1.8048193,25.34743923143031,0.0,21251.88671875
81.62,3.3826625,1.7938441,25.413333668573234,0.0,21254.2099609375
81.64,3.3137562,1.7977201,25.40835279126977,0.0,21256.533203125
81.66,3.4060726,1.8374707,25.34720062261759,0.0,21258.8564453125
81.68,3.3600066,1.8875502,25.281642030574357,0.0,21261.1796875
81.7,3.3227253,1.8355119,25.411570041629233,0.0,21263.5029296875
81.72,3.1190608,1.8312718,25.385047053052,0.0,21265.826171875
81.74,3.0223467,1.8204143,25.33642726114214,0.0,21268.1494140625
81.76,3.16406,1.7983496,25.328799216803123,0.0,21270.47265625
81.78,3.0156655,1.8181803,25.279454247197563,0.0,21272.7958984375
81.8,3.0165136,1.7896824,25.256715484818088,0.0,21275.119140625
81.82,2.9502084,1.8125981,25.303746421296616,0.0,21291.6423828125
81.84,2.9669678,1.8166696,25.426983895286615,0.0,21308.165625
81.86,3.1584334,1.6945194,25.29993955516463,0.0,21324.6888671875
81.88,2.998849,1.8118204,25.352099849914445,0.0,21341.212109375
81.9,3.1209981,1.8149471,25.357227553919564,0.0,21357.7353515625
81.92,3.2975607,1.8687041,25.36070629215775,0.0,21374.25859375
81.94,3.058747,1.7961435,25.335875533859607,0.0,21390.7818359375
81.96,3.0580628,1.8036486,25.318078752122105,0.0,21407.305078125
81.98,3.1646113,1.813872,25.37369412730627,0.0,21423.8283203125
82.0,3.0225775,1.836382,25.318147137547843,0.0,21440.3515625
82.02,3.2895303,1.8687694,25.190051303171952,0.0,21417.1009765625
82.04,3.3582761,1.7964847,25.31443740644623,0.0,21393.850390625
82.06,3.2104933,1.78366,25.272532118924577,0.0,21370.5998046875
82.08,3.0685754,1.8052202,25.39452329169309,0.0,21347.34921875
82.1,3.347527,1.847765,25.292095282830243,0.0,21324.0986328125
82.12,3.0694845,1.7983737,25.391116215194124,0.0,21300.848046875
82.14,2.995474,1.7770004,25.3526783579931,0.0,21277.5974609375
82.16,2.9935331,1.7645073,25.343631486258747,0.0,21254.346875
82.18,3.1380866,1.7404108,25.31644900936657,0.0,21231.0962890625
82.2,3.1311698,1.8711447,25.414726938451597,0.0,21207.845703125
82.22,3.1580286,1.6672844,25.574805324238636,0.0,21222.8783203125
82.24,3.1257067,1.7550714,25.445288481230342,0.0,21237.9109375
82.26,3.318717,1.6957413,25.463182550455123,0.0,21252.9435546875
82.28,3.334583,1.6854479,25.40955815320938,0.0,21267.976171875
82.3,3.4847102,1.7119968,25.43508108957454,0.0,21283.0087890625
82.32,3.324597,1.6923926,25.40908178690153,0.0,21298.04140625
82.34,3.0989802,1.7892873,25.45827077403591,0.0,21313.0740234375
82.36,2.9466794,1.6507976,25.40216374345725,0.0,21328.106640625
82.38,3.257782,1.8165414,25.397714284945387,0.0,21343.1392578125
82.4,3.327358,1.6383581,25.471339367991035,0.0,21358.171875
82.42,3.0197108,1.6461737,25.36221346472402,0.0,21358.02421875
82.44,3.0118656,1.8425524,25.36710499776051,0.0,21357.8765625
82.46,3.0153954,1.7317209,25.32184918697402,0.0,21357.72890625
82.48,3.1563532,1.5805687,25.331381324281487,0.0,21357.58125
82.5,3.0567698,1.7936354,25.35638728263072,0.0,21357.43359375
82.52,3.1195078,1.8163877,25.38163909610902,0.0,21357.2859375
82.54,3.2366943,1.8393521,25.456038971429184,0.0,21357.13828125
82.56,3.0695984,1.7476249,25.26265931449769,0.0,21356.990625
82.58,3.1864676,1.826135,25.440323427279218,0.0,21356.84296875
82.6,3.205583,1.7731013,25.24740924055511,0.0,21356.6953125
82.62,3.4471588,1.746134,25.483035351483878,0.0,21343.8669921875
82.64,3.2495813,1.7428242,25.35049356922796,0.0,21331.038671875
82.66,3.6060705,1.5745689,25.238411141835112,0.0,21318.2103515625
82.68,3.5365858,1.7391587,25.3243026213947,0.0,21305.38203125
82.7,3.075671,1.73945,25.331288333287823,0.0,21292.5537109375
82.72,3.095095,1.660142,25.238344893322797,0.0,21279.725390625
82.74,3.4809718,1.7821074,25.35020050012832,0.0,21266.8970703125
82.76,3.2980895,1.7904384,25.263035427432005,0.0,21254.06875
82.78,3.1768575,1.8426276,25.187922827666874,0.0,21241.2404296875
82.8,3.5058312,1.8203821,25.199389792062448,0.0,21228.412109375
82.82,3.736381,1.8422709,25.296507686574365,0.0,21233.1466796875
82.84,3.74969,1.8506978,25.254887366530795,0.0,21237.88125
82.86,3.799769,1.7878273,25.071034720101203,0.0,21242.6158203125
82.88,3.8517327,1.8679407,24.923850837738417,0.0,21247.350390625
82.9,3.5733926,1.9036024,25.102885779968,0.0,21252.0849609375
82.92,3.4692965,1.8212194,25.046350968723388,0.0,21256.81953125
82.94,3.4552436,1.6740069,25.09451403552381,0.0,21261.5541015625
82.96,3.4862614,1.785485,25.262595974612033,0.0,21266.288671875
82.98,3.340957,1.8422912,25.315566445472353,0.0,21271.0232421875
83.0,3.6343622,1.771518,25.35481026653308,0.0,21275.7578125
83.02,3.6095185,1.839567,25.40429286323112,0.0,21311.3205078125
83.04,4.0603533,1.8070745,25.315919830475533,0.0,21346.883203125
83.06,3.6211271,1.8359635,25.353939512766928,0.0,21382.4458984375
83.08,3.608439,1.8296981,25.414481349559075,0.0,21418.00859375
83.1,3.628584,1.7477565,25.389226063219994,0.0,21453.5712890625
83.12,3.376901,1.7527964,25.372346043170833,0.0,21489.133984375
83.14,3.2424543,1.8092912,25.570175756328958,0.0,21524.6966796875
83.16,3.1372526,1.8505992,25.586893004612744,0.0,21560.259375
83.18,3.0620518,1.8334937,25.42291348674012,0.0,21595.8220703125
83.2,3.0171301,1.8171165,25.339816768412653,0.0,21631.384765625
83.22,3.026844,1.8702509,25.333046548274933,0.0,21596.992578125
83.24,3.6230528,1.8479812,25.270280149804535,0.0,21562.600390625
83.26,3.6486807,1.8738635,25.256582966000416,0.0,21528.208203125
83.28,3.4596486,1.7063761,25.293407614435477,0.0,21493.816015625
83.3,3.347614,1.8134282,25.24488104770696,0.0,21459.423828125
83.32,3.1285138,1.810662,25.357397537398093,0.0,21425.031640625
83.34,3.1691084,1.7081922,25.295709176486547,0.0,21390.639453125
83.36,2.8294995,1.776665,25.28250975352598,0.0,21356.247265625
83.38,2.9045174,1.8564488,25.20865595891109,0.0,21321.855078125
83.4,3.189695,1.8103745,25.17504115690972,0.0,21287.462890625
83.42,3.1237533,1.7984462,25.31944050592027,0.0,21269.3328125
83.44,3.0861802,1.8600805,25.402107098463354,0.0,21251.202734375
83.46,3.2926035,1.7936963,25.239496859540935,0.0,21233.07265625
83.48,3.0805433,1.8009968,25.37321081292989,0.0,21214.942578125
83.5,3.04469,1.8110646,25.516406997712572,0.0,21196.8125
83.52,3.0562565,1.7859058,25.62842337960361,0.0,21178.682421875
83.54,2.9688673,1.8508546,25.668293293065997,0.0,21160.55234375
83.56,3.1222084,1.807385,25.641754059704493,0.0,21142.422265625
83.58,3.4080858,1.8010598,25.513977974634805,0.0,21124.2921875
83.6,3.3465896,1.8211693,25.530884607580717,0.0,21106.162109375
83.62,3.1291082,1.864935,25.597269054997803,0.0,21122.1185546875
83.64,2.9291492,1.7409408,25.556318005122073,0.0,21138.075
83.66,2.876605,1.7767006,25.46217252220236,0.0,21154.0314453125
83.68,2.8369064,1.7760373,25.36968916889606,0.0,21169.987890625
83.7,2.6398742,1.796992,25.593484706938064,0.0,21185.9443359375
83.72,2.6496327,1.7632104,25.59742068495273,0.0,21201.90078125
83.74,2.700201,1.8596146,25.469789799587712,0.0,21217.8572265625
83.76,2.824565,1.8754315,25.35274903814254,0.0,21233.813671875
83.78,2.74171,1.7319281,25.396901578679373,0.0,21249.7701171875
83.8,2.7179673,1.6924381,25.420865617334066,0.0,21265.7265625
83.82,2.9269652,1.9331686,25.27759940788036,0.0,21231.811328125
83.84,2.787317,1.8909984,25.40485102870268,0.0,21197.89609375
83.86,2.7968106,1.8678079,25.297627137538687,0.0,21163.980859375
83.88,2.9159622,1.8568689,25.103588857102878,0.0,21130.065625
83.9,2.987916,1.81775,25.169687551043907,0.0,21096.150390625
83.92,2.8521104,1.8560892,25.423866722741515,0.0,21062.23515625
83.94,3.0945504,1.8023528,25.411636269850042,0.0,21028.319921875
83.96,2.9990814,1.83748,25.555196615513186,0.0,20994.4046875
83.98,2.7222629,1.7936939,25.34927379083971,0.0,20960.489453125
84.0,2.5579908,1.801383,25.31392324927095,0.0,20926.57421875
84.02,2.73028,1.6494641,25.244785018890845,0.0,20952.6509765625
84.04,2.962203,1.698262,25.119708564482647,0.0,20978.727734375
84.06,3.0524313,1.6292788,25.170083314488746,0.0,21004.8044921875
84.08,3.2516556,1.5584134,25.155128750103977,0.0,21030.88125
84.1,2.9771185,1.6601174,25.34356617918263,0.0,21056.9580078125
84.12,3.0231736,1.8023801,25.328318346350343,0.0,21083.034765625
84.14,2.7870667,1.7670925,25.18898639084316,0.0,21109.1115234375
84.16,2.696625,1.8398231,25.327038529748968,0.0,21135.18828125
84.18,2.556013,1.8510728,25.368972758232033,0.0,21161.2650390625
84.2,2.820281,1.6992922,25.28355569992414,0.0,21187.341796875
84.22,2.7917347,1.8005683,25.16127980356018,0.0,21208.8599609375
84.24,2.8527422,1.6391934,25.3507413968166,0.0,21230.378125
84.26,2.9314108,1.674022,25.411801499818925,0.0,21251.8962890625
84.28,3.1686316,1.8371563,25.387149954429766,0.0,21273.414453125
84.3,3.2121408,1.6395407,25.467958726737887,0.0,21294.9326171875
84.32,3.1996117,1.7569059,25.511825351380047,0.0,21316.45078125
84.34,3.270959,1.6160612,25.247922068449892,0.0,21337.9689453125
84.36,3.1943388,1.7839124,25.512189126617226,0.0,21359.487109375
84.38,3.2627382,1.8112824,25.390270746913977,0.0,21381.0052734375
84.4,3.2561398,1.7714798,25.440075845619695,0.0,21402.5234375
84.42,3.187872,1.6601875,25.38204640226679,0.0,21399.89375
84.44,3.3448172,1.7218732,25.299536439880356,0.0,21397.2640625
84.46,3.6054256,1.7453964,25.226021743491277,0.0,21394.634375
84.48,3.4855275,1.7472026,25.07590163401027,0.0,21392.0046875
84.5,3.3989143,1.7242222,25.137352380313782,0.0,21389.375
84.52,3.372819,1.8068486,25.206370575044758,0.0,21386.7453125
84.54,3.4341333,1.7620988,25.168213102919935,0.0,21384.115625
84.56,3.3742664,1.7334305,25.195789095072676,0.0,21381.4859375
84.58,3.4972486,1.8175464,25.086638879167577,0.0,21378.85625
84.6,3.45085,1.8245661,25.41985897403015,0.0,21376.2265625
84.62,3.208791,1.8316541,25.380626099375093,0.0,21380.307421875
84.64,3.190515,1.8927537,25.301781458588678,0.0,21384.38828125
84.66,3.2618651,1.6914326,25.36139640474066,0.0,21388.469140625
84.68,3.2366405,1.8435073,25.14383143712439,0.0,21392.55
84.7,3.2737832,1.7475237,25.171850253673295,0.0,21396.630859375
84.72,3.7059822,1.7837781,25.00171923612246,0.0,21400.71171875
84.74,3.363292,1.8788197,25.281448056230552,0.0,21404.792578125
84.76,3.171877,1.8648816,25.363358620567872,0.0,21408.8734375
84.78,3.0604,1.7779963,25.539741197969036,0.0,21412.954296875
84.8,3.006766,1.7762631,25.496706281930052,0.0,21417.03515625
84.82,2.8587673,1.8028827,25.43028371288312,0.0,21412.38671875
84.84,2.770394,1.8496964,25.44484393397864,0.0,21407.73828125
84.86,2.9608293,1.893419,25.565394907817844,0.0,21403.08984375
84.88,3.0455108,1.7726519,25.672253608910008,0.0,21398.44140625
84.9,3.1053698,1.8542658,25.630265359549863,0.0,21393.79296875
84.92,2.9597096,1.8167188,25.48096967790936,0.0,21389.14453125
84.94,2.8966813,1.7933712,25.736367388741655,0.0,21384.49609375
84.96,2.9249592,1.8790288,25.441391966764897,0.0,21379.84765625
84.98,3.3114748,1.8433286,25.42668849490751,0.0,21375.19921875
85.0,2.9611824,1.816478,25.489174056124106,0.0,21370.55078125
85.02,3.072816,1.8353996,25.43616846751156,0.0,21375.4525390625
85.04,3.1126616,1.9246079,25.376885619179824,0.0,21380.354296875
85.06,3.401957,1.8953536,25.487602051444,0.0,21385.2560546875
85.08,3.3936083,1.7645097,25.61973218957432,0.0,21390.1578125
85.1,3.4193242,1.845583,25.467743292061883,0.0,21395.0595703125
85.12,3.851159,1.913836,25.314502092982845,0.0,21399.961328125
85.14,3.613912,1.8981588,25.5256316515137,0.0,21404.8630859375
85.16,3.46069,1.834276,25.53661059023184,0.0,21409.76484375
85.18,3.3324032,1.80292,25.339735052896494,0.0,21414.6666015625
85.2,3.3167195,1.800736,25.491680930728453,0.0,21419.568359375
85.22,3.49116,1.7745973,25.36234994390046,0.0,21432.1576171875
85.24,3.277368,1.8265735,25.157662194700897,0.0,21444.746875
85.26,3.2354548,1.858747,25.13564936040059,0.0,21457.3361328125
85.28,3.2196603,1.8109585,25.39855238322648,0.0,21469.925390625
85.3,3.115387,1.8681967,25.21552485657399,0.0,21482.5146484375
85.32,2.995513,1.9032574,25.381622373174892,0.0,21495.10390625
85.34,2.954953,1.8895605,25.301143479424127,0.0,21507.6931640625
85.36,2.82728,1.8611982,25.352452489828543,0.0,21520.282421875
85.38,2.7528605,1.8620377,25.583253617562683,0.0,21532.8716796875
85.4,2.89369,1.8763818,25.355153745481708,0.0,21545.4609375
85.42,3.1486826,1.8143767,25.21755689748975,0.0,21534.6724609375
85.44,3.2431712,1.8645447,25.30041612264194,0.0,21523.883984375
85.46,3.414084,1.9106479,25.207894583827457,0.0,21513.0955078125
85.48,3.195376,1.869573,25.215965682048285,0.0,21502.30703125
85.5,3.0630958,1.783469,25.32009905914403,0.0,21491.5185546875
85.52,3.4018373,1.8582234,25.183684620600765,0.0,21480.730078125
85.54,3.4728801,1.6781389,25.121128386384566,0.0,21469.9416015625
85.56,3.4681902,1.8241041,25.28097892696035,0.0,21459.153125
85.58,3.3665051,1.7066374,25.30967479000968,0.0,21448.3646484375
85.6,3.1485534,1.8210615,25.307093280965077,0.0,21437.576171875
85.62,3.381889,1.7603383,25.23485534831415,0.0,21446.7095703125
85.64,3.2611346,1.8207835,25.26770553053039,0.0,21455.84296875
85.66,3.498229,1.8434892,25.1703123116916,0.0,21464.9763671875
85.68,3.2019544,1.8223988,25.32425822977612,0.0,21474.109765625
85.7,3.2257388,1.6016176,25.303038494069924,0.0,21483.2431640625
85.72,3.506279,1.7545264,25.346444263072975,0.0,21492.3765625
85.74,3.5324745,1.5448736,25.232295721684235,0.0,21501.5099609375
85.76,3.517468,1.5025002,25.28156344218106,0.0,21510.643359375
85.78,3.4338286,1.7951344,25.129193438365128,0.0,21519.7767578125
85.8,3.2419162,1.587821,25.344906945549205,0.0,21528.91015625
85.82,3.669476,1.8599689,25.314935513203217,0.0,21524.6697265625
85.84,3.4042118,1.8159205,25.187707764322447,0.0,21520.429296875
85.86,3.697597,1.7482818,25.01332274182485,0.0,21516.1888671875
85.88,3.7116716,1.8839239,25.173490711068432,0.0,21511.9484375
85.9,3.9047914,1.9145453,25.20523055955586,0.0,21507.7080078125
85.92,3.7407498,1.7597836,25.101862597317396,0.0,21503.467578125
85.94,3.6893818,1.786549,25.14452319831811,0.0,21499.2271484375
85.96,3.6046839,1.714761,25.293305791187308,0.0,21494.98671875
85.98,3.5371118,1.6659389,25.298982008895948,0.0,21490.7462890625
86.0,3.4928913,1.832493,25.25866547589816,0.0,21486.505859375
86.02,3.679142,1.8069302,25.27844422666623,0.0,21484.0818359375
86.04,3.6555567,1.8335181,25.174084098340384,0.0,21481.6578125
86.06,3.4537294,1.8657576,25.064726664688838,0.0,21479.2337890625
86.08,3.393437,1.8167136,25.26435298218264,0.0,21476.809765625
86.1,3.1131473,1.7839141,25.53143631272426,0.0,21474.3857421875
86.12,2.9293082,1.7672727,25.46461916655894,0.0,21471.96171875
86.14,2.6768503,1.8089316,25.529216271327826,0.0,21469.5376953125
86.16,2.7711704,1.8310375,25.4419324579686,0.0,21467.113671875
86.18,2.5986176,1.8488349,25.669480465147178,0.0,21464.6896484375
86.2,2.6266956,1.8092936,25.553684703083697,0.0,21462.265625
86.22,3.0942497,1.8410919,25.681996003935943,0.0,21430.6787109375
86.24,3.0870464,1.8018245,25.52521330066662,0.0,21399.091796875
86.26,3.2119055,1.8405273,25.53012422111681,0.0,21367.5048828125
86.28,2.8435578,1.7533981,25.437255517637624,0.0,21335.91796875
86.3,2.6777623,1.7067032,25.70897701435396,0.0,21304.3310546875
86.32,2.8422902,1.8092858,25.503429809206068,0.0,21272.744140625
86.34,3.0674007,1.8029284,25.50515886041169,0.0,21241.1572265625
86.36,3.0395496,1.750562,25.599278403694775,0.0,21209.5703125
86.38,3.165658,1.7710531,25.50498241192915,0.0,21177.9833984375
86.4,3.0368903,1.6585428,25.295785793010825,0.0,21146.396484375
86.42,3.1452103,1.7729952,25.290296817033223,0.0,21158.558203125
86.44,3.1797838,1.6220884,25.196008837986934,0.0,21170.719921875
86.46,3.3260653,1.5989289,25.252974227606057,0.0,21182.881640625
86.48,3.5507586,1.6143341,25.161216018667737,0.0,21195.043359375
86.5,3.3935742,1.8520703,25.281604787108986,0.0,21207.205078125
86.52,3.1938837,1.7943381,25.305981520856186,0.0,21219.366796875
86.54,3.2327409,1.618718,25.257994319907343,0.0,21231.528515625
86.56,3.5139132,1.7718725,25.353653160657295,0.0,21243.690234375
86.58,3.366108,1.7453804,25.356926106471608,0.0,21255.851953125
86.6,3.3744555,1.7296431,25.44121692140475,0.0,21268.013671875
86.62,3.4138288,1.7310907,25.437391292615906,0.0,21267.766796875
86.64,3.470335,1.7860582,25.450860630982262,0.0,21267.519921875
86.66,3.2359579,1.7679375,25.341710545612447,0.0,21267.273046875
86.68,3.435707,1.7932694,25.431006384017437,0.0,21267.026171875
86.7,3.3048859,1.7336454,25.410325336574296,0.0,21266.779296875
86.72,3.3162463,1.8106201,25.33327706209189,0.0,21266.532421875
86.74,3.3057122,1.6484325,25.433511858977557,0.0,21266.285546875
86.76,3.4793851,1.775009,25.347820978794804,0.0,21266.038671875
86.78,3.807044,1.8323344,25.47435967345871,0.0,21265.791796875
86.8,3.6544437,1.8190472,25.34524159963817,0.0,21265.544921875
86.82,3.4667487,1.8795452,25.669661916383166,0.0,21281.7470703125
86.84,3.1353066,1.8134637,25.613395912219104,0.0,21297.94921875
86.86,3.142603,1.8604755,25.641464534418766,0.0,21314.1513671875
86.88,3.401376,1.7003797,25.57930912462239,0.0,21330.353515625
86.9,3.2522817,1.815834,25.641112927145777,0.0,21346.5556640625
86.92,2.9192698,1.8856456,25.569092674620006,0.0,21362.7578125
86.94,2.9477444,1.8258117,25.56608495141644,0.0,21378.9599609375
86.96,3.034171,1.8187975,25.50315532767479,0.0,21395.162109375
86.98,2.881269,1.8015028,25.634015694655577,0.0,21411.3642578125
87.0,3.0241349,1.7616627,25.536398086974415,0.0,21427.56640625
87.02,3.1219106,1.7520843,25.644486499570277,0.0,21426.9744140625
87.04,3.1898406,1.6475176,25.543938995120836,0.0,21426.382421875
87.06,3.364294,1.767744,25.56176148820476,0.0,21425.7904296875
87.08,3.3478224,1.6750462,25.570096762063173,0.0,21425.1984375
87.1,3.4029138,1.7603909,25.500438705248133,0.0,21424.6064453125
87.12,3.6132205,1.7409046,25.46727085784743,0.0,21424.014453125
87.14,3.5381308,1.6761754,25.414187163599777,0.0,21423.4224609375
87.16,3.6416163,1.7886829,25.43985303477313,0.0,21422.83046875
87.18,3.5918894,1.6919234,25.44200856131981,0.0,21422.2384765625
87.2,3.3389902,1.7296519,25.545185161089492,0.0,21421.646484375
87.22,3.2089722,1.7941357,25.555023736857994,0.0,21417.8248046875
87.24,3.1944842,1.7092429,25.509107057485178,0.0,21414.003125
87.26,3.4206672,1.6307588,25.611673324182146,0.0,21410.1814453125
87.28,3.403392,1.645838,25.502308885006823,0.0,21406.359765625
87.3,3.2834992,1.6421682,25.50230185006647,0.0,21402.5380859375
87.32,3.302299,1.59141,25.442520174874844,0.0,21398.71640625
87.34,3.4184403,1.5761783,25.466189758176498,0.0,21394.8947265625
87.36,3.134769,1.5833445,25.298498255533826,0.0,21391.073046875
87.38,2.8976445,1.759299,25.28909466655208,0.0,21387.2513671875
87.4,3.0419967,1.5904015,25.387813756831157,0.0,21383.4296875
87.42,2.8969827,1.7889495,25.55885014758456,0.0,21384.375390625
87.44,2.9036567,1.7890381,25.48972336655116,0.0,21385.32109375
87.46,3.002336,1.6641278,25.55505935921499,0.0,21386.266796875
87.48,2.9498339,1.6226918,25.528185179416674,0.0,21387.2125
87.5,2.8488884,1.6489912,25.52578080801091,0.0,21388.158203125
87.52,3.037273,1.687261,25.49776928108663,0.0,21389.10390625
87.54,3.178632,1.8380965,25.534542803994434,0.0,21390.049609375
87.56,3.1462264,1.8076061,25.624766420638,0.0,21390.9953125
87.58,3.1577709,1.7860622,25.669555280354565,0.0,21391.941015625
87.6,3.1740751,1.7371053,25.586582966037504,0.0,21392.88671875
87.62,3.150842,1.8997142,25.459433459312933,0.0,21433.6869140625
87.64,3.3371096,1.8407133,25.62984208782073,0.0,21474.487109375
87.66,3.359764,1.6574457,25.575759009322425,0.0,21515.2873046875
87.68,3.370681,1.7134438,25.585463811631328,0.0,21556.0875
87.7,3.5640922,1.9025462,25.635296860634686,0.0,21596.8876953125
87.72,3.4000769,1.8801831,25.531253957591026,0.0,21637.687890625
87.74,3.219371,1.8878362,25.61723162455373,0.0,21678.4880859375
87.76,3.174002,1.9116254,25.590257958198702,0.0,21719.28828125
87.78,3.1561322,1.8732213,25.559486671335968,0.0,21760.0884765625
87.8,3.39604,1.7451609,25.60286963281807,0.0,21800.888671875
87.82,3.3887231,1.8666099,25.69714450488357,0.0,21741.030859375
87.84,3.4049118,1.7381222,25.59625242826189,0.0,21681.173046875
87.86,3.390335,1.8412511,25.67489198354099,0.0,21621.315234375
87.88,3.380617,1.7652311,25.590234243342977,0.0,21561.457421875
87.9,3.0289173,1.7965652,25.492442577580817,0.0,21501.599609375
87.92,3.127194,1.7123849,25.592708369184987,0.0,21441.741796875
87.94,3.3174553,1.8384323,25.54245815788952,0.0,21381.883984375
87.96,3.3646917,1.6618483,25.496663991040947,0.0,21322.026171875
87.98,3.4312036,1.6336106,25.36357114428999,0.0,21262.168359375
88.0,3.370336,1.7737633,25.249599384070642,0.0,21202.310546875
88.02,3.4906104,1.8687214,25.364365898988463,0.0,21218.7365234375
88.04,3.428831,1.883775,25.512680998173884,0.0,21235.1625
88.06,3.0388994,1.8632634,25.580154097334443,0.0,21251.5884765625
88.08,3.0100126,1.8031417,25.473631269495623,0.0,21268.014453125
88.1,3.1615791,1.7720766,25.35845666015685,0.0,21284.4404296875
88.12,2.9131503,1.8668293,25.65310939141955,0.0,21300.86640625
88.14,2.936562,1.7371538,25.549700090466764,0.0,21317.2923828125
88.16,2.7014062,1.790324,25.463488171907525,0.0,21333.718359375
88.18,2.844314,1.8380699,25.523879271405004,0.0,21350.1443359375
88.2,3.028207,1.8221755,25.44892137681299,0.0,21366.5703125
88.22,2.7942529,1.6798453,25.525395090140847,0.0,21358.7041015625
88.24,3.070488,1.8220387,25.613090466110755,0.0,21350.837890625
88.26,2.856163,1.884285,25.496682686837996,0.0,21342.9716796875
88.28,2.8685105,1.7668035,25.46482286605801,0.0,21335.10546875
88.3,3.041748,1.82438,25.278619279285785,0.0,21327.2392578125
88.32,3.107634,1.7599645,25.211332630874995,0.0,21319.373046875
88.34,3.2738721,1.8143458,25.379783002006846,0.0,21311.5068359375
88.36,3.4236054,1.7990482,25.22004022225569,0.0,21303.640625
88.38,3.7011952,1.8201025,25.363800735172454,0.0,21295.7744140625
88.4,3.3223581,1.7535236,25.43964185808202,0.0,21287.908203125
88.42,3.351241,1.7949696,25.562957076674763,0.0,21292.8080078125
88.44,3.2485974,1.8363117,25.462211407012685,0.0,21297.7078125
88.46,3.3165967,1.6704173,25.435068823671436,0.0,21302.6076171875
88.48,3.3673682,1.6907252,25.573836763944783,0.0,21307.507421875
88.5,3.3689044,1.6387492,25.31381650501817,0.0,21312.4072265625
88.52,3.302669,1.7646518,25.30350480874172,0.0,21317.30703125
88.54,3.3460684,1.7218853,25.277477832904474,0.0,21322.2068359375
88.56,3.3509636,1.7710588,25.370189375471597,0.0,21327.106640625
88.58,3.1722617,1.8345987,25.50693976203481,0.0,21332.0064453125
88.6,3.0825427,1.8144441,25.415594058554298,0.0,21336.90625
88.62,2.8808656,1.8016757,25.449221941699246,0.0,21347.4234375
88.64,2.746434,1.8617628,25.5010207433166,0.0,21357.940625
88.66,2.7334926,1.8656592,25.575940714956978,0.0,21368.4578125
88.68,2.777226,1.7951602,25.333133262626355,0.0,21378.975
88.7,2.6655126,1.9130116,25.25092419359939,0.0,21389.4921875
88.72,2.859418,1.8493809,25.182996182596852,0.0,21400.009375
88.74,2.6831403,1.9051813,25.287712186685933,0.0,21410.5265625
88.76,2.7824535,1.805747,25.173361263042565,0.0,21421.04375
88.78,2.7799664,1.7939606,25.34293351705812,0.0,21431.5609375
88.8,2.7000933,1.879549,25.25140701062702,0.0,21442.078125
88.82,2.652659,1.8371944,25.27149202750509,0.0,21427.1953125
88.84,2.6949,1.8500473,25.302780562711753,0.0,21412.3125
88.86,2.9892578,1.8596175,25.343506451230535,0.0,21397.4296875
88.88,2.7238421,1.8601983,25.412678437518878,0.0,21382.546875
88.9,2.7936912,1.8058859,25.525436551352474,0.0,21367.6640625
88.92,2.8103085,1.8833221,25.3932986443495,0.2,21352.78125
88.94,2.803267,1.7776546,25.379312810376106,0.4,21337.8984375
88.96,2.831184,1.8757509,25.276446947161084,0.6000000000000001,21323.015625
88.98,2.5833843,1.7459517,25.372468005093587,0.8,21308.1328125
89.0,3.2038782,1.7495226,25.154360165738087,1.0,21293.25
89.02,3.124907,1.7504866,25.22773398296987,0.8,21303.384765625
89.04,2.9921927,1.7631547,25.310985878955087,0.6,21313.51953125
89.06,3.0919945,1.7775244,25.200891010495596,0.3999999999999999,21323.654296875
89.08,3.1840587,1.90594,25.200179754396807,0.19999999999999996,21333.7890625
89.1,3.1945753,1.937521,25.199586765105547,0.0,21343.923828125
89.12,3.1653275,1.7891573,25.197657486001294,0.0,21354.05859375
89.14,3.1796741,1.8986648,25.076736566129917,0.0,21364.193359375
89.16,3.2960443,1.8854738,25.073565029940244,0.0,21374.328125
89.18,3.4820402,1.868214,25.07846915848136,0.0,21384.462890625
89.2,3.4718587,1.9208632,25.092511968786667,0.0,21394.59765625
89.22,3.220797,1.8872337,25.175220149760143,0.0,21363.0880859375
89.24,3.1904602,1.8395739,25.085442053363845,0.0,21331.578515625
89.26,3.2292507,1.891154,25.2770286986974,0.0,21300.0689453125
89.28,3.2275941,1.8675878,25.331900316196716,0.0,21268.559375
89.3,3.2223308,1.7592967,25.112636102416992,0.0,21237.0498046875
89.32,3.0603812,1.8914907,25.331155861108314,0.0,21205.540234375
89.34,3.0614445,1.8501891,25.4248097074591,0.0,21174.0306640625
89.36,3.0303562,1.9024637,25.42848655464588,0.0,21142.52109375
89.38,3.28125,1.7898344,25.34257831552462,0.0,21111.0115234375
89.4,3.0236351,1.823941,25.49476074656475,0.0,21079.501953125
89.42,3.2187753,1.8309095,25.582303577926954,0.0,21109.6572265625
89.44,3.2779002,1.83426,25.526777157714985,0.0,21139.8125
89.46,3.5594573,1.9212391,25.603020555042633,0.0,21169.9677734375
89.48,3.5012853,1.8780477,25.736638197736816,0.0,21200.123046875
89.5,3.0444417,1.8829947,25.610950167732636,0.0,21230.2783203125
89.52,2.6898263,1.9319284,25.816558057799803,0.0,21260.43359375
89.54,2.6106021,1.8962604,25.778012386859984,0.0,21290.5888671875
89.56,2.8922834,1.8363851,25.616497006093887,0.0,21320.744140625
89.58,2.7589984,1.8382286,25.722431752418608,0.0,21350.8994140625
89.6,2.3101006,1.9175558,25.757666658219712,0.0,21381.0546875
89.62,2.7643657,1.8406737,25.742878219339076,0.0,21389.0806640625
89.64,2.6731997,1.8686838,25.764719019267297,0.0,21397.106640625
89.66,2.436317,1.9555075,25.87542067976407,0.0,21405.1326171875
89.68,2.4303687,1.9096524,25.893737924855678,0.0,21413.15859375
89.7,2.5101402,1.941097,25.98823081646667,0.0,21421.1845703125
89.72,2.5060844,1.7788148,26.086497665618307,0.0,21429.210546875
89.74,2.2873166,1.8568871,25.83720241525112,0.0,21437.2365234375
89.76,2.34375,1.8720994,25.775294776120546,0.0,21445.2625
89.78,2.2844431,1.9256301,25.93664485184987,0.0,21453.2884765625
89.8,2.4204705,1.8255919,25.900224051509856,0.0,21461.314453125
89.82,2.4756534,1.8892992,25.897468245063404,0.0,21473.4779296875
89.84,2.2391334,1.9578547,25.890248843370237,0.0,21485.64140625
89.86,2.3730314,1.7902607,25.750620110831054,0.0,21497.8048828125
89.88,2.5991096,2.005329,25.716644074521557,0.0,21509.968359375
89.9,2.4334283,1.923912,25.83143397429304,0.0,21522.1318359375
89.92,2.5513468,1.8772382,25.763748632254284,0.0,21534.2953125
89.94,2.5901482,1.7746438,25.644597676410807,0.0,21546.4587890625
89.96,2.424334,1.8493779,25.79017472975137,0.0,21558.622265625
89.98,2.7230527,1.8214719,25.74575034788975,0.0,21570.7857421875
90.0,2.887919,1.9337672,25.726272622660854,0.0,21582.94921875
90.02,2.720447,1.8844836,25.66813093528802,0.0,21574.18515625
90.04,2.812169,1.838443,25.56742709634428,0.0,21565.42109375
90.06,2.8979855,1.8598022,25.53718054769891,0.0,21556.65703125
90.08,3.2536576,1.9654547,25.545588810091694,0.0,21547.89296875
90.1,3.0725698,1.8414354,25.653616427638678,0.0,21539.12890625
90.12,3.1783578,1.8469732,25.760769454917032,0.0,21530.36484375
90.14,2.9760053,1.951068,25.7843019754575,0.0,21521.60078125
90.16,2.9899774,1.9016695,25.79642291879804,0.0,21512.83671875
90.18,2.9523551,1.8007944,25.67709379809782,0.0,21504.07265625
90.2,3.0654101,1.7483574,25.572582564935793,0.0,21495.30859375
90.22,2.9504251,1.8167181,25.59017436782078,0.0,21502.5376953125
90.24,2.8419628,1.9999009,25.623829305222085,0.0,21509.766796875
90.26,2.854779,1.8431239,25.48638595744004,0.0,21516.9958984375
90.28,2.8596616,1.8060839,25.658030849324618,0.0,21524.225
90.3,3.0033813,1.8593354,25.70669440062766,0.0,21531.4541015625
90.32,2.8685105,1.8940521,25.598912293159945,0.2,21538.683203125
90.34,2.6467352,1.843763,25.572837958698294,0.4,21545.9123046875
90.36,2.519871,1.8872552,25.580011358256243,0.6000000000000001,21553.14140625
90.38,2.7515721,1.8626107,25.60589147678271,0.8,21560.3705078125
90.4,2.5073829,1.9303888,25.633852068543277,1.0,21567.599609375
90.42,2.392669,2.0506377,25.637761067682604,0.8,21559.0849609375
90.44,2.2961435,1.8627311,25.68735724810676,0.6,21550.5703125
90.46,2.4116406,1.9098763,25.693871623012413,0.3999999999999999,21542.0556640625
90.48,2.3215466,1.8271369,25.54982212171979,0.19999999999999996,21533.541015625
90.5,2.448621,1.8189716,25.477702722092957,0.0,21525.0263671875
90.52,2.4598715,1.7802341,25.421849060590468,0.0,21516.51171875
90.54,2.5745263,1.8370769,25.38176142588101,0.0,21507.9970703125
90.56,2.5447083,1.8167143,25.440485142053475,0.0,21499.482421875
90.58,2.899991,1.7753651,25.43834972349133,0.0,21490.9677734375
90.6,2.6841152,1.8313277,25.464267525687273,0.0,21482.453125
90.62,2.7750273,1.8598678,25.56741823345005,0.0,21527.8818359375
90.64,2.5446167,1.9375904,25.55093633087029,0.0,21573.310546875
90.66,2.6332603,1.8485603,25.51514723064318,0.0,21618.7392578125
90.68,2.6376054,1.8222339,25.57350668016295,0.0,21664.16796875
90.7,2.679455,1.7879026,25.578548789398596,0.0,21709.5966796875
90.72,2.758029,1.8566407,25.622160072710965,0.0,21755.025390625
90.74,2.993164,1.9306917,25.488105902670473,0.0,21800.4541015625
90.76,2.8832455,1.7063818,25.564315554485425,0.0,21845.8828125
90.78,3.1552663,1.7017548,25.51370014048278,0.0,21891.3115234375
90.8,3.2280445,1.8386335,25.638406939316614,0.0,21936.740234375
90.82,3.06209,1.8694042,25.399587901135394,0.2,21902.3494140625
90.84,2.8325796,1.7844069,25.373481606776146,0.4,21867.95859375
90.86,2.7268286,1.8801905,25.415605621688705,0.6000000000000001,21833.5677734375
90.88,2.713001,1.7914814,25.343083394903555,0.8,21799.176953125
90.9,2.6128278,1.659847,25.411077025457672,1.0,21764.7861328125
90.92,2.6587436,1.7123439,25.292427822043386,1.0,21730.3953125
90.94,2.6585248,1.7178391,25.350514510718792,1.0,21696.0044921875
90.96,2.5351877,1.5448374,25.362920455187915,1.0,21661.613671875
90.98,2.1345363,1.5895063,25.38214279286853,1.0,21627.2228515625
91.0,2.163022,1.4272314,25.492994007682487,1.0,21592.83203125
91.02,2.199267,1.5805368,25.479885390802988,1.0,21603.78046875
91.04,2.2313056,1.53807,25.530620915416172,1.0,21614.72890625
91.06,2.3758955,1.573783,25.54862498859507,1.0,21625.67734375
91.08,2.4484074,1.4605905,25.57833008310341,1.0,21636.62578125
91.1,2.405414,1.6402147,25.6192313464661,1.0,21647.57421875
91.12,2.28233,1.4716754,25.690424444241916,1.0,21658.52265625
91.14,2.5965362,1.6461866,25.452801625298143,1.0,21669.47109375
91.16,2.5452108,1.4248435,25.380463507872605,1.0,21680.41953125
91.18,2.6175177,1.6878412,25.288703287555208,1.0,21691.36796875
91.2,2.7034497,1.5685326,25.20785539845338,1.0,21702.31640625
91.22,2.5281386,1.6365355,25.33660871073165,1.0,21703.9755859375
91.24,2.4175148,1.6869401,25.3279919920171,1.0,21705.634765625
91.26,2.369894,1.7305257,25.440234677840635,1.0,21707.2939453125
91.28,2.5930192,1.7096614,25.492063693633913,1.0,21708.953125
91.3,2.683032,1.5520244,25.500642264489926,1.0,21710.6123046875
91.32,2.6000934,1.7429184,25.435412653496368,1.0,21712.271484375
91.34,2.4171062,1.6658647,25.343920872199668,1.0,21713.9306640625
91.36,2.3221226,1.6482674,25.341637087361374,1.0,21715.58984375
91.38,2.3660889,1.5327814,25.320200707978454,1.0,21717.2490234375
91.4,2.4919186,1.5433178,25.32112098038096,1.0,21718.908203125
91.42,2.4592094,1.4889672,25.348779875831653,1.0,21669.630859375
91.44,2.275162,1.6160995,25.341413316159176,1.0,21620.353515625
91.46,2.2453036,1.4746625,25.511270406733292,1.0,21571.076171875
91.48,2.4373188,1.5250312,25.3558289816596,1.0,21521.798828125
91.5,2.5850263,1.6499104,25.49577988271632,1.0,21472.521484375
91.52,2.2640464,1.4708221,25.514532466951273,1.0,21423.244140625
91.54,2.2658687,1.5608053,25.64660176169663,1.0,21373.966796875
91.56,2.362155,1.694607,25.55940316794921,1.0,21324.689453125
91.58,2.087895,1.7679144,25.537219594326743,1.0,21275.412109375
91.6,2.2428944,1.6929643,25.48750168952568,1.0,21226.134765625
91.62,2.3435268,1.728126,25.517683098631,1.0,21227.91796875
91.64,2.6009653,1.6436254,25.633093119452273,1.0,21229.701171875
91.66,2.395898,1.6836214,25.536825972037256,1.0,21231.484375
91.68,2.2785833,1.5484254,25.548443098670536,1.0,21233.267578125
91.7,2.5372047,1.7543943,25.399778754838835,1.0,21235.05078125
91.72,2.4901452,1.4587274,25.297674616260217,1.0,21236.833984375
91.74,2.5245953,1.6625402,25.46727701285155,1.0,21238.6171875
91.76,2.5703459,1.6142421,25.37218926299292,1.0,21240.400390625
91.78,2.6666899,1.734613,25.443972010967467,1.0,21242.18359375
91.8,2.8346107,1.7621195,25.22634059268566,1.0,21243.966796875
91.82,2.9019947,1.7286334,25.307434673767556,1.0,21238.474609375
91.84,2.9909105,1.3801689,25.258511333868864,1.0,21232.982421875
91.86,2.9382637,1.592469,25.276455915373802,1.0,21227.490234375
91.88,2.8408375,1.6779406,25.252387932226604,1.0,21221.998046875
91.9,2.785335,1.6467462,25.365909054143895,1.0,21216.505859375
91.92,2.6632216,1.6766872,25.377412570494275,1.0,21211.013671875
91.94,2.759167,1.550367,25.38508177790735,1.0,21205.521484375
91.96,2.9742079,1.4963973,25.37441041292201,1.0,21200.029296875
91.98,2.8377464,1.6461389,25.476325329334273,1.0,21194.537109375
92.0,2.8399782,1.5980761,25.38536429892272,1.0,21189.044921875
92.02,2.7494166,1.7514253,25.363470693185125,1.0,21228.578515625
92.04,2.623507,1.5938872,25.369980893121486,1.0,21268.112109375
92.06,2.758029,1.6025937,25.532744298365444,1.0,21307.645703125
92.08,2.5534878,1.6357965,25.477638219180896,1.0,21347.179296875
92.1,2.5190635,1.6359947,25.243499841403402,1.0,21386.712890625
92.12,2.2525408,1.6546907,25.582708486741957,1.0,21426.246484375
92.14,2.1931527,1.6987532,25.509320191979164,1.0,21465.780078125
92.16,2.2802153,1.6808436,25.46490345459548,1.0,21505.313671875
92.18,2.3700163,1.7314731,25.435692991773355,1.0,21544.847265625
92.2,2.6009874,1.6795923,25.33961791480047,1.0,21584.380859375
92.22,2.8379512,1.6910661,25.319521628399816,1.4,21593.2001953125
92.24,3.2978427,1.7322407,25.075199889780574,1.8,21602.01953125
92.26,3.3111591,1.6290603,25.157991044469714,2.2,21610.8388671875
92.28,3.4169605,1.7165512,25.171250732662745,2.6,21619.658203125
92.3,3.401906,1.6218281,25.21375968276244,3.0,21628.4775390625
92.32,3.5224223,1.6221721,25.18939131694188,2.6,21637.296875
92.34,3.4275935,1.632946,25.358236987264625,2.2,21646.1162109375
92.36,3.462571,1.5882431,25.304376382973423,1.7999999999999998,21654.935546875
92.38,3.6988072,1.7091238,25.289035616391992,1.4,21663.7548828125
92.4,3.6581638,1.6382623,25.067310148823072,1.0,21672.57421875
92.42,3.3779507,1.6352237,25.114170902002865,1.0,21676.4263671875
92.44,3.392889,1.5140897,25.291099670203714,1.0,21680.278515625
92.46,3.5600615,1.4314152,25.127551895203965,1.0,21684.1306640625
92.48,3.411325,1.5698152,25.193119255868783,1.0,21687.9828125
92.5,3.6950493,1.6603758,25.16555630354041,1.0,21691.8349609375
92.52,3.6102753,1.6719824,25.181963552334917,1.0,21695.687109375
92.54,3.6218975,1.7841201,25.23334174527355,1.0,21699.5392578125
92.56,3.691886,1.6842885,25.205164952735156,1.0,21703.39140625
92.58,3.6342664,1.6853864,25.212755533186506,1.0,21707.2435546875
92.6,3.6823797,1.6381997,25.41280385607641,1.0,21711.095703125
92.62,3.4041264,1.6833549,25.298986509844447,1.0,21707.37421875
92.64,3.4428227,1.72633,25.266105326793586,1.0,21703.652734375
92.66,3.2362633,1.6826223,25.354730283898697,1.0,21699.93125
92.68,3.2856936,1.787981,25.288086861278995,1.0,21696.209765625
92.7,3.3070135,1.5966537,25.20217665835532,1.0,21692.48828125
92.72,3.2629876,1.690979,25.55090239338135,0.8,21688.766796875
92.74,3.250905,1.6574855,25.33587922521789,0.6,21685.0453125
92.76,3.2357783,1.6913655,25.239819602416663,0.3999999999999999,21681.323828125
92.78,3.2973142,1.5961363,25.287203845937796,0.19999999999999996,21677.60234375
92.8,3.1276774,1.5350764,25.41524256022057,0.0,21673.880859375
92.82,3.1355848,1.7047439,25.367527256721626,0.2,21658.524609375
92.84,3.1147897,1.6939912,25.44431262352919,0.4,21643.168359375
92.86,2.9516072,1.6719447,25.390227691929518,0.6000000000000001,21627.812109375
92.88,3.060324,1.5596943,25.578560525852257,0.8,21612.455859375
92.9,3.0647275,1.7606626,25.44842473562353,1.0,21597.099609375
92.92,3.2546935,1.7200632,25.340336327795082,1.0,21581.743359375
92.94,3.4779146,1.6430697,25.21081078665693,1.0,21566.387109375
92.96,3.3724225,1.7116003,25.039555076906478,1.0,21551.030859375
92.98,3.5712776,1.6878693,25.03385238184947,1.0,21535.674609375
93.0,3.2473266,1.6996396,25.16391431811689,1.0,21520.318359375
93.02,3.539494,1.7104158,25.243747647601978,1.2,21510.33984375
93.04,3.4484572,1.5958006,25.272016430690208,1.4,21500.361328125
93.06,3.4871783,1.4792802,25.227663885148367,1.6,21490.3828125
93.08,3.5447454,1.5864761,25.29215664226404,1.8,21480.404296875
93.1,3.552297,1.7503928,25.256315246827832,2.0,21470.42578125
93.12,3.4917426,1.6930081,25.085254381075025,1.8,21460.447265625
93.14,3.5985348,1.6842852,25.062576196232122,1.6,21450.46875
93.16,3.2973492,1.6500218,25.26191229750281,1.4,21440.490234375
93.18,3.471775,1.6246853,25.32444727105664,1.2,21430.51171875
93.2,3.4936233,1.6742231,25.365241610314374,1.0,21420.533203125
93.22,3.418066,1.5363932,25.359707443477454,1.0,21442.34375
93.24,3.4376183,1.6047094,25.454388283483333,1.0,21464.154296875
93.26,3.4540153,1.6836588,25.40853313123249,1.0,21485.96484375
93.28,3.692264,1.7256783,25.04341921820877,1.0,21507.775390625
93.3,3.7338595,1.6296921,25.140548690291695,1.0,21529.5859375
93.32,3.8297267,1.6160117,25.194067700251583,1.0,21551.396484375
93.34,3.7661636,1.5411526,25.24321044747272,1.0,21573.20703125
93.36,3.8522005,1.6508758,25.1422054804189,1.0,21595.017578125
93.38,3.7377343,1.5186955,25.122621113919816,1.0,21616.828125
93.4,3.8413963,1.5766792,25.148440580630492,1.0,21638.638671875
93.42,4.066633,1.7188096,25.281687433380448,0.8,21612.9232421875
93.44,4.0968385,1.5695347,25.301584720764637,0.6,21587.2078125
93.46,3.851174,1.6127132,25.293034597868168,0.3999999999999999,21561.4923828125
93.48,4.035899,1.7130302,25.306304623645318,0.19999999999999996,21535.776953125
93.5,3.9447064,1.7411985,25.295125583512316,0.0,21510.0615234375
93.52,3.6233416,1.7750967,25.361021320813514,0.2,21484.34609375
93.54,3.9967492,1.781547,25.352511557139014,0.4,21458.6306640625
93.56,4.1285415,1.751888,25.247523253905566,0.6000000000000001,21432.915234375
93.58,4.069734,1.699859,25.19338201438093,0.8,21407.1998046875
93.6,4.3565726,1.629346,25.150080083286767,1.0,21381.484375
93.62,4.4696264,1.6429989,24.976832311273455,1.0,21399.1638671875
93.64,4.229621,1.7068297,25.005472595165163,1.0,21416.843359375
93.66,3.8312745,1.6714187,25.136641312215996,1.0,21434.5228515625
93.68,3.8090281,1.5920208,25.12263401371574,1.0,21452.20234375
93.7,3.681006,1.6770302,25.085957429489767,1.0,21469.8818359375
93.72,3.6609435,1.6355695,25.087458357876717,1.2,21487.561328125
93.74,3.677783,1.679219,25.125133674382315,1.4,21505.2408203125
93.76,3.7438722,1.5912945,25.07769299387863,1.6,21522.9203125
93.78,3.6383905,1.5910003,25.102889466394494,1.8,21540.5998046875
93.8,3.9240074,1.5301247,25.136651066497002,2.0,21558.279296875
93.82,3.8140914,1.603389,25.161200472382532,1.8,21560.191015625
93.84,3.7666883,1.5951599,25.082176969910634,1.6,21562.102734375
93.86,3.741325,1.537231,25.026394911833002,1.4,21564.014453125
93.88,3.6037002,1.6523533,25.12768847264979,1.2,21565.926171875
93.9,3.4635613,1.716454,25.283365993134602,1.0,21567.837890625
93.92,3.3035135,1.5668428,25.32110384840975,1.2,21569.749609375
93.94,3.5061958,1.5171053,25.495438096994345,1.4,21571.661328125
93.96,3.5528536,1.6556246,25.45167216939237,1.6,21573.573046875
93.98,3.5119274,1.7696272,25.470195689698656,1.8,21575.484765625
94.0,3.25994,1.5320959,25.55664315812374,2.0,21577.396484375
94.02,3.6984773,1.6005061,25.445757043166545,2.0,21576.752734375
94.04,3.6294007,1.6243261,25.488486774215914,2.0,21576.108984375
94.06,3.474503,1.6076535,25.49124815521855,2.0,21575.465234375
94.08,3.6150217,1.6690104,25.35685587175728,2.0,21574.821484375
94.1,4.052988,1.5149369,25.16541791367988,2.0,21574.177734375
94.12,3.9326339,1.7108339,25.268062789575833,1.8,21573.533984375
94.14,4.0586777,1.3907602,25.13955503203046,1.6,21572.890234375
94.16,3.850525,1.6566509,25.282181599873326,1.4,21572.246484375
94.18,3.9049253,1.6875553,25.24448309718303,1.2,21571.602734375
94.2,3.8428333,1.6692524,25.314055790671755,1.0,21570.958984375
94.22,3.9061756,1.7102172,25.36694135205298,1.0,21597.4232421875
94.24,3.8785777,1.726508,25.496486578568984,1.0,21623.8875
94.26,3.9580493,1.5225452,25.41386835792131,1.0,21650.3517578125
94.28,3.669745,1.6085694,25.343326724622955,1.0,21676.816015625
94.3,3.359764,1.4650447,25.598202504769002,1.0,21703.2802734375
94.32,3.2655697,1.6251789,25.582185712727036,1.0,21729.74453125
94.34,3.1685762,1.5798951,25.494819406384266,1.0,21756.2087890625
94.36,3.3195224,1.6022077,25.531403355806074,1.0,21782.673046875
94.38,3.2978604,1.5833356,25.513131679124402,1.0,21809.1373046875
94.4,3.2605286,1.5825808,25.45239253297226,1.0,21835.6015625
94.42,3.3405743,1.7142243,25.523227940531093,1.0,21802.1455078125
94.44,3.340522,1.5889776,25.541487215270333,1.0,21768.689453125
94.46,3.147519,1.6942959,25.591027840417595,1.0,21735.2333984375
94.48,3.5204413,1.6278045,25.382407099729654,1.0,21701.77734375
94.5,3.4896777,1.5914955,25.297845013524537,1.0,21668.3212890625
94.52,3.6082296,1.6134905,25.400044498690967,1.0,21634.865234375
94.54,3.6304255,1.5838377,25.618371555110798,1.0,21601.4091796875
94.56,3.788493,1.6720679,25.559782489016513,1.0,21567.953125
94.58,3.5234783,1.6566839,25.596482484036148,1.0,21534.4970703125
94.6,3.377314,1.569171,25.64645772175996,1.0,21501.041015625
94.62,3.1442857,1.5215803,25.54634150691122,1.0,21518.350390625
94.64,3.4031188,1.6142778,25.53983187607086,1.0,21535.659765625
94.66,3.4274914,1.5256582,25.72749920895194,1.0,21552.969140625
94.68,3.2310863,1.705836,25.561615683380282,1.0,21570.278515625
94.7,3.3802214,1.710729,25.647763144919917,1.0,21587.587890625
94.72,3.2275763,1.5352938,25.619951247244796,1.0,21604.897265625
94.74,3.1344721,1.6186703,25.814443797429377,1.0,21622.206640625
94.76,3.1729212,1.6564384,25.85264946946294,1.0,21639.516015625
94.78,3.2360659,1.635428,25.77235146352219,1.0,21656.825390625
94.8,3.4756074,1.5903653,25.95294356375183,1.0,21674.134765625
94.82,3.3891177,1.611114,25.785027156399543,1.0,21670.703125
94.84,3.339756,1.7592504,25.828103284426724,1.0,21667.271484375
94.86,3.1180167,1.6743261,25.63690968767478,1.0,21663.83984375
94.88,3.2215734,1.5741395,25.625658757738066,1.0,21660.408203125
94.9,3.171437,1.4911424,25.565566746192225,1.0,21656.9765625
94.92,3.1831458,1.4510844,25.56403277762321,1.0,21653.544921875
94.94,3.072967,1.6249857,25.49088228891009,1.0,21650.11328125
94.96,3.1985211,1.7327304,25.587713431626376,1.0,21646.681640625
94.98,3.0388231,1.7471304,25.562251881747198,1.0,21643.25
95.0,2.7742312,1.6513659,25.528835285690707,1.0,21639.818359375
95.02,2.8673148,1.5794477,25.508533708681544,1.0,21637.3291015625
95.04,2.8085704,1.6312815,25.59145118528236,1.0,21634.83984375
95.06,2.671938,1.5519836,25.480420161888844,1.0,21632.3505859375
95.08,2.434288,1.4958011,25.7426861243663,1.0,21629.861328125
95.1,2.4526296,1.5458655,25.84128397563131,1.0,21627.3720703125
95.12,2.487903,1.4617941,25.936861666943173,1.0,21624.8828125
95.14,2.8212702,1.5589919,25.699619916810473,1.0,21622.3935546875
95.16,2.8349388,1.5715625,25.75718190363489,1.0,21619.904296875
95.18,2.9262505,1.6724579,25.598871834110646,1.0,21617.4150390625
95.2,2.909856,1.5222089,25.698535970183976,1.0,21614.92578125
95.22,2.7545915,1.616627,25.720456015971234,1.0,21585.507421875
95.24,2.7952304,1.6275504,25.649646248513175,1.0,21556.0890625
95.26,2.7407982,1.5641398,25.768743579091705,1.0,21526.670703125
95.28,2.841922,1.3603724,25.846830608537708,1.0,21497.25234375
95.3,2.9764352,1.5737046,25.676349032181033,1.0,21467.833984375
95.32,2.9417634,1.6731186,25.68269508552655,1.0,21438.415625
95.34,2.914846,1.5617989,25.716393072859233,1.0,21408.997265625
95.36,2.9846654,1.5197332,25.633968141632284,1.0,21379.57890625
95.38,3.0718508,1.5833108,25.571350862978672,1.0,21350.160546875
95.4,2.9139283,1.5311646,25.648625820611947,1.0,21320.7421875
95.42,3.010051,1.4426844,25.664222806427706,1.0,21342.5005859375
95.44,3.0639877,1.6303244,25.63400773526357,1.0,21364.258984375
95.46,3.088684,1.73189,25.77637140791355,1.0,21386.0173828125
95.48,2.9507601,1.6901976,25.726174249500147,1.0,21407.77578125
95.5,2.6899126,1.5785693,25.785968141489327,1.0,21429.5341796875
95.52,2.6901073,1.6831982,25.67428393640178,1.0,21451.292578125
95.54,2.442227,1.6335024,25.64250874837695,1.0,21473.0509765625
95.56,2.6850028,1.5254164,25.554328848329178,1.0,21494.809375
95.58,2.5763993,1.5739417,25.558292783767058,1.0,21516.5677734375
95.6,2.7289166,1.5889229,25.52594531091235,1.0,21538.326171875
95.62,2.6484478,1.587957,25.689789095764752,1.0,21560.7958984375
95.64,2.7991166,1.6562064,25.6548776448391,1.0,21583.265625
95.66,2.86411,1.5602248,25.871859434251196,1.0,21605.7353515625
95.68,2.8273418,1.6280414,25.7075477902143,1.0,21628.205078125
95.7,2.7512553,1.6575693,25.61096856898829,1.0,21650.6748046875
95.72,2.880825,1.5639032,25.464585947097973,1.0,21673.14453125
95.74,2.822877,1.6066605,25.555966847482146,1.0,21695.6142578125
95.76,3.1877809,1.5841485,25.52236121974702,1.0,21718.083984375
95.78,3.1663191,1.6308439,25.615363886297153,1.0,21740.5537109375
95.8,2.971842,1.6353996,25.613733915439376,1.0,21763.0234375
95.82,2.7641344,1.5918444,25.62820144452762,1.0,21745.5830078125
95.84,2.5743232,1.514111,25.595458660195224,1.0,21728.142578125
95.86,2.8123345,1.514425,25.705237963173758,1.0,21710.7021484375
95.88,2.8417172,1.5672642,25.39780010462177,1.0,21693.26171875
95.9,2.86697,1.6181166,25.517725465361227,1.0,21675.8212890625
95.92,2.7584717,1.6400735,25.347768188914017,1.0,21658.380859375
95.94,2.8187761,1.6427368,25.320709367803932,1.0,21640.9404296875
95.96,2.6839635,1.6687726,25.453952907085174,1.0,21623.5
95.98,2.5730805,1.6402094,25.5167056564903,1.0,21606.0595703125
96.0,2.5458045,1.4963374,25.50671598402708,1.0,21588.619140625
96.02,2.7500508,1.5231817,25.441997325901834,0.8,21549.6443359375
96.04,2.8179307,1.5352124,25.23236594922342,0.6,21510.66953125
96.06,2.7576709,1.6367481,25.355670475940833,0.3999999999999999,21471.6947265625
96.08,2.7557518,1.6038753,25.262855875560888,0.19999999999999996,21432.719921875
96.1,2.7560892,1.7629861,25.26713655618989,0.0,21393.7451171875
96.12,2.6796284,1.6065147,25.215646615733895,0.2,21354.7703125
96.14,2.726594,1.5968233,25.179684975326783,0.4,21315.7955078125
96.16,2.577392,1.6887606,25.26369937364811,0.6000000000000001,21276.820703125
96.18,2.6281781,1.6516716,25.264218760047278,0.8,21237.8458984375
96.2,2.7962494,1.6289741,25.251980122293645,1.0,21198.87109375
96.22,2.8656113,1.5367262,25.37031929873787,1.0,21181.37109375
96.24,2.8679025,1.5687561,25.47451568961148,1.0,21163.87109375
96.26,2.8183224,1.5661883,25.39921557345389,1.0,21146.37109375
96.28,2.6186502,1.5424305,25.461022447799362,1.0,21128.87109375
96.3,2.8414721,1.5231777,25.58003946793525,1.0,21111.37109375
96.32,2.7000287,1.5952134,25.622906820087273,1.0,21093.87109375
96.34,2.8927054,1.5774815,25.487719491675946,1.0,21076.37109375
96.36,2.6825986,1.4260547,25.52331870883682,1.0,21058.87109375
96.38,2.843885,1.595689,25.399737108634607,1.0,21041.37109375
96.4,2.8131819,1.6492193,25.498411482200506,1.0,21023.87109375
96.42,2.6716986,1.6369734,25.503225580167275,1.0,21037.301171875
96.44,2.8662806,1.6138614,25.59537398682815,1.0,21050.73125
96.46,2.3538718,1.6640545,25.534846611105642,1.0,21064.161328125
96.48,2.326224,1.5457122,25.542657646419194,1.0,21077.59140625
96.5,2.4070568,1.6628749,25.542963871086286,1.0,21091.021484375
96.52,2.4843025,1.6792617,25.677755318939237,1.0,21104.4515625
96.54,2.747238,1.7044007,25.626566278508747,1.0,21117.881640625
96.56,2.4682696,1.6533799,25.43888741217541,1.0,21131.31171875
96.58,2.3007462,1.6575836,25.35989854988003,1.0,21144.741796875
96.6,2.485215,1.7152958,25.478789986191394,1.0,21158.171875
96.62,2.3736193,1.6798987,25.396747707796816,1.0,21162.2537109375
96.64,2.340772,1.6245817,25.517321238446907,1.0,21166.335546875
96.66,2.335825,1.8013495,25.613919086489997,1.0,21170.4173828125
96.68,2.0984478,1.7327839,25.633970583762668,1.0,21174.49921875
96.7,2.242324,1.671312,25.565625464968665,1.0,21178.5810546875
96.72,2.1225476,1.7379851,25.51446126176827,1.0,21182.662890625
96.74,2.3777788,1.5922725,25.263790282110964,1.0,21186.7447265625
96.76,2.7201905,1.7203853,25.298225986003526,1.0,21190.8265625
96.78,3.1727197,1.6709965,25.205372339773437,1.0,21194.9083984375
96.8,3.0478382,1.6894414,25.49147127015121,1.0,21198.990234375
96.82,3.0135636,1.5916727,25.444016567294515,1.0,21215.336328125
96.84,3.1141367,1.6971426,25.559144956710984,1.0,21231.682421875
96.86,3.1001992,1.6824455,25.53580980367647,1.0,21248.028515625
96.88,2.7868164,1.7399223,25.52877617292802,1.0,21264.374609375
96.9,2.7946272,1.610959,25.687446815560197,1.0,21280.720703125
96.92,2.98918,1.489216,25.621814595640412,1.0,21297.066796875
96.94,2.6845698,1.6437669,25.650728399626082,1.0,21313.412890625
96.96,2.821909,1.6125088,25.560313514586536,1.0,21329.758984375
96.98,2.7330887,1.6746402,25.45298790844088,1.0,21346.105078125
97.0,2.8438032,1.5771418,25.63063336077622,1.0,21362.451171875
97.02,3.0337305,1.5247672,25.61712405587666,1.0,21355.693359375
97.04,3.0341327,1.6320148,25.509224159064953,1.0,21348.935546875
97.06,3.1055381,1.6351886,25.418670377498525,1.0,21342.177734375
97.08,3.043735,1.6036986,25.381706571008596,1.0,21335.419921875
97.1,2.9555824,1.5077527,25.453723715500086,1.0,21328.662109375
97.12,3.0486774,1.6284324,25.443646250121738,1.0,21321.904296875
97.14,2.843742,1.6351312,25.614171067702372,1.0,21315.146484375
97.16,2.8977852,1.6560363,25.820156062465003,1.0,21308.388671875
97.18,2.7377634,1.6261935,25.70776991019072,1.0,21301.630859375
97.2,2.706265,1.655987,25.61784840898457,1.0,21294.873046875
97.22,2.8439257,1.5636306,25.52228964386198,1.0,21274.7671875
97.24,2.7857316,1.6489912,25.867523495918924,1.0,21254.661328125
97.26,2.775949,1.5498784,25.863953141412512,1.0,21234.55546875
97.28,2.660339,1.62504,25.717439908626144,1.0,21214.449609375
97.3,2.5546255,1.6078656,25.668202097809374,1.0,21194.34375
97.32,2.812562,1.6376518,25.65989687922601,0.8,21174.237890625
97.34,3.0023553,1.6152825,25.581818893214717,0.6,21154.13203125
97.36,2.7306416,1.6329383,25.61463151092115,0.3999999999999999,21134.026171875
97.38,2.7637138,1.543585,25.49563809996821,0.19999999999999996,21113.9203125
97.4,2.76262,1.648149,25.50407288030744,0.0,21093.814453125
97.42,2.679368,1.6253817,25.439706875205182,0.2,21119.418359375
97.44,2.427928,1.6424824,25.424595967940977,0.4,21145.022265625
97.46,2.3761647,1.758343,25.44914271096946,0.6000000000000001,21170.626171875
97.48,2.3722963,1.6912113,25.558014754245256,0.8,21196.230078125
97.5,2.5308046,1.6001415,25.43426397955941,1.0,21221.833984375
97.52,2.5377772,1.5864717,25.533617512485215,1.2,21247.437890625
97.54,2.3830535,1.6459872,25.602588734903172,1.4,21273.041796875
97.56,2.2482271,1.5996708,25.62143488699652,1.6,21298.645703125
97.58,2.443345,1.5481565,25.620420771863373,1.8,21324.249609375
97.6,2.5104413,1.6208532,25.657121231147585,2.0,21349.853515625
97.62,2.553988,1.6165497,25.435747018472725,1.8,21334.0349609375
97.64,2.7288957,1.6490083,25.623347783102197,1.6,21318.21640625
97.66,2.5765574,1.5545073,25.46134891984519,1.4,21302.3978515625
97.68,2.3335593,1.7231271,25.64541337117589,1.2,21286.579296875
97.7,2.5052495,1.6502029,25.678472484947964,1.0,21270.7607421875
97.72,2.35444,1.7114888,25.639828723339633,1.0,21254.9421875
97.74,2.324124,1.7244077,25.7404990866875,1.0,21239.1236328125
97.76,2.4094706,1.6036891,25.590135173289823,1.0,21223.305078125
97.78,2.596626,1.6095245,25.675143927702287,1.0,21207.4865234375
97.8,2.3942235,1.7619087,25.734652598809117,1.0,21191.66796875
97.82,2.5877008,1.6830633,25.674593642639007,1.0,21198.6833984375
97.84,2.416649,1.6834838,25.68428013367413,1.0,21205.698828125
97.86,2.7316844,1.5761714,25.52731269419869,1.0,21212.7142578125
97.88,2.586038,1.6379822,25.342270170578306,1.0,21219.7296875
97.9,2.5478814,1.6225405,25.464396455240465,1.0,21226.7451171875
97.92,2.6357756,1.666209,25.489302638778852,1.0,21233.760546875
97.94,2.871832,1.6797426,25.42484623650175,1.0,21240.7759765625
97.96,2.965498,1.7468767,25.26035068291385,1.0,21247.79140625
97.98,2.7682743,1.7288173,25.60953256139705,1.0,21254.8068359375
98.0,2.471,1.6676495,25.57999389552706,1.0,21261.822265625
98.02,2.4519897,1.6638658,25.630170491324083,1.0,21255.6330078125
98.04,2.529403,1.4753425,25.555286900422914,1.0,21249.44375
98.06,2.7812,1.6493009,25.393618550463152,1.0,21243.2544921875
98.08,2.616496,1.6593958,25.406953006899514,1.0,21237.065234375
98.1,2.6370323,1.7030417,25.5380574770204,1.0,21230.8759765625
98.12,2.6273596,1.6648592,25.578517972146443,1.0,21224.68671875
98.14,2.7568696,1.6872369,25.569057005536713,1.0,21218.4974609375
98.16,2.9003515,1.6437345,25.50471711017583,1.0,21212.308203125
98.18,2.8813496,1.703157,25.550596898459066,1.0,21206.1189453125
98.2,2.8255937,1.60883,25.63633899408503,1.0,21199.9296875
98.22,2.734322,1.7027236,25.624867209754232,1.0,21214.5341796875
98.24,2.7284052,1.6106961,25.47074457799162,1.0,21229.138671875
98.26,2.8961196,1.649584,25.438891461424106,1.0,21243.7431640625
98.28,2.8209612,1.396876,25.621158904394193,1.0,21258.34765625
98.3,2.9381056,1.5746195,25.436674960707055,1.0,21272.9521484375
98.32,3.0313919,1.5875983,25.33381680985043,1.0,21287.556640625
98.34,2.939767,1.6195964,25.307989996048338,1.0,21302.1611328125
98.36,2.9695332,1.5233399,25.297156728891288,1.0,21316.765625
98.38,2.9908133,1.6062729,25.301455581696715,1.0,21331.3701171875
98.4,2.9586098,1.5494894,25.39604191087723,1.0,21345.974609375
98.42,3.099768,1.6110871,25.390726059957956,1.0,21342.1458984375
98.44,3.227396,1.5062927,25.447935874295705,1.0,21338.3171875
98.46,3.1590593,1.5552208,25.536352197103668,1.0,21334.4884765625
98.48,2.6944685,1.6087611,25.655459753771254,1.0,21330.659765625
98.5,2.9471529,1.6164613,25.582174645735098,1.0,21326.8310546875
98.52,2.8863285,1.6844459,25.496879316671823,1.0,21323.00234375
98.54,2.931391,1.6819446,25.38789979240676,1.0,21319.1736328125
98.56,2.8235152,1.5523632,25.453384560192035,1.0,21315.344921875
98.58,2.729023,1.5812474,25.55177716312642,1.0,21311.5162109375
98.6,2.5690792,1.587063,25.639813388928836,1.0,21307.6875
98.62,2.7243757,1.6911358,25.513530125647957,1.0,21305.2939453125
98.64,2.6737866,1.5989614,25.573700873687727,1.0,21302.900390625
98.66,2.8532312,1.6545162,25.346596545613448,1.0,21300.5068359375
98.68,2.8015451,1.6340234,25.38072173568253,1.0,21298.11328125
98.7,2.8198278,1.5073249,25.56193702529079,1.0,21295.7197265625
98.72,2.9685936,1.6109573,25.460988981127812,1.0,21293.326171875
98.74,2.8422084,1.6214216,25.463111542188408,1.0,21290.9326171875
98.76,2.5331461,1.5228463,25.387111819907183,1.0,21288.5390625
98.78,2.3657205,1.6356963,25.543526365446137,1.0,21286.1455078125
98.8,2.4792433,1.6055262,25.479067091722868,1.0,21283.751953125
98.82,2.7507057,1.6003668,25.67689143453481,1.2,21288.7328125
98.84,2.7945027,1.5871735,25.66588859987434,1.4,21293.713671875
98.86,2.7563002,1.6498468,25.542516837767284,1.6,21298.69453125
98.88,2.8058577,1.5918964,25.49205594813496,1.8,21303.675390625
98.9,2.9299233,1.7108561,25.502566906788637,2.0,21308.65625
98.92,2.8448045,1.5380299,25.619037732214593,1.8,21313.637109375
98.94,2.9396086,1.5683904,25.651997186663344,1.6,21318.61796875
98.96,3.095095,1.4784002,25.781878509872147,1.4,21323.598828125
98.98,2.6424491,1.6642265,25.794623755222513,1.2,21328.5796875
99.0,2.7514668,1.5820055,25.9456982900711,1.0,21333.560546875
99.02,2.5083332,1.6784413,25.852484532575488,1.2,21355.3763671875
99.04,2.6011662,1.6336665,25.781817758199217,1.4,21377.1921875
99.06,2.5409362,1.702297,25.92659241411595,1.6,21399.0080078125
99.08,2.6003394,1.5816748,25.749206523812838,1.8,21420.823828125
99.1,2.8367834,1.6307192,25.93289016110812,2.0,21442.6396484375
99.12,2.703837,1.6874896,25.87314465110644,1.8,21464.45546875
99.14,2.7598832,1.7497749,25.72473548945949,1.6,21486.2712890625
99.16,3.0956209,1.6337659,25.731910525106155,1.4,21508.087109375
99.18,3.1317637,1.7242264,25.783126433107984,1.2,21529.9029296875
99.2,3.1163385,1.650417,25.962214725664946,1.0,21551.71875
99.22,2.9248595,1.7828752,25.786476092735995,1.0,21562.3271484375
99.24,2.856204,1.6237364,25.63136255224208,1.0,21572.935546875
99.26,2.9597294,1.538474,25.587777313464272,1.0,21583.5439453125
99.28,2.99976,1.5717134,25.663745417247963,1.0,21594.15234375
99.3,2.8341389,1.5407913,25.61321096418976,1.0,21604.7607421875
99.32,2.8754327,1.4289412,25.699808017618786,1.2,21615.369140625
99.34,3.054316,1.6929592,25.697129276994023,1.4,21625.9775390625
99.36,3.1672368,1.6106117,25.80430402026291,1.6,21636.5859375
99.38,3.1197128,1.6266884,25.805017895125147,1.8,21647.1943359375
99.4,3.221158,1.6122574,26.053348852609105,2.0,21657.802734375
99.42,3.0563138,1.5223038,25.88854084074729,2.0,21641.2078125
99.44,3.286985,1.5844815,25.782739350882537,2.0,21624.612890625
99.46,3.1692915,1.7097311,25.745291652430122,2.0,21608.01796875
99.48,3.052031,1.6871828,25.753987646040986,2.0,21591.423046875
99.5,3.1302042,1.5924628,25.67943132442244,2.0,21574.828125
99.52,3.0954518,1.631285,25.676182556705392,1.8,21558.233203125
99.54,3.1789427,1.5746233,25.647289595549125,1.6,21541.63828125
99.56,2.9715488,1.6542255,25.705211311599314,1.4,21525.043359375
99.58,3.072248,1.7996429,25.759041484955823,1.2,21508.4484375
99.6,3.055534,1.7220368,25.91064761019705,1.0,21491.853515625
99.62,3.1264505,1.729218,25.76150095754164,1.0,21501.5185546875
99.64,3.2052565,1.6258614,25.70183122001599,1.0,21511.18359375
99.66,3.0532882,1.7521155,25.740841261514305,1.0,21520.8486328125
99.68,2.7472804,1.8393588,25.725401430590686,1.0,21530.513671875
99.7,2.851193,1.6986458,25.6365729758174,1.0,21540.1787109375
99.72,2.666385,1.558776,25.65034921411464,1.4,21549.84375
99.74,2.7569542,1.6005359,25.704238035679325,1.8,21559.5087890625
99.76,2.9442718,1.6881027,25.56342380573917,2.2,21569.173828125
99.78,2.8733296,1.5248103,25.44466488472304,2.6,21578.8388671875
99.8,3.021635,1.4446058,25.541662756485493,3.0,21588.50390625
99.82,3.148221,1.5235435,25.476996005748443,2.8,21615.053515625
99.84,2.932501,1.5159328,25.432395588707514,2.6,21641.603125
99.86,2.777749,1.5301751,25.540711950311,2.4,21668.152734375
99.88,2.8646576,1.6086121,25.63489134659045,2.2,21694.70234375
99.9,2.8185492,1.4021649,25.683556304588212,2.0,21721.251953125
99.92,2.7725964,1.5544829,25.696726404190603,1.8,21747.8015625
99.94,3.1110551,1.6149805,25.832937138582274,1.6,21774.351171875
99.96,2.7516987,1.580006,25.61492163828307,1.4,21800.90078125
99.98,2.7633352,1.5584764,25.70987950413928,1.2,21827.450390625
100.0,2.6862147,1.5588975,25.648658802428024,1.0,21854.0
